Physical Time (s),drag Monitor (N)
0.0025,0.055857666726090223
0.005,-0.025216928005163251
0.0075,-0.005726330318833117
0.01,-0.0021214217731666458
0.0125,0.0016603727795641149
0.015,0.0013001722577251212
0.0175,0.00036287267113968395
0.02,-0.00022379847416277313
0.0225,-0.00022861025242193727
0.025,-5.7305570838339388e-05
0.0275,0.00010813037180778073
0.03,0.00024171753181307184
0.0325,0.00037771605141163602
0.035,0.00051381073385675115
0.0375,0.0006034395011661085
0.04,0.00060128272405946914
0.0425,0.00051044374773699371
0.045,0.00038211154848072381
0.0475,0.00027431526000825263
0.05,0.00021796305221077612
0.0525,0.00021422594440958479
0.055,0.00024840826561547328
0.0575,0.00030183166957701982
0.06,0.00035670627264311087
0.0625,0.0003984610355887473
0.065,0.00041864696422439461
0.0675,0.00041699172438753853
0.07,0.00040009305730643349
0.0725,0.00037756031578277844
0.075,0.00035796455769169242
0.0775,0.0003465776180488418
0.08,0.00034503271907272725
0.0825,0.00035205157328834186
0.085,0.00036441266128993464
0.0875,0.00037800145268968716
0.09,0.0003889086617174575
0.0925,0.00039448803913537698
0.095,0.00039394873563318997
0.0975,0.00038828496764868272
0.1,0.00037956036732285549
0.1025,0.00037014187468833266
0.105,0.00036209128169798231
0.1075,0.00035687489653605175
0.11,0.00035519716870022005
0.1125,0.0003569127979417535
0.115,0.00036150158024943744
0.1175,0.00036824269015003989
0.12,0.00037616507124352017
0.1225,0.00038422498617688133
0.125,0.00039146173004014895
0.1275,0.00039709731437788951
0.13,0.00040058207036708284
0.1325,0.00040179453742131819
0.135,0.00040090948688043123
0.1375,0.00039823186917188017
0.14,0.00039418914747894787
0.1425,0.00038930654002486539
0.145,0.00038414353213512935
0.1475,0.00037924780330378084
0.15,0.00037515644014605423
0.1525,0.00037229483117686216
0.155,0.00037089711467988481
0.1575,0.0003709419110224992
0.16,0.00037213269071609126
0.1625,0.0003739799440938764
0.165,0.00037593313025360527
0.1675,0.00037751468733261527
0.17,0.00037837230835875539
0.1725,0.00037829828365484571
0.175,0.00037726834306659704
0.1775,0.00037544503690170377
0.18,0.00037313727321240756
0.1825,0.00037071594095324141
0.185,0.00036853924318204652
0.1875,0.0003668731218401875
0.19,0.00036585208556220777
0.1925,0.00036546482882930312
0.195,0.0003655762480829962
0.1975,0.00036596595425490404
0.2,0.00036638396317717795
0.2025,0.00036661187840445755
0.205,0.00036650678805390973
0.2075,0.00036600515796866742
0.21,0.00036511114931398175
0.2125,0.00036390227577391882
0.215,0.00036251383641461716
0.2175,0.00036111039412164617
0.22,0.00035983829086467893
0.2225,0.00035880206139468569
0.225,0.00035804951804600988
0.2275,0.00035756642761205245
0.23,0.00035728746639976112
0.2325,0.00035712358933715215
0.235,0.00035698385764446533
0.2375,0.00035678157079461846
0.24,0.00035643177805217688
0.2425,0.00035618162563302955
0.245,0.00035554230011409767
0.2475,0.00035470811214056974
0.25,0.00035368258371752659
0.2525,0.0003524935615010291
0.255,0.00035125832508429885
0.2575,0.00035040276737552259
0.26,0.00034965784117718408
0.2625,0.00034911936416963342
0.265,0.00034857831704143802
0.2675,0.00034818324735894513
0.27,0.00034780945169355574
0.2725,0.00034751472472641998
0.275,0.00034707196677441981
0.2775,0.00034663186407445589
0.28,0.0003461976217537872
0.2825,0.00034603188118912195
0.285,0.00034585722289839595
0.2875,0.00034576529166574645
0.29,0.00034541438440684424
0.2925,0.00034488197690362126
0.295,0.00034407573952883769
0.2975,0.00034321587505525689
0.3,0.00034246237231728592
0.3025,0.0003419741258532434
0.305,0.00034145122187048444
0.3075,0.00034075441459032341
0.31,0.00034011941339964682
0.3125,0.00033955293543949086
0.315,0.00033897930254939124
0.3175,0.00033853231261179599
0.32,0.00033814209952845572
0.3225,0.00033770937453453083
0.325,0.00033741768550982584
0.3275,0.00033723494909169174
0.33,0.00033704976020277732
0.3325,0.00033680188383464844
0.335,0.00033648977361646796
0.3375,0.00033630567015451398
0.34,0.00033611367194539383
0.3425,0.00033570080500957254
0.345,0.00033519327155758568
0.3475,0.00033464572370830558
0.35,0.00033394578060200652
0.3525,0.00033339259746375307
0.355,0.0003330047375085986
0.3575,0.00033268070378679275
0.36,0.00033234726544622466
0.3625,0.00033199190498385252
0.365,0.00033162587013120569
0.3675,0.00033125696400902862
0.37,0.00033089338312468765
0.3725,0.00033055899588236263
0.375,0.00033039407508293598
0.3775,0.00033012938488941458
0.38,0.00032991907008100407
0.3825,0.00032983700993997
0.385,0.00032986361361488591
0.3875,0.00032993875573243843
0.39,0.00033001909716112601
0.3925,0.0003300838965694168
0.395,0.00033011837817629666
0.3975,0.00033010265334790521
0.4,0.00033001477342544272
0.4025,0.00032983989962562428
0.405,0.00032957530940403031
0.4075,0.00032925383106169272
0.41,0.00032886475283392313
0.4125,0.0003283826130025
0.415,0.00032784960853457078
0.4175,0.0003272304832282014
0.42,0.00032659144502628534
0.4225,0.00032600572513209497
0.425,0.00032544834832385049
0.4275,0.00032492869040804838
0.43,0.00032453143995517524
0.4325,0.00032413960745965678
0.435,0.00032384123398588422
0.4375,0.00032371222593517897
0.44,0.00032358290457738749
0.4425,0.00032341679163000773
0.445,0.00032320181904614488
0.4475,0.00032293520969798066
0.45,0.00032259321137480604
0.4525,0.00032220115758197827
0.455,0.00032180136065881019
0.4575,0.00032142218996021187
0.46,0.00032107039626586681
0.4625,0.00032062067048262935
0.465,0.0003200751992694568
0.4675,0.00031958365511458803
0.47,0.00031916722982257842
0.4725,0.00031878922060107786
0.475,0.00031841437506593658
0.4775,0.00031803522209878027
0.48,0.00031770420185881599
0.4825,0.00031747661983039829
0.485,0.00031726256458201689
0.4875,0.00031704012521256215
0.49,0.00031682858553152123
0.4925,0.00031670200726020473
0.495,0.0003166956524250513
0.4975,0.00031679917476261853
0.5,0.0003169483680718208
0.5025,0.00031715140479856511
0.505,0.00031736572053331846
0.5075,0.00031761132268221648
0.51,0.00031786626640718248
0.5125,0.00031810248508039091
0.515,0.00031829826550364712
0.5175,0.00031845452997307413
0.52,0.00031855344788072931
0.5225,0.00031855891002543081
0.525,0.00031846668394892164
0.5275,0.00031828756263269954
0.53,0.00031803664004343319
0.5325,0.00031772779022168189
0.535,0.00031737175883170114
0.5375,0.00031699004160600999
0.54,0.00031654480154756734
0.5425,0.00031610756715688096
0.545,0.0003157204525868562
0.5475,0.00031539384421179126
0.55,0.00031516692779473066
0.5525,0.00031500522548135368
0.555,0.00031485902814580401
0.5575,0.00031470121440439877
0.56,0.00031454585752640715
0.5625,0.0003144184784303625
0.565,0.00031432749738932936
0.5675,0.00031425952424980725
0.57,0.00031419127975815399
0.5725,0.00031410102697693355
0.575,0.00031397215859879841
0.5775,0.00031379434042099478
0.58,0.0003135637106550926
0.5825,0.00031328313527428654
0.585,0.00031296088491478721
0.5875,0.00031260946746050828
0.59,0.00031224311759807914
0.5925,0.00031187597322505602
0.595,0.0003115221151377355
0.5975,0.00031119535695737566
0.6,0.0003109080819703792
0.6025,0.00031066892269726869
0.605,0.00031048160302775554
0.6075,0.00031034634122767342
0.61,0.00031025960996357418
0.6125,0.00031021673605253244
0.615,0.00031021258178778746
0.6175,0.00031024075390392896
0.62,0.00031029339255221307
0.6225,0.00031036183892036481
0.625,0.00031043671462470786
0.6275,0.00031050855696281954
0.63,0.00031056845547845476
0.6325,0.00031060870152832402
0.635,0.00031062359938229293
0.6375,0.00031060901862820097
0.64,0.00031056352862473028
0.6425,0.0003104874154199135
0.645,0.00031038252573292209
0.6475,0.00031025189988058692
0.65,0.00031009949445867408
0.6525,0.00030992966640010076
0.655,0.00030974687826117186
0.6575,0.00030955669086201755
0.66,0.00030936520808808553
0.6625,0.00030917865783319592
0.665,0.00030900464614653324
0.6675,0.00030884932223816436
0.67,0.00030871684311427068
0.6725,0.00030860757403913136
0.675,0.0003085186295738087
0.6775,0.00030844507079394316
0.68,0.00030838138383641224
0.6825,0.00030832203803699508
0.685,0.00030826230470401632
0.6875,0.00030819792412982482
0.69,0.0003081254982857483
0.6925,0.00030804230717656653
0.695,0.0003079457874994752
0.6975,0.00030783373781263383
0.7,0.00030770539056670904
0.7025,0.00030756123851915265
0.705,0.00030740280178455647
0.7075,0.00030723294992931094
0.71,0.00030705565322948725
0.7125,0.00030687538440320162
0.715,0.00030669758056953833
0.7175,0.00030652822876376003
0.72,0.00030637310305976952
0.7225,0.00030623766977535378
0.725,0.00030612648296371681
0.7275,0.00030604275786788474
0.73,0.00030598717541377283
0.7325,0.0003059570653983356
0.735,0.00030594549399431265
0.7375,0.0003059481122425216
0.74,0.0003059684448093217
0.7425,0.00030600811133456996
0.745,0.00030606454156811613
0.7475,0.00030612964395852402
0.75,0.00030619060715760194
0.7525,0.0003062343770411758
0.755,0.00030625237512972711
0.7575,0.00030624147722163662
0.76,0.00030620204268710796
0.7625,0.00030613562537323488
0.765,0.00030604410596536338
0.7675,0.00030592987631708772
0.77,0.00030579607476671457
0.7725,0.00030564578928022522
0.775,0.00030548261026271367
0.7775,0.0003053103815718808
0.78,0.00030513339748101259
0.7825,0.00030495644944107984
0.785,0.0003047844383223682
0.7875,0.00030462164120102368
0.79,0.0003044719213940219
0.7925,0.00030433809214059054
0.795,0.00030422181812073026
0.7975,0.00030412374047617175
0.8,0.00030404337713255922
0.8025,0.00030397878897539413
0.805,0.00030392694252820722
0.8075,0.0003038841654711519
0.81,0.00030384677875482281
0.8125,0.00030381158649732187
0.815,0.0003037757785940942
0.8175,0.00030373617873178521
0.82,0.00030369002638425656
0.8225,0.00030363502111978741
0.825,0.00030356969594542239
0.8275,0.00030349309083781552
0.83,0.00030340499130685297
0.8325,0.00030330603529046541
0.835,0.00030319770914879953
0.8375,0.000303081819244713
0.84,0.00030296104190364909
0.8425,0.00030283867041715201
0.845,0.00030271780556316905
0.8475,0.0003026017058669705
0.85,0.00030249367248969428
0.8525,0.00030239660194705288
0.855,0.00030231284867514264
0.8575,0.00030224434125195238
0.86,0.00030219304315613939
0.8625,0.00030216021828461835
0.865,0.00030214628515297241
0.8675,0.00030215081260698994
0.87,0.00030217329253181445
0.8725,0.00030221261416473431
0.875,0.00030226723659845041
0.8775,0.00030233542546476551
0.88,0.00030241437748610014
0.8825,0.00030250082965036786
0.885,0.00030259133670371168
0.8875,0.00030268267979519656
0.89,0.0003027721250546179
0.8925,0.00030285721788753648
0.895,0.00030293556811709514
0.8975,0.00030300527617435364
0.9,0.00030306537783818249
0.9025,0.00030311490462144492
0.905,0.00030315301773748326
0.9075,0.00030317983102700149
0.91,0.00030319539519125345
0.9125,0.00030319948421855277
0.915,0.00030319251748411706
0.9175,0.00030317559418876794
0.92,0.00030314992553732046
0.9225,0.00030311641946547356
0.925,0.00030307583110915793
0.9275,0.00030302905110322535
0.93,0.0003029767343701136
0.9325,0.00030291969565881649
0.935,0.00030285932241028987
0.9375,0.00030279748484421349
0.94,0.00030273541180578733
0.9425,0.00030267356607453506
0.945,0.00030261160566973479
0.9475,0.00030254868236682985
0.95,0.00030248299128820513
0.9525,0.00030241348738264332
0.955,0.00030233951739982973
0.9575,0.00030226115345749363
0.96,0.00030217858920774955
0.9625,0.00030209135700052337
0.965,0.00030199940885354722
0.9675,0.00030190362913191373
0.97,0.00030180458880098987
0.9725,0.00030170306377450505
0.975,0.00030159932290617461
0.9775,0.00030149448036654875
0.98,0.00030139049054341677
0.9825,0.0003012893339101331
0.985,0.00030119251210799754
0.9875,0.00030110209258694726
0.99,0.0003010197993105447
0.9925,0.0003009481005475399
0.995,0.00030088950335159097
0.9975,0.00030084527302888812
1.0,0.00030081605010032154
1.0025,0.00030080295321284511
1.005,0.00030080745872969919
1.0075,0.00030082979190372485
1.01,0.00030086955249458019
1.0125,0.00030092592581529315
1.015,0.00030099816929712929
1.0175,0.00030108415574621168
1.02,0.00030118239964822032
1.0225,0.00030129095364427928
1.025,0.00030140778379263448
1.0275,0.00030153061685768943
1.03,0.00030165640292819631
1.0325,0.00030178303200754751
1.035,0.00030190895379411393
1.0375,0.00030203130229506357
1.04,0.00030214788321094471
1.0425,0.00030225703497608019
1.045,0.00030235793613781126
1.0475,0.00030244960151662751
1.05,0.00030253083161384958
1.0525,0.00030260119536660711
1.055,0.00030266069500087955
1.0575,0.00030270977013583636
1.06,0.00030274832584671423
1.0625,0.00030277738149357821
1.065,0.00030279763753511459
1.0675,0.00030281010923181888
1.07,0.00030281531226366746
1.0725,0.00030281380008407541
1.075,0.00030280753222223817
1.0775,0.00030279788019820539
1.08,0.0003027854518842836
1.0825,0.00030277092311418487
1.085,0.00030275527174254029
1.0875,0.00030273952691318767
1.09,0.00030272482063702609
1.0925,0.00030271197123623423
1.095,0.00030270147532657682
1.0975,0.00030269406861050199
1.1,0.00030269014500040252
1.1025,0.00030268974138762526
1.105,0.00030269365033771135
1.1075,0.00030270234564785752
1.11,0.00030271506918673116
1.1125,0.00030273194519592108
1.115,0.0003027546868658123
1.1175,0.00030278440970225558
1.12,0.00030282027013379357
1.1225,0.00030286323861843019
1.125,0.00030291367277545734
1.1275,0.00030297118958965726
1.13,0.00030303635919965528
1.1325,0.00030310897299134229
1.135,0.00030318839948431826
1.1375,0.00030327414902621853
1.14,0.00030336526645664217
1.1425,0.00030346159512165073
1.145,0.00030356275959310581
1.1475,0.00030366767869036918
1.15,0.0003037758782913543
1.1525,0.00030388713109980709
1.155,0.0003040006207445479
1.1575,0.00030411572730345161
1.16,0.00030423110222692194
1.1625,0.00030434595204821969
1.165,0.00030445924521322698
1.1675,0.00030457153241413872
1.17,0.00030468170093160611
1.1725,0.00030478927786586083
1.175,0.00030489427425511184
1.1775,0.00030499758790591958
1.18,0.00030509965131860666
1.1825,0.00030520024505820798
1.185,0.00030529783199372305
1.1875,0.00030539023314387492
1.19,0.0003054772140499483
1.1925,0.00030556185760347769
1.195,0.00030564702477023928
1.1975,0.00030573425468537034
1.2,0.00030582339491263611
1.2025,0.00030591453654728058
1.205,0.00030600819134487904
1.2075,0.00030610303963417827
1.21,0.0003061972045714477
1.2125,0.00030629158287115026
1.215,0.00030638785471662097
1.2175,0.00030648755004664791
1.22,0.00030658915206847415
1.2225,0.00030669442722702604
1.225,0.00030680385535940751
1.2275,0.000306918542241807
1.23,0.0003070385071030047
1.2325,0.00030716407766277775
1.235,0.00030729404805810345
1.2375,0.00030742671289813481
1.24,0.00030756432211990228
1.2425,0.00030770854469290679
1.245,0.00030785775582923332
1.2475,0.00030801054712328862
1.25,0.00030816600703693908
1.2525,0.00030832379768299772
1.255,0.0003084849615219875
1.2575,0.00030865040546077259
1.26,0.00030881933525292498
1.2625,0.00030898942651468248
1.265,0.0003091575588231792
1.2675,0.00030932274463760256
1.27,0.00030948624399333122
1.2725,0.00030964922829214572
1.275,0.00030981162379327068
1.2775,0.0003099718341786176
1.28,0.00031012804687404936
1.2825,0.0003102794813487149
1.285,0.00031042592774892529
1.2875,0.00031056694206778155
1.29,0.00031070208336381883
1.2925,0.00031083228236265201
1.295,0.00031095733601555631
1.2975,0.00031107778757255588
1.3,0.00031119406820214341
1.3025,0.00031130587314517352
1.305,0.00031141321850508411
1.3075,0.00031151574712344476
1.31,0.00031161568283042513
1.3125,0.0003117127954210924
1.315,0.0003118060819037161
1.3175,0.00031189755650526689
1.32,0.00031198780584169785
1.3225,0.0003120768206631035
1.325,0.00031216445961894113
1.3275,0.00031225111240413818
1.33,0.00031233650781321013
1.3325,0.00031242071276257389
1.335,0.00031250504297198408
1.3375,0.00031259049087193768
1.34,0.0003126769004018598
1.3425,0.00031276394119530439
1.345,0.00031285435578647526
1.3475,0.00031294711852940515
1.35,0.00031304188683005071
1.3525,0.00031313845992145956
1.355,0.00031323908596772495
1.3575,0.00031334456641079296
1.36,0.00031345554712016084
1.3625,0.00031357113691717271
1.365,0.00031369040406647471
1.3675,0.00031381451250318192
1.37,0.00031394381139257163
1.3725,0.00031407884411563402
1.375,0.00031421958419364682
1.3775,0.0003143661463641278
1.38,0.00031451817151578363
1.3825,0.00031467665885004836
1.385,0.00031484121587291335
1.3875,0.00031501008987375526
1.39,0.00031518344507081318
1.3925,0.00031536112523749361
1.395,0.0003155416703865879
1.3975,0.00031572554400698875
1.4,0.00031591310182422767
1.4025,0.00031610325603185975
1.405,0.00031629543278788893
1.4075,0.00031648841476201799
1.41,0.00031668135708192444
1.4125,0.00031687481606731391
1.415,0.00031706777094308788
1.4175,0.00031725841644345942
1.42,0.00031744589448164649
1.4225,0.00031763125131389935
1.425,0.00031781405256611696
1.4275,0.00031799394262777713
1.43,0.00031816993535582994
1.4325,0.0003183407028524264
1.435,0.00031850720487885237
1.4375,0.00031866953387624426
1.44,0.00031882683014355711
1.4425,0.00031897796597558638
1.445,0.00031912228152529448
1.4475,0.00031926279220546465
1.45,0.00031939861422984069
1.4525,0.0003195285281112016
1.455,0.0003196512311055956
1.4575,0.00031976875686899576
1.46,0.00031988128130095599
1.4625,0.00031999037763646629
1.465,0.00032009386781431783
1.4675,0.00032019371041090445
1.47,0.00032029012493388787
1.4725,0.0003203843270102527
1.475,0.0003204750084265879
1.4775,0.00032056491948136227
1.48,0.00032065321737950134
1.4825,0.00032073968751096001
1.485,0.00032082374279779617
1.4875,0.00032090586835282445
1.49,0.00032098939312916078
1.4925,0.00032107478949709278
1.495,0.00032116322880767069
1.4975,0.00032125225561675059
1.5,0.0003213447088539013
1.5025,0.00032144026607966664
1.505,0.00032154015422140739
1.5075,0.00032164513746463431
1.51,0.00032175333430724512
1.5125,0.00032186499033316578
1.515,0.00032198138756151781
1.5175,0.0003221046672096284
1.52,0.00032223524835525144
1.5225,0.0003223724278135382
1.525,0.00032251382776462211
1.5275,0.00032265937392926823
1.53,0.00032281112025078676
1.5325,0.00032297011549583209
1.535,0.00032313560766267967
1.5375,0.00032330571611525934
1.54,0.00032348201100034657
1.5425,0.00032366115889018523
1.545,0.00032383889426540783
1.5475,0.00032401772359534761
1.55,0.00032419733116688241
1.5525,0.00032437707563673032
1.555,0.00032455521514559223
1.5575,0.0003247300477295393
1.56,0.00032490313918032127
1.5625,0.00032507439954005931
1.565,0.00032524221052413339
1.5675,0.00032540568072607302
1.57,0.00032556420554773831
1.5725,0.0003257156508625433
1.575,0.00032586001686316465
1.5775,0.00032599493299033323
1.58,0.0003261234110246729
1.5825,0.00032624607423567526
1.585,0.00032636236974086484
1.5875,0.00032647010813569802
1.59,0.00032657281256572994
1.5925,0.00032666873578525641
1.595,0.00032675906884449091
1.5975,0.00032684262166678905
1.6,0.00032692173342766141
1.6025,0.00032699468056767464
1.605,0.00032706345486425634
1.6075,0.00032712955249026285
1.61,0.0003271941752600318
1.6125,0.00032725782440802347
1.615,0.00032732098707020349
1.6175,0.00032738382892029421
1.62,0.00032744661669576244
1.6225,0.00032751211598953261
1.625,0.00032758297969260155
1.6275,0.00032765848204379381
1.63,0.00032773717905850114
1.6325,0.00032781919969353973
1.635,0.00032790685553210988
1.6375,0.00032800109788690292
1.64,0.00032810233121884769
1.6425,0.00032821115957027932
1.645,0.00032832672377853026
1.6475,0.00032844911504558523
1.65,0.00032857860989444853
1.6525,0.00032871400994083345
1.655,0.00032885549823507805
1.6575,0.00032900351678670796
1.66,0.00032915778251125084
1.6625,0.00032931726550636774
1.665,0.00032947888794095093
1.6675,0.00032964374833157944
1.67,0.00032981425802457902
1.6725,0.0003299880170883839
1.675,0.00033016103845991503
1.6775,0.00033033360099109157
1.68,0.00033050223566615438
1.6825,0.00033066736291634643
1.685,0.00033083041134237461
1.6875,0.00033098893351894563
1.69,0.00033114057475132092
1.6925,0.00033128572403954529
1.695,0.00033142379018054623
1.6975,0.00033155553791868841
1.7,0.00033168002277301383
1.7025,0.00033179703481702133
1.705,0.00033190535162540481
1.7075,0.00033200141526755885
1.71,0.00033208813315896435
1.7125,0.00033218547265269425
1.715,0.00033224274296709535
1.7175,0.00033229549340414418
1.72,0.00033235068463059118
1.7225,0.00033239874304353433
1.725,0.00033243983902748412
1.7275,0.0003324757289035941
1.73,0.00033248446165474229
1.7325,0.00033251358150378468
1.735,0.00033254806015423067
1.7375,0.00033257392875457798
1.74,0.00033259301471565611
1.7425,0.00033261202009615654
1.745,0.00033263436020904819
1.7475,0.00033266353026786962
1.75,0.00033269725229403334
1.7525,0.00033274001322685699
1.755,0.00033278780391819289
1.7575,0.00033284646982929665
1.76,0.00033291539816953893
1.7625,0.0003329964652174234
1.765,0.00033308859652307512
1.7675,0.00033319401587014876
1.77,0.00033331057082920001
1.7725,0.0003334368809603266
1.775,0.00033357361814774202
1.7775,0.00033372275630034299
1.78,0.00033388573922625607
1.7825,0.00033405965486732502
1.785,0.00033424597216932198
1.7875,0.00033444218311500347
1.79,0.0003346448028751502
1.7925,0.00033485659247476046
1.795,0.00033507980379684604
1.7975,0.00033530759647415177
1.8,0.00033553895285715215
1.8025,0.00033577469540854683
1.805,0.00033601086095814785
1.8075,0.00033624400678708319
1.81,0.0003364716107639955
1.8125,0.00033669882982295695
1.815,0.00033691982816414564
1.8175,0.00033713254915487844
1.82,0.00033733650134770644
1.8225,0.00033753062759977716
1.825,0.00033771309349683507
1.8275,0.00033788343329280981
1.83,0.00033803683054019825
1.8325,0.00033817889341735546
1.835,0.00033830712172019315
1.8375,0.00033841723746624679
1.84,0.00033850858639372801
1.8425,0.00033858096495306418
1.845,0.00033863781031494142
1.8475,0.00033868098465149744
1.85,0.00033870877292831506
1.8525,0.00033872140853787497
1.855,0.00033872196258347495
1.8575,0.00033871235979912248
1.86,0.00033869063646004124
1.8625,0.00033865928668201574
1.865,0.00033861798411250155
1.8675,0.00033857095566166114
1.87,0.00033852112418371349
1.8725,0.00033847034130598857
1.875,0.00033842083306439267
1.8775,0.00033837351810524094
1.88,0.00033833041869021148
1.8825,0.00033829082753786244
1.885,0.00033825885657860419
1.8875,0.00033823719254010123
1.89,0.00033822792027311387
1.8925,0.00033822981519624992
1.895,0.00033824661298573791
1.8975,0.00033827828938904584
1.9,0.00033832319326641185
1.9025,0.00033838226779066857
1.905,0.00033846119085381666
1.9075,0.00033855656160895043
1.91,0.00033866969765279295
1.9125,0.00033880282710436116
1.915,0.00033895541487963433
1.9175,0.00033912474871084278
1.92,0.00033930893040367432
1.9225,0.00033950418040119476
1.925,0.0003397111918147071
1.9275,0.00033993302453649827
1.93,0.00034016840880311344
1.9325,0.00034040994396306273
1.935,0.00034066002936602335
1.9375,0.00034091313934845365
1.94,0.0003411685451067573
1.9425,0.00034142467598816638
1.945,0.00034167558625325969
1.9475,0.00034192312176990563
1.95,0.00034216765994331136
1.9525,0.00034240321170041487
1.955,0.00034262655482331138
1.9575,0.00034283675539843685
1.96,0.00034303328188276661
1.9625,0.00034321212288376921
1.965,0.00034337640285227373
1.9675,0.00034352225206370115
1.97,0.00034364829465624824
1.9725,0.00034375457991186391
1.975,0.00034383982664787827
1.9775,0.0003439227151684115
1.98,0.00034394445807772625
1.9825,0.0003439660361463573
1.985,0.00034398435656612334
1.9875,0.00034397880791634048
1.99,0.00034395105939830496
1.9925,0.00034390775902700961
1.995,0.00034385134501486265
1.9975,0.00034378322241697781
2.0,0.00034370650599605511
2.0025,0.00034362660392897744
2.005,0.00034354553960010093
2.0075,0.00034346365262400048
2.01,0.00034338062443403292
2.0125,0.00034327337927442367
2.015,0.00034319727761118052
2.0175,0.00034314176703029078
2.02,0.00034308517733111428
2.0225,0.00034302671206682355
2.025,0.0003429837024864459
2.0275,0.00034295579865245552
2.03,0.00034294795561239669
2.0325,0.00034296212953645647
2.035,0.00034299780149536102
2.0375,0.00034305365314023554
2.04,0.00034313394902276253
2.0425,0.00034323453074244813
2.045,0.00034335469448306896
2.0475,0.00034349624194709056
2.05,0.00034365772669934288
2.0525,0.0003438376880855215
2.055,0.00034403527974868469
2.0575,0.0003442477625363535
2.06,0.00034447974139722738
2.0625,0.00034472712426480794
2.065,0.00034498043800493966
2.0675,0.00034524064410056717
2.07,0.00034551025550131552
2.0725,0.00034578431463538466
2.075,0.0003460577955259307
2.0775,0.00034632694576654949
2.08,0.00034658871856235312
2.0825,0.00034684264282742897
2.085,0.00034708760252587548
2.0875,0.00034731940799806666
2.09,0.00034753864459062685
2.0925,0.00034773668005075043
2.095,0.0003479163006432414
2.0975,0.00034807995068089636
2.1,0.00034822254646174779
2.1025,0.00034833779941260447
2.105,0.0003484264622404261
2.1075,0.00034849661768648855
2.11,0.00034854420074247679
2.1125,0.00034856755277745861
2.115,0.00034856916197634164
2.1175,0.00034854323181075043
2.12,0.00034849456595213783
2.1225,0.00034843033507848243
2.125,0.00034835345110445428
2.1275,0.00034826591244764636
2.13,0.00034816508784628217
2.1325,0.00034805622793602749
2.135,0.00034793863633715382
2.1375,0.00034781750567894814
2.14,0.00034769312574643892
2.1425,0.00034757047890248197
2.145,0.00034745437573092009
2.1475,0.00034734831958348899
2.15,0.00034725618578839703
2.1525,0.00034717514889427302
2.155,0.00034710982253962058
2.1575,0.00034706200338343197
2.16,0.00034700612610119298
2.1625,0.00034700609252546197
2.165,0.00034703967285579641
2.1675,0.00034709570644921587
2.17,0.00034716219550053057
2.1725,0.00034723915924504505
2.175,0.00034734554935500744
2.1775,0.0003474824798311893
2.18,0.00034765239343099519
2.1825,0.00034784889418771117
2.185,0.0003480675802476252
2.1875,0.00034830471893533381
2.19,0.0003485575983745096
2.1925,0.00034882604914850384
2.195,0.0003491118891491826
2.1975,0.00034941492100720511
2.2,0.00034972607059406246
2.2025,0.00035000537492338012
2.205,0.00035028258682665481
2.2075,0.00035056900878437059
2.21,0.0003508602133050019
2.2125,0.00035114495132644309
2.215,0.00035141464034769027
2.2175,0.00035166235051942803
2.22,0.00035188759611673101
2.2225,0.0003520934267072489
2.225,0.00035226891602021328
2.2275,0.00035241467525465385
2.23,0.00035253080627747235
2.2325,0.00035262181476447346
2.235,0.00035268696209849788
2.2375,0.00035272440257620567
2.24,0.00035272893498219081
2.2425,0.00035270515604897602
2.245,0.00035265360601682881
2.2475,0.00035259741251578494
2.25,0.00035246888699800487
2.2525,0.00035233564991622843
2.255,0.00035219541017819563
2.2575,0.00035202861833243517
2.26,0.0003518416775070963
2.2625,0.00035164573859637908
2.265,0.00035144283470651819
2.2675,0.00035123366579294481
2.27,0.00035102453297289164
2.2725,0.00035082083715773555
2.275,0.00035062820383410169
2.2775,0.00035044818327256591
2.28,0.00035028301009819063
2.2825,0.0003501336508473377
2.285,0.00035000397474882245
2.2875,0.00034987006210195212
2.29,0.00034978654303333178
2.2925,0.00034974694846238974
2.295,0.00034973130267513099
2.2975,0.00034973390655910943
2.3,0.00034976499595371991
2.3025,0.00034983322804344033
2.305,0.00034993831689320248
2.3075,0.00035008556839181954
2.31,0.00035026247795801328
2.3125,0.00035047556220476559
2.315,0.00035071764894083321
2.3175,0.00035098347163948254
2.32,0.00035126550866977521
2.3225,0.00035156847801939275
2.325,0.0003519120024907143
2.3275,0.00035227474233847007
2.33,0.00035260227973910529
2.3325,0.0003529231918042455
2.335,0.00035327734251293526
2.3375,0.00035365309627265526
2.34,0.00035401901173030912
2.3425,0.00035436315312400968
2.345,0.00035468343716224993
2.3475,0.00035498270767099342
2.35,0.0003552576194846077
2.3525,0.00035550565778662768
2.355,0.00035571646293696324
2.3575,0.00035588767417041886
2.36,0.00035605736150417399
2.3625,0.00035620118201884656
2.365,0.00035629497585223301
2.3675,0.00035634049498019509
2.37,0.00035634741113737135
2.3725,0.00035632467078930907
2.375,0.00035627337303183122
2.3775,0.00035618460130292147
2.38,0.00035605899916867458
2.3825,0.00035590359949738167
2.385,0.00035573066917053399
2.3875,0.00035552792689475855
2.39,0.00035530430934621875
2.3925,0.00035506775777700784
2.395,0.00035482017683767162
2.3975,0.00035455930048053466
2.4,0.00035429633583575958
2.4025,0.00035403466702828702
2.405,0.00035377440102782006
2.4075,0.00035352902210935216
2.41,0.00035329971163077238
2.4125,0.00035308919648402383
2.415,0.00035289961276888142
2.4175,0.00035273406355804202
2.42,0.00035255971769545662
2.4225,0.00035245715023511447
2.425,0.00035239799813145402
2.4275,0.0003523731844261818
2.43,0.00035237045238665132
2.4325,0.00035239245184020055
2.435,0.00035245442426812875
2.4375,0.00035256226792741458
2.44,0.00035271623410074382
2.4425,0.00035290952971671265
2.445,0.00035313858257696802
2.4475,0.00035339647493379034
2.45,0.00035368326228239115
2.4525,0.00035399697671499239
2.455,0.0003543272930501926
2.4575,0.00035468252954764585
2.46,0.0003550505790138805
2.4625,0.00035542565401934956
2.465,0.00035580709524634898
2.4675,0.0003561878086049329
2.47,0.00035656253008204677
2.4725,0.00035692785933097979
2.475,0.00035727666763997565
2.4775,0.00035760577224313781
2.48,0.00035790917456654634
2.4825,0.00035818635982365159
2.485,0.00035843521310641689
2.4875,0.00035864294842762501
2.49,0.00035885264360603191
2.4925,0.00035898369926945105
2.495,0.00035906523188353526
2.4975,0.00035912616711764218
2.5,0.00035915119256185756
2.5025,0.00035913449196803255
2.505,0.00035907980163588652
2.5075,0.00035898741413393885
2.51,0.00035886072740969012
2.5125,0.00035869576776898632
2.515,0.00035850223170644891
2.5175,0.00035828139742652421
2.52,0.00035805791041531904
2.5225,0.00035776657930883498
2.525,0.00035747749579956582
2.5275,0.00035719630917005598
2.53,0.00035690719250904582
2.5325,0.00035661198383120558
2.535,0.00035632316793015077
2.5375,0.00035604326588627887
2.54,0.00035577237623494844
2.5425,0.00035551818835037195
2.545,0.00035528667220853706
2.5475,0.00035508285326359774
2.55,0.00035490880767952479
2.5525,0.00035476659880012842
2.555,0.00035466160132870757
2.5575,0.00035459182265611339
2.56,0.00035455830095856849
2.5625,0.00035456462041226564
2.565,0.00035461175643346758
2.5675,0.00035470249481675987
2.57,0.00035482996517190976
2.5725,0.00035500692415420715
2.575,0.00035521571610393606
2.5775,0.00035546230683622588
2.58,0.00035573876809351335
2.5825,0.00035604418147441798
2.585,0.00035637070490262949
2.5875,0.00035671588820962896
2.59,0.00035708514938404147
2.5925,0.00035746028519312442
2.595,0.00035784055870549268
2.5975,0.00035822033057670286
2.6,0.00035859637800255925
2.6025,0.00035896096630101557
2.605,0.00035930929743147966
2.6075,0.00035964118605531325
2.61,0.00035994884419190368
2.6125,0.00036022364760047705
2.615,0.00036046574433937179
2.6175,0.00036067501064478678
2.62,0.0003608467419129265
2.6225,0.00036097593666488496
2.625,0.00036106770543133701
2.6275,0.000361116366593406
2.63,0.00036111921352861669
2.6325,0.00036108112754488987
2.635,0.00036100107767497486
2.6375,0.00036088168996378431
2.64,0.00036072459545834462
2.6425,0.00036053268349741887
2.645,0.00036030876292877158
2.6475,0.00036005489284345738
2.65,0.0003597738719729284
2.6525,0.00035947656012864373
2.655,0.0003591637858928738
2.6575,0.00035883745788236601
2.66,0.00035850785026080424
2.6625,0.00035817827258721084
2.665,0.00035785660207158658
2.6675,0.00035754330358471183
2.67,0.00035724486985255484
2.6725,0.00035696702289784576
2.675,0.00035671115716467787
2.6775,0.00035648410101983541
2.68,0.00035628770428363304
2.6825,0.00035612660348267975
2.685,0.00035600600281564514
2.6875,0.00035592947819281889
2.69,0.00035589435801862765
2.6925,0.00035590133951818548
2.695,0.00035595493416880808
2.6975,0.00035605559621343494
2.7,0.00035620118144402658
2.7025,0.00035638768097976834
2.705,0.00035661933535328027
2.7075,0.0003568858702471927
2.71,0.00035718951208686103
2.7125,0.00035752745632927987
2.715,0.00035789357412656169
2.7175,0.00035827518109860141
2.72,0.00035868073027247422
2.7225,0.00035909806278134346
2.725,0.00035951987536030457
2.7275,0.00035994253274499485
2.73,0.00036036198355835701
2.7325,0.0003607664681537574
2.735,0.00036115634955793735
2.7375,0.00036152672963482042
2.74,0.00036186980605000681
2.7425,0.00036217946113854425
2.745,0.00036245428589753558
2.7475,0.00036268973968397707
2.75,0.00036288372893088613
2.7525,0.00036303180377321155
2.755,0.00036313525448277529
2.7575,0.00036319129658297971
2.76,0.00036320298962501287
2.7625,0.00036316470066036433
2.765,0.0003630792186714517
2.7675,0.00036294926436775577
2.77,0.00036277670026751984
2.7725,0.00036256360645082694
2.775,0.00036231557886021951
2.7775,0.00036203474155338333
2.78,0.00036172480604546199
2.7825,0.00036139075541573973
2.785,0.00036103883133539781
2.7875,0.00036067378158080918
2.79,0.00036030112790218027
2.7925,0.00035992735377650772
2.795,0.00035955744751428793
2.7975,0.00035919580461826175
2.8,0.00035884785765744265
2.8025,0.00035852116951964224
2.805,0.00035821826015119084
2.8075,0.00035794368668264618
2.81,0.00035770094035604154
2.8125,0.00035749412156975511
2.815,0.00035732995776885151
2.8175,0.00035721075145741339
2.82,0.00035713765435893449
2.8225,0.00035711337781731242
2.825,0.00035713343421584713
2.8275,0.00035720408942791843
2.83,0.00035732360580913549
2.8325,0.00035749091361185026
2.835,0.00035770918025725037
2.8375,0.00035796200387333462
2.84,0.00035823800651210708
2.8425,0.00035856006615839984
2.845,0.00035894950159540286
2.8475,0.0003593697999524713
2.85,0.00035977011843477206
2.8525,0.00036018228504899858
2.855,0.00036060335086869567
2.8575,0.00036103861693412168
2.86,0.00036147557189805825
2.8625,0.00036190417303071673
2.865,0.00036231544286338652
2.8675,0.00036270533398118446
2.87,0.00036308111084045218
2.8725,0.00036343255976209113
2.875,0.00036371303110142438
2.8775,0.00036394133438976182
2.88,0.00036415398827164993
2.8825,0.00036433867104293353
2.885,0.00036446644159470062
2.8875,0.00036453797592996315
2.89,0.00036455953311826571
2.8925,0.00036453040482907121
2.895,0.00036444735375198506
2.8975,0.00036431438047574517
2.9,0.00036413680931608408
2.9025,0.00036391967318684436
2.905,0.00036366325387079371
2.9075,0.00036337176487749026
2.91,0.00036304980576504458
2.9125,0.00036270173730285809
2.915,0.00036233265067540997
2.9175,0.00036194678497178569
2.92,0.00036155088411629784
2.9225,0.00036114848071511739
2.925,0.00036074735424848679
2.9275,0.00036035656545165641
2.93,0.00035997975664178505
2.9325,0.00035962156864524338
2.935,0.00035928734495398174
2.9375,0.00035897791482005116
2.94,0.00035869947125930781
2.9425,0.00035845970090478044
2.945,0.00035826292715551245
2.9475,0.00035811320860801527
2.95,0.0003580102700890069
2.9525,0.00035795805723789765
2.955,0.00035795482849782596
2.9575,0.00035800160484229294
2.96,0.00035809922472276553
2.9625,0.00035824698083580862
2.965,0.00035844373910242614
2.9675,0.00035868617338254572
2.97,0.0003589691825622019
2.9725,0.00035929328741583864
2.975,0.00035965233556634334
2.9775,0.0003600385330428872
2.98,0.00036044600036168513
2.9825,0.00036087663887262065
2.985,0.00036131626293739786
2.9875,0.00036176359296418668
2.99,0.00036220585843479281
2.9925,0.00036264193613832953
2.995,0.00036306393898428519
2.9975,0.00036346605666643197
3.0,0.0003638461455594887
3.0025,0.00036419298134099246
3.005,0.00036450353088015946
3.0075,0.00036477429338533426
3.01,0.00036500507515800689
3.0125,0.00036518804225157579
3.015,0.00036532121933776816
3.0175,0.00036540473770954937
3.02,0.00036543953660248815
3.0225,0.00036542268566844933
3.025,0.00036535503532454227
3.0275,0.00036523884177318419
3.03,0.00036507473052827823
3.0325,0.00036486968890576954
3.035,0.0003646232122030621
3.0375,0.0003643396702257784
3.04,0.00036402044800537396
3.0425,0.00036367437388604981
3.045,0.00036330643132539693
3.0475,0.00036292185648970706
3.05,0.00036252602271189557
3.0525,0.00036212456493028486
3.055,0.00036172411146989105
3.0575,0.00036133218299513864
3.06,0.00036095124847232727
3.0625,0.00036058886301589671
3.065,0.00036024968118577758
3.0675,0.00035993958522344917
3.07,0.00035966405636197676
3.0725,0.00035942281839879803
3.075,0.00035922230601428907
3.0775,0.00035906855535632238
3.08,0.00035896519314238055
3.0825,0.00035891359364554698
3.085,0.00035891095792857939
3.0875,0.00035895851526964205
3.09,0.00035905671164477242
3.0925,0.00035920817678700189
3.095,0.00035940891794810525
3.0975,0.00035965885922325852
3.1,0.00035995154253728052
3.1025,0.00036027743586702942
3.105,0.00036064265097059573
3.1075,0.0003610359350515014
3.11,0.0003614485550128291
3.1125,0.00036188314939686659
3.115,0.0003623326419704071
3.1175,0.00036278279108479996
3.12,0.00036323462306865742
3.1225,0.00036367498126707175
3.125,0.00036410134186325713
3.1275,0.00036450607491102168
3.13,0.00036488561333902639
3.1325,0.00036523300496703705
3.135,0.00036554013591529505
3.1375,0.00036580849645357792
3.14,0.00036602934375527075
3.1425,0.00036620394327193469
3.145,0.00036632960515674403
3.1475,0.00036640042258937296
3.15,0.00036641515204753497
3.1525,0.00036638582042558131
3.155,0.00036629959897851186
3.1575,0.00036615790666656478
3.16,0.00036596895710012413
3.1625,0.00036573347974778851
3.165,0.00036545756103819303
3.1675,0.00036514090076014292
3.17,0.00036479183587055446
3.1725,0.00036441190947365928
3.175,0.00036400750132865455
3.1775,0.00036358369828352454
3.18,0.00036314808487084395
3.1825,0.00036270845737929557
3.185,0.00036226843458977173
3.1875,0.00036183397033274904
3.19,0.00036141586273135328
3.1925,0.00036101588363449756
3.195,0.00036064098421687192
3.1975,0.00036029291997606886
3.2,0.00035997880283860078
3.2025,0.00035970406476210548
3.205,0.00035947231603866177
3.2075,0.00035928908008865169
3.21,0.00035915909771095321
3.2125,0.00035908240867485203
3.215,0.00035905931083550589
3.2175,0.00035909038034591352
3.22,0.00035917584142930524
3.2225,0.00035931462993437193
3.225,0.00035950731942683292
3.2275,0.00035975372111193816
3.23,0.00036004116679460115
3.2325,0.00036037335716368815
3.235,0.00036074666792556079
3.2375,0.00036115389519306634
3.24,0.0003615831097424384
3.2425,0.00036203142718217377
3.245,0.00036250314944245935
3.2475,0.00036297765717962268
3.25,0.00036345205731237089
3.2525,0.00036392056394501189
3.255,0.00036437540981092267
3.2575,0.00036481061869873886
3.26,0.00036522055153157614
3.2625,0.0003655992197535464
3.265,0.00036593935317697098
3.2675,0.00036623678044595312
3.27,0.0003664893725850725
3.2725,0.00036669166475361374
3.275,0.00036684256026615658
3.2775,0.00036694067520865847
3.28,0.00036698415802783512
3.2825,0.00036697183697214915
3.285,0.00036690433430310189
3.2875,0.00036678158584189718
3.29,0.00036660826518989444
3.2925,0.00036638631422743933
3.295,0.00036611960002150713
3.2975,0.00036581328488905651
3.3,0.00036546727268364104
3.3025,0.00036508857580567545
3.305,0.00036468327974708978
3.3075,0.00036425839596910875
3.31,0.00036381825867732567
3.3125,0.0003633706975400856
3.315,0.0003629208554683855
3.3175,0.0003624764251482678
3.32,0.00036204393383471706
3.3225,0.00036162832782177685
3.325,0.00036123547946430485
3.3275,0.00036087170525476276
3.33,0.00036054082542037464
3.3325,0.00036024777114978379
3.335,0.00035999966915095232
3.3375,0.00035979813565468935
3.34,0.00035965020325251463
3.3425,0.00035955352036693973
3.345,0.00035951183862402983
3.3475,0.00035952533093267744
3.35,0.00035959621358233433
3.3525,0.00035972273223702214
3.355,0.00035990705113864434
3.3575,0.00036013881644236285
3.36,0.00036042239482075893
3.3625,0.00036074789096341917
3.365,0.00036111658647258168
3.3675,0.00036152203344475047
3.37,0.00036195460291313711
3.3725,0.00036240607242766484
3.375,0.00036287938191444368
3.3775,0.00036336000891692868
3.38,0.0003638416760286609
3.3825,0.00036431998598166165
3.385,0.00036478383809639234
3.3875,0.00036523138451664014
3.39,0.00036565267529749929
3.3925,0.00036604267441544273
3.395,0.00036639655634969359
3.3975,0.0003667060141050451
3.4,0.00036697099766822353
3.4025,0.00036718668034838183
3.405,0.00036735318039927484
3.4075,0.00036746333629548582
3.41,0.00036751770443966164
3.4125,0.00036751365729244912
3.415,0.00036745691416282492
3.4175,0.0003673447971905663
3.42,0.00036717544993885616
3.4225,0.0003669565657164607
3.425,0.00036669251367245733
3.4275,0.00036638497025025002
3.43,0.0003660419898987848
3.4325,0.00036566319346664105
3.435,0.00036525442736510383
3.4375,0.0003648231858322694
3.44,0.00036437395623307176
3.4425,0.00036391653403502377
3.445,0.00036345655171810107
3.4475,0.00036300025053747633
3.45,0.00036255705327104459
3.4525,0.00036212852707185017
3.455,0.00036172340258695639
3.4575,0.00036134281789609543
3.46,0.00036099554837246345
3.4625,0.00036068305311095518
3.465,0.0003604149931879507
3.4675,0.00036019615550292598
3.47,0.00036002883366432147
3.4725,0.00035991672117998769
3.475,0.00035986002528438314
3.4775,0.00035985920964853749
3.48,0.00035991157117747118
3.4825,0.00036002108239712068
3.485,0.0003601871743576938
3.4875,0.00036040420658607972
3.49,0.00036067453921578184
3.4925,0.00036098768034136306
3.495,0.00036134724786007901
3.4975,0.00036174091625874145
3.5,0.00036216095035789106
3.5025,0.00036260093791083768
3.505,0.00036306988088470192
3.5075,0.00036354551816792648
3.51,0.00036402163883334833
3.5125,0.00036449506341311173
3.515,0.00036496050211015023
3.5175,0.00036540391374514643
3.52,0.00036582476663572636
3.5225,0.00036621586093197375
3.525,0.00036656997554404048
3.5275,0.00036688256377882074
3.53,0.00036714922904466127
3.5325,0.00036736503599360808
3.535,0.00036752902140477277
3.5375,0.00036763486481960908
3.54,0.00036769029395844244
3.5425,0.00036768845222987211
3.545,0.00036762664476877583
3.5475,0.00036751025931750723
3.55,0.00036734117448384087
3.5525,0.00036712074707693712
3.555,0.00036685215647373754
3.5575,0.00036654351262080419
3.56,0.00036619478906762631
3.5625,0.00036580915251730036
3.565,0.00036539494262126149
3.5675,0.00036495853090246649
3.57,0.00036450868203999765
3.5725,0.00036404821131720354
3.575,0.00036358253389363388
3.5775,0.00036312039081035975
3.58,0.00036266888438045891
3.5825,0.00036223564594098725
3.585,0.00036182399560893757
3.5875,0.00036144124106325025
3.59,0.00036109253798896233
3.5925,0.00036078167408637506
3.595,0.00036051468773331348
3.5975,0.00036029644368721161
3.6,0.00036013204764680229
3.6025,0.00036001928634923268
3.605,0.00035996261264874794
3.6075,0.00035996906158892436
3.61,0.00036003235330792706
3.6125,0.00036015447572159136
3.615,0.00036033144514158123
3.6175,0.00036055774883921244
3.62,0.00036084423458675267
3.6225,0.00036117357615099053
3.625,0.00036154444132866539
3.6275,0.00036195620454125056
3.63,0.00036240092678126786
3.6325,0.0003628649538715286
3.635,0.00036335048045754649
3.6375,0.00036384718150489893
3.64,0.00036434641345584588
3.6425,0.00036484325052559609
3.645,0.00036533156919572223
3.6475,0.0003657984807697701
3.65,0.00036623950701353698
3.6525,0.00036664944645559377
3.655,0.00036702374007009338
3.6575,0.0003673560290806674
3.66,0.00036763979858400644
3.6625,0.00036787138998387666
3.665,0.00036804936824963842
3.6675,0.00036817514840832322
3.67,0.00036823942472235491
3.6725,0.00036824532544060286
3.675,0.00036819535952907598
3.6775,0.0003680858465838321
3.68,0.00036791487658866754
3.6825,0.00036769643182361109
3.685,0.000367424505219458
3.6875,0.00036710947800896369
3.69,0.00036675309615473271
3.6925,0.00036636215339957013
3.695,0.00036593665821532624
3.6975,0.00036548887199875247
3.7,0.00036502004007580132
3.7025,0.00036454043013513932
3.705,0.00036405554817166275
3.7075,0.00036357135315189074
3.71,0.00036309958419811282
3.7125,0.0003626456541527852
3.715,0.00036221386360104062
3.7175,0.00036180811198699799
3.72,0.00036143291097775728
3.7225,0.00036109687923050707
3.725,0.00036080526557590248
3.7275,0.00036056635493359065
3.73,0.00036037750166984981
3.7325,0.00036024317385730713
3.735,0.00036016804653703135
3.7375,0.00036015258553992653
3.74,0.00036019600317581157
3.7425,0.00036029727533719357
3.745,0.00036045634439070681
3.7475,0.00036067003044666114
3.75,0.00036094132020133402
3.7525,0.0003612578796109105
3.755,0.00036162082273974075
3.7575,0.00036202475220243935
3.76,0.00036246182362898046
3.7625,0.00036292079880946896
3.765,0.00036340475233822151
3.7675,0.0003639005128360512
3.77,0.00036439984043634162
3.7725,0.0003649000078553889
3.775,0.00036538977911730695
3.7775,0.00036586115683919299
3.78,0.00036630966351309759
3.7825,0.00036672985234298617
3.785,0.00036711253846035731
3.7875,0.00036745276772336567
3.79,0.00036774836533927017
3.7925,0.00036799159707204385
3.795,0.00036818008372263702
3.7975,0.00036831237306338664
3.8,0.00036838657803251417
3.8025,0.00036840359056192066
3.805,0.00036836060687267915
3.8075,0.00036825906925821875
3.81,0.00036810189147907406
3.8125,0.00036789068153311879
3.815,0.00036762597778843735
3.8175,0.00036731753496835611
3.82,0.00036696688163372862
3.8225,0.0003665776316265682
3.825,0.00036615548967835294
3.8275,0.00036570795902552105
3.83,0.00036524359703433773
3.8325,0.00036476685544979117
3.835,0.00036428216314642086
3.8375,0.00036379916171922324
3.84,0.00036332480489901012
3.8425,0.00036286704628374025
3.845,0.0003624300106352472
3.8475,0.00036201904646270433
3.85,0.00036164252923734657
3.8525,0.00036130152167464707
3.855,0.00036100418560908117
3.8575,0.00036075737568760864
3.86,0.00036056458847391658
3.8625,0.00036042524333855383
3.865,0.00036034507725552482
3.8675,0.00036032158590509336
3.87,0.00036035700396799987
3.8725,0.00036045416970446561
3.875,0.00036061007573734438
3.8775,0.00036081989268430735
3.88,0.00036108616971143202
3.8825,0.00036139795544876498
3.885,0.00036175555693878909
3.8875,0.00036215388304968409
3.89,0.00036258656382866797
3.8925,0.00036304765102191099
3.895,0.00036352575771793794
3.8975,0.00036401658279340511
3.9,0.0003645128305235063
3.9025,0.00036500999197144619
3.905,0.00036549667102921189
3.9075,0.00036596650858519307
3.91,0.0003664135181982701
3.9125,0.00036683111704378555
3.915,0.00036721034082318725
3.9175,0.00036754987768463851
3.92,0.00036784435454756073
3.9225,0.00036808677236621189
3.925,0.00036827002289791953
3.9275,0.00036840229652071953
3.93,0.00036847741450802147
3.9325,0.0003684940603737078
3.935,0.00036845132666196278
3.9375,0.00036835091999997809
3.94,0.00036819096069344587
3.9425,0.00036797768442930567
3.945,0.00036771102139149643
3.9475,0.0003674011055221481
3.95,0.00036704978907460577
3.9525,0.00036666118764277621
3.955,0.00036623892865756796
3.9575,0.00036579133015410899
3.96,0.00036532523680050689
3.9625,0.00036484766057994552
3.965,0.00036436144182772708
3.9675,0.00036387633945885161
3.97,0.00036340192490919319
3.9725,0.00036294429817010701
3.975,0.0003625060599740855
3.9775,0.00036209762320703191
3.98,0.00036171938712938105
3.9825,0.00036137950750859873
3.985,0.00036108473241760683
3.9875,0.00036084050911141619
3.99,0.0003606498301779354
3.9925,0.0003605144310054074
3.995,0.00036044101009964082
3.9975,0.00036042286166406101
4.0,0.00036046768135829124
4.0025,0.00036057050987762883
4.005,0.00036073002014762513
4.0075,0.00036094897133659323
4.01,0.00036121996848902988
4.0125,0.00036154047188408263
4.015,0.00036190889610584928
4.0175,0.00036231759526691992
4.02,0.00036275763317222977
4.0225,0.00036322002649182505
4.025,0.00036370666181564411
4.0275,0.00036420950318690409
4.03,0.00036471414943385757
4.0325,0.00036521678100156184
4.035,0.00036570950031063952
4.0375,0.00036618581993315825
4.04,0.00036663806028089504
4.0425,0.0003670591133382415
4.045,0.00036744424043510322
4.0475,0.00036778545519865923
4.05,0.00036807886761968907
4.0525,0.00036831966577092589
4.055,0.00036850492433978502
4.0575,0.00036863256576633615
4.06,0.0003687042068791305
4.0625,0.00036871638425734529
4.065,0.00036866713711004937
4.0675,0.00036855666905914524
4.07,0.00036839136742261152
4.0725,0.00036816904917281947
4.075,0.00036789378738264161
4.0775,0.00036757441711683252
4.08,0.00036721175548440615
4.0825,0.00036680942168134919
4.085,0.00036637437342647641
4.0875,0.00036591333015214666
4.09,0.00036543451048360947
4.0925,0.00036494274530896471
4.095,0.00036444505291130958
4.0975,0.00036394858808999722
4.1,0.00036346021719636774
4.1025,0.00036298977096634608
4.105,0.00036253906953777565
4.1075,0.00036211729095166599
4.11,0.00036172932199873955
4.1125,0.0003613778111988394
4.115,0.00036107147900662687
4.1175,0.00036081704775599402
4.12,0.00036061683870985386
4.1225,0.00036047461875055357
4.125,0.0003603930037808627
4.1275,0.00036036466433260835
4.13,0.00036039914375244985
4.1325,0.00036049635802962209
4.135,0.00036065588027865008
4.1375,0.00036087074284595983
4.14,0.00036113920470713613
4.1425,0.00036146006211475548
4.145,0.00036182413539766645
4.1475,0.00036223180711542936
4.15,0.00036267635381894927
4.1525,0.00036314259346967195
4.155,0.00036362973505096879
4.1575,0.00036413680690027667
4.16,0.00036464342271398209
4.1625,0.0003651493742321321
4.165,0.00036564708430431822
4.1675,0.00036612753936099689
4.17,0.00036658257743741506
4.1725,0.00036700510063496369
4.175,0.00036739502918711108
4.1775,0.00036774072360564407
4.18,0.00036804068465123342
4.1825,0.00036828805056474725
4.185,0.00036847588404128077
4.1875,0.00036860401783974771
4.19,0.0003686812607886977
4.1925,0.00036869548419451981
4.195,0.00036864975000486564
4.1975,0.00036854567471469749
4.2,0.00036838008350596475
4.2025,0.00036815869342748627
4.205,0.00036788724134092089
4.2075,0.00036756629550414817
4.21,0.00036720513732220895
4.2125,0.00036680371010395265
4.215,0.00036636822023777653
4.2175,0.00036590523521335154
4.22,0.00036542560511756137
4.2225,0.00036493436557758039
4.225,0.00036443320546338464
4.2275,0.0003639341811587879
4.23,0.00036344760496745892
4.2325,0.00036297721973503247
4.235,0.00036252575726512587
4.2375,0.00036210174637229956
4.24,0.00036170994627333962
4.2425,0.00036135629354979782
4.245,0.00036105064515944271
4.2475,0.00036079602954129728
4.25,0.00036059659024770339
4.2525,0.00036045228453305915
4.255,0.00036036712649415158
4.2575,0.00036034522532043503
4.26,0.00036038509721121972
4.2625,0.00036048460906488772
4.265,0.00036064094752734816
4.2675,0.00036085366285059067
4.27,0.00036112625531949691
4.2725,0.00036144855279522138
4.275,0.00036181658145549968
4.2775,0.00036222502868809344
4.28,0.00036266783697000372
4.2825,0.00036313324319267836
4.285,0.00036362642320682915
4.2875,0.00036413406356790447
4.29,0.00036464231303283081
4.2925,0.00036515068880825247
4.295,0.00036564833036352874
4.2975,0.00036613080444050807
4.3,0.00036659144496743192
4.3025,0.00036701828603649266
4.305,0.00036740686323877194
4.3075,0.00036775277734518448
4.31,0.00036804959690042732
4.3125,0.00036829482913628808
4.315,0.00036848447374320171
4.3175,0.00036861731603684384
4.32,0.00036869017815980285
4.3225,0.00036870200487210516
4.325,0.00036865313201011788
4.3275,0.00036854465454992473
4.33,0.00036838065123237349
4.3325,0.00036816062483488953
4.335,0.00036788676008090695
4.3375,0.0003675666209575639
4.34,0.00036720470399355935
4.3425,0.00036680294944527197
4.345,0.00036636974869855103
4.3475,0.00036590973712598794
4.35,0.00036543215428076173
4.3525,0.00036494293707864449
4.355,0.00036444730657065846
4.3575,0.00036395461689763231
4.36,0.00036347018490028471
4.3625,0.0003630028207198229
4.365,0.0003625591518495177
4.3675,0.00036214369319575665
4.37,0.00036176147935836864
4.3725,0.00036141664097803111
4.375,0.00036111896440945698
4.3775,0.0003608757964166416
4.38,0.0003606878095477119
4.3825,0.00036055450902334845
4.385,0.00036048045830173645
4.3875,0.00036046599245606885
4.39,0.00036051480325096659
4.3925,0.00036062375980654984
4.395,0.00036079156451607913
4.3975,0.00036101585016221787
4.4,0.00036129876060293558
4.4025,0.0003616266650059908
4.405,0.00036200148687568515
4.4075,0.00036241663155042438
4.41,0.00036286637234365411
4.4125,0.00036333831549515024
4.415,0.00036383124659158678
4.4175,0.00036433907951669041
4.42,0.00036484746424119828
4.4225,0.00036535307261006706
4.425,0.00036584668469419605
4.4275,0.0003663214767348555
4.43,0.0003667720754264334
4.4325,0.00036718884536511348
4.435,0.00036756648344550872
4.4375,0.0003678995455342999
4.44,0.00036818585931109606
4.4425,0.00036841715801935781
4.445,0.00036858437299203784
4.4475,0.00036870071759690455
4.45,0.00036875628617930636
4.4525,0.00036874980249606209
4.455,0.0003686817426123678
4.4575,0.0003685564511062457
4.46,0.00036836940112361442
4.4625,0.00036812414470932899
4.465,0.00036782831108914696
4.4675,0.00036748677205371874
4.47,0.00036710245202363094
4.4725,0.0003666799742546415
4.475,0.00036623007901117981
4.4775,0.00036575312899606217
4.48,0.00036525473343518837
4.4825,0.00036474574065651548
4.485,0.00036423227825143207
4.4875,0.00036372338319392731
4.49,0.00036322885596222238
4.4925,0.0003627499537485266
4.495,0.00036229617585423868
4.4975,0.00036187154141767181
4.5,0.00036148116446055702
4.5025,0.00036113115289918794
4.505,0.00036083269703835532
4.5075,0.00036058736711566691
4.51,0.00036039961006829061
4.5125,0.00036026763488390852
4.515,0.00036019891769907992
4.5175,0.00036019408232892329
4.52,0.00036024804182148488
4.5225,0.00036036636476729177
4.525,0.00036054123734900631
4.5275,0.0003607765736445644
4.53,0.00036107505617656826
4.5325,0.00036141198183698873
4.535,0.00036180190753173821
4.5375,0.00036223056482114857
4.54,0.0003626953089661463
4.5425,0.00036317719182764666
4.545,0.00036368863805218799
4.5475,0.00036420642021330898
4.55,0.00036472976370640578
4.5525,0.00036524985914780276
4.555,0.00036575525924125877
4.5575,0.00036624414287061329
4.56,0.00036670430751602862
4.5625,0.00036713098984283304
4.565,0.00036751916128474328
4.5675,0.00036786244117766064
4.57,0.00036815366559201143
4.5725,0.00036839400348468527
4.575,0.00036857428135021909
4.5775,0.00036869379074936672
4.58,0.00036875104896601316
4.5825,0.00036874773605995647
4.585,0.0003686829706548923
4.5875,0.00036855619821257637
4.59,0.00036837256624469128
4.5925,0.00036813245336514135
4.595,0.00036783832873888984
4.5975,0.00036750023026025269
4.6,0.00036711839506749921
4.6025,0.00036669711651314373
4.605,0.00036624402107450287
4.6075,0.00036576674574902542
4.61,0.00036527221962442133
4.6125,0.00036476773059698487
4.615,0.0003642599860093515
4.6175,0.00036375576641578696
4.62,0.00036326225556416981
4.6225,0.00036278652783388416
4.625,0.00036233628312096677
4.6275,0.00036191756981297839
4.63,0.00036153602339075627
4.6325,0.00036119503998806996
4.635,0.00036090235959547571
4.6375,0.00036066478565498753
4.64,0.00036048473153365006
4.6425,0.00036036578046740205
4.645,0.00036030293496786052
4.6475,0.00036030259726251636
4.65,0.00036036777034737319
4.6525,0.00036049357940511919
4.655,0.00036068220973650255
4.6575,0.00036092498243860073
4.66,0.00036122762895380277
4.6625,0.0003615748015956105
4.665,0.00036196718628674876
4.6675,0.00036240006919531655
4.67,0.00036286642506701527
4.6725,0.00036335160803530942
4.675,0.00036386461284498926
4.6775,0.00036438027334223614
4.68,0.00036489676156771554
4.6825,0.00036540990775860762
4.685,0.00036591113813116678
4.6875,0.00036639158006148385
4.69,0.00036683986389152943
4.6925,0.00036725358367797488
4.695,0.00036762591445392074
4.6975,0.00036795277728579178
4.7,0.00036823040006155381
4.7025,0.00036844873709867469
4.705,0.00036860787273942724
4.7075,0.00036870719781563905
4.71,0.00036874740734715953
4.7125,0.00036872417873521404
4.715,0.00036863781838687606
4.7175,0.00036849549894564038
4.72,0.0003682876377394831
4.7225,0.00036802562344183788
4.725,0.00036771191070168236
4.7275,0.00036735184827764
4.73,0.00036694875244168299
4.7325,0.00036651072946409754
4.735,0.00036604568772232728
4.7375,0.00036555324391323424
4.74,0.00036504229875804857
4.7425,0.00036452400424026485
4.745,0.00036400516200083899
4.7475,0.00036349295310518926
4.75,0.00036299033508710053
4.7525,0.00036250927288155937
4.755,0.00036205294655234407
4.7575,0.00036163110816563526
4.76,0.0003612473583544096
4.7625,0.00036090892147396669
4.765,0.00036062032619755722
4.7675,0.00036038701224213725
4.77,0.00036021259190680336
4.7725,0.00036009831855899889
4.775,0.00036004772919199526
4.7775,0.00036005797888376148
4.78,0.00036013513603622984
4.7825,0.00036026864526014129
4.785,0.00036046755485852518
4.7875,0.0003607209204911536
4.79,0.00036103757623323466
4.7925,0.00036139264994362218
4.795,0.00036179782617085088
4.7975,0.00036223897156839797
4.8,0.00036271272949207748
4.8025,0.00036320898038097151
4.805,0.00036372655696978348
4.8075,0.00036424425174771215
4.81,0.00036476552410742214
4.8125,0.00036528311944512907
4.815,0.00036578541449580441
4.8175,0.00036626165243447992
4.82,0.00036671132690298486
4.8225,0.00036712311735696466
4.825,0.00036749267115295989
4.8275,0.00036781075841158022
4.83,0.00036807895612709908
4.8325,0.00036828999189458594
4.835,0.00036844141444606325
4.8375,0.00036853054009283178
4.84,0.00036855785550962336
4.8425,0.00036852142812027682
4.845,0.00036842419852400237
4.8475,0.00036826521406808276
4.85,0.00036804863928416526
4.8525,0.00036777623638024686
4.855,0.00036745212332975097
4.8575,0.00036708574907632144
4.86,0.00036667734019409017
4.8625,0.00036623093104733986
4.865,0.00036575621123872412
4.8675,0.0003652597109058639
4.87,0.00036475086365329054
4.8725,0.00036423445653608005
4.875,0.00036371724213012053
4.8775,0.00036320619977303853
4.88,0.00036271030052306474
4.8825,0.00036223671607116563
4.885,0.00036179350086208587
4.8875,0.00036138558676384052
4.89,0.00036101685939897757
4.8925,0.00036069579618337321
4.895,0.00036042611385365519
4.8975,0.00036021335856801687
4.9,0.00036006048636500002
4.9025,0.00035997117559293879
4.905,0.00035994077225172004
4.9075,0.00035997547437094173
4.91,0.0003600770091681017
4.9125,0.00036024301385362723
4.915,0.00036046637516280706
4.9175,0.00036074765214212483
4.92,0.00036108557526034449
4.9225,0.00036146976131858598
4.925,0.00036189808738763363
4.9275,0.00036236875925675671
4.93,0.00036286053871203441
4.9325,0.00036337674025088923
4.935,0.00036391494377220233
4.9375,0.00036445273111589843
4.94,0.00036499007955416484
4.9425,0.00036552049804689109
4.945,0.0003660332756022166
4.9475,0.0003665203421946112
4.95,0.00036697377971726144
4.9525,0.00036738965082366474
4.955,0.00036776125787873158
4.9575,0.00036808478515698768
4.96,0.00036835392141139621
4.9625,0.00036856105137219176
4.965,0.00036870868660007739
4.9675,0.0003687925933218572
4.97,0.00036881386759269588
4.9725,0.00036877046715592303
4.975,0.00036866725633981758
4.9775,0.00036850045380838791
4.98,0.00036827242103554378
4.9825,0.00036798926500049999
4.985,0.00036765766364642565
4.9875,0.00036728018926207297
4.99,0.00036686138981624082
4.9925,0.00036640944483721453
4.995,0.00036592858818977289
4.9975,0.0003654248274810856
5.0,0.0003649078976749676
5.0025,0.00036438436035617127
5.005,0.00036386309632678023
5.0075,0.00036334842475265361
5.01,0.00036285402551436939
5.0125,0.00036237960420041444
5.015,0.00036193578049633371
5.0175,0.00036152695644540468
5.02,0.00036116244302541686
5.0225,0.0003608475427306546
5.025,0.00036058511331251054
5.0275,0.00036037907769691013
5.03,0.00036023314790113763
5.0325,0.00036014969307569355
5.035,0.00036013370082726439
5.0375,0.00036017816086818385
5.04,0.0003602925135042367
5.0425,0.00036046683260657428
5.045,0.00036069832406936071
5.0475,0.00036099300188646309
5.05,0.00036133835270966822
5.0525,0.00036173495197472572
5.055,0.00036216769318574084
5.0575,0.00036264054121723293
5.06,0.00036313637076668283
5.0625,0.00036365909152345598
5.065,0.00036419624221328627
5.0675,0.00036473232282762763
5.07,0.00036526840661862514
5.0725,0.00036579319114314396
5.075,0.00036630009144188619
5.0775,0.00036677938323781845
5.08,0.00036722579888813728
5.0825,0.00036763453748643555
5.085,0.00036799212236781497
5.0875,0.00036829966754938349
5.09,0.00036855275201948148
5.0925,0.0003687487035952172
5.095,0.00036888085608037296
5.0975,0.00036894741287519318
5.1,0.00036895056483062796
5.1025,0.00036888978710775507
5.105,0.00036876695071488374
5.1075,0.00036858220020816125
5.11,0.00036834012569490082
5.1125,0.00036804342502613817
5.115,0.00036770258126326563
5.1175,0.00036731494491364569
5.12,0.00036688599187573666
5.1225,0.00036642587090375902
5.125,0.00036593880904215261
5.1275,0.00036543442938993771
5.13,0.00036491984510906726
5.1325,0.00036440100312865601
5.135,0.0003638859733025567
5.1375,0.00036338062976235181
5.14,0.00036289597640163697
5.1425,0.00036243716751656823
5.145,0.00036201370304375538
5.1475,0.00036162702033367398
5.15,0.00036128529380472077
5.1525,0.00036099259528481089
5.155,0.00036075789890464035
5.1575,0.00036058259167585596
5.16,0.00036046590038700391
5.1625,0.00036041530859701301
5.165,0.00036042844118222968
5.1675,0.00036050547007452418
5.17,0.00036064747601281073
5.1725,0.0003608531260009954
5.175,0.00036112006002886896
5.1775,0.00036144576541908175
5.18,0.00036181661498588816
5.1825,0.00036223540870144289
5.185,0.00036269649484375459
5.1875,0.00036319197705686593
5.19,0.00036370304834280756
5.1925,0.00036424346454260175
5.195,0.00036478538825465018
5.1975,0.00036533240273890386
5.2,0.0003658747493434352
5.2025,0.00036640321322154991
5.205,0.00036690835252230192
5.2075,0.0003673807878252929
5.21,0.000367815749428541
5.2125,0.00036820953884764119
5.215,0.00036855430673413288
5.2175,0.00036884501154111477
5.22,0.00036907485612558069
5.2225,0.00036924443093176522
5.225,0.000369350601280697
5.2275,0.00036939220643497075
5.23,0.00036937006912871528
5.2325,0.00036928308947849838
5.235,0.00036913386649213055
5.2375,0.00036892411586190619
5.24,0.00036865553116027273
5.2425,0.00036833204171191986
5.245,0.0003679624055337336
5.2475,0.00036754999517781776
5.25,0.0003670999001701091
5.2525,0.0003666199640665416
5.255,0.00036611594183708562
5.2575,0.00036559505467417716
5.26,0.00036506790805818892
5.2625,0.00036454057481295288
5.265,0.0003640189584542871
5.2675,0.00036351174589568279
5.27,0.00036302684483709467
5.2725,0.0003625690051203162
5.275,0.00036214900576775116
5.2775,0.00036177321345581571
5.28,0.000361443798728148
5.2825,0.00036116656627004665
5.285,0.00036094830408870971
5.2875,0.00036078967949524623
5.29,0.00036069327640431056
5.2925,0.00036066338567222641
5.295,0.00036070165939145588
5.2975,0.00036080634913087376
5.3,0.00036097372264001315
5.3025,0.00036120094157441213
5.305,0.00036148756636747719
5.3075,0.00036183445637213171
5.31,0.00036222559750351838
5.3125,0.0003626639449618864
5.315,0.00036314257807014779
5.3175,0.00036364443126083552
5.32,0.00036417166028343648
5.3225,0.00036471877867215289
5.325,0.00036526974391096634
5.3275,0.00036581742987250499
5.33,0.00036635418247422995
5.3325,0.00036687262015408089
5.335,0.00036736799363827827
5.3375,0.00036782994496549498
5.34,0.00036825033605882501
5.3425,0.00036862443797924105
5.345,0.00036894839542447096
5.3475,0.00036921646689160351
5.35,0.0003694230811401222
5.3525,0.00036956706758641417
5.355,0.00036964558977185011
5.3575,0.00036965817125082486
5.36,0.00036960168143620521
5.3625,0.00036948613259419867
5.365,0.00036930776442506592
5.3675,0.00036906790383297569
5.37,0.00036877116226611742
5.3725,0.00036842816716744527
5.375,0.00036803711493339742
5.3775,0.00036760163759285325
5.38,0.00036713344657620577
5.3825,0.00036663508072317015
5.385,0.00036611841731116752
5.3875,0.00036558998822298016
5.39,0.00036505631539843024
5.3925,0.00036452539041543911
5.395,0.00036400481544955653
5.3975,0.00036350207482326578
5.4,0.00036302279309942181
5.4025,0.00036257886233251346
5.405,0.00036217356300250901
5.4075,0.00036181307039084555
5.41,0.00036150276781225766
5.4125,0.00036124754467130299
5.415,0.00036105236110296291
5.4175,0.00036091628155827254
5.42,0.00036084816681494184
5.4225,0.00036084411353049927
5.425,0.0003609069836284946
5.4275,0.00036103636719764931
5.43,0.00036123011163574631
5.4325,0.00036148560165030161
5.435,0.00036179837840786855
5.4375,0.00036216084118297662
5.44,0.00036257386273018188
5.4425,0.00036303101946530501
5.445,0.00036352484264727628
5.4475,0.00036403717236898725
5.45,0.00036457519432637071
5.4525,0.00036511877264808575
5.455,0.00036566737973326758
5.4575,0.0003662123155073887
5.46,0.00036674207757205347
5.4625,0.00036725171948742686
5.465,0.00036773031801398497
5.4675,0.00036817087231993381
5.47,0.00036856958812148702
5.4725,0.00036891787846022917
5.475,0.00036921346986101518
5.4775,0.000369448639006882
5.48,0.00036962380071300601
5.4825,0.00036973524601563364
5.485,0.00036977946574538121
5.4875,0.0003697593414814179
5.49,0.00036967525898851328
5.4925,0.00036952641191915039
5.495,0.00036931621828743274
5.4975,0.00036904847884875559
5.5,0.00036872478198338166
5.5025,0.00036835236273060707
5.505,0.00036793642384958761
5.5075,0.00036748352845162544
5.51,0.00036699894689920509
5.5125,0.0003664882950494818
5.515,0.00036596185863197958
5.5175,0.00036542728759209167
5.52,0.00036489061404274253
5.5225,0.0003643616995359615
5.525,0.00036384691755196092
5.5275,0.00036335287124104323
5.53,0.00036288539481281197
5.5325,0.00036245556299014297
5.535,0.00036206923733102546
5.5375,0.0003617314848607117
5.54,0.0003614455001478287
5.5425,0.000361218484310774
5.545,0.00036105289044327711
5.5475,0.00036094914745676636
5.55,0.00036091156166737889
5.5525,0.00036094421517531629
5.555,0.00036104371251825904
5.5575,0.00036120716032563997
5.56,0.00036143142772331077
5.5625,0.00036171568929513039
5.565,0.00036206327918851728
5.5675,0.0003624548018112075
5.57,0.00036289561445585221
5.5725,0.00036337661424881408
5.575,0.00036388046178077895
5.5775,0.00036441242191014006
5.58,0.00036496848687954506
5.5825,0.0003655205292427535
5.585,0.00036607500769257915
5.5875,0.00036661926725026759
5.59,0.00036714345902131239
5.5925,0.00036764520569907018
5.595,0.00036811491316167242
5.5975,0.00036854185419850436
5.6,0.00036892310067665598
5.6025,0.0003692544549325799
5.605,0.00036952639458376915
5.6075,0.00036973868758241986
5.61,0.00036988644142045508
5.6125,0.00036996853466428358
5.615,0.00036998488419409073
5.6175,0.00036993289370893738
5.62,0.00036981652523581342
5.6225,0.00036963847337657127
5.625,0.000369400287450541
5.6275,0.00036910295476341032
5.63,0.00036875502551936062
5.6325,0.00036836161047722296
5.635,0.00036792496458470551
5.6375,0.00036745057512918225
5.64,0.00036694878727457422
5.6425,0.00036642804817664558
5.645,0.00036589356656022761
5.6475,0.00036535304557763185
5.65,0.0003648141203642672
5.6525,0.00036428645258304874
5.655,0.00036377681219713746
5.6575,0.0003632905600138524
5.66,0.00036283964697347219
5.6625,0.00036242710616648881
5.665,0.00036205990662436236
5.6675,0.00036174356302925623
5.67,0.00036148130318008865
5.6725,0.00036128019280619404
5.675,0.00036114008092373242
5.6775,0.00036106819209027747
5.68,0.0003610600536243135
5.6825,0.00036111973973762849
5.685,0.0003612475707837397
5.6875,0.00036144074758015233
5.69,0.00036169785817779089
5.6925,0.00036200985222393763
5.695,0.00036237332426774247
5.6975,0.00036278884271421645
5.7,0.00036324910255157867
5.7025,0.00036374770907280366
5.705,0.00036426523371638772
5.7075,0.00036481012954021213
5.71,0.0003653657713296592
5.7125,0.00036591889169215947
5.715,0.00036646954699215363
5.7175,0.00036700848116407933
5.72,0.00036752723032567773
5.7225,0.0003680126917184311
5.725,0.00036846197032270234
5.7275,0.00036886892824639691
5.73,0.00036922613069437541
5.7325,0.00036952917461701373
5.735,0.000369770199218663
5.7375,0.00036994996966921353
5.74,0.00037006741036458592
5.7425,0.00037011709217240534
5.745,0.00037010061425967486
5.7475,0.00037001859386391351
5.75,0.00036987262098361488
5.7525,0.00036966146581246577
5.755,0.00036939280395183595
5.7575,0.00036906770119955458
5.76,0.00036869337916167451
5.7625,0.00036827298487487881
5.765,0.000367813174650672
5.7675,0.00036732156720070805
5.77,0.00036680412945598546
5.7725,0.00036627003668384094
5.775,0.00036572730851990157
5.7775,0.00036518200262582125
5.78,0.00036464313725775139
5.7825,0.00036411664307367054
5.785,0.00036361152787597889
5.7875,0.0003631331311781305
5.79,0.00036269211468357098
5.7925,0.00036229556043939595
5.795,0.0003619473374192445
5.7975,0.00036164975267611189
5.8,0.00036141180978517881
5.8025,0.00036123665080899016
5.805,0.00036112304572197892
5.8075,0.00036107573704192292
5.81,0.00036109981567842382
5.8125,0.00036119196747228861
5.815,0.00036134790679608259
5.8175,0.00036157017655952169
5.82,0.00036184920971050284
5.8225,0.00036219178665178791
5.825,0.0003625810571591606
5.8275,0.00036302190127059835
5.83,0.00036350062000259343
5.8325,0.00036400700478448429
5.835,0.00036453787379153111
5.8375,0.00036509666499690311
5.84,0.00036565425060876874
5.8425,0.0003662122369046865
5.845,0.00036676009165280806
5.8475,0.00036729126122103656
5.85,0.00036780046101808525
5.8525,0.00036827700759759283
5.855,0.00036871221640038339
5.8575,0.00036910184937871953
5.86,0.00036944060395636573
5.8625,0.00036972101703476644
5.865,0.00036994052339494189
5.8675,0.00037009639548317013
5.87,0.00037018608037513688
5.8725,0.00037020905478170395
5.875,0.00037016492972309628
5.8775,0.00037005428801921138
5.88,0.00036988412168256925
5.8825,0.00036965141275500447
5.885,0.00036935841990410055
5.8875,0.00036901451052216607
5.89,0.00036862527413327243
5.8925,0.00036819266782194568
5.895,0.00036772195345135969
5.8975,0.00036722247531322211
5.9,0.00036670118826309878
5.9025,0.00036616774310986101
5.905,0.00036562794330097069
5.9075,0.00036508975284990197
5.91,0.00036456213664394602
5.9125,0.00036405126566599577
5.915,0.00036356394138767394
5.9175,0.00036311092729952898
5.92,0.00036269653033072413
5.9225,0.00036232749163184999
5.925,0.00036200914280482791
5.9275,0.00036174462494794495
5.93,0.00036154152282419285
5.9325,0.00036140005815450937
5.935,0.00036132780041775789
5.9375,0.00036131983334278364
5.94,0.00036137741595533709
5.9425,0.00036150347116434511
5.945,0.00036169623517121372
5.9475,0.0003619505532787171
5.95,0.00036226785379031746
5.9525,0.0003626334451189544
5.955,0.00036304968119791763
5.9575,0.00036350939368714731
5.96,0.00036400855715316294
5.9625,0.00036452704406624096
5.965,0.00036507381813935817
5.9675,0.00036563096087835316
5.97,0.00036618628643045315
5.9725,0.00036674111093923405
5.975,0.00036728183594788221
5.9775,0.00036780213217763925
5.98,0.00036828864338111405
5.9825,0.00036874114636970061
5.985,0.00036914989128258684
5.9875,0.00036950804963236967
5.99,0.00036981248824935595
5.9925,0.00037005608571878359
5.995,0.00037023807321001238
5.9975,0.00037035503641742566
6.0,0.000370403462054373
6.0025,0.0003703868194702704
6.005,0.00037030482852937999
6.0075,0.00037015582810405489
6.01,0.00036994383712779337
6.0125,0.00036967148046193637
6.015,0.00036934312370252121
6.0175,0.00036896476278616572
6.02,0.00036854095926406184
6.0225,0.00036807712691114307
6.025,0.00036758187434281079
6.0275,0.00036706063168004578
6.03,0.00036652057916388916
6.0325,0.00036597105901484779
6.035,0.00036541938118246853
6.0375,0.00036487435414556032
6.04,0.00036434304073632994
6.0425,0.00036383175756876478
6.045,0.00036334682160094322
6.0475,0.00036289963792866581
6.05,0.00036249696139157845
6.0525,0.00036214370007823648
6.055,0.00036184191950537701
6.0575,0.00036159831947376524
6.06,0.00036141648819186783
6.0625,0.00036129905813600245
6.065,0.00036124870645942194
6.0675,0.00036127006322345958
6.07,0.00036136066399718723
6.0725,0.00036151168544220388
6.075,0.0003617309437442815
6.0775,0.00036200945086642974
6.08,0.0003623510944022819
6.0825,0.00036274277078240323
6.085,0.00036318006937002329
6.0875,0.00036365903141229839
6.09,0.00036416881882496513
6.0925,0.00036469995871524436
6.095,0.00036526139660719438
6.0975,0.00036582013267522789
6.1,0.0003663784371765558
6.1025,0.00036692889268938518
6.105,0.00036746435577416693
6.1075,0.00036797539961003998
6.11,0.00036845147077407283
6.1125,0.00036888895398226411
6.115,0.00036928199930309373
6.1175,0.00036962117958093816
6.12,0.00036990271908614081
6.1225,0.00037012284662375571
6.125,0.00037027834602080292
6.1275,0.00037036840094979278
6.13,0.00037039143741179534
6.1325,0.00037034700516201023
6.135,0.00037023913031949729
6.1375,0.00037006329339156138
6.14,0.00036982885024257702
6.1425,0.00036953428143904051
6.145,0.00036918780699058573
6.1475,0.00036879571408076955
6.15,0.00036835984039164572
6.1525,0.00036788507455653307
6.155,0.00036738073332398129
6.1575,0.00036685549231674274
6.16,0.00036631675062509799
6.1625,0.00036577049639869517
6.165,0.00036522682370506863
6.1675,0.00036469372309285694
6.17,0.00036417693127222971
6.1725,0.0003636839586167132
6.175,0.00036322461774482826
6.1775,0.00036280295729068706
6.18,0.00036242723775175548
6.1825,0.00036210231813462742
6.185,0.0003618331399729925
6.1875,0.00036162435648053287
6.19,0.00036147778034782306
6.1925,0.00036139982762440644
6.195,0.00036138619015709873
6.1975,0.00036144009793312855
6.2,0.00036156241881889905
6.2025,0.00036175197896714227
6.205,0.0003620042092971248
6.2075,0.00036231806061645173
6.21,0.00036268336337605286
6.2125,0.00036309929604301364
6.215,0.00036355856633244024
6.2175,0.00036405810871478896
6.22,0.00036457938364552168
6.2225,0.00036512804763134303
6.225,0.00036568850121796218
6.2275,0.00036624651602565615
6.23,0.00036680474088255521
6.2325,0.0003673493306357358
6.235,0.00036787402914749103
6.2375,0.0003683674041301294
6.24,0.00036882567270285916
6.2425,0.00036923778253641779
6.245,0.00036960080557743406
6.2475,0.00036991170933681856
6.25,0.00037016065070953033
6.2525,0.0003703469910517318
6.255,0.0003704688838222935
6.2575,0.00037052618207151827
6.26,0.00037051429400153819
6.2625,0.00037043540217919388
6.265,0.0003702923947732018
6.2675,0.00037008432699104987
6.27,0.00036981561135584264
6.2725,0.000369491085152145
6.275,0.00036911587033853512
6.2775,0.00036869464039682577
6.28,0.00036823353628066065
6.2825,0.00036774070001560513
6.285,0.00036722130814391039
6.2875,0.00036668246391112795
6.29,0.0003661338249406029
6.2925,0.00036558283547392527
6.295,0.0003650385579518743
6.2975,0.00036450706491840694
6.3,0.00036399499494245646
6.3025,0.00036350912894496357
6.305,0.00036306050697578021
6.3075,0.00036265662158355903
6.31,0.0003623019752339899
6.3125,0.00036199850382025064
6.315,0.00036175321994463968
6.3175,0.00036156941749039762
6.32,0.00036144974388027727
6.3225,0.00036139724576521467
6.325,0.00036141688182537296
6.3275,0.00036150247062338042
6.33,0.000361653548024735
6.3325,0.00036186977255202291
6.335,0.00036214641097207444
6.3375,0.00036248682050195211
6.34,0.00036287570728337913
6.3425,0.00036331021376931436
6.345,0.00036378828810660409
6.3475,0.00036429790326111908
6.35,0.00036482722365479918
6.3525,0.00036538802866049132
6.355,0.00036594656976743155
6.3575,0.00036650421622959795
6.36,0.0003670539851486758
6.3625,0.00036758950306950238
6.365,0.0003680999884763729
6.3675,0.0003685769352506957
6.37,0.00036901556978433217
6.3725,0.00036940872106599142
6.375,0.00036974708256153077
6.3775,0.00037002661218360012
6.38,0.00037024611887686914
6.3825,0.0003704016985084288
6.385,0.00037049115463384243
6.3875,0.00037051322480481072
6.39,0.0003704685393548519
6.3925,0.00037035836784306812
6.395,0.00037018018562778903
6.3975,0.00036994355028099847
6.4,0.00036964702918268954
6.4025,0.00036929811419429497
6.405,0.00036890307689026327
6.4075,0.00036846416964686073
6.41,0.00036798562310035911
6.4125,0.00036747765466466314
6.415,0.00036694856968706962
6.4175,0.00036640633569432862
6.42,0.00036585612438305465
6.4225,0.00036530824251390588
6.425,0.00036477103691895212
6.4275,0.00036425036982072416
6.43,0.00036375367557377371
6.4325,0.00036328977807101851
6.435,0.00036286424581096361
6.4375,0.00036248461562466794
6.44,0.00036215680798692832
6.4425,0.0003618839904979667
6.445,0.00036167225570293051
6.4475,0.00036152292870758878
6.45,0.00036144304408867306
6.4525,0.00036142592040036266
6.455,0.00036147786380130026
6.4575,0.00036159872318009592
6.46,0.00036178755790569069
6.4625,0.00036203974836130173
6.465,0.00036235352317810548
6.4675,0.00036271813103509379
6.47,0.00036313455638436212
6.4725,0.00036359515488256796
6.475,0.00036409623443445623
6.4775,0.00036461806100047804
6.48,0.00036516802423655094
6.4825,0.00036573099354789476
6.485,0.00036629197976776695
6.4875,0.00036685320548902737
6.49,0.00036740063100053957
6.4925,0.00036792885092605884
6.495,0.00036842600499913515
6.4975,0.00036888636631104651
6.5,0.00036930202089879215
6.5025,0.00036967095515426634
6.505,0.00036998520052599417
6.5075,0.00037023580464082024
6.51,0.00037042726362866718
6.5125,0.00037055474866660028
6.515,0.00037061368143127805
6.5175,0.00037060341147809959
6.52,0.00037052988071188897
6.5225,0.00037038765662017372
6.525,0.00037017970079346329
6.5275,0.00036991652835006918
6.53,0.0003695941107729493
6.5325,0.00036921975065262817
6.535,0.00036879817342878559
6.5375,0.00036833932341622064
6.54,0.00036784727799894204
6.5425,0.0003673275425095049
6.545,0.00036678784726886708
6.5475,0.00036623912579540358
6.55,0.00036568763738385762
6.5525,0.00036514204668614545
6.555,0.00036460957661593041
6.5575,0.00036409611678363431
6.56,0.00036360872651100806
6.5625,0.00036315845927839053
6.565,0.00036275284023282189
6.5675,0.00036239599220419744
6.57,0.0003620912646989046
6.5725,0.00036184408239789862
6.575,0.00036165811582251347
6.5775,0.00036153690330154758
6.58,0.00036148428027276238
6.5825,0.00036150019338603012
6.585,0.0003615859330970529
6.5875,0.00036173628544911365
6.59,0.00036195161371930677
6.5925,0.00036222719359576774
6.595,0.00036256699100702691
6.5975,0.00036295423514220917
6.6,0.00036338857410644638
6.6025,0.00036386838115476025
6.605,0.00036437824423898922
6.6075,0.00036491079194688635
6.61,0.00036546828807022054
6.6125,0.00036602719664221542
6.615,0.00036658586109916029
6.6175,0.00036713841893127631
6.62,0.00036767565603308905
6.6225,0.00036818669754371371
6.625,0.00036866622681776989
6.6275,0.00036910669157165147
6.63,0.00036950079655110614
6.6325,0.00036984129397808389
6.635,0.00037012327484772892
6.6375,0.00037034494849506785
6.64,0.00037050155170304558
6.6425,0.00037059454669023206
6.645,0.0003706185335069396
6.6475,0.00037057525270131603
6.65,0.00037046669345847116
6.6525,0.00037029033419236612
6.655,0.00037005547620906913
6.6575,0.00036976046424985602
6.66,0.0003694124161390257
6.6625,0.00036901827009184991
6.665,0.00036858011990289352
6.6675,0.00036810172556009136
6.67,0.00036759401345916581
6.6725,0.00036706507177872085
6.675,0.00036652298883312691
6.6775,0.00036597258370302672
6.68,0.00036542316189433342
6.6825,0.00036488461034051207
6.685,0.00036436295523037041
6.6875,0.00036386455109818844
6.69,0.0003633988948780089
6.6925,0.00036297139730277864
6.695,0.00036258993270788989
6.6975,0.00036225973791297874
6.7,0.00036198471027036101
6.7025,0.00036177089020034776
6.705,0.0003616204602753101
6.7075,0.00036153559107590086
6.71,0.00036151667481832837
6.7125,0.00036156510168372687
6.715,0.00036168404429137897
6.7175,0.00036186984663753608
6.72,0.00036211932700223079
6.7225,0.00036243022901044549
6.725,0.00036279237745118431
6.7275,0.00036320599602586098
6.73,0.00036366437340506916
6.7325,0.0003641627804490491
6.735,0.00036468228484889335
6.7375,0.00036522960172930837
6.74,0.00036579076444052282
6.7425,0.00036634891067550474
6.745,0.00036690771370889578
6.7475,0.00036745328978018022
6.75,0.00036797820997126415
6.7525,0.00036847285826347017
6.755,0.00036893092503332317
6.7575,0.00036934487729656094
6.76,0.00036970861024759048
6.7625,0.00037002279486547023
6.765,0.00037027147716333118
6.7675,0.000370459048108753
6.77,0.00037058427873968674
6.7725,0.00037064023084981885
6.775,0.0003706274797877564
6.7775,0.00037055153533180818
6.78,0.0003704055838882319
6.7825,0.00037019861537138056
6.785,0.00036993061222976241
6.7875,0.00036960510503473488
6.79,0.00036922787084495043
6.7925,0.00036880566032023663
6.795,0.00036834385639482092
6.7975,0.0003678487030526578
6.8,0.00036732661692697528
6.8025,0.00036678457989683285
6.805,0.00036623373531321368
6.8075,0.00036568001525740771
6.81,0.0003651323225620495
6.8125,0.00036459739706974517
6.815,0.00036408196722630809
6.8175,0.00036359290185348868
6.82,0.00036314067965555658
6.8225,0.00036273353263968855
6.825,0.00036237515864144174
6.8275,0.00036206924486320802
6.83,0.00036182100909614362
6.8325,0.00036163434553415158
6.835,0.00036151321250314685
6.8375,0.00036145813201590607
6.84,0.00036147570666094226
6.8425,0.00036156194830067214
6.845,0.00036171211070912821
6.8475,0.00036192852239321801
6.85,0.00036220573160432892
6.8525,0.00036254672078842471
6.855,0.00036293471781977983
6.8575,0.00036337150191485546
6.86,0.0003638539706346063
6.8625,0.00036436699519762036
6.865,0.00036490221454013675
6.8675,0.00036546283035347943
6.87,0.00036602514273468612
6.8725,0.00036658740143161145
6.875,0.00036714371176375514
6.8775,0.00036768479455088154
6.88,0.0003681998628744346
6.8825,0.00036868297537568165
6.885,0.00036912774957293727
6.8875,0.00036952627490814249
6.89,0.00036987031356005987
6.8925,0.00037015605548041183
6.895,0.00037038163507656201
6.8975,0.00037054183553235397
6.9,0.00037063811300277658
6.9025,0.00037066564569469205
6.905,0.00037062606739141882
6.9075,0.0003705199554826228
6.91,0.0003703464612350267
6.9125,0.00037011390242918773
6.915,0.00036982216184929862
6.9175,0.00036947600105859276
6.92,0.00036908369392896445
6.9225,0.00036864727356608021
6.925,0.00036817046515320433
6.9275,0.00036766383949733347
6.93,0.00036713583246709709
6.9325,0.00036659478038766137
6.935,0.00036604473915759222
6.9375,0.00036549602111882868
6.94,0.00036495778644650878
6.9425,0.00036443587328054746
6.945,0.00036393725484140595
6.9475,0.00036347040545815432
6.95,0.00036304360668105339
6.9525,0.00036266178984182494
6.955,0.00036233034748153628
6.9575,0.00036205416940019981
6.96,0.00036183920140373085
6.9625,0.00036168747906631008
6.965,0.00036160120027863653
6.9675,0.00036158072555158476
6.97,0.00036162756922155726
6.9725,0.00036174516384230671
6.975,0.00036192931403313748
6.9775,0.00036217719876234636
6.98,0.00036248656453886734
6.9825,0.00036284724187104545
6.985,0.00036325933177371088
6.9875,0.00036371612704983185
6.99,0.00036421349746878931
6.9925,0.00036473201538844664
6.995,0.00036527782630210492
6.9975,0.00036583829652297865
7.0,0.00036639520303074363
