Physical Time (s),ea_left Monitor (kg-m/s^3)
0.0025,-2.4211958033971211e-12
0.005,-7.8444809658952144e-10
0.0075,-2.4710595826971639e-08
0.01,-1.7152137698160891e-07
0.0125,-5.2910705910390874e-07
0.015,-9.3203172897579936e-07
0.0175,-7.8912185371811449e-07
0.02,-2.5799238876826029e-07
0.0225,-2.6176304143442909e-08
0.025,-1.4145495941306345e-07
0.0275,-2.5754249426981775e-07
0.03,-2.3017575285897305e-07
0.0325,-1.2292335349327697e-07
0.035,-3.7230057621084452e-08
0.0375,-3.5000746640975057e-09
0.04,-3.8667148444862292e-09
0.0425,-1.6403968114115884e-08
0.045,-2.6974235593611141e-08
0.0475,-2.9219744286199195e-08
0.05,-2.354972858867088e-08
0.0525,-1.4543660753793005e-08
0.055,-6.9834677888325205e-09
0.0575,-2.9423849716815043e-09
0.06,-1.7095672980928337e-09
0.0625,-1.7955099894576531e-09
0.065,-2.4339748950121984e-09
0.0675,-3.4170988458862556e-09
0.07,-4.3742015910546213e-09
0.0725,-4.7122475155268507e-09
0.075,-4.1498648828203734e-09
0.0775,-3.0425446992322539e-09
0.08,-2.0936455438987348e-09
0.0825,-1.7596340524686772e-09
0.085,-1.9310269089080056e-09
0.0875,-2.1555566783904604e-09
0.09,-2.1495794661786595e-09
0.0925,-2.1146579036790557e-09
0.095,-2.6181617111263672e-09
0.0975,-4.1871564627037893e-09
0.1,-6.9478439816329313e-09
0.1025,-1.053267702433038e-08
0.105,-1.4254973946938464e-08
0.1075,-1.740390091961077e-08
0.11,-1.9500578251918611e-08
0.1125,-2.0407986771971708e-08
0.115,-2.0277376265805782e-08
0.1175,-1.9418999706961633e-08
0.12,-1.815662990595817e-08
0.1225,-1.6759408792738955e-08
0.125,-1.5393926979536497e-08
0.1275,-1.4136911410994317e-08
0.13,-1.2996534148606384e-08
0.1325,-1.1941041599268856e-08
0.135,-1.0926862610370489e-08
0.1375,-9.9198719092601887e-09
0.14,-8.9108884093722065e-09
0.1425,-7.924033024260267e-09
0.145,-7.0119094514508188e-09
0.1475,-6.2379987877992777e-09
0.15,-5.6559641767745664e-09
0.1525,-5.2966208525545241e-09
0.155,-5.1676044545192707e-09
0.1575,-5.268829377797398e-09
0.16,-5.6020018414522349e-09
0.1625,-6.1794667290650887e-09
0.165,-7.0128663359637666e-09
0.1675,-8.0928980345808404e-09
0.17,-9.367615660964632e-09
0.1725,-1.0734969148121022e-08
0.175,-1.2056956537855369e-08
0.1775,-1.3191971713636575e-08
0.18,-1.4031966450025123e-08
0.1825,-1.4528879779742547e-08
0.185,-1.4700909812714631e-08
0.1875,-1.4619100895433279e-08
0.19,-1.4382771566545673e-08
0.1925,-1.4093731077132247e-08
0.195,-1.3837024241197548e-08
0.1975,-1.367179258164227e-08
0.2,-1.362955441067582e-08
0.2025,-1.3718663102826538e-08
0.205,-1.393014954964685e-08
0.2075,-1.4243515151816974e-08
0.21,-1.4631693275734835e-08
0.2125,-1.5065381059773694e-08
0.215,-1.5516335193432748e-08
0.2175,-1.5959168834848204e-08
0.22,-1.6371854884063103e-08
0.2225,-1.6735186854611077e-08
0.225,-1.7032269027229707e-08
0.2275,-1.7248638321229908e-08
0.23,-1.7373351763504364e-08
0.2325,-1.7400956733252657e-08
0.235,-1.7333817974751202e-08
0.2375,-1.7184117356572265e-08
0.24,-1.6974220854934733e-08
0.2425,-1.6738830445750444e-08
0.245,-1.6518117918314502e-08
0.2475,-1.6353018529875284e-08
0.25,-1.6277980816450534e-08
0.2525,-1.6317195868734586e-08
0.255,-1.6487908454675552e-08
0.2575,-1.6793451055622554e-08
0.26,-1.7226488449372354e-08
0.2625,-1.7764239082394931e-08
0.265,-1.8375486217946666e-08
0.2675,-1.901801111409404e-08
0.27,-1.9645025359140606e-08
0.2725,-2.0207598916729993e-08
0.275,-2.0668639481971791e-08
0.2775,-2.1006854171911955e-08
0.28,-2.1219898864007274e-08
0.2825,-2.1319814826410331e-08
0.285,-2.1331855981006043e-08
0.2875,-2.1290840916296304e-08
0.29,-2.1235607337661389e-08
0.2925,-2.1201957745153369e-08
0.295,-2.121823054354699e-08
0.2975,-2.1304501695008994e-08
0.3,-2.1473586549339527e-08
0.3025,-2.1726867217060968e-08
0.305,-2.2056045567289074e-08
0.3075,-2.2449278122207161e-08
0.31,-2.2889658308692633e-08
0.3125,-2.3355264336882236e-08
0.315,-2.3822794059565013e-08
0.3175,-2.4268199675405983e-08
0.32,-2.4670959056302998e-08
0.3225,-2.5020517549034886e-08
0.325,-2.5311096682758866e-08
0.3275,-2.5541276802715623e-08
0.33,-2.5713647589424001e-08
0.3325,-2.5835141907820218e-08
0.335,-2.5917692565588021e-08
0.3375,-2.5976464594676123e-08
0.34,-2.6028106820783202e-08
0.3425,-2.6090537807120053e-08
0.345,-2.6181473073635026e-08
0.3475,-2.6313361119994722e-08
0.35,-2.6498515766710215e-08
0.3525,-2.6746019863029902e-08
0.355,-2.7062103358664293e-08
0.3575,-2.7450471534585468e-08
0.36,-2.791195554360283e-08
0.3625,-2.8443143982218269e-08
0.365,-2.9034474545446244e-08
0.3675,-2.9669365167412839e-08
0.37,-3.0325413705714312e-08
0.3725,-3.0981183342602646e-08
0.375,-3.1602510013867396e-08
0.3775,-3.2164816913743295e-08
0.38,-3.2644910710398079e-08
0.3825,-3.3022125396593802e-08
0.385,-3.3278396628725911e-08
0.3875,-3.339940895115224e-08
0.39,-3.3376453660585083e-08
0.3925,-3.3207469763401581e-08
0.395,-3.2896696511468327e-08
0.3975,-3.2453841957939735e-08
0.4,-3.1893671049623953e-08
0.4025,-3.1235720933921381e-08
0.405,-3.0499814744180511e-08
0.4075,-2.971051360564582e-08
0.41,-2.8894777914757129e-08
0.4125,-2.8080279986332843e-08
0.415,-2.7298930406380103e-08
0.4175,-2.657812002295672e-08
0.42,-2.5944426318916349e-08
0.4225,-2.5419422236618389e-08
0.425,-2.501734065974681e-08
0.4275,-2.4746471117931309e-08
0.43,-2.4608182359400281e-08
0.4325,-2.4599760883118468e-08
0.435,-2.4721908139762311e-08
0.4375,-2.4970809647574004e-08
0.44,-2.5342478112461312e-08
0.4425,-2.5831051094615811e-08
0.445,-2.6427809483218624e-08
0.4475,-2.7119254938263019e-08
0.45,-2.7890918982318927e-08
0.4525,-2.8729456808886883e-08
0.455,-2.9623956325207908e-08
0.4575,-3.0566434141369888e-08
0.46,-3.1542854382790176e-08
0.4625,-3.2546754072513473e-08
0.465,-3.3583906650572504e-08
0.4675,-3.4657404004949081e-08
0.47,-3.5767586537044981e-08
0.4725,-3.6912594024957995e-08
0.475,-3.8089431770151472e-08
0.4775,-3.9297600838414219e-08
0.48,-4.0532478660084585e-08
0.4825,-4.1776424070997599e-08
0.485,-4.3008657141633277e-08
0.4875,-4.4207223872835339e-08
0.49,-4.5352491063359576e-08
0.4925,-4.6425028850195758e-08
0.495,-4.7405226771174747e-08
0.4975,-4.8274593992834191e-08
0.5,-4.9019415445269915e-08
0.5025,-4.9629777618309752e-08
0.505,-5.0100154626784643e-08
0.5075,-5.0426837298218949e-08
0.51,-5.0608255639189721e-08
0.5125,-5.0645850380876869e-08
0.515,-5.0543673224597401e-08
0.5175,-5.0309108615193729e-08
0.52,-4.99538185228455e-08
0.5225,-4.9490939362672383e-08
0.525,-4.8934634509275261e-08
0.5275,-4.8300264534327581e-08
0.53,-4.760419497620748e-08
0.5325,-4.6865107263390249e-08
0.535,-4.6101457799490471e-08
0.5375,-4.5335562955353998e-08
0.54,-4.4579226356835344e-08
0.5425,-4.3844490913531568e-08
0.545,-4.3141027324759454e-08
0.5475,-4.2473637679783275e-08
0.55,-4.1851085357413294e-08
0.5525,-4.1284361123324258e-08
0.555,-4.0784102221068892e-08
0.5575,-4.0359072449594746e-08
0.56,-4.0015688094484751e-08
0.5625,-3.9757898741352073e-08
0.565,-3.9588273994857297e-08
0.5675,-3.9509492194848532e-08
0.57,-3.952499825843018e-08
0.5725,-3.9638423791959044e-08
0.575,-3.9852404185466402e-08
0.5775,-4.016766097707426e-08
0.58,-4.0582766439382875e-08
0.5825,-4.1094379242091475e-08
0.585,-4.169754389837756e-08
0.5875,-4.2385818875088235e-08
0.59,-4.3151229185731664e-08
0.5925,-4.398420014709638e-08
0.595,-4.4873454584203249e-08
0.5975,-4.5805820198128407e-08
0.6,-4.6766018165096372e-08
0.6025,-4.7736646617517974e-08
0.605,-4.8698629032571205e-08
0.6075,-4.9631815309403316e-08
0.61,-5.0515901700309475e-08
0.6125,-5.1331431460286703e-08
0.615,-5.2060858362568952e-08
0.6175,-5.2689625742184483e-08
0.62,-5.3207137422763615e-08
0.6225,-5.3607481678401793e-08
0.625,-5.388974614665414e-08
0.6275,-5.40579356559446e-08
0.63,-5.4120520136028308e-08
0.6325,-5.4089694857904448e-08
0.635,-5.3980503805339295e-08
0.6375,-5.3809851531374214e-08
0.64,-5.3595553874566275e-08
0.6425,-5.3355438721473698e-08
0.645,-5.3106551516873903e-08
0.6475,-5.2864501708664167e-08
0.65,-5.2642806189833075e-08
0.6525,-5.2452383025397064e-08
0.655,-5.2301114780101154e-08
0.6575,-5.2193683061522682e-08
0.66,-5.2131726131064007e-08
0.6625,-5.2114286224224449e-08
0.665,-5.2138365145552964e-08
0.6675,-5.2199462013297694e-08
0.67,-5.2292067533409212e-08
0.6725,-5.241014773070456e-08
0.675,-5.2547606096468551e-08
0.6775,-5.2698695037276821e-08
0.68,-5.2858389585756017e-08
0.6825,-5.3022729416594184e-08
0.685,-5.3189124763308016e-08
0.6875,-5.3356594693091779e-08
0.69,-5.3525843375423602e-08
0.6925,-5.3699179239523048e-08
0.695,-5.3880265806200604e-08
0.6975,-5.4073723078517128e-08
0.7,-5.4284649092896992e-08
0.7025,-5.4518103546877666e-08
0.705,-5.4778603227494249e-08
0.7075,-5.5069678813023158e-08
0.71,-5.5393465390500854e-08
0.7125,-5.5750354493559448e-08
0.715,-5.6138768911819158e-08
0.7175,-5.6555005889630351e-08
0.72,-5.6993249251613515e-08
0.7225,-5.7445704227457551e-08
0.725,-5.790289669837828e-08
0.7275,-5.8354048292198947e-08
0.73,-5.8787635181963055e-08
0.7325,-5.9192200977887496e-08
0.735,-5.9557599864674696e-08
0.7375,-5.9875695858327395e-08
0.74,-6.0139842955339216e-08
0.7425,-6.0344889489492952e-08
0.745,-6.0487863572680191e-08
0.7475,-6.0568562998646621e-08
0.75,-6.0589722736425717e-08
0.7525,-6.0556756667953366e-08
0.755,-6.0477207273841043e-08
0.7575,-6.0360174793232103e-08
0.76,-6.0215927057014861e-08
0.7625,-6.005565109895556e-08
0.765,-5.9891187198308154e-08
0.7675,-5.9734529605567806e-08
0.77,-5.9597154246476017e-08
0.7725,-5.9489320087151624e-08
0.775,-5.9419562234105419e-08
0.7775,-5.9394384022359928e-08
0.78,-5.9418169053028498e-08
0.7825,-5.9493231835951387e-08
0.785,-5.9619963697502302e-08
0.7875,-5.9797043060336327e-08
0.79,-6.0021682478677077e-08
0.7925,-6.0289886795964036e-08
0.795,-6.0596706072321793e-08
0.7975,-6.0936508582151266e-08
0.8,-6.1303237434070308e-08
0.8025,-6.1690737198898019e-08
0.805,-6.2093098054418807e-08
0.8075,-6.2504996696098957e-08
0.81,-6.2921976326417571e-08
0.8125,-6.3340672855947995e-08
0.815,-6.3758947943060624e-08
0.8175,-6.4175969190949468e-08
0.82,-6.4592154994904945e-08
0.8225,-6.5009026994810244e-08
0.825,-6.5428984021773503e-08
0.8275,-6.5855044439141271e-08
0.83,-6.6290554639990028e-08
0.8325,-6.6738910968720841e-08
0.835,-6.7203308737294193e-08
0.8375,-6.7686488206454869e-08
0.84,-6.8190508877054621e-08
0.8425,-6.8716580671812222e-08
0.845,-6.926485490366273e-08
0.8475,-6.9834329454045054e-08
0.85,-7.0422775650260218e-08
0.8525,-7.1026718850919162e-08
0.855,-7.1641486397437747e-08
0.8575,-7.2261338578931359e-08
0.86,-7.2879588655074637e-08
0.8625,-7.3488821829481806e-08
0.865,-7.408111932850739e-08
0.8675,-7.4648316582696678e-08
0.87,-7.5182176931987302e-08
0.8725,-7.5674627270431009e-08
0.875,-7.6117927083285871e-08
0.8775,-7.6504851477190342e-08
0.88,-7.6828899914458421e-08
0.8825,-7.7084484984218072e-08
0.885,-7.7267109811693037e-08
0.8875,-7.7373528088673825e-08
0.89,-7.7401862115754539e-08
0.8925,-7.7351683555277946e-08
0.895,-7.7224042815128006e-08
0.8975,-7.7021436559341891e-08
0.9,-7.6747728121433634e-08
0.9025,-7.640800231425048e-08
0.905,-7.6008393863111417e-08
0.9075,-7.5555886955352184e-08
0.91,-7.5058120591333548e-08
0.9125,-7.4523211207641031e-08
0.915,-7.3959637177797459e-08
0.9175,-7.3376198384235465e-08
0.92,-7.278189563512182e-08
0.9225,-7.2185707975414586e-08
0.925,-7.1596275548181532e-08
0.9275,-7.1021634398437636e-08
0.93,-7.0469113351832903e-08
0.9325,-6.9945273759207217e-08
0.935,-6.9455998363244576e-08
0.9375,-6.9006544161746425e-08
0.94,-6.8601636737194636e-08
0.9425,-6.824555717225693e-08
0.945,-6.7942161525507912e-08
0.9475,-6.7694851749121034e-08
0.95,-6.7506541240290806e-08
0.9525,-6.737963241677969e-08
0.955,-6.7316039659509158e-08
0.9575,-6.7317245315428924e-08
0.96,-6.738438064053254e-08
0.9625,-6.7518214947708257e-08
0.965,-6.7719234983563277e-08
0.9675,-6.7987623310944229e-08
0.97,-6.832312985793859e-08
0.9725,-6.8724983958375553e-08
0.975,-6.9191832011906637e-08
0.9775,-6.9721684721936993e-08
0.98,-7.0311867067039781e-08
0.9825,-7.0958979250270876e-08
0.985,-7.1658857194412052e-08
0.9875,-7.2406568523009614e-08
0.99,-7.3196372766882417e-08
0.9925,-7.4021755155021598e-08
0.995,-7.4875394046615837e-08
0.9975,-7.5749169980050872e-08
1.0,-7.6634220138667711e-08
1.0025,-7.7521022493213981e-08
1.005,-7.8399491348388417e-08
1.0075,-7.9259183060468859e-08
1.01,-8.0089533472737305e-08
1.0125,-8.0880042078004945e-08
1.015,-8.1620607798410362e-08
1.0175,-8.2301738202388935e-08
1.02,-8.291480068980292e-08
1.0225,-8.3452267155394733e-08
1.025,-8.3907929385857038e-08
1.0275,-8.4277068740589774e-08
1.03,-8.4556572716604342e-08
1.0325,-8.4745018601273982e-08
1.035,-8.4842705990549924e-08
1.0375,-8.4851660513682186e-08
1.04,-8.477557504534764e-08
1.0425,-8.4619706460181438e-08
1.045,-8.4390737638430613e-08
1.0475,-8.4096615477864008e-08
1.05,-8.3746369596553502e-08
1.0525,-8.3349892861881561e-08
1.055,-8.2917693903787304e-08
1.0575,-8.2460662630118852e-08
1.06,-8.1989774663488222e-08
1.0625,-8.1515921428407869e-08
1.065,-8.1049702181238507e-08
1.0675,-8.0601219728804428e-08
1.07,-8.017997050402737e-08
1.0725,-7.9794616345440885e-08
1.075,-7.9452926767373641e-08
1.0775,-7.9161639678236055e-08
1.08,-7.8926388148146995e-08
1.0825,-7.8751650117407783e-08
1.085,-7.8640708222415985e-08
1.0875,-7.8595599713162645e-08
1.09,-7.8617105846763358e-08
1.0925,-7.8704769429447608e-08
1.095,-7.8856933494303491e-08
1.0975,-7.9070807969466076e-08
1.1,-7.9342562430278732e-08
1.1025,-7.9667454321033203e-08
1.105,-8.0039988760588871e-08
1.1075,-8.0454068428489836e-08
1.11,-8.0903164436445114e-08
1.1125,-8.1380410440373895e-08
1.115,-8.1878739745110102e-08
1.1175,-8.2390981038430305e-08
1.12,-8.2909968156471439e-08
1.1225,-8.342866102276855e-08
1.125,-8.3940252763198401e-08
1.1275,-8.4438282679339252e-08
1.13,-8.4916756128527145e-08
1.1325,-8.537025066442123e-08
1.135,-8.5794016176901374e-08
1.1375,-8.6184059937562163e-08
1.14,-8.6537185572285011e-08
1.1425,-8.6851044267915954e-08
1.145,-8.7124163787930471e-08
1.1475,-8.7355960294376062e-08
1.15,-8.7546702625216049e-08
1.1525,-8.7697442704208644e-08
1.155,-8.7809932146688062e-08
1.1575,-8.7886531030817471e-08
1.16,-8.793011297042204e-08
1.1625,-8.7943959682710891e-08
1.165,-8.7931663561850961e-08
1.1675,-8.7897041986762109e-08
1.17,-8.784405492088563e-08
1.1725,-8.7776727057130355e-08
1.175,-8.7699080480343116e-08
1.1775,-8.7615062531601194e-08
1.18,-8.7528463852810956e-08
1.1825,-8.7442842037207173e-08
1.185,-8.7361484276878864e-08
1.1875,-8.7287416369548437e-08
1.19,-8.7223398379447799e-08
1.1925,-8.7171878368160345e-08
1.195,-8.7134939817822946e-08
1.1975,-8.7114276490186414e-08
1.2,-8.7111189584277824e-08
1.2025,-8.7126587042323583e-08
1.205,-8.7160956196796215e-08
1.2075,-8.7214316823286005e-08
1.21,-8.7286187084602122e-08
1.2125,-8.7375592670083956e-08
1.215,-8.7481109487025958e-08
1.2175,-8.7600945330265561e-08
1.22,-8.77330399220493e-08
1.2225,-8.7875136041219086e-08
1.225,-8.8024794945018979e-08
1.2275,-8.8179369109025767e-08
1.23,-8.8335980782291186e-08
1.2325,-8.8491534724104088e-08
1.235,-8.8642755578202206e-08
1.2375,-8.8786244192073506e-08
1.24,-8.8918533144064731e-08
1.2425,-8.9036165001406174e-08
1.245,-8.9135789754927922e-08
1.2475,-8.921427852859771e-08
1.25,-8.926880805192113e-08
1.2525,-8.9296905037967334e-08
1.255,-8.9296479730812428e-08
1.2575,-8.9265877435769074e-08
1.26,-8.9203944317200423e-08
1.2625,-8.9110054877879087e-08
1.265,-8.8984101693293602e-08
1.2675,-8.8826450840209325e-08
1.27,-8.8637940321578543e-08
1.2725,-8.8419905180796291e-08
1.275,-8.8174198895122855e-08
1.2775,-8.790322485348102e-08
1.28,-8.7609860132106273e-08
1.2825,-8.7297369320230327e-08
1.285,-8.696927611053883e-08
1.2875,-8.6629302304643709e-08
1.29,-8.628132627459991e-08
1.2925,-8.5929353801018079e-08
1.295,-8.557748272541298e-08
1.2975,-8.5229844628760041e-08
1.3,-8.4890540905649097e-08
1.3025,-8.4563556998322977e-08
1.305,-8.4252695649257966e-08
1.3075,-8.3961500050286024e-08
1.31,-8.3693250326569358e-08
1.3125,-8.3450934847725234e-08
1.315,-8.3237272672528278e-08
1.3175,-8.3054670322514299e-08
1.32,-8.2905218907261592e-08
1.3225,-8.2790679918503434e-08
1.325,-8.2712519447196216e-08
1.3275,-8.267192730477393e-08
1.33,-8.2669807726083948e-08
1.3325,-8.2706744031233809e-08
1.335,-8.2782979612914057e-08
1.3375,-8.2898424192121917e-08
1.34,-8.3052672422670656e-08
1.3425,-8.3245017520324912e-08
1.345,-8.3474451067469753e-08
1.3475,-8.3739636157844415e-08
1.35,-8.4038874642385349e-08
1.3525,-8.4370143486568967e-08
1.355,-8.4731069002130637e-08
1.3575,-8.5118999260919545e-08
1.36,-8.5530977205950181e-08
1.3625,-8.5963792876574837e-08
1.365,-8.641397923104994e-08
1.3675,-8.6877829637816478e-08
1.37,-8.7351401384548588e-08
1.3725,-8.7830536506574405e-08
1.375,-8.8310948818522929e-08
1.3775,-8.8788309778225321e-08
1.38,-8.9258307591299241e-08
1.3825,-8.9716661564136115e-08
1.385,-9.0159122391989801e-08
1.3875,-9.0581496355223762e-08
1.39,-9.097969267732306e-08
1.3925,-9.1349761992717414e-08
1.395,-9.1687970113908796e-08
1.3975,-9.1990860028604966e-08
1.4,-9.2255275007870914e-08
1.4025,-9.2478448459623278e-08
1.405,-9.2658033479447775e-08
1.4075,-9.2792165591549259e-08
1.41,-9.2879505388873514e-08
1.4125,-9.2919180127061696e-08
1.415,-9.2910759939447554e-08
1.4175,-9.2854264833756682e-08
1.42,-9.2750233890918576e-08
1.4225,-9.2599728676054835e-08
1.425,-9.2404332300478186e-08
1.4275,-9.2166104251097848e-08
1.43,-9.188752071815089e-08
1.4325,-9.1571425829966358e-08
1.435,-9.1220985056097555e-08
1.4375,-9.0839647866920594e-08
1.44,-9.0431148041198245e-08
1.4425,-8.999945433481467e-08
1.445,-8.9548688054869136e-08
1.4475,-8.9083063097164004e-08
1.45,-8.8606826095524721e-08
1.4525,-8.8124264439781697e-08
1.455,-8.7639715711272499e-08
1.4575,-8.7157513821396091e-08
1.46,-8.6681912439924197e-08
1.4625,-8.6217054508849863e-08
1.465,-8.5766948063072707e-08
1.4675,-8.5335458924482884e-08
1.47,-8.4926244735888077e-08
1.4725,-8.454268737210125e-08
1.475,-8.418782394755161e-08
1.4775,-8.3864356538090554e-08
1.48,-8.3574607877027849e-08
1.4825,-8.3320505109993157e-08
1.485,-8.3103564405604487e-08
1.4875,-8.292490118928425e-08
1.49,-8.2785255895629102e-08
1.4925,-8.2685006343542003e-08
1.495,-8.2624154936942638e-08
1.4975,-8.2602310220957862e-08
1.5,-8.2618674855721734e-08
1.5025,-8.2672032698122329e-08
1.505,-8.2760743397606732e-08
1.5075,-8.2882742200786995e-08
1.51,-8.3035539654748301e-08
1.5125,-8.321628594746486e-08
1.515,-8.342176245885281e-08
1.5175,-8.3648454885692499e-08
1.52,-8.3892563119368792e-08
1.5225,-8.4150090206394141e-08
1.525,-8.4416842463603211e-08
1.5275,-8.4688438779793524e-08
1.53,-8.4960344799198831e-08
1.5325,-8.5227949013756173e-08
1.535,-8.548667826803668e-08
1.5375,-8.5732091329789819e-08
1.54,-8.5959920668599909e-08
1.5425,-8.6166081648495553e-08
1.545,-8.6346734942030882e-08
1.5475,-8.6498341664760898e-08
1.55,-8.661777370839107e-08
1.5525,-8.6702394362030356e-08
1.555,-8.6750112683580869e-08
1.5575,-8.6759430796079245e-08
1.56,-8.6729489922215243e-08
1.5625,-8.665996975244314e-08
1.565,-8.6551059864995228e-08
1.5675,-8.6403456566481139e-08
1.57,-8.6218363748163984e-08
1.5725,-8.5997481675097604e-08
1.575,-8.5742972467901139e-08
1.5775,-8.5457415525558168e-08
1.58,-8.5143807225340317e-08
1.5825,-8.4805550094249721e-08
1.585,-8.4446416098789374e-08
1.5875,-8.4070475659696841e-08
1.59,-8.3681993927018926e-08
1.5925,-8.3285303392912229e-08
1.595,-8.2884687043239861e-08
1.5975,-8.2484318838635001e-08
1.6,-8.2088243900829606e-08
1.6025,-8.17003467573697e-08
1.605,-8.1324305711130682e-08
1.6075,-8.0963519639916145e-08
1.61,-8.0621048139980221e-08
1.6125,-8.0299596581121619e-08
1.615,-8.0001529255114614e-08
1.6175,-7.9728818095653671e-08
1.62,-7.9483029983278988e-08
1.6225,-7.9265281243228822e-08
1.625,-7.9076219255246364e-08
1.6275,-7.8916058910069763e-08
1.63,-7.8784618196704732e-08
1.6325,-7.8681337941996848e-08
1.635,-7.8605294583202132e-08
1.6375,-7.8555230087276467e-08
1.64,-7.8529605582456766e-08
1.6425,-7.852666416173853e-08
1.645,-7.8544470558366649e-08
1.6475,-7.8580920955620118e-08
1.65,-7.8633732216156504e-08
1.6525,-7.8700476643730087e-08
1.655,-7.8778653439497158e-08
1.6575,-7.8865780373877056e-08
1.66,-7.8959459354478745e-08
1.6625,-7.9057372562637841e-08
1.665,-7.9157280387271836e-08
1.6675,-7.9257039385888149e-08
1.67,-7.935465752646651e-08
1.6725,-7.9448359058190849e-08
1.675,-7.9536611403269869e-08
1.6775,-7.9618102489665715e-08
1.68,-7.9691690621501541e-08
1.6825,-7.9756393581501789e-08
1.685,-7.9811458158191046e-08
1.6875,-7.985643468963028e-08
1.69,-7.9891208941485986e-08
1.6925,-7.9915976451482489e-08
1.695,-7.9931196450961187e-08
1.6975,-7.9937554335600867e-08
1.7,-7.9935919840011738e-08
1.7025,-7.9927309584555272e-08
1.705,-7.9912844172870027e-08
1.7075,-7.9893702847671139e-08
1.71,-7.9871083314945826e-08
1.7125,-7.9846197291557011e-08
1.715,-7.9820184576205109e-08
1.7175,-7.97941951667045e-08
1.72,-7.9769529750038097e-08
1.7225,-7.9747541195345938e-08
1.725,-7.9729500358423857e-08
1.7275,-7.9716537920112012e-08
1.73,-7.9709574409651491e-08
1.7325,-7.9709302852271343e-08
1.735,-7.9716136670788857e-08
1.7375,-7.9730222453071992e-08
1.74,-7.9751569335805587e-08
1.7425,-7.9780088287661712e-08
1.745,-7.9815453482432293e-08
1.7475,-7.98569635047043e-08
1.75,-7.9903682705934275e-08
1.7525,-7.9954665092347985e-08
1.755,-8.0008982265021442e-08
1.7575,-8.0065522500311905e-08
1.76,-8.0122864456464988e-08
1.7625,-8.0179294768520061e-08
1.765,-8.0232890355517608e-08
1.7675,-8.0281606886952595e-08
1.77,-8.0323329581304338e-08
1.7725,-8.0355885408878819e-08
1.775,-8.0377042190560416e-08
1.7775,-8.0384567852883264e-08
1.78,-8.0376309169085564e-08
1.7825,-8.0350318192790817e-08
1.785,-8.0304891500215286e-08
1.7875,-8.023869033918608e-08
1.79,-8.0150669469816848e-08
1.7925,-8.003996936675235e-08
1.795,-7.99058954388541e-08
1.7975,-7.974795110797636e-08
1.8,-7.9565894486391768e-08
1.8025,-7.9359789443023582e-08
1.805,-7.9129998854475019e-08
1.8075,-7.8877157422489035e-08
1.81,-7.8602108417359973e-08
1.8125,-7.8305998058174705e-08
1.815,-7.7990338624513191e-08
1.8175,-7.7657000292920396e-08
1.82,-7.730818428150142e-08
1.8225,-7.6946352392450097e-08
1.825,-7.6574120757495417e-08
1.8275,-7.6194189794773183e-08
1.83,-7.5809337466228036e-08
1.8325,-7.5422381992309624e-08
1.835,-7.5036145282752602e-08
1.8375,-7.4653405316462481e-08
1.84,-7.4276886307795713e-08
1.8425,-7.3909238551094703e-08
1.845,-7.3553022143237001e-08
1.8475,-7.3210685652040088e-08
1.85,-7.2884584519252922e-08
1.8525,-7.2576942778597559e-08
1.855,-7.2289815803081478e-08
1.8575,-7.2025000433791048e-08
1.86,-7.178401946985695e-08
1.8625,-7.1568099169754969e-08
1.865,-7.1378177959010504e-08
1.8675,-7.1214936142818608e-08
1.87,-7.1078809026833705e-08
1.8725,-7.0969988617813354e-08
1.875,-7.0888445395590015e-08
1.8775,-7.0833958903723715e-08
1.88,-7.0806085550502895e-08
1.8825,-7.0804123544726676e-08
1.885,-7.082711555069091e-08
1.8875,-7.0873851298706479e-08
1.89,-7.0942901003876857e-08
1.8925,-7.1032678859709465e-08
1.895,-7.1141438825824687e-08
1.8975,-7.1267278461038764e-08
1.9,-7.1408142473874447e-08
1.9025,-7.1561837444200059e-08
1.905,-7.1726096528588946e-08
1.9075,-7.1898615596241229e-08
1.91,-7.2077062957641002e-08
1.9125,-7.2259108933119824e-08
1.915,-7.2442423401788497e-08
1.9175,-7.2624686801085198e-08
1.92,-7.2803553122546624e-08
1.9225,-7.2976674431978453e-08
1.925,-7.314170638481575e-08
1.9275,-7.3296352606474349e-08
1.93,-7.343847179207389e-08
1.9325,-7.3566146100892356e-08
1.935,-7.3677684350152156e-08
1.9375,-7.3771602700048186e-08
1.94,-7.3846543419164269e-08
1.9425,-7.3901282037227904e-08
1.945,-7.3934764648898995e-08
1.9475,-7.394621302337366e-08
1.95,-7.3935224187468705e-08
1.9525,-7.3901675101716423e-08
1.955,-7.3845766980185914e-08
1.9575,-7.376793652848995e-08
1.96,-7.3668773274088579e-08
1.9625,-7.3549026013755042e-08
1.965,-7.3409661324455052e-08
1.9675,-7.3251932461256534e-08
1.97,-7.307734419740172e-08
1.9725,-7.2887578864860954e-08
1.975,-7.268442640859411e-08
1.9775,-7.2469755687945811e-08
1.98,-7.2245497402509897e-08
1.9825,-7.2013712855844644e-08
1.985,-7.1776616272197166e-08
1.9875,-7.1536513316384535e-08
1.99,-7.1295732451060211e-08
1.9925,-7.1056538600435548e-08
1.995,-7.082102248324472e-08
1.9975,-7.0591045088976461e-08
2.0,-7.0368339356338685e-08
2.0025,-7.0154719908138587e-08
2.005,-6.9952131842718865e-08
2.0075,-6.9762519036518412e-08
2.01,-6.9587627131249738e-08
2.0125,-6.9428788089586484e-08
2.015,-6.9287059343358549e-08
2.0175,-6.916326736545988e-08
2.02,-6.9058087196256746e-08
2.0225,-6.8972108532134167e-08
2.025,-6.890584376774371e-08
2.0275,-6.8859617335439972e-08
2.03,-6.8833504329653371e-08
2.0325,-6.8827388576904852e-08
2.035,-6.8841112883211918e-08
2.0375,-6.8874492746028804e-08
2.04,-6.8927172710672694e-08
2.0425,-6.8998442521430434e-08
2.045,-6.9087159042027256e-08
2.0475,-6.9191832727576699e-08
2.05,-6.9310786359628824e-08
2.0525,-6.9442264327264307e-08
2.055,-6.9584471041712744e-08
2.0575,-6.9735582391725424e-08
2.06,-6.989372369572788e-08
2.0625,-7.0056958732055858e-08
2.065,-7.0223299127177423e-08
2.0675,-7.0390678295932753e-08
2.07,-7.0556950840513128e-08
2.0725,-7.0719965791158438e-08
2.075,-7.087761711546427e-08
2.0775,-7.1027834349493178e-08
2.08,-7.1168574651574983e-08
2.0825,-7.1297853001078621e-08
2.085,-7.1413814519928921e-08
2.0875,-7.1514782334406588e-08
2.09,-7.1599283395380394e-08
2.0925,-7.1666085196960828e-08
2.095,-7.1714133103762696e-08
2.0975,-7.1742550601914839e-08
2.1,-7.1750621216623879e-08
2.1025,-7.1737775336794257e-08
2.105,-7.1703597667726884e-08
2.1075,-7.1647895481222562e-08
2.11,-7.1570767760526254e-08
2.1125,-7.1472593599530622e-08
2.115,-7.1353958757483987e-08
2.1175,-7.1215648281193565e-08
2.12,-7.105865443961901e-08
2.1225,-7.0884163137281366e-08
2.125,-7.0693560757703254e-08
2.1275,-7.048842141184045e-08
2.13,-7.0270443121230623e-08
2.1325,-7.0041430177634704e-08
2.135,-6.9803239291939328e-08
2.1375,-6.9557731670134189e-08
2.14,-6.9306713559294443e-08
2.1425,-6.9051936531118174e-08
2.145,-6.879511139284293e-08
2.1475,-6.8537964207223781e-08
2.15,-6.8282272658924833e-08
2.1525,-6.8029819017268685e-08
2.155,-6.7782301687678122e-08
2.1575,-6.7541250259145061e-08
2.16,-6.7308036539089521e-08
2.1625,-6.7083754408254093e-08
2.165,-6.6869291131000645e-08
2.1675,-6.6665356392202727e-08
2.17,-6.6472524156763282e-08
2.1725,-6.6291295245859776e-08
2.175,-6.6122024552601538e-08
2.1775,-6.5964810952346361e-08
2.18,-6.5819598625428099e-08
2.1825,-6.5686551155049246e-08
2.185,-6.5566147082938856e-08
2.1875,-6.5458866511160767e-08
2.19,-6.5364835567667267e-08
2.1925,-6.5283629876966107e-08
2.195,-6.5214395989940992e-08
2.1975,-6.5156097913039193e-08
2.2,-6.5107652348879806e-08
2.2025,-6.506806666835169e-08
2.205,-6.5036390072864526e-08
2.2075,-6.5011665373048453e-08
2.21,-6.4992913901890381e-08
2.2125,-6.4979209478349952e-08
2.215,-6.4969892458299958e-08
2.2175,-6.4964609216150643e-08
2.22,-6.496301013800915e-08
2.2225,-6.4964458508422519e-08
2.225,-6.496804232836153e-08
2.2275,-6.4972823586936369e-08
2.23,-6.4978091587462957e-08
2.2325,-6.4983438490957112e-08
2.235,-6.4988716203303408e-08
2.2375,-6.4993977021126327e-08
2.24,-6.4999413779525031e-08
2.2425,-6.5005277334200268e-08
2.245,-6.5011818003454996e-08
2.2475,-6.5019249061078379e-08
2.25,-6.5027737681065051e-08
2.2525,-6.5037447604469375e-08
2.255,-6.5048581197838446e-08
2.2575,-6.5061379296701243e-08
2.26,-6.5076136138307785e-08
2.2625,-6.5093181236815636e-08
2.265,-6.5112857324531045e-08
2.2675,-6.5135493000601005e-08
2.27,-6.5161434885374327e-08
2.2725,-6.5191105645613543e-08
2.275,-6.5225000606126603e-08
2.2775,-6.5263619770234259e-08
2.28,-6.530735234068852e-08
2.2825,-6.5356380916134975e-08
2.285,-6.541066854099092e-08
2.2875,-6.5469953576291695e-08
2.29,-6.5533845612260074e-08
2.2925,-6.5601907379713608e-08
2.295,-6.5673645105088114e-08
2.2975,-6.5748554794364821e-08
2.3,-6.5826101093033975e-08
2.3025,-6.5905670447866688e-08
2.305,-6.5986494362495371e-08
2.3075,-6.6067736284138329e-08
2.31,-6.6148644808524101e-08
2.3125,-6.6228573862242142e-08
2.315,-6.6306869347119145e-08
2.3175,-6.6382728917586886e-08
2.32,-6.6455100606191477e-08
2.3225,-6.6522710871936999e-08
2.325,-6.658419967958445e-08
2.3275,-6.6638196972882959e-08
2.33,-6.6683529300808877e-08
2.3325,-6.6719233235842231e-08
2.335,-6.6744431095545959e-08
2.3375,-6.6758302765550447e-08
2.34,-6.676025717469229e-08
2.3425,-6.6750115866951939e-08
2.345,-6.6727943735079748e-08
2.3475,-6.6693625344356061e-08
2.35,-6.664665885787725e-08
2.3525,-6.6586375127549658e-08
2.355,-6.6512299705362484e-08
2.3575,-6.642447040497807e-08
2.36,-6.6323407317951232e-08
2.3625,-6.6210038821872973e-08
2.365,-6.6085588919600313e-08
2.3675,-6.5951435201968504e-08
2.37,-6.58089019529113e-08
2.3725,-6.565907821692904e-08
2.375,-6.5502860954877853e-08
2.3775,-6.5341222412672189e-08
2.38,-6.517540586301806e-08
2.3825,-6.5006878895217424e-08
2.385,-6.4837167339172702e-08
2.3875,-6.4667748642296315e-08
2.39,-6.4500025334323957e-08
2.3925,-6.4335342961920059e-08
2.395,-6.4175013800806493e-08
2.3975,-6.4020325085698666e-08
2.4,-6.3872540333783025e-08
2.4025,-6.3732874462750959e-08
2.405,-6.3602452817185969e-08
2.4075,-6.3482294475021748e-08
2.41,-6.3373332005441109e-08
2.4125,-6.3276418824571312e-08
2.415,-6.3192284920604904e-08
2.4175,-6.3121494019644195e-08
2.42,-6.3064433001630681e-08
2.4225,-6.3021237162302384e-08
2.425,-6.2991778625963728e-08
2.4275,-6.2975730116624189e-08
2.43,-6.2972647749837975e-08
2.4325,-6.2982027549388713e-08
2.435,-6.300323870141655e-08
2.4375,-6.3035412538096732e-08
2.44,-6.3077505675416616e-08
2.4425,-6.312855148625285e-08
2.445,-6.3187790506975003e-08
2.4475,-6.3254545191006774e-08
2.45,-6.3327975195875984e-08
2.4525,-6.3406944854199867e-08
2.455,-6.3490014885210488e-08
2.4575,-6.3575541889429e-08
2.46,-6.3661794211724685e-08
2.4625,-6.3747033785212495e-08
2.465,-6.3829556621266454e-08
2.4675,-6.3907713911089744e-08
2.47,-6.3979933142647511e-08
2.4725,-6.4044731586722086e-08
2.475,-6.4100741168763228e-08
2.4775,-6.4146724512545939e-08
2.48,-6.418158858773218e-08
2.4825,-6.4204417591578082e-08
2.485,-6.4214485854163305e-08
2.4875,-6.4211282446977164e-08
2.49,-6.4194400137754114e-08
2.4925,-6.4163565276119216e-08
2.495,-6.4118614428187155e-08
2.4975,-6.4059471378068847e-08
2.5,-6.3986138312012129e-08
2.5025,-6.3898740800774617e-08
2.505,-6.3797647472556548e-08
2.5075,-6.36835614459242e-08
2.51,-6.3557445113076375e-08
2.5125,-6.3420345209401939e-08
2.515,-6.3273265481291025e-08
2.5175,-6.3117152543600934e-08
2.52,-6.2952937218783347e-08
2.5225,-6.2781680855649539e-08
2.525,-6.2604630737361866e-08
2.5275,-6.2423237050701687e-08
2.53,-6.2239133715754155e-08
2.5325,-6.2054074965968415e-08
2.535,-6.1869843601501651e-08
2.5375,-6.1688114771563205e-08
2.54,-6.1510363871588875e-08
2.5425,-6.1337872334749964e-08
2.545,-6.1171824136082735e-08
2.5475,-6.1013395658976554e-08
2.55,-6.0863777108971404e-08
2.5525,-6.0724158874988025e-08
2.555,-6.0595684527284495e-08
2.5575,-6.0479400862038814e-08
2.56,-6.0376209636012001e-08
2.5625,-6.028685493935381e-08
2.565,-6.0211947941003262e-08
2.5675,-6.015197468625677e-08
2.57,-6.0107347896614032e-08
2.5725,-6.007844386173729e-08
2.575,-6.006557792368271e-08
2.5775,-6.0068949210148789e-08
2.58,-6.008858602956952e-08
2.5825,-6.0124321168797695e-08
2.585,-6.017577889818684e-08
2.5875,-6.0242379626271693e-08
2.59,-6.0323384241472993e-08
2.5925,-6.0417916059418824e-08
2.595,-6.0524989083378754e-08
2.5975,-6.0643499410442195e-08
2.6,-6.0772222918561195e-08
2.6025,-6.090983698317308e-08
2.605,-6.1054934500548309e-08
2.6075,-6.1206054497245778e-08
2.61,-6.1361715619873245e-08
2.6125,-6.1520410103312519e-08
2.615,-6.1680630174691575e-08
2.6175,-6.1840862388578356e-08
2.62,-6.1999599914534684e-08
2.6225,-6.2155379327183312e-08
2.625,-6.2306818528298941e-08
2.6275,-6.2452612404947214e-08
2.63,-6.2591537347222069e-08
2.6325,-6.2722423231217426e-08
2.635,-6.284418262911579e-08
2.6375,-6.2955811406415011e-08
2.64,-6.3056410556125395e-08
2.6425,-6.3145217085634284e-08
2.645,-6.3221598348072446e-08
2.6475,-6.3285045134862381e-08
2.65,-6.3335190137675258e-08
2.6525,-6.3371793472867985e-08
2.655,-6.3394745719417131e-08
2.6575,-6.3404057400698039e-08
2.66,-6.3399879135415617e-08
2.6625,-6.3382506694954442e-08
2.665,-6.335236080896589e-08
2.6675,-6.3309973224574425e-08
2.67,-6.3255970968126608e-08
2.6725,-6.3191065239298716e-08
2.675,-6.3116038102486023e-08
2.6775,-6.3031737750999161e-08
2.68,-6.2939066460054384e-08
2.6825,-6.2839004988470336e-08
2.685,-6.2732577936012141e-08
2.6875,-6.2620831887803089e-08
2.69,-6.2504821497830395e-08
2.6925,-6.2385594869679323e-08
2.695,-6.2264162111104041e-08
2.6975,-6.2141478908652239e-08
2.7,-6.201845434953455e-08
2.7025,-6.1895970765172147e-08
2.705,-6.1774884828213925e-08
2.7075,-6.1656028139276452e-08
2.71,-6.1540179152265496e-08
2.7125,-6.1428044462260277e-08
2.715,-6.1320255884159031e-08
2.7175,-6.1217367788626313e-08
2.72,-6.1119855512572073e-08
2.7225,-6.102808924058036e-08
2.725,-6.0942315198988469e-08
2.7275,-6.0862645664084858e-08
2.73,-6.0789039947713598e-08
2.7325,-6.0721335824181496e-08
2.735,-6.0659275028362441e-08
2.7375,-6.0602521398690573e-08
2.74,-6.055068634485432e-08
2.7425,-6.0503343429661111e-08
2.745,-6.0460043764877247e-08
2.7475,-6.0420320924380082e-08
2.75,-6.0383691502440711e-08
2.7525,-6.0349663259649787e-08
2.755,-6.0317750017032235e-08
2.7575,-6.0287477628942979e-08
2.76,-6.0258388010753468e-08
2.7625,-6.0230026786531163e-08
2.765,-6.0201943553645395e-08
2.7675,-6.0173693237648743e-08
2.77,-6.0144852800476237e-08
2.7725,-6.0115046592738067e-08
2.775,-6.0083960466745446e-08
2.7775,-6.0051353962393405e-08
2.78,-6.0017056506121527e-08
2.7825,-5.9980960223398389e-08
2.785,-5.9943024430590513e-08
2.7875,-5.9903274266460966e-08
2.79,-5.9861792517989404e-08
2.7925,-5.9818721802371118e-08
2.795,-5.9774264479748511e-08
2.7975,-5.9728680992527078e-08
2.8,-5.9682280371845268e-08
2.8025,-5.9635409463223279e-08
2.805,-5.9588446724496814e-08
2.8075,-5.954179901905804e-08
2.81,-5.9495922058900011e-08
2.8125,-5.9451306891475911e-08
2.815,-5.9408460757153579e-08
2.8175,-5.9367874225614914e-08
2.82,-5.9330021185157008e-08
2.8225,-5.9295365185527946e-08
2.825,-5.926435095824511e-08
2.8275,-5.9237377857744242e-08
2.83,-5.9214792769836963e-08
2.8325,-5.919688511396789e-08
2.835,-5.9183909154538934e-08
2.8375,-5.9176085070615374e-08
2.84,-5.9173564467960283e-08
2.8425,-5.917648330969282e-08
2.845,-5.918489144569554e-08
2.8475,-5.9198747516724437e-08
2.85,-5.9217952868723945e-08
2.8525,-5.9242343230057042e-08
2.855,-5.927159546303603e-08
2.8575,-5.9305091989224659e-08
2.86,-5.9341986254029745e-08
2.8625,-5.9381453072183046e-08
2.865,-5.9422855204706144e-08
2.8675,-5.9465670844610193e-08
2.87,-5.9509368262176316e-08
2.8725,-5.955330992327603e-08
2.875,-5.9596868157494208e-08
2.8775,-5.9639407572528273e-08
2.88,-5.9680206185532358e-08
2.8825,-5.9718404870862779e-08
2.885,-5.9753065086005452e-08
2.8875,-5.9783369162264674e-08
2.89,-5.9808712415136741e-08
2.8925,-5.9828590101007376e-08
2.895,-5.9842456454483191e-08
2.8975,-5.9849730234181895e-08
2.9,-5.9849927388309546e-08
2.9025,-5.9842700728847948e-08
2.905,-5.982781972762035e-08
2.9075,-5.9805211233387722e-08
2.91,-5.977500052601923e-08
2.9125,-5.9737544181553415e-08
2.915,-5.9693389384170641e-08
2.9175,-5.9643184770415858e-08
2.92,-5.9587591543814881e-08
2.9225,-5.9527258696325878e-08
2.925,-5.9462811181686923e-08
2.9275,-5.9394888898742867e-08
2.93,-5.9324184759852539e-08
2.9325,-5.9251481867442229e-08
2.935,-5.9177655915788863e-08
2.9375,-5.9103653988688252e-08
2.94,-5.9030452426165634e-08
2.9425,-5.8959021805474323e-08
2.945,-5.8890322126743059e-08
2.9475,-5.882530867568757e-08
2.95,-5.8764932033357251e-08
2.9525,-5.8710114643359783e-08
2.955,-5.8661712158759935e-08
2.9575,-5.8620481470156215e-08
2.96,-5.8587067698756387e-08
2.9625,-5.8562001943727478e-08
2.965,-5.8545722943219598e-08
2.9675,-5.8538620572598054e-08
2.97,-5.8541036792309563e-08
2.9725,-5.8553242886377918e-08
2.975,-5.8575405415970343e-08
2.9775,-5.8607574536131927e-08
2.98,-5.8649679395794461e-08
2.9825,-5.8701516916572244e-08
2.985,-5.8762748201760979e-08
2.9875,-5.8832857916931091e-08
2.99,-5.8911156736853748e-08
2.9925,-5.8996785448083344e-08
2.995,-5.9088736519373077e-08
2.9975,-5.9185881184523345e-08
3.0,-5.9287006696063084e-08
3.0025,-5.9390843701725291e-08
3.005,-5.9496096736431425e-08
3.0075,-5.9601455729215212e-08
3.01,-5.970560080709505e-08
3.0125,-5.9807207681591594e-08
3.015,-5.9904956422070673e-08
3.0175,-5.9997563660249327e-08
3.02,-6.0083792167492133e-08
3.0225,-6.0162454242930729e-08
3.025,-6.0232421102359192e-08
3.0275,-6.0292641769968822e-08
3.03,-6.0342151998121143e-08
3.0325,-6.038010034487241e-08
3.035,-6.0405746566136305e-08
3.0375,-6.0418472239811145e-08
3.04,-6.0417777454822842e-08
3.0425,-6.0403291657359412e-08
3.045,-6.0374780933887394e-08
3.0475,-6.0332147290851729e-08
3.05,-6.027545199846478e-08
3.0525,-6.0204921708368512e-08
3.055,-6.0120940671655682e-08
3.0575,-6.0024040096320479e-08
3.06,-5.9914881401910049e-08
3.0625,-5.9794250937231533e-08
3.065,-5.9663052961503521e-08
3.0675,-5.9522293592826878e-08
3.07,-5.9373072882008402e-08
3.0725,-5.9216587592121192e-08
3.075,-5.9054117469732141e-08
3.0775,-5.8887007211295448e-08
3.08,-5.8716648604620776e-08
3.0825,-5.8544460906509072e-08
3.085,-5.8371880773177269e-08
3.0875,-5.8200345691523772e-08
3.09,-5.8031260042390851e-08
3.0925,-5.7865976545979791e-08
3.095,-5.7705771235389997e-08
3.0975,-5.7551872262322402e-08
3.1,-5.7405465655386756e-08
3.1025,-5.7267673389196352e-08
3.105,-5.7139516514637716e-08
3.1075,-5.7021891673672065e-08
3.11,-5.6915563165143825e-08
3.1125,-5.6821169520303508e-08
3.115,-5.6739230726751698e-08
3.1175,-5.6670133588082968e-08
3.12,-5.6614114688308664e-08
3.1225,-5.6571255506241903e-08
3.125,-5.6541483196001593e-08
3.1275,-5.6524573712179754e-08
3.13,-5.6520164564530729e-08
3.1325,-5.6527791363870589e-08
3.135,-5.6546912688189608e-08
3.1375,-5.657693163264309e-08
3.14,-5.6617188934098157e-08
3.1425,-5.6666962772946769e-08
3.145,-5.6725470188048293e-08
3.1475,-5.6791862770422217e-08
3.15,-5.6865235262861527e-08
3.1525,-5.6944636633216428e-08
3.155,-5.7029061163197305e-08
3.1575,-5.7117459470651507e-08
3.16,-5.7208773779494487e-08
3.1625,-5.7301913023246112e-08
3.165,-5.7395784716039557e-08
3.1675,-5.7489335656032401e-08
3.17,-5.7581563427597864e-08
3.1725,-5.7671547815585922e-08
3.175,-5.7758460934616327e-08
3.1775,-5.7841531848855552e-08
3.18,-5.7920062532628159e-08
3.1825,-5.7993446229883708e-08
3.185,-5.8061164615466513e-08
3.1875,-5.812277035587408e-08
3.19,-5.8177921551161332e-08
3.1925,-5.8226359621942101e-08
3.195,-5.8267927309592457e-08
3.1975,-5.8302583851238994e-08
3.2,-5.8330377772286232e-08
3.2025,-5.8351436574866846e-08
3.205,-5.836595951411865e-08
3.2075,-5.8374202918376622e-08
3.21,-5.8376488945892442e-08
3.2125,-5.8373201103367934e-08
3.215,-5.8364784364263281e-08
3.2175,-5.8351739348604269e-08
3.22,-5.833459370766141e-08
3.2225,-5.831388473249005e-08
3.225,-5.8290151422405576e-08
3.2275,-5.8263949935739808e-08
3.23,-5.823587408973641e-08
3.2325,-5.8206556519176342e-08
3.235,-5.8176649864106778e-08
3.2375,-5.8146801598262385e-08
3.24,-5.8117636190938969e-08
3.2425,-5.8089742759801269e-08
3.245,-5.8063657747390694e-08
3.2475,-5.8039834052578315e-08
3.25,-5.8018624748104969e-08
3.2525,-5.8000279381969385e-08
3.255,-5.7984948871503355e-08
3.2575,-5.7972695766699963e-08
3.26,-5.7963497604242193e-08
3.2625,-5.7957265291223105e-08
3.265,-5.7953869326647237e-08
3.2675,-5.7953154152476981e-08
3.27,-5.79549344867646e-08
3.2725,-5.7958993104523764e-08
3.275,-5.7965091522534919e-08
3.2775,-5.7972979864746553e-08
3.28,-5.7982399225521087e-08
3.2825,-5.7993078046076323e-08
3.285,-5.8004720096152406e-08
3.2875,-5.8016998270740756e-08
3.29,-5.8029551347180511e-08
3.2925,-5.8041991818922615e-08
3.295,-5.8053924232563828e-08
3.2975,-5.8064965329423603e-08
3.3,-5.8074757247268016e-08
3.3025,-5.8082976776248201e-08
3.305,-5.8089340689777126e-08
3.3075,-5.8093599772792639e-08
3.31,-5.8095538099576106e-08
3.3125,-5.8094980217861227e-08
3.315,-5.8091790195243021e-08
3.3175,-5.8085873043388777e-08
3.32,-5.8077172257963566e-08
3.3225,-5.8065672941740019e-08
3.325,-5.8051404587559549e-08
3.3275,-5.8034445953593009e-08
3.33,-5.8014926569869781e-08
3.3325,-5.7993023159887209e-08
3.335,-5.7968961021862554e-08
3.3375,-5.7943009974070649e-08
3.34,-5.7915474844621655e-08
3.3425,-5.7886687672407983e-08
3.345,-5.785698828178825e-08
3.3475,-5.7826704362265771e-08
3.35,-5.77961499911957e-08
3.3525,-5.7765627145714363e-08
3.355,-5.7735440539275611e-08
3.3575,-5.7705914540358375e-08
3.36,-5.7677395910006337e-08
3.3625,-5.7650245251793003e-08
3.365,-5.7624814320514291e-08
3.3675,-5.7601419233982964e-08
3.37,-5.758032451318587e-08
3.3725,-5.7561739824727224e-08
3.375,-5.7545819412090618e-08
3.3775,-5.7532651413411649e-08
3.38,-5.7522249402304248e-08
3.3825,-5.7514537903399215e-08
3.385,-5.7509358527199868e-08
3.3875,-5.7506489715493872e-08
3.39,-5.7505663218211656e-08
3.3925,-5.7506589055631977e-08
3.395,-5.7508968375323269e-08
3.3975,-5.7512502735320465e-08
3.4,-5.7516888583392965e-08
3.4025,-5.7521815713885742e-08
3.405,-5.752696153093252e-08
3.4075,-5.7531990960963106e-08
3.41,-5.7536552552958047e-08
3.4125,-5.7540276154268913e-08
3.415,-5.7542767530519025e-08
3.4175,-5.7543616454369661e-08
3.42,-5.7542398525768863e-08
3.4225,-5.7538702397990912e-08
3.425,-5.753214054186225e-08
3.4275,-5.7522362573944039e-08
3.43,-5.7509072919402753e-08
3.4325,-5.7492050796840335e-08
3.435,-5.747114292835417e-08
3.4375,-5.7446254475067665e-08
3.44,-5.7417330295525365e-08
3.4425,-5.7384346662433992e-08
3.445,-5.7347316682580335e-08
3.4475,-5.7306321565907454e-08
3.45,-5.7261523326861177e-08
3.4525,-5.721316292157449e-08
3.455,-5.7161551192538098e-08
3.4575,-5.7107049922587289e-08
3.46,-5.705004617389859e-08
3.4625,-5.6990940075702436e-08
3.465,-5.6930149022314559e-08
3.4675,-5.6868129282656332e-08
3.47,-5.6805398232297197e-08
3.4725,-5.6742543127627851e-08
3.475,-5.6680207566331329e-08
3.4775,-5.6619059384983054e-08
3.48,-5.6559757833867021e-08
3.4825,-5.6502933716242916e-08
3.485,-5.6449157496018085e-08
3.4875,-5.6398964635916559e-08
3.49,-5.6352871136011234e-08
3.4925,-5.6311403309666563e-08
3.495,-5.627510271918401e-08
3.4975,-5.624450862108806e-08
3.5,-5.6220128071367956e-08
3.5025,-5.620243393286556e-08
3.505,-5.6191841097101888e-08
3.5075,-5.6188697649005525e-08
3.51,-5.6193257040883208e-08
3.5125,-5.6205661166764027e-08
3.515,-5.6225942505701564e-08
3.5175,-5.6254014370210486e-08
3.52,-5.6289682274481147e-08
3.5225,-5.6332680719465593e-08
3.525,-5.6382690891557059e-08
3.5275,-5.6439354416807245e-08
3.53,-5.6502268812066651e-08
3.5325,-5.6570994005207256e-08
3.535,-5.6645038245524399e-08
3.5375,-5.672385575706874e-08
3.54,-5.6806846477680992e-08
3.5425,-5.6893372303919264e-08
3.545,-5.6982770883087117e-08
3.5475,-5.7074367089144824e-08
3.55,-5.7167477757189077e-08
3.5525,-5.7261406020784729e-08
3.555,-5.7355434294675006e-08
3.5575,-5.7448834759250801e-08
3.56,-5.7540897602911225e-08
3.5625,-5.7630915712508099e-08
3.565,-5.7718198163167124e-08
3.5675,-5.7802093045991497e-08
3.57,-5.7881956486557901e-08
3.5725,-5.7957177972361637e-08
3.575,-5.8027180955195744e-08
3.5775,-5.8091442933914522e-08
3.58,-5.8149484537013259e-08
3.5825,-5.8200886664911046e-08
3.585,-5.824529156147134e-08
3.5875,-5.828241163743536e-08
3.59,-5.8312054965858114e-08
3.5925,-5.8334107147641921e-08
3.595,-5.8348525030517763e-08
3.5975,-5.8355333836444915e-08
3.6,-5.8354617455827759e-08
3.6025,-5.8346521043035238e-08
3.605,-5.8331262989928106e-08
3.6075,-5.8309131254527427e-08
3.61,-5.8280466640435483e-08
3.6125,-5.8245654717612639e-08
3.615,-5.8205113027540803e-08
3.6175,-5.8159286573588348e-08
3.62,-5.8108654041617174e-08
3.6225,-5.8053721258913877e-08
3.625,-5.7995026807143399e-08
3.6275,-5.7933140918082949e-08
3.63,-5.7868663760495861e-08
3.6325,-5.7802214171411264e-08
3.635,-5.7734408530020362e-08
3.6375,-5.7665836042474569e-08
3.64,-5.7597035116485351e-08
3.6425,-5.7528480194726844e-08
3.645,-5.7460582057328427e-08
3.6475,-5.7393700698869198e-08
3.65,-5.7328162353454429e-08
3.6525,-5.7264263660184385e-08
3.655,-5.7202277426527733e-08
3.6575,-5.7142451905713555e-08
3.66,-5.7085018361585524e-08
3.6625,-5.7030194827100929e-08
3.665,-5.6978193402578621e-08
3.6675,-5.6929214099024499e-08
3.67,-5.6883436282612265e-08
3.6725,-5.6841005199401367e-08
3.675,-5.6802020483784987e-08
3.6775,-5.6766521142804161e-08
3.68,-5.6734481078437946e-08
3.6825,-5.6705813194843004e-08
3.685,-5.6680383420054585e-08
3.6875,-5.6658028224866402e-08
3.69,-5.6638594800284793e-08
3.6925,-5.6621950894708746e-08
3.695,-5.6607971161232874e-08
3.6975,-5.6596532014822094e-08
3.7,-5.6587491284035886e-08
3.7025,-5.6580673426841873e-08
3.705,-5.6575870554435992e-08
3.7075,-5.6572863625008194e-08
3.71,-5.6571445669676309e-08
3.7125,-5.6571433348697239e-08
3.715,-5.6572681381946771e-08
3.7175,-5.6575070901438659e-08
3.72,-5.6578498478304231e-08
3.7225,-5.6582847522581773e-08
3.725,-5.6587968079822472e-08
3.7275,-5.6593676473406939e-08
3.73,-5.6599796312277468e-08
3.7325,-5.6606169280809013e-08
3.735,-5.6612679972097282e-08
3.7375,-5.6619261917903499e-08
3.74,-5.6625869525714613e-08
3.7425,-5.6632460359789462e-08
3.745,-5.6638985322189072e-08
3.7475,-5.6645381919374922e-08
3.75,-5.6651582316538802e-08
3.7525,-5.6657523863475736e-08
3.755,-5.6663175643525852e-08
3.7575,-5.6668541890935087e-08
3.76,-5.6673661735056736e-08
3.7625,-5.6678591035164546e-08
3.765,-5.6683397452310766e-08
3.7675,-5.6688139387299356e-08
3.77,-5.6692839446920763e-08
3.7725,-5.6697459227151729e-08
3.775,-5.6701905819979721e-08
3.7775,-5.6706035179528567e-08
3.78,-5.6709680483081743e-08
3.7825,-5.6712680220671952e-08
3.785,-5.6714889821587908e-08
3.7875,-5.671619484239055e-08
3.79,-5.6716509175084241e-08
3.7925,-5.6715770414172181e-08
3.795,-5.6713924002347409e-08
3.7975,-5.6710918802110943e-08
3.8,-5.6706704298197252e-08
3.8025,-5.6701241802382876e-08
3.805,-5.6694507386322123e-08
3.8075,-5.6686500513877038e-08
3.81,-5.667725028463304e-08
3.8125,-5.6666805481600336e-08
3.815,-5.6655232489480602e-08
3.8175,-5.6642609716150499e-08
3.82,-5.6629019213364582e-08
3.8225,-5.6614553952495154e-08
3.825,-5.6599323812539274e-08
3.8275,-5.6583456338905649e-08
3.83,-5.6567093205663133e-08
3.8325,-5.655038747918164e-08
3.835,-5.6533502275137982e-08
3.8375,-5.651661708219072e-08
3.84,-5.6499930575925197e-08
3.8425,-5.6483655682169946e-08
3.845,-5.646801244765276e-08
3.8475,-5.6453226945547824e-08
3.85,-5.6439531384536594e-08
3.8525,-5.6427161209410468e-08
3.855,-5.6416348065621309e-08
3.8575,-5.6407313762776271e-08
3.86,-5.6400275013523947e-08
3.8625,-5.6395438942077247e-08
3.865,-5.6393004769376142e-08
3.8675,-5.6393153749434707e-08
3.87,-5.6396048862005928e-08
3.8725,-5.6401825856222174e-08
3.875,-5.6410587906323307e-08
3.8775,-5.6422412443598625e-08
3.88,-5.643735378331825e-08
3.8825,-5.6455447763431303e-08
3.885,-5.6476707177875826e-08
3.8875,-5.6501113293547788e-08
3.89,-5.6528619957229191e-08
3.8925,-5.6559151328914443e-08
3.895,-5.6592611702989854e-08
3.8975,-5.6628874832084096e-08
3.9,-5.6667766956960956e-08
3.9025,-5.6709058120487863e-08
3.905,-5.675245561703027e-08
3.9075,-5.6797597296395434e-08
3.91,-5.68440596425626e-08
3.9125,-5.6891385425011285e-08
3.915,-5.6939099395455589e-08
3.9175,-5.6986722033414163e-08
3.92,-5.703377940736628e-08
3.9225,-5.7079822619410758e-08
3.925,-5.7124417940858754e-08
3.9275,-5.7167158892148207e-08
3.93,-5.7207662025323158e-08
3.9325,-5.7245551896065806e-08
3.935,-5.7280462045048192e-08
3.9375,-5.7312033739705745e-08
3.94,-5.7339921971847726e-08
3.9425,-5.7363782079288405e-08
3.945,-5.7383288159876017e-08
3.9475,-5.7398146652256711e-08
3.95,-5.7408089746393964e-08
3.9525,-5.7412913933958348e-08
3.955,-5.7412491785051072e-08
3.9575,-5.7406770267467281e-08
3.96,-5.7395749997866952e-08
3.9625,-5.7379468521554731e-08
3.965,-5.7357984693630646e-08
3.9675,-5.7331393362583896e-08
3.97,-5.7299830842169134e-08
3.9725,-5.7263481898221947e-08
3.975,-5.7222580047839932e-08
3.9775,-5.7177406764306469e-08
3.98,-5.7128291550915692e-08
3.9825,-5.7075600875614558e-08
3.985,-5.7019720071364472e-08
3.9875,-5.6961041230173785e-08
3.99,-5.6899962161875058e-08
3.9925,-5.6836892758179879e-08
3.995,-5.67722679153969e-08
3.9975,-5.6706544056827222e-08
4.0,-5.6640189743716018e-08
4.0025,-5.6573667724858011e-08
4.005,-5.6507417871689714e-08
4.0075,-5.644183816936462e-08
4.01,-5.6377284085208411e-08
4.0125,-5.6314084157446985e-08
4.015,-5.6252560317065277e-08
4.0175,-5.6193043513901681e-08
4.02,-5.613587519151058e-08
4.0225,-5.608140457029976e-08
4.025,-5.602995972337189e-08
4.0275,-5.5981825958319767e-08
4.03,-5.5937212318286925e-08
4.0325,-5.5896242472037046e-08
4.035,-5.5858958181118491e-08
4.0375,-5.5825328564809302e-08
4.04,-5.5795265624913723e-08
4.0425,-5.5768638827338232e-08
4.045,-5.5745300499405203e-08
4.0475,-5.5725100599052441e-08
4.05,-5.570788246045208e-08
4.0525,-5.5693480944893802e-08
4.055,-5.5681718356855442e-08
4.0575,-5.5672406079983099e-08
4.06,-5.5665345102534003e-08
4.0625,-5.5660335719825295e-08
4.065,-5.5657181164410539e-08
4.0675,-5.5655691839575891e-08
4.07,-5.5655691885667082e-08
4.0725,-5.5657012177744925e-08
4.075,-5.5659479596479363e-08
4.0775,-5.5662918149691031e-08
4.08,-5.5667151193333057e-08
4.0825,-5.567201889264271e-08
4.085,-5.5677381991137864e-08
4.0875,-5.5683134570488091e-08
4.09,-5.5689209531148229e-08
4.0925,-5.5695565734852534e-08
4.095,-5.5702188744511631e-08
4.0975,-5.5709085342069561e-08
4.1,-5.5716281053174784e-08
4.1025,-5.5723813918301439e-08
4.105,-5.5731727394104586e-08
4.1075,-5.5740078621112346e-08
4.11,-5.5748934144223616e-08
4.1125,-5.5758383120217614e-08
4.115,-5.5768526245605087e-08
4.1175,-5.5779479706073632e-08
4.12,-5.5791359927672937e-08
4.1225,-5.5804290590811126e-08
4.125,-5.5818395221202781e-08
4.1275,-5.5833802275985792e-08
4.13,-5.5850631183465629e-08
4.1325,-5.5868978769079759e-08
4.135,-5.5888916425428834e-08
4.1375,-5.591048598579963e-08
4.14,-5.59337101511305e-08
4.1425,-5.5958604385508548e-08
4.145,-5.5985169676904705e-08
4.1475,-5.6013390420890141e-08
4.15,-5.6043222399062671e-08
4.1525,-5.607459406040824e-08
4.155,-5.6107414691700942e-08
4.1575,-5.6141557628529478e-08
4.16,-5.6176852155260855e-08
4.1625,-5.6213077700080364e-08
4.165,-5.6249957662377184e-08
4.1675,-5.628715323990207e-08
4.17,-5.6324279093879045e-08
4.1725,-5.6360920172290861e-08
4.175,-5.6396654446869259e-08
4.1775,-5.6431074855993022e-08
4.18,-5.6463805149027747e-08
4.1825,-5.6494501814252733e-08
4.185,-5.6522858658464895e-08
4.1875,-5.6548597680336155e-08
4.19,-5.6571467239311118e-08
4.1925,-5.6591226806567556e-08
4.195,-5.6607649467653862e-08
4.1975,-5.6620523180394041e-08
4.2,-5.6629657020658053e-08
4.2025,-5.6634891131023568e-08
4.205,-5.6636093922334055e-08
4.2075,-5.6633153774305892e-08
4.21,-5.6625988372207191e-08
4.2125,-5.6614559518918916e-08
4.215,-5.6598883527592817e-08
4.2175,-5.6579044547969404e-08
4.22,-5.6555194704134626e-08
4.2225,-5.6527549040635301e-08
4.225,-5.6496379377691115e-08
4.2275,-5.6462008226969793e-08
4.23,-5.642479963856488e-08
4.2325,-5.6385147665629541e-08
4.235,-5.6343466752857197e-08
4.2375,-5.6300185826785092e-08
4.24,-5.6255747488339772e-08
4.2425,-5.6210594468861439e-08
4.245,-5.6165170895538668e-08
4.2475,-5.6119923522739171e-08
4.25,-5.6075304901958609e-08
4.2525,-5.6031775743209531e-08
4.255,-5.5989805648245188e-08
4.2575,-5.5949862611000186e-08
4.26,-5.5912397695824896e-08
4.2625,-5.587782195222653e-08
4.265,-5.5846488125812827e-08
4.2675,-5.5818685780086488e-08
4.27,-5.5794644960633443e-08
4.2725,-5.577453746087139e-08
4.275,-5.5758492328275917e-08
4.2775,-5.5746608569517409e-08
4.28,-5.5738967520068072e-08
4.2825,-5.5735633746609564e-08
4.285,-5.5736637385130474e-08
4.2875,-5.5741953667787546e-08
4.29,-5.5751479415277892e-08
4.2925,-5.5765029566945789e-08
4.295,-5.5782327434571257e-08
4.2975,-5.5803006228488655e-08
4.3,-5.5826615897114333e-08
4.3025,-5.5852639428953603e-08
4.305,-5.5880518395899118e-08
4.3075,-5.5909671188415491e-08
4.31,-5.593949932980178e-08
4.3125,-5.5969411547387722e-08
4.315,-5.5998828038111039e-08
4.3175,-5.602718897127931e-08
4.32,-5.6053954121362853e-08
4.3225,-5.6078605992109983e-08
4.325,-5.6100659473233841e-08
4.3275,-5.6119663394276033e-08
4.33,-5.6135207643526852e-08
4.3325,-5.6146921444301892e-08
4.335,-5.6154466784271125e-08
4.3375,-5.6157525581361682e-08
4.34,-5.6155805626018398e-08
4.3425,-5.6149047740403788e-08
4.345,-5.6137038967150518e-08
4.3475,-5.6119636774091835e-08
4.35,-5.609678221567937e-08
4.3525,-5.6068508335602281e-08
4.355,-5.6034919500873156e-08
4.3575,-5.5996198744699612e-08
4.36,-5.5952590480324042e-08
4.3625,-5.5904382939495704e-08
4.365,-5.5851905514402694e-08
4.3675,-5.5795531558931808e-08
4.37,-5.5735682390773225e-08
4.3725,-5.5672829513027951e-08
4.375,-5.5607486346593301e-08
4.3775,-5.5540196392066242e-08
4.38,-5.5471525021778666e-08
4.3825,-5.5402059706073957e-08
4.385,-5.5332413522608302e-08
4.3875,-5.5263226797754843e-08
4.39,-5.5195154628417391e-08
4.3925,-5.512884220897973e-08
4.395,-5.5064898476601508e-08
4.3975,-5.5003887075163693e-08
4.4,-5.4946319745488507e-08
4.4025,-5.4892670523896516e-08
4.405,-5.4843383009580601e-08
4.4075,-5.4798874375461018e-08
4.41,-5.4759528777342137e-08
4.4125,-5.4725691732411245e-08
4.415,-5.4697655488307761e-08
4.4175,-5.4675644936993278e-08
4.42,-5.4659800639484706e-08
4.4225,-5.4650165207238448e-08
4.425,-5.4646686377711789e-08
4.4275,-5.4649221354457556e-08
4.43,-5.4657552130019513e-08
4.4325,-5.4671401581201152e-08
4.435,-5.4690456698991138e-08
4.4375,-5.4714383781749626e-08
4.44,-5.4742818587939158e-08
4.4425,-5.4775389548925162e-08
4.445,-5.4811706851168851e-08
4.4475,-5.485135562043383e-08
4.45,-5.4893890833592136e-08
4.4525,-5.4938834558452164e-08
4.455,-5.4985681601619168e-08
4.4575,-5.5033905298604261e-08
4.46,-5.5082979022414332e-08
4.4625,-5.5132383760807349e-08
4.465,-5.5181613167975577e-08
4.4675,-5.5230165471582141e-08
4.47,-5.5277550292562304e-08
4.4725,-5.5323309459947699e-08
4.475,-5.5367018443019799e-08
4.4775,-5.540831902642772e-08
4.48,-5.5446930889920003e-08
4.4825,-5.5482629779391641e-08
4.485,-5.5515249527145205e-08
4.4875,-5.5544639335297793e-08
4.49,-5.5570673034207809e-08
4.4925,-5.5593238091682426e-08
4.495,-5.561227605361302e-08
4.4975,-5.5627795856741855e-08
4.5,-5.5639882902546258e-08
4.5025,-5.5648673946775817e-08
4.505,-5.5654340694745521e-08
4.5075,-5.5657068601495515e-08
4.51,-5.5657050802395928e-08
4.5125,-5.5654491254409248e-08
4.515,-5.5649618860718713e-08
4.5175,-5.5642719126706776e-08
4.52,-5.5634103445168366e-08
4.5225,-5.5624090760609426e-08
4.525,-5.5612994565784228e-08
4.5275,-5.560109631056291e-08
4.53,-5.5588644995488985e-08
4.5325,-5.5575868922318141e-08
4.535,-5.5562999184808232e-08
4.5375,-5.5550271835552377e-08
4.54,-5.5537926996262775e-08
4.5425,-5.5526212271590432e-08
4.545,-5.5515352438430233e-08
4.5475,-5.5505533203259552e-08
4.55,-5.5496890519471074e-08
4.5525,-5.5489490038030375e-08
4.555,-5.5483308657862439e-08
4.5575,-5.5478240609991809e-08
4.56,-5.5474112490808285e-08
4.5625,-5.5470712311248366e-08
4.565,-5.5467817584912483e-08
4.5675,-5.5465203471005808e-08
4.57,-5.5462645737752854e-08
4.5725,-5.5459915765895196e-08
4.575,-5.5456782209364662e-08
4.5775,-5.545300938921023e-08
4.58,-5.5448360573541616e-08
4.5825,-5.5442589940336413e-08
4.585,-5.5435449012565609e-08
4.5875,-5.5426685679704414e-08
4.59,-5.5416057449651655e-08
4.5925,-5.5403333609363159e-08
4.595,-5.5388313178497804e-08
4.5975,-5.5370834283554033e-08
4.6,-5.5350776534514065e-08
4.6025,-5.5328054574091391e-08
4.605,-5.5302620178163799e-08
4.6075,-5.5274453783343347e-08
4.61,-5.5243564888967042e-08
4.6125,-5.5209991445897939e-08
4.615,-5.5173807447868343e-08
4.6175,-5.5135130085711891e-08
4.62,-5.5094121858233289e-08
4.6225,-5.50509877148422e-08
4.625,-5.5005970796428413e-08
4.6275,-5.4959343508519124e-08
4.63,-5.4911402007649095e-08
4.6325,-5.4862458800441489e-08
4.635,-5.4812843282135785e-08
4.6375,-5.4762901269848203e-08
4.64,-5.4712999317860096e-08
4.6425,-5.4663525437618119e-08
4.645,-5.4614893415491146e-08
4.6475,-5.4567539179574834e-08
4.65,-5.4521899839955035e-08
4.6525,-5.4478385758506166e-08
4.655,-5.4437370297189681e-08
4.6575,-5.4399177590891868e-08
4.66,-5.4364084835756513e-08
4.6625,-5.433233677615828e-08
4.665,-5.4304153770051146e-08
4.6675,-5.4279733661681444e-08
4.67,-5.4259253200096923e-08
4.6725,-5.4242859871183289e-08
4.675,-5.4230669751285992e-08
4.6775,-5.4222752167469474e-08
4.68,-5.4219108844114414e-08
4.6825,-5.4219675011935664e-08
4.685,-5.4224313207487279e-08
4.6875,-5.4232817576424924e-08
4.69,-5.4244921018244387e-08
4.6925,-5.4260305726476057e-08
4.695,-5.4278617974896177e-08
4.6975,-5.4299479334505274e-08
4.7,-5.4322489387858162e-08
4.7025,-5.4347238792592717e-08
4.705,-5.4373317375570642e-08
4.7075,-5.4400323679315399e-08
4.71,-5.442787200469756e-08
4.7125,-5.4455589568220485e-08
4.715,-5.4483107965969373e-08
4.7175,-5.451004448313288e-08
4.72,-5.4535998908638824e-08
4.7225,-5.4560552056565506e-08
4.725,-5.4583289101826366e-08
4.7275,-5.4603816608398168e-08
4.73,-5.4621772124194457e-08
4.7325,-5.4636836555057093e-08
4.735,-5.4648752140136223e-08
4.7375,-5.4657328686463866e-08
4.74,-5.4662457308316314e-08
4.7425,-5.4664104474034907e-08
4.745,-5.4662308176161739e-08
4.7475,-5.4657154551405413e-08
4.75,-5.4648762756048399e-08
4.7525,-5.4637259559498827e-08
4.755,-5.4622783726996718e-08
4.7575,-5.4605498216966574e-08
4.76,-5.4585612573011077e-08
4.7625,-5.4563390484394871e-08
4.765,-5.4539144796915585e-08
4.7675,-5.4513222610538633e-08
4.77,-5.4485996327169766e-08
4.7725,-5.4457862136230968e-08
4.775,-5.4429235357516562e-08
4.7775,-5.4400542813342336e-08
4.78,-5.4372212579262864e-08
4.7825,-5.4344655202286549e-08
4.785,-5.4318259702130039e-08
4.7875,-5.4293375300658261e-08
4.79,-5.4270316350430001e-08
4.7925,-5.4249368735287136e-08
4.795,-5.4230800304908389e-08
4.7975,-5.4214863574603228e-08
4.8,-5.4201800365988491e-08
4.8025,-5.419183610279044e-08
4.805,-5.4185169213767144e-08
4.8075,-5.4181955642537903e-08
4.81,-5.4182299744391646e-08
4.8125,-5.4186231839621816e-08
4.815,-5.4193709023917536e-08
4.8175,-5.4204612850024757e-08
4.82,-5.421876542691359e-08
4.8225,-5.4235932303013313e-08
4.825,-5.425584091878198e-08
4.8275,-5.4278193181883673e-08
4.83,-5.4302673457181207e-08
4.8325,-5.432894544823162e-08
4.835,-5.4356653860671402e-08
4.8375,-5.4385428593605611e-08
4.84,-5.4414891870104725e-08
4.8425,-5.4444664161275478e-08
4.845,-5.4474380967651449e-08
4.8475,-5.4503695053332935e-08
4.85,-5.453227765836516e-08
4.8525,-5.4559806725582052e-08
4.855,-5.4585963364208121e-08
4.8575,-5.4610439911834609e-08
4.86,-5.4632942921627114e-08
4.8625,-5.4653197187358956e-08
4.865,-5.4670964260855372e-08
4.8675,-5.4686041116328018e-08
4.87,-5.4698267828335701e-08
4.8725,-5.4707528596823647e-08
4.875,-5.4713745478889715e-08
4.8775,-5.4716876272780012e-08
4.88,-5.4716915251753169e-08
4.8825,-5.4713895041331276e-08
4.885,-5.4707890050244314e-08
4.8875,-5.4699011202810312e-08
4.89,-5.4687401552625078e-08
4.8925,-5.4673234808613211e-08
4.895,-5.4656715106552817e-08
4.8975,-5.4638080224107052e-08
4.9,-5.461759337474683e-08
4.9025,-5.4595535938844227e-08
4.905,-5.4572188437821352e-08
4.9075,-5.4547827819227543e-08
4.91,-5.4522721928956404e-08
4.9125,-5.4497137828268609e-08
4.915,-5.4471340177587102e-08
4.9175,-5.4445581088016509e-08
4.92,-5.4420095296483443e-08
4.9225,-5.4395095209931384e-08
4.925,-5.4370780039914562e-08
4.9275,-5.4347340283675794e-08
4.93,-5.4324957602475862e-08
4.9325,-5.4303774797706852e-08
4.935,-5.4283890806441345e-08
4.9375,-5.4265353765287306e-08
4.94,-5.4248158448725988e-08
4.9425,-5.4232248146142934e-08
4.945,-5.42175213107362e-08
4.9475,-5.420384282046592e-08
4.95,-5.4191047118026971e-08
4.9525,-5.4178942732227981e-08
4.955,-5.4167317837939972e-08
4.9575,-5.4155949250599435e-08
4.96,-5.4144616470221324e-08
4.9625,-5.413311272359536e-08
4.965,-5.4121252525456783e-08
4.9675,-5.4108875411213858e-08
4.97,-5.4095833162719999e-08
4.9725,-5.4081973666488433e-08
4.975,-5.4067122999747597e-08
4.9775,-5.4051088570855261e-08
4.98,-5.4033665534402399e-08
4.9825,-5.4014667229323272e-08
4.985,-5.3993947437471401e-08
4.9875,-5.3971410491251931e-08
4.99,-5.3947009499666171e-08
4.9925,-5.3920743029314743e-08
4.995,-5.389264803170245e-08
4.9975,-5.3862800726995044e-08
5.0,-5.3831314956845139e-08
5.0025,-5.379833938189544e-08
5.005,-5.3764050163900479e-08
5.0075,-5.3728644454686793e-08
5.01,-5.3692338315257534e-08
5.0125,-5.365537535224103e-08
5.015,-5.3618036372574981e-08
5.0175,-5.3580648535741353e-08
5.02,-5.3543584103514261e-08
5.0225,-5.3507248293713946e-08
5.025,-5.3472059370479062e-08
5.0275,-5.3438426671249062e-08
5.03,-5.3406740154385909e-08
5.0325,-5.3377364143712254e-08
5.035,-5.3350636630544616e-08
5.0375,-5.3326871930580373e-08
5.04,-5.3306346850646005e-08
5.0425,-5.3289306000595226e-08
5.045,-5.3275970041614918e-08
5.0475,-5.326654630861581e-08
5.05,-5.3261214098751784e-08
5.0525,-5.3260122073703746e-08
5.055,-5.3263369243491896e-08
5.0575,-5.3271006823962433e-08
5.06,-5.3283035744816012e-08
5.0625,-5.3299428012098553e-08
5.065,-5.3320117378887894e-08
5.0675,-5.3344990736582798e-08
5.07,-5.3373882617835567e-08
5.0725,-5.3406559265940689e-08
5.075,-5.3442716170542361e-08
5.0775,-5.3481988292799317e-08
5.08,-5.3523963708982639e-08
5.0825,-5.3568195273269491e-08
5.085,-5.3614211421912151e-08
5.0875,-5.3661524612621822e-08
5.09,-5.3709631331053676e-08
5.0925,-5.3758019622241004e-08
5.095,-5.3806170494503506e-08
5.0975,-5.3853565124816178e-08
5.1,-5.3899692285485097e-08
5.1025,-5.39440539327892e-08
5.105,-5.3986164710729984e-08
5.1075,-5.4025561152031825e-08
5.11,-5.4061811856019425e-08
5.1125,-5.4094537182760908e-08
5.115,-5.4123415487968836e-08
5.1175,-5.4148209231147602e-08
5.12,-5.4168749757727573e-08
5.1225,-5.4184928750359736e-08
5.125,-5.4196684204414412e-08
5.1275,-5.4203989195215975e-08
5.13,-5.4206845141088905e-08
5.1325,-5.4205286219775205e-08
5.135,-5.4199376343274351e-08
5.1375,-5.4189217111422687e-08
5.14,-5.4174955884591999e-08
5.1425,-5.4156804589139092e-08
5.145,-5.4135040063183848e-08
5.1475,-5.4110008594659992e-08
5.15,-5.4082110856934977e-08
5.1525,-5.4051789338649558e-08
5.155,-5.4019511787934561e-08
5.1575,-5.3985756542548121e-08
5.16,-5.3950999893430541e-08
5.1625,-5.3915709795298386e-08
5.165,-5.3880340446090331e-08
5.1675,-5.3845339289312377e-08
5.17,-5.381114731107303e-08
5.1725,-5.3778196925887158e-08
5.175,-5.374690191328571e-08
5.1775,-5.3717651773253614e-08
5.18,-5.369081096728049e-08
5.1825,-5.3666716232839546e-08
5.185,-5.3645668567785676e-08
5.1875,-5.3627916163945803e-08
5.19,-5.3613637273626893e-08
5.1925,-5.3602930624178226e-08
5.195,-5.3595815522909308e-08
5.1975,-5.3592243643643604e-08
5.2,-5.3592110348287914e-08
5.2025,-5.3595271649023109e-08
5.205,-5.3601551712201414e-08
5.2075,-5.3610741117916472e-08
5.21,-5.3622591525188328e-08
5.2125,-5.3636817340533162e-08
5.215,-5.3653094810260528e-08
5.2175,-5.3671062999485098e-08
5.22,-5.369031965107196e-08
5.2225,-5.3710428809614817e-08
5.225,-5.3730939072447665e-08
5.2275,-5.3751401468006497e-08
5.23,-5.377138785498079e-08
5.2325,-5.3790492062082795e-08
5.235,-5.38083265358198e-08
5.2375,-5.382451210626343e-08
5.24,-5.3838686171800955e-08
5.2425,-5.3850507533235234e-08
5.245,-5.3859649354355662e-08
5.2475,-5.3865806630865353e-08
5.25,-5.3868708332142719e-08
5.2525,-5.3868116864448276e-08
5.255,-5.3863864941241184e-08
5.2575,-5.3855865099715911e-08
5.26,-5.384411570665191e-08
5.2625,-5.3828687794095619e-08
5.265,-5.3809710759926399e-08
5.2675,-5.3787350632210704e-08
5.27,-5.3761806489210588e-08
5.2725,-5.3733307883075255e-08
5.275,-5.3702117344193169e-08
5.2775,-5.3668528041006689e-08
5.28,-5.3632863431862105e-08
5.2825,-5.3595476475367547e-08
5.285,-5.3556751325395917e-08
5.2875,-5.3517102579596609e-08
5.29,-5.3476975706279926e-08
5.2925,-5.3436821908029288e-08
5.295,-5.3397078843154731e-08
5.2975,-5.3358164903630167e-08
5.3,-5.3320476884654581e-08
5.3025,-5.3284386440454049e-08
5.305,-5.3250239395834812e-08
5.3075,-5.3218357578108826e-08
5.31,-5.3189027012539429e-08
5.3125,-5.3162492794573624e-08
5.315,-5.3138956744834395e-08
5.3175,-5.3118571318335224e-08
5.32,-5.3101454127681574e-08
5.3225,-5.3087693014467756e-08
5.325,-5.3077347779916976e-08
5.3275,-5.3070445018712107e-08
5.33,-5.3066970694075001e-08
5.3325,-5.3066846671327025e-08
5.335,-5.306992282989393e-08
5.3375,-5.3075980627287082e-08
5.34,-5.3084741525060572e-08
5.3425,-5.3095878753135542e-08
5.345,-5.3109032997088023e-08
5.3475,-5.3123822912777503e-08
5.35,-5.3139865038797694e-08
5.3525,-5.3156781939558635e-08
5.355,-5.3174202900026857e-08
5.3575,-5.3191755327965376e-08
5.36,-5.3209062806947811e-08
5.3625,-5.3225744571876346e-08
5.365,-5.3241415660249229e-08
5.3675,-5.3255702547821975e-08
5.37,-5.3268263391486907e-08
5.3725,-5.327880998422365e-08
5.375,-5.3287110707191627e-08
5.3775,-5.3293001971179856e-08
5.38,-5.3296382775278357e-08
5.3825,-5.3297197327872297e-08
5.385,-5.3295426260959044e-08
5.3875,-5.3291071775340644e-08
5.39,-5.328415798037424e-08
5.3925,-5.3274734656228909e-08
5.395,-5.3262894276859777e-08
5.3975,-5.3248788985481344e-08
5.4,-5.3232644931936966e-08
5.4025,-5.3214755612516843e-08
5.405,-5.3195464873245563e-08
5.4075,-5.3175139167196402e-08
5.41,-5.3154149665437552e-08
5.4125,-5.3132861219961065e-08
5.415,-5.3111641332260592e-08
5.4175,-5.309086361497155e-08
5.42,-5.3070914838543068e-08
5.4225,-5.3052185418071799e-08
5.425,-5.3035061524584161e-08
5.4275,-5.3019913224855904e-08
5.43,-5.3007087278406803e-08
5.4325,-5.2996912409148029e-08
5.435,-5.2989700358432669e-08
5.4375,-5.2985752818052167e-08
5.44,-5.2985350255939508e-08
5.4425,-5.2988734340794561e-08
5.445,-5.2996082737209024e-08
5.4475,-5.3007487416225346e-08
5.45,-5.302296245338165e-08
5.4525,-5.3042448070098637e-08
5.455,-5.3065823849243147e-08
5.4575,-5.3092924682981386e-08
5.46,-5.3123525756175452e-08
5.4625,-5.3157335190119405e-08
5.465,-5.3193995437571266e-08
5.4675,-5.3233098599875452e-08
5.47,-5.3274212478783791e-08
5.4725,-5.3316904727410748e-08
5.475,-5.3360754053599528e-08
5.4775,-5.3405336467950613e-08
5.48,-5.3450211385700956e-08
5.4825,-5.3494906541552216e-08
5.485,-5.3538919212212919e-08
5.4875,-5.3581733024347241e-08
5.49,-5.362283515630213e-08
5.4925,-5.3661723352237985e-08
5.495,-5.3697925830133483e-08
5.4975,-5.3731001506152118e-08
5.5,-5.3760538199499247e-08
5.5025,-5.3786163819465292e-08
5.505,-5.3807556420252887e-08
5.5075,-5.3824430639419955e-08
5.51,-5.3836550917077413e-08
5.5125,-5.3843736351194714e-08
5.515,-5.384586903159538e-08
5.5175,-5.3842890366158326e-08
5.52,-5.3834812651590218e-08
5.5225,-5.3821712978377745e-08
5.525,-5.3803739540459248e-08
5.5275,-5.378111315923908e-08
5.53,-5.3754116468007015e-08
5.5325,-5.3723086203465233e-08
5.535,-5.3688395807161446e-08
5.5375,-5.3650443618985141e-08
5.54,-5.3609641829563829e-08
5.5425,-5.3566412179802401e-08
5.545,-5.3521195825275145e-08
5.5475,-5.3474458039336978e-08
5.55,-5.3426693451691255e-08
5.5525,-5.3378422689481284e-08
5.555,-5.3330175133288464e-08
5.5575,-5.328246885531561e-08
5.56,-5.3235789527720184e-08
5.5625,-5.3190585757536961e-08
5.565,-5.3147271835343638e-08
5.5675,-5.3106228692861972e-08
5.57,-5.3067802702699425e-08
5.5725,-5.3032293657303025e-08
5.575,-5.2999948730457624e-08
5.5775,-5.297096549033174e-08
5.58,-5.2945499224136074e-08
5.5825,-5.2923665218525124e-08
5.585,-5.2905537358607841e-08
5.5875,-5.2891137722982154e-08
5.59,-5.2880436847778006e-08
5.5925,-5.2873341524596091e-08
5.595,-5.2869694132855276e-08
5.5975,-5.2869274408653636e-08
5.6,-5.2871807731200126e-08
5.6025,-5.2876981531264724e-08
5.605,-5.28844594776619e-08
5.6075,-5.2893897870583773e-08
5.61,-5.2904949158123856e-08
5.6125,-5.2917252712576106e-08
5.615,-5.2930426767021747e-08
5.6175,-5.2944070857020713e-08
5.62,-5.2957771552623783e-08
5.6225,-5.2971112041317593e-08
5.625,-5.2983693851940019e-08
5.6275,-5.2995155939072578e-08
5.63,-5.3005186234484743e-08
5.6325,-5.301352282352742e-08
5.635,-5.3019957198892981e-08
5.6375,-5.3024329643246595e-08
5.64,-5.3026518727654858e-08
5.6425,-5.3026440921738847e-08
5.645,-5.3024037558959769e-08
5.6475,-5.3019273751386957e-08
5.65,-5.3012137649156554e-08
5.6525,-5.3002650810766347e-08
5.655,-5.2990882931360487e-08
5.6575,-5.2976964571240701e-08
5.66,-5.2961088079831203e-08
5.6625,-5.2943499509877197e-08
5.665,-5.2924480556105504e-08
5.6675,-5.2904334685807441e-08
5.67,-5.2883379310135293e-08
5.6725,-5.2861941157555075e-08
5.675,-5.2840351015696333e-08
5.6775,-5.2818942470209264e-08
5.68,-5.2798051740342193e-08
5.6825,-5.2778008656164714e-08
5.685,-5.2759131283573258e-08
5.6875,-5.2741728239299906e-08
5.69,-5.2726098892059541e-08
5.6925,-5.271253865524814e-08
5.695,-5.270133952850797e-08
5.6975,-5.269278431995557e-08
5.7,-5.2687121499399988e-08
5.7025,-5.2684545371671985e-08
5.705,-5.2685174404665955e-08
5.7075,-5.2689048853339463e-08
5.71,-5.2696149666489498e-08
5.7125,-5.2706413305168519e-08
5.715,-5.2719740127273683e-08
5.7175,-5.2735984606809663e-08
5.72,-5.2754948454676521e-08
5.7225,-5.2776362730882408e-08
5.725,-5.2799897215036016e-08
5.7275,-5.2825188415171801e-08
5.73,-5.2851869360365155e-08
5.7325,-5.2879590842319681e-08
5.735,-5.2908023866976236e-08
5.7375,-5.2936847245429087e-08
5.74,-5.2965730352877776e-08
5.7425,-5.2994320309425656e-08
5.745,-5.3022234446955985e-08
5.7475,-5.3049081707967657e-08
5.75,-5.3074471235007409e-08
5.7525,-5.3098031949212262e-08
5.755,-5.3119419531792045e-08
5.7575,-5.3138334293289198e-08
5.76,-5.3154525854145343e-08
5.7625,-5.3167786776268428e-08
5.765,-5.3177954921205684e-08
5.7675,-5.3184911309685467e-08
5.77,-5.3188574008154383e-08
5.7725,-5.3188916850077819e-08
5.775,-5.3185959479821481e-08
5.7775,-5.3179777513674497e-08
5.78,-5.3170498486429686e-08
5.7825,-5.3158316387290264e-08
5.785,-5.3143483756179677e-08
5.7875,-5.3126309782059046e-08
5.79,-5.3107140258995119e-08
5.7925,-5.3086338541861937e-08
5.795,-5.3064265695348298e-08
5.7975,-5.3041274196772013e-08
5.8,-5.3017712553863429e-08
5.8025,-5.2993941196659202e-08
5.805,-5.297033818142007e-08
5.8075,-5.2947308461112875e-08
5.81,-5.2925272832892301e-08
5.8125,-5.2904643525667534e-08
5.815,-5.2885807581037817e-08
5.8175,-5.2869110273929235e-08
5.82,-5.2854861033698211e-08
5.8225,-5.2843334807690053e-08
5.825,-5.2834771094305313e-08
5.8275,-5.282936507870514e-08
5.83,-5.2827257957004068e-08
5.8325,-5.2828531109166899e-08
5.835,-5.2833204398037676e-08
5.8375,-5.2841248906908975e-08
5.84,-5.2852588755278492e-08
5.8425,-5.2867107413544193e-08
5.845,-5.2884639122882055e-08
5.8475,-5.2904979174286663e-08
5.85,-5.2927872171091525e-08
5.8525,-5.2953010904754902e-08
5.855,-5.2980035675406374e-08
5.8575,-5.3008536104637103e-08
5.86,-5.3038058231891211e-08
5.8625,-5.3068118133149331e-08
5.865,-5.3098219841187868e-08
5.8675,-5.3127866619816546e-08
5.87,-5.3156566922953025e-08
5.8725,-5.3183824295795398e-08
5.875,-5.3209153025267505e-08
5.8775,-5.3232084715749812e-08
5.88,-5.3252177963541018e-08
5.8825,-5.3269025320501329e-08
5.885,-5.3282271808931914e-08
5.8875,-5.3291624631960586e-08
5.89,-5.3296849670138916e-08
5.8925,-5.3297773376848666e-08
5.895,-5.3294277765787889e-08
5.8975,-5.3286294457625332e-08
5.9,-5.3273798698228541e-08
5.9025,-5.3256809259343337e-08
5.905,-5.3235388437947822e-08
5.9075,-5.3209641666954907e-08
5.91,-5.3179723525420842e-08
5.9125,-5.3145845619338042e-08
5.915,-5.3108286081186421e-08
5.9175,-5.3067390958521561e-08
5.92,-5.3023566091344575e-08
5.9225,-5.2977258846141757e-08
5.925,-5.2928941976736119e-08
5.9275,-5.2879101033288013e-08
5.93,-5.2828231024535069e-08
5.9325,-5.2776832431253434e-08
5.935,-5.272541300274254e-08
5.9375,-5.2674484425970237e-08
5.94,-5.2624549790343337e-08
5.9425,-5.2576092379602193e-08
5.945,-5.2529576839128944e-08
5.9475,-5.2485447727226539e-08
5.95,-5.244412706363437e-08
5.9525,-5.2406016739956599e-08
5.955,-5.2371490647137404e-08
5.9575,-5.2340879736644917e-08
5.96,-5.2314456616754263e-08
5.9625,-5.229242170103829e-08
5.965,-5.2274898127217609e-08
5.9675,-5.2261936140934809e-08
5.97,-5.2253523859078486e-08
5.9725,-5.2249601679445516e-08
5.975,-5.2250059675472191e-08
5.9775,-5.2254727840015156e-08
5.98,-5.2263368880201455e-08
5.9825,-5.2275678322051106e-08
5.985,-5.2291301270575055e-08
5.9875,-5.2309858448462267e-08
5.99,-5.2330957322639551e-08
5.9925,-5.235420812870894e-08
5.995,-5.237922191163696e-08
5.9975,-5.2405604663858677e-08
6.0,-5.2432941233276667e-08
6.0025,-5.2460797527502653e-08
6.005,-5.2488721620033565e-08
6.0075,-5.2516251124202952e-08
6.01,-5.2542925729662942e-08
6.0125,-5.2568295819608352e-08
6.015,-5.2591948917838782e-08
6.0175,-5.2613524486049003e-08
6.02,-5.2632719563822398e-08
6.0225,-5.2649290147425625e-08
6.025,-5.266304373723391e-08
6.0275,-5.2673833809161299e-08
6.03,-5.2681565421461299e-08
6.0325,-5.2686194068673793e-08
6.035,-5.268772583960107e-08
6.0375,-5.2686216049665554e-08
6.04,-5.2681781404745854e-08
6.0425,-5.2674593688782913e-08
6.045,-5.2664885312030588e-08
6.0475,-5.2652936185719975e-08
6.05,-5.2639064608881283e-08
6.0525,-5.2623609870313661e-08
6.055,-5.2606921523741714e-08
6.0575,-5.258934988859932e-08
6.06,-5.257125848931139e-08
6.0625,-5.2553022823263569e-08
6.065,-5.2535030237480222e-08
6.0675,-5.2517684937005878e-08
6.07,-5.2501383046758668e-08
6.0725,-5.2486500929579747e-08
6.075,-5.2473383230481201e-08
6.0775,-5.2462355929651801e-08
6.08,-5.2453720519262667e-08
6.0825,-5.2447752856048827e-08
6.085,-5.2444682973321942e-08
6.0875,-5.2444685552021059e-08
6.09,-5.2447870680164352e-08
6.0925,-5.2454287267835176e-08
6.095,-5.2463946024817386e-08
6.0975,-5.2476812108969902e-08
6.1,-5.2492803235776107e-08
6.1025,-5.2511789711438182e-08
6.105,-5.2533598286962815e-08
6.1075,-5.2558004811420791e-08
6.11,-5.2584731710158697e-08
6.1125,-5.2613447801485275e-08
6.115,-5.2643769037785121e-08
6.1175,-5.2675268781189562e-08
6.12,-5.2707488640916519e-08
6.1225,-5.2739959318047999e-08
6.125,-5.2772211152458058e-08
6.1275,-5.280378123865872e-08
6.13,-5.2834214679214323e-08
6.1325,-5.2863062196277216e-08
6.135,-5.2889889552183207e-08
6.1375,-5.2914278287620343e-08
6.14,-5.2935840013032648e-08
6.1425,-5.2954222258725562e-08
6.145,-5.2969129835662239e-08
6.1475,-5.2980326357247508e-08
6.15,-5.2987632468939508e-08
6.1525,-5.2990924878765015e-08
6.155,-5.2990123624381393e-08
6.1575,-5.2985194289579094e-08
6.16,-5.297614529747825e-08
6.1625,-5.2963028296867662e-08
6.165,-5.2945934869077061e-08
6.1675,-5.2925005872513562e-08
6.17,-5.2900433825110689e-08
6.1725,-5.2872478209992807e-08
6.175,-5.2841467196305818e-08
6.1775,-5.2807790488773293e-08
6.18,-5.2771880528551205e-08
6.1825,-5.2734190543377832e-08
6.185,-5.2695180028238809e-08
6.1875,-5.2655307088956928e-08
6.19,-5.2615033488341836e-08
6.1925,-5.2574825554309908e-08
6.195,-5.2535154987707812e-08
6.1975,-5.2496490716558751e-08
6.2,-5.2459286695193251e-08
6.2025,-5.2423976746413029e-08
6.205,-5.2390965404132642e-08
6.2075,-5.236062224088905e-08
6.21,-5.2333290198936437e-08
6.2125,-5.2309281381666596e-08
6.215,-5.2288878175147322e-08
6.2175,-5.2272311463309098e-08
6.22,-5.2259745821192203e-08
6.2225,-5.2251267261520719e-08
6.225,-5.2246879961173836e-08
6.2275,-5.224651968797765e-08
6.23,-5.2250067150541511e-08
6.2325,-5.2257349511092551e-08
6.235,-5.2268138014662828e-08
6.2375,-5.2282140077201669e-08
6.24,-5.2299001134762043e-08
6.2425,-5.2318318957702931e-08
6.245,-5.233966081280045e-08
6.2475,-5.2362584806079742e-08
6.25,-5.2386659183272888e-08
6.2525,-5.2411462007022056e-08
6.255,-5.243656924139189e-08
6.2575,-5.2461550123551262e-08
6.26,-5.2485961299672119e-08
6.2625,-5.2509345491299522e-08
6.265,-5.2531240881550505e-08
6.2675,-5.2551184164885622e-08
6.27,-5.2568728883902814e-08
6.2725,-5.2583466136526251e-08
6.275,-5.2595036734444104e-08
6.2775,-5.2603140765773294e-08
6.28,-5.2607544961742123e-08
6.2825,-5.2608075539754154e-08
6.285,-5.2604623419445616e-08
6.2875,-5.2597140476063244e-08
6.29,-5.2585635959644229e-08
6.2925,-5.25701723811884e-08
6.295,-5.255086840873286e-08
6.2975,-5.2527900013947258e-08
6.3,-5.2501506584580858e-08
6.3025,-5.2471987309397856e-08
6.305,-5.2439694886475288e-08
6.3075,-5.240502258299487e-08
6.31,-5.2368393353502026e-08
6.3125,-5.2330242558191057e-08
6.315,-5.2291015564613451e-08
6.3175,-5.2251178053939256e-08
6.32,-5.2211210348956145e-08
6.3225,-5.2171608218721939e-08
6.325,-5.2132876072759701e-08
6.3275,-5.2095507831809744e-08
6.33,-5.2059965528588836e-08
6.3325,-5.2026674229257609e-08
6.335,-5.1996031212184755e-08
6.3375,-5.1968417733085975e-08
6.34,-5.1944189807291011e-08
6.3425,-5.1923670221133591e-08
6.345,-5.1907126301360939e-08
6.3475,-5.1894760485289904e-08
6.35,-5.1886717280434271e-08
6.3525,-5.1883080833925894e-08
6.355,-5.1883878636926528e-08
6.3575,-5.1889084290471615e-08
6.36,-5.18986180800837e-08
6.3625,-5.1912348413048828e-08
6.365,-5.1930094965466754e-08
6.3675,-5.1951614380021335e-08
6.37,-5.1976597219420547e-08
6.3725,-5.2004673588112597e-08
6.375,-5.2035424462829892e-08
6.3775,-5.2068401041390873e-08
6.38,-5.2103139747263849e-08
6.3825,-5.2139169802708076e-08
6.385,-5.2176013695045694e-08
6.3875,-5.221318638449514e-08
6.39,-5.2250203303549242e-08
6.3925,-5.2286581672410249e-08
6.395,-5.2321858994980015e-08
6.3975,-5.2355602754765405e-08
6.4,-5.2387425605670655e-08
6.4025,-5.2416977549256438e-08
6.405,-5.2443957187263334e-08
6.4075,-5.2468110681909174e-08
6.41,-5.2489220268495764e-08
6.4125,-5.2507117672429059e-08
6.415,-5.2521679514421663e-08
6.4175,-5.2532831640297603e-08
6.42,-5.2540542873233251e-08
6.4225,-5.2544822328602932e-08
6.425,-5.2545716268877416e-08
6.4275,-5.254332708824129e-08
6.43,-5.2537815745923347e-08
6.4325,-5.2529415434109147e-08
6.435,-5.2518421698881537e-08
6.4375,-5.2505173137091884e-08
6.44,-5.2490032771218071e-08
6.4425,-5.2473369266797383e-08
6.445,-5.245555338128037e-08
6.4475,-5.2436961101584244e-08
6.45,-5.241798161099603e-08
6.4525,-5.239901167178349e-08
6.455,-5.2380453463243998e-08
6.4575,-5.2362695391617718e-08
6.46,-5.2346108714940957e-08
6.4625,-5.233103525457758e-08
6.465,-5.2317788422713411e-08
6.4675,-5.2306656370787279e-08
6.47,-5.2297909599519627e-08
6.4725,-5.2291789703596671e-08
6.475,-5.2288498050403124e-08
6.4775,-5.2288171571563708e-08
6.48,-5.2290868282722881e-08
6.4825,-5.2296575139193892e-08
6.485,-5.2305213908147429e-08
6.4875,-5.2316656062441893e-08
6.49,-5.2330732725232416e-08
6.4925,-5.2347224601556986e-08
6.495,-5.2365853854947071e-08
6.4975,-5.2386285748061467e-08
6.5,-5.2408141752117906e-08
6.5025,-5.2431020271271812e-08
6.505,-5.2454514743430415e-08
6.5075,-5.2478227444535548e-08
6.51,-5.2501769842374192e-08
6.5125,-5.2524759028818246e-08
6.515,-5.2546804153173333e-08
6.5175,-5.2567509057705817e-08
6.52,-5.25864725027908e-08
6.5225,-5.2603289844168918e-08
6.525,-5.2617554086494066e-08
6.5275,-5.2628877546344938e-08
6.53,-5.2636905324416428e-08
6.5325,-5.2641327774946747e-08
6.535,-5.2641900273954063e-08
6.5375,-5.2638454232945115e-08
6.54,-5.2630886240357609e-08
6.5425,-5.261916848171627e-08
6.545,-5.2603331428040709e-08
6.5475,-5.2583460626904076e-08
6.55,-5.2559685487683499e-08
6.5525,-5.25321827800599e-08
6.555,-5.2501180400277694e-08
6.5575,-5.2466963705177018e-08
6.56,-5.2429876667497512e-08
6.5625,-5.2390316157658596e-08
6.565,-5.2348721371887428e-08
6.5675,-5.230555652177793e-08
6.57,-5.2261296795774228e-08
6.5725,-5.2216423358330673e-08
6.575,-5.2171416958717442e-08
6.5775,-5.2126766016715288e-08
6.58,-5.2082974946118374e-08
6.5825,-5.204055298938265e-08
6.585,-5.1999992353572271e-08
6.5875,-5.1961748570679758e-08
6.59,-5.1926232876458507e-08
6.5925,-5.1893825368378336e-08
6.595,-5.1864881607223765e-08
6.5975,-5.1839726139667122e-08
6.6,-5.1818638291993273e-08
6.6025,-5.1801836718137843e-08
6.605,-5.1789474210306462e-08
6.6075,-5.1781643275645222e-08
6.61,-5.1778385095304596e-08
6.6125,-5.1779682787470532e-08
6.615,-5.178547060618498e-08
6.6175,-5.1795623560337042e-08
6.62,-5.180996062289801e-08
6.6225,-5.1828234168002607e-08
6.625,-5.1850135633083196e-08
6.6275,-5.1875290310462072e-08
6.63,-5.1903268777541151e-08
6.6325,-5.193360150163624e-08
6.635,-5.1965796204818448e-08
6.6375,-5.1999346748085244e-08
6.64,-5.2033739494201142e-08
6.6425,-5.2068453738649393e-08
6.645,-5.210296631528968e-08
6.6475,-5.2136749500805849e-08
6.65,-5.2169294861930698e-08
6.6525,-5.2200118954684087e-08
6.655,-5.222877970925923e-08
6.6575,-5.2254874786303239e-08
6.66,-5.2278054701823479e-08
6.6625,-5.2298023247858192e-08
6.665,-5.2314526578212718e-08
6.6675,-5.2327361301579459e-08
6.67,-5.2336377390095767e-08
6.6725,-5.2341483633611188e-08
6.675,-5.234264747907812e-08
6.6775,-5.2339888679016373e-08
6.68,-5.2333274569632328e-08
6.6825,-5.2322917697766917e-08
6.685,-5.230898654864978e-08
6.6875,-5.2291716630902913e-08
6.69,-5.2271414587722802e-08
6.6925,-5.2248451062287283e-08
6.695,-5.2223242242736953e-08
6.6975,-5.2196229250465091e-08
6.7,-5.216786640462409e-08
6.7025,-5.2138613042300984e-08
6.705,-5.2108939748242255e-08
6.7075,-5.2079324053054825e-08
6.71,-5.2050251010219085e-08
6.7125,-5.2022202927009169e-08
6.715,-5.1995646060195466e-08
6.7175,-5.1971022558779095e-08
6.72,-5.1948743812603491e-08
6.7225,-5.1929186922191346e-08
6.725,-5.1912703894507732e-08
6.7275,-5.1899622587110611e-08
6.73,-5.1890241881824664e-08
6.7325,-5.1884815428583936e-08
6.735,-5.1883527585509627e-08
6.7375,-5.1886477996622938e-08
6.74,-5.1893684927760488e-08
6.7425,-5.1905091643834084e-08
6.745,-5.1920576792961602e-08
6.7475,-5.1939970746922491e-08
6.75,-5.1963043522429921e-08
6.7525,-5.1989494829209265e-08
6.755,-5.2018958688386651e-08
6.7575,-5.2051019617710506e-08
6.76,-5.208523685755779e-08
6.7625,-5.2121161670172113e-08
6.765,-5.2158353323504918e-08
6.7675,-5.2196375967782533e-08
6.77,-5.2234793770434892e-08
6.7725,-5.2273158344532542e-08
6.775,-5.2311010560692461e-08
6.7775,-5.2347867982785562e-08
6.78,-5.2383236959472669e-08
6.7825,-5.2416621502700767e-08
6.785,-5.2447544523899282e-08
6.7875,-5.2475557913800154e-08
6.79,-5.2500264463223378e-08
6.7925,-5.2521337599974416e-08
6.795,-5.2538515517309238e-08
6.7975,-5.2551603593912109e-08
6.8,-5.256047114956834e-08
6.8025,-5.2565048550159569e-08
6.805,-5.2565317214359528e-08
6.8075,-5.2561310791471864e-08
6.81,-5.2553118260766702e-08
6.8125,-5.2540892225337742e-08
6.815,-5.2524847382254497e-08
6.8175,-5.25052641872578e-08
6.82,-5.2482480603416048e-08
6.8225,-5.2456878842582635e-08
6.825,-5.2428870544532333e-08
6.8275,-5.2398879165691837e-08
6.83,-5.2367339283480957e-08
6.8325,-5.2334692394524064e-08
6.835,-5.2301396882035677e-08
6.8375,-5.2267934106918812e-08
6.84,-5.2234793708820379e-08
6.8425,-5.2202452954125048e-08
6.845,-5.2171351923872521e-08
6.8475,-5.214189697893907e-08
6.85,-5.21144646891103e-08
6.8525,-5.2089413717163831e-08
6.855,-5.2067074321846218e-08
6.8575,-5.2047738788676195e-08
6.86,-5.2031643591636725e-08
6.8625,-5.2018958377812975e-08
6.865,-5.2009797556155863e-08
6.8675,-5.2004224107619274e-08
6.87,-5.2002250090482255e-08
6.8725,-5.2003845396496322e-08
6.875,-5.2008923028611302e-08
6.8775,-5.2017330648663569e-08
6.88,-5.202884606770638e-08
6.8825,-5.204317702809667e-08
6.885,-5.2059970927442527e-08
6.8875,-5.2078825907093539e-08
6.89,-5.2099305511548141e-08
6.8925,-5.2120953906923526e-08
6.895,-5.214330616723535e-08
6.8975,-5.2165889373886517e-08
6.9,-5.2188227228965744e-08
6.9025,-5.2209840669434852e-08
6.905,-5.2230250953004358e-08
6.9075,-5.2248995878840744e-08
6.91,-5.2265633759407877e-08
6.9125,-5.2279765529691733e-08
6.915,-5.2291041359565054e-08
6.9175,-5.2299168499437107e-08
6.92,-5.2303899123058357e-08
6.9225,-5.2305034444876965e-08
6.925,-5.2302419403448442e-08
6.9275,-5.2295950229294477e-08
6.93,-5.2285580417000482e-08
6.9325,-5.2271321410242467e-08
6.935,-5.2253236785012626e-08
6.9375,-5.2231436040529818e-08
6.94,-5.2206075911180816e-08
6.9425,-5.2177367477146284e-08
6.945,-5.214559079473494e-08
6.9475,-5.2111098015743293e-08
6.95,-5.2074305102992518e-08
6.9525,-5.2035670767750489e-08
6.955,-5.1995675452846297e-08
6.9575,-5.1954806332649031e-08
6.96,-5.1913552718863204e-08
6.9625,-5.1872410210374537e-08
6.965,-5.1831884378090295e-08
6.9675,-5.1792486407072594e-08
6.97,-5.1754723109981766e-08
6.9725,-5.1719085467141905e-08
6.975,-5.1686037689550456e-08
6.9775,-5.1656011171818962e-08
6.98,-5.1629399630158172e-08
6.9825,-5.1606571635062329e-08
6.985,-5.1587864840623311e-08
6.9875,-5.1573586893145219e-08
6.99,-5.1563991640470746e-08
6.9925,-5.1559261914985708e-08
6.995,-5.1559492633717748e-08
6.9975,-5.1564691076680387e-08
7.0,-5.1574786960923735e-08
