Physical Time (s),enth_flux_viscous_left Monitor (kg-m/s^3)
0.0025,2.0660415491525865e-10
0.005,3.6169306830028447e-09
0.0075,2.3283073250811423e-08
0.01,7.4477280424603464e-08
0.0125,1.4790980008067192e-07
0.015,1.9859364717080475e-07
0.0175,1.4747092465369985e-07
0.02,5.7737788514141332e-08
0.0225,2.071754796261261e-09
0.025,-3.7814687502316333e-08
0.0275,-6.5731798981739036e-08
0.03,-7.2297569726839993e-08
0.0325,-5.7138772246534796e-08
0.035,-3.1439395294772347e-08
0.0375,-7.9775539101977527e-09
0.04,8.8246385022212432e-09
0.0425,1.9428863566092802e-08
0.045,2.4636994550987361e-08
0.0475,2.517561644573112e-08
0.05,2.2137261404196971e-08
0.0525,1.7039806268057076e-08
0.055,1.1454095104174638e-08
0.0575,6.7470471522960947e-09
0.06,3.8498639038655376e-09
0.0625,3.0731106133004696e-09
0.065,4.038481429702757e-09
0.0675,5.8479365638686343e-09
0.07,7.4566594223312651e-09
0.0725,8.0704739602197802e-09
0.075,7.3730729983107162e-09
0.0775,5.5298818802649762e-09
0.08,3.0476006489615131e-09
0.0825,5.8503828315040501e-10
0.085,-1.2254770817999016e-09
0.0875,-1.9182399969116672e-09
0.09,-1.2823791094983822e-09
0.0925,6.1881663803734583e-10
0.095,3.4965021761665322e-09
0.0975,6.9332204536359972e-09
0.1,1.0489013335780189e-08
0.1025,1.378393427406181e-08
0.105,1.6542899740677263e-08
0.1075,1.860742375341224e-08
0.11,1.9929131074026151e-08
0.1125,2.055107321443364e-08
0.115,2.0578300323028366e-08
0.1175,2.0149164823298657e-08
0.12,1.9410412057335533e-08
0.1225,1.849747126816334e-08
0.125,1.7518775594164857e-08
0.1275,1.6547061767266993e-08
0.13,1.5615480910251038e-08
0.1325,1.4723303601819903e-08
0.135,1.3849044935712089e-08
0.1375,1.2964904521891247e-08
0.14,1.2050128532012044e-08
0.1425,1.1102781800286268e-08
0.145,1.0147113022961077e-08
0.1475,9.2343870491573051e-09
0.15,8.4373926645298311e-09
0.1525,7.8390780681011412e-09
0.155,7.5177417554596545e-09
0.1575,7.5333816705364764e-09
0.16,7.9093477797363066e-09
0.1625,8.6276949775851309e-09
0.165,9.627678747727167e-09
0.1675,1.0814983906654173e-08
0.17,1.2075719861524462e-08
0.1725,1.3293552839216983e-08
0.175,1.4366389756383016e-08
0.1775,1.5219681130225219e-08
0.18,1.5814258899639068e-08
0.1825,1.6147810264507133e-08
0.185,1.6250473080464744e-08
0.1875,1.6176003975603999e-08
0.19,1.5990916965357925e-08
0.1925,1.5763093151720654e-08
0.195,1.5551917162019542e-08
0.1975,1.5401694063198647e-08
0.2,1.5338275144595446e-08
0.2025,1.5370081565864176e-08
0.205,1.5491312696868941e-08
0.2075,1.5686554826174923e-08
0.21,1.5935434177523385e-08
0.2125,1.6216591394296151e-08
0.215,1.6510308850007756e-08
0.2175,1.6799520769199051e-08
0.22,1.7069919582927311e-08
0.2225,1.7308879784081545e-08
0.225,1.7504981839730555e-08
0.2275,1.7647954979168623e-08
0.23,1.7729440706085938e-08
0.2325,1.7744395381137721e-08
0.235,1.7692685556444683e-08
0.2375,1.7580676077014756e-08
0.24,1.7422834981654458e-08
0.2425,1.7240592965980299e-08
0.245,1.7060736981383018e-08
0.2475,1.6912202409268808e-08
0.25,1.6821840968118949e-08
0.2525,1.6810836006774743e-08
0.255,1.6893667576347636e-08
0.2575,1.707309049757609e-08
0.26,1.7341517514577656e-08
0.2625,1.7680257306925819e-08
0.265,1.8064360030943782e-08
0.2675,1.8463535603807287e-08
0.27,1.8846634324387433e-08
0.2725,1.9183552566995984e-08
0.275,1.9452660709027464e-08
0.2775,1.9643131015150767e-08
0.28,1.975590668682705e-08
0.2825,1.9799932109446762e-08
0.285,1.9791092870632779e-08
0.2875,1.9749640700980736e-08
0.29,1.9698135192873209e-08
0.2925,1.9658251901077005e-08
0.295,1.9648059306737915e-08
0.2975,1.9680318371099623e-08
0.3,1.9761876992463646e-08
0.3025,1.9892850534848214e-08
0.305,2.0068162731596899e-08
0.3075,2.0280121275648376e-08
0.31,2.0518532108659189e-08
0.3125,2.0770750484477009e-08
0.315,2.1023133649050399e-08
0.3175,2.1262080875283767e-08
0.32,2.1476364201596978e-08
0.3225,2.1660103328975579e-08
0.325,2.1810409775922539e-08
0.3275,2.1927007568649227e-08
0.33,2.2011763535989415e-08
0.3325,2.2068722100001323e-08
0.335,2.2104560825834568e-08
0.3375,2.212747936757505e-08
0.34,2.2146205805330194e-08
0.3425,2.2170196315455801e-08
0.345,2.2208809726812614e-08
0.3475,2.226878381664072e-08
0.35,2.235670801026232e-08
0.3525,2.2477234985893535e-08
0.355,2.2633257057607684e-08
0.3575,2.2825940241721355e-08
0.36,2.3054590586429588e-08
0.3625,2.3316141527346395e-08
0.365,2.3604469870224913e-08
0.3675,2.3910261784643916e-08
0.37,2.4221843333079914e-08
0.3725,2.4528025275363196e-08
0.375,2.4813372231925322e-08
0.3775,2.5066793868088379e-08
0.38,2.5278146568044657e-08
0.3825,2.5438786025012802e-08
0.385,2.5541272346407366e-08
0.3875,2.5579696712006168e-08
0.39,2.5550385250738773e-08
0.3925,2.5452291912040951e-08
0.395,2.5286842301155592e-08
0.3975,2.5057643457282162e-08
0.4,2.4770415991582699e-08
0.4025,2.4433039432388767e-08
0.405,2.405385142324403e-08
0.4075,2.3643443509927745e-08
0.41,2.3214353090295382e-08
0.4125,2.2780077213847097e-08
0.415,2.2357147674997879e-08
0.4175,2.1961718333723071e-08
0.42,2.1610188857944148e-08
0.4225,2.1316070967963278e-08
0.425,2.1089493568520162e-08
0.4275,2.0936209176620445e-08
0.43,2.08571880478275e-08
0.4325,2.0851248690591195e-08
0.435,2.0918512939765267e-08
0.4375,2.1055854281095311e-08
0.44,2.1259668755355408e-08
0.4425,2.1524740201919773e-08
0.445,2.1843900512704551e-08
0.4475,2.2207865380584294e-08
0.45,2.2606974773325007e-08
0.4525,2.3032665092928588e-08
0.455,2.3478226919931156e-08
0.4575,2.3939083429614674e-08
0.46,2.4409411489964798e-08
0.4625,2.4886865568769535e-08
0.465,2.5373653897803988e-08
0.4675,2.5870575345181177e-08
0.47,2.6377175501226308e-08
0.4725,2.6891997555974347e-08
0.475,2.741307139604672e-08
0.4775,2.7939065189574252e-08
0.48,2.846681350740071e-08
0.4825,2.8989095555154026e-08
0.485,2.9497924225652951e-08
0.4875,2.9985405473409262e-08
0.49,3.0444224594397228e-08
0.4925,3.0867388892852095e-08
0.495,3.1248135281792426e-08
0.4975,3.1580598221929403e-08
0.5,3.186051646415611e-08
0.5025,3.2085355370931917e-08
0.505,3.2254058123112213e-08
0.5075,3.2366114710304733e-08
0.51,3.2421684822191062e-08
0.5125,3.242187677731633e-08
0.515,3.2368692112856901e-08
0.5175,3.2265198664420818e-08
0.52,3.211567218968728e-08
0.5225,3.1924938691087997e-08
0.525,3.1698309115558276e-08
0.5275,3.144166918499336e-08
0.53,3.1161314558521321e-08
0.5325,3.08642668568951e-08
0.535,3.0557531285744785e-08
0.5375,3.0249203888076448e-08
0.54,2.99440729116298e-08
0.5425,2.9646688645956703e-08
0.545,2.9360515937866893e-08
0.5475,2.9087689172215135e-08
0.55,2.8831790691588656e-08
0.5525,2.8597295360272195e-08
0.555,2.8388768366607763e-08
0.5575,2.8210139944197301e-08
0.56,2.8064312533164471e-08
0.5625,2.7953076580829501e-08
0.565,2.7877599299112617e-08
0.5675,2.7839122655908209e-08
0.57,2.7839239047450827e-08
0.5725,2.7879632934798171e-08
0.575,2.7961530275309701e-08
0.5775,2.8085254500397761e-08
0.58,2.8250084767723173e-08
0.5825,2.8454335987244004e-08
0.585,2.8695505268226766e-08
0.5875,2.8970315693437394e-08
0.59,2.9274912306693072e-08
0.5925,2.9604752571512234e-08
0.595,2.9954661978621759e-08
0.5975,3.0318815902178444e-08
0.6,3.0690752552915851e-08
0.6025,3.1063437473197347e-08
0.605,3.1429467534853975e-08
0.6075,3.1781323034816739e-08
0.61,3.2111691912164838e-08
0.6125,3.241379836013367e-08
0.615,3.2681732833157332e-08
0.6175,3.2910775845464395e-08
0.62,3.3097675711815389e-08
0.6225,3.3240829040404241e-08
0.625,3.3340352429670538e-08
0.6275,3.3398006329662776e-08
0.63,3.3417038663645198e-08
0.6325,3.3401934968202303e-08
0.635,3.3358138807816961e-08
0.6375,3.3291742493517164e-08
0.64,3.320917976892482e-08
0.6425,3.311693936480935e-08
0.645,3.3021282649222927e-08
0.6475,3.2928003356383104e-08
0.65,3.2842170538072245e-08
0.6525,3.2767918975432177e-08
0.655,3.2708268214124142e-08
0.6575,3.2665037411270928e-08
0.66,3.2638884749191862e-08
0.6625,3.2629456365941653e-08
0.665,3.2635584191038926e-08
0.6675,3.265548817598202e-08
0.67,3.2686972925109451e-08
0.6725,3.2727631744184253e-08
0.675,3.2775037221636543e-08
0.6775,3.2826908902027134e-08
0.68,3.2881268341558156e-08
0.6825,3.2936570402937207e-08
0.685,3.2991822876182175e-08
0.6875,3.3046674870195626e-08
0.69,3.3101439228225872e-08
0.6925,3.3157055326450705e-08
0.695,3.3214987550158708e-08
0.6975,3.3277066118244954e-08
0.7,3.3345297433400988e-08
0.7025,3.342166066748698e-08
0.705,3.3507911405578572e-08
0.7075,3.360540613458245e-08
0.71,3.3714954651988457e-08
0.7125,3.3836685872504005e-08
0.715,3.3969977303819589e-08
0.7175,3.4113412183690213e-08
0.72,3.4264798296735101e-08
0.7225,3.4421238956414061e-08
0.725,3.4579257681418168e-08
0.7275,3.4734956421920861e-08
0.73,3.4884228236255796e-08
0.7325,3.5023053733086411e-08
0.735,3.5147899461306255e-08
0.7375,3.5255908790033432e-08
0.74,3.534474697886294e-08
0.7425,3.5412634071607156e-08
0.745,3.5458571682414469e-08
0.7475,3.5482518778330025e-08
0.75,3.5485436687945267e-08
0.7525,3.5469202727234096e-08
0.755,3.5436429309458552e-08
0.7575,3.5390280630797557e-08
0.76,3.5334345750221963e-08
0.7625,3.5272571819946157e-08
0.765,3.5209158231609736e-08
0.7675,3.5148385882580576e-08
0.77,3.5094372668689534e-08
0.7725,3.5050814335383074e-08
0.775,3.5020802652763072e-08
0.7775,3.5006694191437512e-08
0.78,3.5010066830140008e-08
0.7825,3.5031727912621681e-08
0.785,3.5071761660858048e-08
0.7875,3.5129607249164656e-08
0.79,3.5204154283857322e-08
0.7925,3.5293844751263751e-08
0.795,3.539677829252227e-08
0.7975,3.5510819526464009e-08
0.8,3.5633703409172892e-08
0.8025,3.5763161316190758e-08
0.805,3.5897044594237593e-08
0.8075,3.6033443713541172e-08
0.81,3.6170783871622599e-08
0.8125,3.6307895292741283e-08
0.815,3.6444053820355802e-08
0.8175,3.657899782042509e-08
0.82,3.6712899433168748e-08
0.8225,3.6846303654652765e-08
0.825,3.6980043777420988e-08
0.8275,3.7115146497380339e-08
0.83,3.7252733865703102e-08
0.8325,3.7393919690565495e-08
0.835,3.7539725891752937e-08
0.8375,3.7691008439610952e-08
0.84,3.7848373501449327e-08
0.8425,3.8012129644288757e-08
0.845,3.8182240684441705e-08
0.8475,3.8358281993867523e-08
0.85,3.8539452444058727e-08
0.8525,3.8724560343905954e-08
0.855,3.8912059377202909e-08
0.8575,3.9100102802336043e-08
0.86,3.928659027982703e-08
0.8625,3.9469240845031069e-08
0.865,3.9645664060489728e-08
0.8675,3.98134581127338e-08
0.87,3.997022840578092e-08
0.8725,4.0113682675177078e-08
0.875,4.0241662376082538e-08
0.8775,4.0352184942192058e-08
0.88,4.044349902727962e-08
0.8825,4.0514125395024679e-08
0.885,4.056289855926174e-08
0.8875,4.0589000179601081e-08
0.89,4.059198666113712e-08
0.8925,4.0571805006322752e-08
0.895,4.0528797338933878e-08
0.8975,4.0463692193173373e-08
0.9,4.0377577954927905e-08
0.9025,4.0271874924056635e-08
0.905,4.0148285420283704e-08
0.9075,4.0008746903980113e-08
0.91,3.9855394084170969e-08
0.9125,3.9690507568138316e-08
0.915,3.951648312510224e-08
0.9175,3.9335842050400781e-08
0.92,3.9151182511819158e-08
0.9225,3.8965134641971646e-08
0.925,3.8780277892793531e-08
0.9275,3.859906482424806e-08
0.93,3.8423784700060751e-08
0.9325,3.8256542133500951e-08
0.935,3.8099266180707016e-08
0.9375,3.7953721579954629e-08
0.94,3.7821536355814047e-08
0.9425,3.7704226104909905e-08
0.945,3.7603183376956791e-08
0.9475,3.7519654934192012e-08
0.95,3.7454718427536846e-08
0.9525,3.7409276953232988e-08
0.955,3.7384057928345239e-08
0.9575,3.7379619291153039e-08
0.96,3.7396377728973433e-08
0.9625,3.7434597807423031e-08
0.965,3.7494420238634003e-08
0.9675,3.7575848660497793e-08
0.97,3.7678703310841005e-08
0.9725,3.7802594988901729e-08
0.975,3.7946910459732797e-08
0.9775,3.8110801910647063e-08
0.98,3.8293183064739244e-08
0.9825,3.84927192594709e-08
0.985,3.8707832598890203e-08
0.9875,3.8936710949591399e-08
0.99,3.9177314600447106e-08
0.9925,3.9427391950420494e-08
0.995,3.9684491163764113e-08
0.9975,3.9945973154262501e-08
1.0,4.0209042394884417e-08
1.0025,4.0470782179027549e-08
1.005,4.0728187353086507e-08
1.0075,4.0978231302089988e-08
1.01,4.1217929337798803e-08
1.0125,4.144438525968533e-08
1.015,4.165488157390543e-08
1.0175,4.184693463330028e-08
1.02,4.2018331727104394e-08
1.0225,4.2167203394609388e-08
1.025,4.2292058275604911e-08
1.0275,4.2391820522548848e-08
1.03,4.2465840612765597e-08
1.0325,4.2513915259084749e-08
1.035,4.2536284873041996e-08
1.0375,4.2533632789241243e-08
1.04,4.2507066065223058e-08
1.0425,4.2458088399921653e-08
1.045,4.2388570417328268e-08
1.0475,4.230071058725226e-08
1.05,4.2196995376342488e-08
1.0525,4.2080148319654317e-08
1.055,4.19530712918318e-08
1.0575,4.1818788230058599e-08
1.06,4.1680368616766073e-08
1.0625,4.1540894831558979e-08
1.065,4.1403390514496801e-08
1.0675,4.1270771027243031e-08
1.07,4.1145799092857987e-08
1.0725,4.1031028500902728e-08
1.075,4.0928789227238595e-08
1.0775,4.0841089011641469e-08
1.08,4.0769618289752347e-08
1.0825,4.0715732180851513e-08
1.085,4.0680423868614907e-08
1.0875,4.0664301693692117e-08
1.09,4.0667587649058889e-08
1.0925,4.0690120772504372e-08
1.095,4.0731369562967502e-08
1.0975,4.0790454569192061e-08
1.1,4.0866180527774683e-08
1.1025,4.0957081273390654e-08
1.105,4.1061466990596352e-08
1.1075,4.117748375810725e-08
1.11,4.1303158232381372e-08
1.1125,4.1436445410386683e-08
1.115,4.1575253260859669e-08
1.1175,4.1717494833893555e-08
1.12,4.1861113127865837e-08
1.1225,4.2004109814992373e-08
1.125,4.2144579370545501e-08
1.1275,4.228073980426988e-08
1.13,4.2410959996476107e-08
1.1325,4.2533783922891665e-08
1.135,4.2647953690496826e-08
1.1375,4.275243388138869e-08
1.14,4.2846405076765192e-08
1.1425,4.2929282707434867e-08
1.145,4.3000722342189359e-08
1.1475,4.3060617098199075e-08
1.15,4.3109087796677206e-08
1.1525,4.3146460132903231e-08
1.155,4.3173242818970729e-08
1.1575,4.3190103836472724e-08
1.16,4.3197845074413698e-08
1.1625,4.3197374354740171e-08
1.165,4.3189680954987246e-08
1.1675,4.3175814199198786e-08
1.17,4.3156861205450541e-08
1.1725,4.3133927926985506e-08
1.175,4.3108121291215969e-08
1.1775,4.3080529985665605e-08
1.18,4.3052202511121027e-08
1.1825,4.3024126505578921e-08
1.185,4.299721779274567e-08
1.1875,4.2972322282955048e-08
1.19,4.2950211444831802e-08
1.1925,4.2931568389272544e-08
1.195,4.2916972652388744e-08
1.1975,4.2906893266209707e-08
1.2,4.2901687989866087e-08
1.2025,4.2901604282247672e-08
1.205,4.2906770509293675e-08
1.2075,4.2917182519681876e-08
1.21,4.2932693721796608e-08
1.2125,4.2953018092331329e-08
1.215,4.2977743048822169e-08
1.2175,4.3006355323456762e-08
1.22,4.3038271363877527e-08
1.2225,4.3072857064143809e-08
1.225,4.3109432589060425e-08
1.2275,4.3147260373637092e-08
1.23,4.3185542398031244e-08
1.2325,4.3223424209972048e-08
1.235,4.3260005840010723e-08
1.2375,4.3294358149915414e-08
1.24,4.3325537815396698e-08
1.2425,4.3352608504487382e-08
1.245,4.3374668644982915e-08
1.2475,4.3390882161680726e-08
1.25,4.3400498587258647e-08
1.2525,4.3402862445030843e-08
1.255,4.339742048923591e-08
1.2575,4.3383735722678152e-08
1.26,4.3361504987165749e-08
1.2625,4.3330564556094811e-08
1.265,4.3290885594965041e-08
1.2675,4.3242561600374148e-08
1.27,4.3185809728927976e-08
1.2725,4.3120979132431566e-08
1.275,4.3048560138183972e-08
1.2775,4.2969187042437657e-08
1.28,4.2883630677372867e-08
1.2825,4.2792758431845455e-08
1.285,4.2697516239671447e-08
1.2875,4.2598909951820396e-08
1.29,4.249798926055652e-08
1.2925,4.2395848849288565e-08
1.295,4.2293617345632034e-08
1.2975,4.219243953876182e-08
1.3,4.2093460282251673e-08
1.3025,4.199779926456224e-08
1.305,4.1906526996935571e-08
1.3075,4.1820650538178618e-08
1.31,4.1741107726743417e-08
1.3125,4.1668754275157305e-08
1.315,4.1604377617812965e-08
1.3175,4.1548670778571196e-08
1.32,4.1502237634348728e-08
1.3225,4.1465583684225411e-08
1.325,4.1439131079993854e-08
1.3275,4.1423217761755979e-08
1.33,4.141809332561683e-08
1.3325,4.1423906305023596e-08
1.335,4.1440700579916909e-08
1.3375,4.1468418552725558e-08
1.34,4.1506909384565865e-08
1.3425,4.1555932056749808e-08
1.345,4.1615153408308425e-08
1.3475,4.1684140063496815e-08
1.35,4.1762362701388176e-08
1.3525,4.1849190724689355e-08
1.355,4.1943912757542758e-08
1.3575,4.2045728362873425e-08
1.36,4.2153770077052358e-08
1.3625,4.2267103910355059e-08
1.365,4.2384738036760391e-08
1.3675,4.2505620078456918e-08
1.37,4.2628648608054993e-08
1.3725,4.2752678188717633e-08
1.375,4.2876544454535781e-08
1.3775,4.299908590222808e-08
1.38,4.3119160092983983e-08
1.3825,4.3235649207443214e-08
1.385,4.3347455018815037e-08
1.3875,4.345351024724076e-08
1.39,4.3552781627356408e-08
1.3925,4.3644285122235131e-08
1.395,4.3727097674926056e-08
1.3975,4.3800379506867679e-08
1.4,4.3863361999378281e-08
1.4025,4.391539043872743e-08
1.405,4.3955910176296307e-08
1.4075,4.3984488975214273e-08
1.41,4.4000827696065887e-08
1.4125,4.4004734538566858e-08
1.415,4.3996121774865933e-08
1.4175,4.3975009259488842e-08
1.42,4.3941538447287661e-08
1.4225,4.3895971003403457e-08
1.425,4.3838696672916102e-08
1.4275,4.3770219242270965e-08
1.43,4.3691143608673502e-08
1.4325,4.3602162000557627e-08
1.435,4.3504046626728788e-08
1.4375,4.3397646987473441e-08
1.44,4.3283890903418042e-08
1.4425,4.3163771321902522e-08
1.445,4.3038327705249498e-08
1.4475,4.2908626185468819e-08
1.45,4.2775764206509818e-08
1.4525,4.2640855701059016e-08
1.455,4.2505042695190978e-08
1.4575,4.2369478762671821e-08
1.46,4.223530955649204e-08
1.4625,4.2103661168857493e-08
1.465,4.1975640497170656e-08
1.4675,4.1852333469073426e-08
1.47,4.1734773041353479e-08
1.4725,4.1623928886340298e-08
1.475,4.1520675308831955e-08
1.4775,4.1425805011514669e-08
1.48,4.1340003446954215e-08
1.4825,4.1263847969696572e-08
1.485,4.1197795542926924e-08
1.4875,4.1142190259360774e-08
1.49,4.1097264671642909e-08
1.4925,4.1063142333835935e-08
1.495,4.1039833410293156e-08
1.4975,4.1027228685386901e-08
1.5,4.1025095221917423e-08
1.5025,4.1033076130944364e-08
1.505,4.1050686398779109e-08
1.5075,4.1077314990242196e-08
1.51,4.1112227389844632e-08
1.5125,4.1154590964770178e-08
1.515,4.120346843326109e-08
1.5175,4.125784448356712e-08
1.52,4.1316634961355523e-08
1.5225,4.1378704528134447e-08
1.525,4.1442872753594488e-08
1.5275,4.1507918769178255e-08
1.53,4.157258805841865e-08
1.5325,4.1635618833686799e-08
1.535,4.1695775129787751e-08
1.5375,4.1751866223023291e-08
1.54,4.1802749503917539e-08
1.5425,4.1847341596966021e-08
1.545,4.1884636628475879e-08
1.5475,4.1913698230583865e-08
1.55,4.1933713511260691e-08
1.5525,4.1943991105579946e-08
1.555,4.1943989610170634e-08
1.5575,4.1933316518530731e-08
1.56,4.1911739559486945e-08
1.5625,4.1879167093120239e-08
1.565,4.1835639647321305e-08
1.5675,4.1781315602086504e-08
1.57,4.1716474832564969e-08
1.5725,4.164152052081384e-08
1.575,4.1556979516816163e-08
1.5775,4.1463484583833818e-08
1.58,4.1361781746279778e-08
1.5825,4.1252729560611981e-08
1.585,4.1137288702164709e-08
1.5875,4.1016500627951603e-08
1.59,4.0891470339956597e-08
1.5925,4.0763323552026141e-08
1.595,4.0633177836064219e-08
1.5975,4.050213368817035e-08
1.6,4.0371268120343706e-08
1.6025,4.0241622971233351e-08
1.605,4.0114191325258901e-08
1.6075,3.998989464523846e-08
1.61,3.9869561632075621e-08
1.6125,3.9753932053527127e-08
1.615,3.9643656466705893e-08
1.6175,3.9539274718158495e-08
1.62,3.9441212310828789e-08
1.6225,3.9349767930977109e-08
1.625,3.9265103411788374e-08
1.6275,3.9187257325586777e-08
1.63,3.9116151850834573e-08
1.6325,3.9051596195806861e-08
1.635,3.8993291815170791e-08
1.6375,3.8940842573963098e-08
1.64,3.8893772524774615e-08
1.6425,3.8851545028145641e-08
1.645,3.8813571116860674e-08
1.6475,3.8779213697586919e-08
1.65,3.8747783649071048e-08
1.6525,3.8718553935889804e-08
1.655,3.8690788008069277e-08
1.6575,3.8663760138143382e-08
1.66,3.8636772991538479e-08
1.6625,3.8609159160080869e-08
1.665,3.8580276446920862e-08
1.6675,3.8549514822561075e-08
1.67,3.8516314802344746e-08
1.6725,3.8480184988730101e-08
1.675,3.8440705697500208e-08
1.6775,3.839751865718332e-08
1.68,3.8350313668324209e-08
1.6825,3.8298827807602146e-08
1.685,3.8242867424747611e-08
1.6875,3.8182326605370042e-08
1.69,3.8117190961600252e-08
1.6925,3.8047528885478773e-08
1.695,3.7973479119489637e-08
1.6975,3.7895237474190096e-08
1.7,3.7813044900714001e-08
1.7025,3.7727177472634059e-08
1.705,3.7637936678104431e-08
1.7075,3.7545636139992253e-08
1.71,3.7450593538176586e-08
1.7125,3.7353124817164127e-08
1.715,3.7253527630914332e-08
1.7175,3.7152107688957665e-08
1.72,3.7049216653477679e-08
1.7225,3.6945209300524307e-08
1.725,3.6840406348552537e-08
1.7275,3.6735092385078629e-08
1.73,3.6629503231621452e-08
1.7325,3.6523812778831677e-08
1.735,3.6418126202830128e-08
1.7375,3.6312486900298989e-08
1.74,3.6206914285289564e-08
1.7425,3.6101411892991534e-08
1.745,3.599591674878678e-08
1.7475,3.5890270089096781e-08
1.75,3.578427513867093e-08
1.7525,3.5677751443042708e-08
1.755,3.5570524558049865e-08
1.7575,3.5462366224831516e-08
1.76,3.535297871025431e-08
1.7625,3.5242005448158009e-08
1.765,3.5129045996420463e-08
1.7675,3.5013683506136927e-08
1.77,3.4895497941828347e-08
1.7725,3.4774063094066815e-08
1.775,3.4648947917330926e-08
1.7775,3.4519735637446965e-08
1.78,3.4386041266705937e-08
1.7825,3.4247539371859109e-08
1.785,3.4103971104004488e-08
1.7875,3.3955168780891509e-08
1.79,3.3801027296630533e-08
1.7925,3.3641477972243025e-08
1.795,3.347648841964751e-08
1.7975,3.3306072026825193e-08
1.8,3.3130301387048813e-08
1.8025,3.2949314175410551e-08
1.805,3.2763308182651246e-08
1.8075,3.2572280160172334e-08
1.81,3.2376725497255424e-08
1.8125,3.2177015442289754e-08
1.815,3.1973582823900151e-08
1.8175,3.1766925526455873e-08
1.82,3.1557596540776711e-08
1.8225,3.1346190817072349e-08
1.825,3.1133325003056385e-08
1.8275,3.0919613596443439e-08
1.83,3.0705681241732375e-08
1.8325,3.0492154700853181e-08
1.835,3.0279653631672421e-08
1.8375,3.0068778920395733e-08
1.84,2.9860111872604822e-08
1.8425,2.9654210614631528e-08
1.845,2.9451604519912983e-08
1.8475,2.9252785928286613e-08
1.85,2.9058223456931026e-08
1.8525,2.8868349225809229e-08
1.855,2.8683553285996109e-08
1.8575,2.8504160207764579e-08
1.86,2.8330428871277016e-08
1.8625,2.8162552003527017e-08
1.865,2.8000659952690475e-08
1.8675,2.7844829483637295e-08
1.87,2.7695085415267162e-08
1.8725,2.7551403772827917e-08
1.875,2.7413716977990228e-08
1.8775,2.728191876862265e-08
1.88,2.7155858703578292e-08
1.8825,2.7035336707083422e-08
1.885,2.6920107924034757e-08
1.8875,2.6809887488674827e-08
1.89,2.6704356711440217e-08
1.8925,2.6603175554144577e-08
1.895,2.6505987535087215e-08
1.8975,2.641241923220581e-08
1.9,2.63220729365763e-08
1.9025,2.6234541566380666e-08
1.905,2.6149413238690772e-08
1.9075,2.6066289495234981e-08
1.91,2.598478076263244e-08
1.9125,2.5904507995804482e-08
1.915,2.5825105785560714e-08
1.9175,2.5746222948332631e-08
1.92,2.5667510893889418e-08
1.9225,2.5588626154102741e-08
1.925,2.5509236612336049e-08
1.9275,2.5429027142319856e-08
1.93,2.5347724641194797e-08
1.9325,2.5265100966740838e-08
1.935,2.5180965333123458e-08
1.9375,2.5095158770145555e-08
1.94,2.5007535271673574e-08
1.9425,2.4917970272416952e-08
1.945,2.482636476955045e-08
1.9475,2.4732666565739341e-08
1.95,2.4636883969444577e-08
1.9525,2.4539062690203449e-08
1.955,2.4439288224509541e-08
1.9575,2.4337669919910934e-08
1.96,2.4234328406791976e-08
1.9625,2.4129403808277554e-08
1.965,2.402306787368531e-08
1.9675,2.3915532959667614e-08
1.97,2.3807042305626748e-08
1.9725,2.3697849752299326e-08
1.975,2.3588211217057093e-08
1.9775,2.3478387612203774e-08
1.98,2.3368637007642933e-08
1.9825,2.3259242245475503e-08
1.985,2.3150516535260337e-08
1.9875,2.3042781664204409e-08
1.99,2.2936342091380599e-08
1.9925,2.2831486113350085e-08
1.995,2.2728470397433779e-08
1.9975,2.2627515418667908e-08
2.0,2.2528830428830958e-08
2.0025,2.2432651228395821e-08
2.005,2.2339231983761783e-08
2.0075,2.224881416384381e-08
2.01,2.2161593051518737e-08
2.0125,2.2077695479438323e-08
2.015,2.1997202098630733e-08
2.0175,2.192016549717974e-08
2.02,2.1846624979861653e-08
2.0225,2.177661661647539e-08
2.025,2.1710172219444206e-08
2.0275,2.1647285938737006e-08
2.03,2.1587906597050371e-08
2.0325,2.1531974332835928e-08
2.035,2.1479454675973084e-08
2.0375,2.1430326400646225e-08
2.04,2.1384460518257012e-08
2.0425,2.1340457238902713e-08
2.045,2.1297611915452512e-08
2.0475,2.1256427947985082e-08
2.05,2.1216991570595008e-08
2.0525,2.1179125926169589e-08
2.055,2.1142841926899696e-08
2.0575,2.1107680783554826e-08
2.06,2.1073660088933316e-08
2.0625,2.1040724249685597e-08
2.065,2.1008101889849868e-08
2.0675,2.0976038252872678e-08
2.07,2.0944306880928913e-08
2.0725,2.0912740239609692e-08
2.075,2.0881091029299527e-08
2.0775,2.0849249868070394e-08
2.08,2.0816962423444689e-08
2.0825,2.0783960108724348e-08
2.085,2.0749882705431597e-08
2.0875,2.0714642924574098e-08
2.09,2.0678136355364933e-08
2.0925,2.0640227491516048e-08
2.095,2.0600796612125417e-08
2.0975,2.0559708575833174e-08
2.1,2.0516849000534186e-08
2.1025,2.0472140816317429e-08
2.105,2.0425599649122741e-08
2.1075,2.0377218382396311e-08
2.11,2.0327005468256882e-08
2.1125,2.0274996425157064e-08
2.115,2.0221251763656149e-08
2.1175,2.016582853508471e-08
2.12,2.0108816528111529e-08
2.1225,2.0050393234003179e-08
2.125,1.9990639267020556e-08
2.1275,1.9929788704442616e-08
2.13,1.9868025885937324e-08
2.1325,1.9805550789057087e-08
2.135,1.9742566039482013e-08
2.1375,1.967926904947046e-08
2.14,1.9615844375030976e-08
2.1425,1.9552467226150351e-08
2.145,1.948931563193132e-08
2.1475,1.9426535617157956e-08
2.15,1.9364374546042205e-08
2.1525,1.9303025346643941e-08
2.155,1.9242664119571096e-08
2.1575,1.9183486503828521e-08
2.16,1.9125628586961509e-08
2.1625,1.9069193912585891e-08
2.165,1.9014272030185069e-08
2.1675,1.8960936970418198e-08
2.17,1.8909159003785313e-08
2.1725,1.8859050306171268e-08
2.175,1.8810668248201147e-08
2.1775,1.8763995122537507e-08
2.18,1.8719005739877071e-08
2.1825,1.8675740275518332e-08
2.185,1.863429555220945e-08
2.1875,1.8594732734965733e-08
2.19,1.8556992418115933e-08
2.1925,1.8520990945698215e-08
2.195,1.8486609437708467e-08
2.1975,1.8453713213402088e-08
2.2,1.8422174954540679e-08
2.2025,1.8391880273789456e-08
2.205,1.8362710976737756e-08
2.2075,1.83345425026091e-08
2.21,1.8307248111638029e-08
2.2125,1.8280716612025561e-08
2.215,1.825489152839368e-08
2.2175,1.8229759879423012e-08
2.22,1.8205275088062338e-08
2.2225,1.8181315623287223e-08
2.225,1.8157724848677886e-08
2.2275,1.8134372650600582e-08
2.23,1.8111176147650815e-08
2.2325,1.8088083367518563e-08
2.235,1.8065122664221445e-08
2.2375,1.8042307030905425e-08
2.24,1.8019659426695133e-08
2.2425,1.7997204808480998e-08
2.245,1.7974959296048796e-08
2.2475,1.7952926642624778e-08
2.25,1.7931083502754666e-08
2.2525,1.79094661817588e-08
2.255,1.7888097024754897e-08
2.2575,1.786700307875596e-08
2.26,1.784621588441608e-08
2.2625,1.7825772065682555e-08
2.265,1.780570939513374e-08
2.2675,1.7786060598340858e-08
2.27,1.7766864581198922e-08
2.2725,1.7748175671920973e-08
2.275,1.7730059200378938e-08
2.2775,1.7712572162358895e-08
2.28,1.7695749462447863e-08
2.2825,1.7679595523971881e-08
2.285,1.7664090465285684e-08
2.2875,1.7649190829845993e-08
2.29,1.7634844271083437e-08
2.2925,1.7620979567901451e-08
2.295,1.7607572498024698e-08
2.2975,1.7594577443781797e-08
2.3,1.7581946214005945e-08
2.3025,1.7569612181448946e-08
2.305,1.75574857356647e-08
2.3075,1.7545443825973519e-08
2.31,1.7533450436945586e-08
2.3125,1.7521457161379148e-08
2.315,1.7509404161146815e-08
2.3175,1.7497195851552385e-08
2.32,1.7484695421884366e-08
2.3225,1.7471745663969018e-08
2.325,1.7458195935279665e-08
2.3275,1.7443906420142163e-08
2.33,1.7428774715615489e-08
2.3325,1.741271442447324e-08
2.335,1.7395633256856128e-08
2.3375,1.7377436793214069e-08
2.34,1.7358072695192999e-08
2.3425,1.7337558934736172e-08
2.345,1.7315924787720355e-08
2.3475,1.7293128479293417e-08
2.35,1.726905519962688e-08
2.3525,1.7243591160374413e-08
2.355,1.7216684774210811e-08
2.3575,1.7188380083984842e-08
2.36,1.7158774945477005e-08
2.3625,1.7127967999965132e-08
2.365,1.7096124843094207e-08
2.3675,1.7063383738712685e-08
2.37,1.7029857369813134e-08
2.3725,1.6995615215723127e-08
2.375,1.6960704127619487e-08
2.3775,1.6925216166476203e-08
2.38,1.6889315800601269e-08
2.3825,1.6853176378790555e-08
2.385,1.6816957692277203e-08
2.3875,1.67808006332952e-08
2.39,1.6744837124800408e-08
2.3925,1.6709201518562473e-08
2.395,1.667403249041871e-08
2.3975,1.6639470210942106e-08
2.4,1.6605651689517613e-08
2.4025,1.6572705563251265e-08
2.405,1.6540747993427419e-08
2.4075,1.6509884243150998e-08
2.41,1.6480215390052291e-08
2.4125,1.6451837159795609e-08
2.415,1.6424830322080945e-08
2.4175,1.6399252810304825e-08
2.42,1.6375134951498373e-08
2.4225,1.6352479882556341e-08
2.425,1.6331263256124979e-08
2.4275,1.6311447063092473e-08
2.43,1.6292989338362348e-08
2.4325,1.6275846645664354e-08
2.435,1.6259954295053104e-08
2.4375,1.6245187997108591e-08
2.44,1.6231541351008007e-08
2.4425,1.6218858739726633e-08
2.445,1.62070707439205e-08
2.4475,1.6196141624636768e-08
2.45,1.6185978912032029e-08
2.4525,1.6176435587535998e-08
2.455,1.6167334354888308e-08
2.4575,1.6158489224799211e-08
2.46,1.614972042094504e-08
2.4625,1.6140858779856604e-08
2.465,1.6131740086482552e-08
2.4675,1.6122201792145032e-08
2.47,1.6112085259863941e-08
2.4725,1.6101242147937025e-08
2.475,1.6089537732281581e-08
2.4775,1.607685208176303e-08
2.48,1.6063081098449778e-08
2.4825,1.6048140995736894e-08
2.485,1.6031966053682381e-08
2.4875,1.6014509519219699e-08
2.49,1.5995729857776097e-08
2.4925,1.5975601038801711e-08
2.495,1.5954102227326588e-08
2.4975,1.5931217983154995e-08
2.5,1.5906926177543563e-08
2.5025,1.5881231924084572e-08
2.505,1.585419240448886e-08
2.5075,1.5825896114043549e-08
2.51,1.5796450488562505e-08
2.5125,1.576595051178107e-08
2.515,1.5734471642347791e-08
2.5175,1.5702084265446107e-08
2.52,1.5668867131041983e-08
2.5225,1.5634931070657929e-08
2.525,1.5600402568933029e-08
2.5275,1.5565450183464248e-08
2.53,1.5530255601093929e-08
2.5325,1.5494996951345716e-08
2.535,1.545984917563772e-08
2.5375,1.5424969482818088e-08
2.54,1.5390489327229928e-08
2.5425,1.535652343374171e-08
2.545,1.5323187100560616e-08
2.5475,1.5290606780633434e-08
2.55,1.5258910380746037e-08
2.5525,1.522822596441767e-08
2.555,1.5198672608350525e-08
2.5575,1.5170355153016115e-08
2.56,1.5143361135426074e-08
2.5625,1.5117761021179172e-08
2.565,1.5093613931773751e-08
2.5675,1.507097100742206e-08
2.57,1.5049881450944288e-08
2.5725,1.5030392853021042e-08
2.575,1.5012544355370179e-08
2.5775,1.4996356307777437e-08
2.58,1.4981825857508649e-08
2.5825,1.4968926576015858e-08
2.585,1.4957596700065175e-08
2.5875,1.4947757812633769e-08
2.59,1.4939338215598943e-08
2.5925,1.4932256908632432e-08
2.595,1.4926410612002519e-08
2.5975,1.4921684874674069e-08
2.6,1.4917951878639349e-08
2.6025,1.4915071676854838e-08
2.605,1.4912898686013794e-08
2.6075,1.4911285153698292e-08
2.61,1.4910083544923882e-08
2.6125,1.4909144742558614e-08
2.615,1.4908320304755182e-08
2.6175,1.4907460421129624e-08
2.62,1.4906417181410557e-08
2.6225,1.4905049779363352e-08
2.625,1.4903228618879763e-08
2.6275,1.4900834440693972e-08
2.63,1.4897752700240297e-08
2.6325,1.4893872864770404e-08
2.635,1.4889093650933473e-08
2.6375,1.4883320390645737e-08
2.64,1.4876473373805181e-08
2.6425,1.4868478803425896e-08
2.645,1.4859277628986204e-08
2.6475,1.4848845703287947e-08
2.65,1.4837154837552394e-08
2.6525,1.4824186894115807e-08
2.655,1.480993718654256e-08
2.6575,1.4794411604735942e-08
2.66,1.4777631037305917e-08
2.6625,1.475963172502262e-08
2.665,1.4740458709809042e-08
2.6675,1.4720144189447028e-08
2.67,1.4698768776336966e-08
2.6725,1.4676401388874481e-08
2.675,1.4653116053432795e-08
2.6775,1.4628992378174538e-08
2.68,1.4604116481049878e-08
2.6825,1.4578581324707754e-08
2.685,1.4552484308529492e-08
2.6875,1.4525925412553349e-08
2.69,1.449900584552428e-08
2.6925,1.4471826125623651e-08
2.695,1.4444481195686458e-08
2.6975,1.4417061039586881e-08
2.7,1.438965067216203e-08
2.7025,1.4362335282471468e-08
2.705,1.4335201256723676e-08
2.7075,1.4308331986367749e-08
2.71,1.4281802982609264e-08
2.7125,1.4255681351225057e-08
2.715,1.4230027244241468e-08
2.7175,1.4204893516476982e-08
2.72,1.4180325162241316e-08
2.7225,1.4156354452458845e-08
2.725,1.4132974933199753e-08
2.7275,1.4110201965430905e-08
2.73,1.4088035256334972e-08
2.7325,1.4066457878475906e-08
2.735,1.4045441894422205e-08
2.7375,1.4024953006043037e-08
2.74,1.4004952081711975e-08
2.7425,1.3985397498871349e-08
2.745,1.3966245024010684e-08
2.7475,1.3947448567868725e-08
2.75,1.3928959547389679e-08
2.7525,1.3910728747795714e-08
2.755,1.3892708732159031e-08
2.7575,1.3874853890783919e-08
2.76,1.3857119964114005e-08
2.7625,1.3839461526529329e-08
2.765,1.3821832706357182e-08
2.7675,1.3804188022727422e-08
2.77,1.3786483903952662e-08
2.7725,1.3768683189655402e-08
2.775,1.3750755758910776e-08
2.7775,1.3732656907823369e-08
2.78,1.3714394721630432e-08
2.7825,1.3695959640460432e-08
2.785,1.3677349280377011e-08
2.7875,1.3658567412503253e-08
2.79,1.3639622900561971e-08
2.7925,1.362052975446004e-08
2.795,1.360130745190324e-08
2.7975,1.3581973909193008e-08
2.8,1.356255279714496e-08
2.8025,1.3543091513599784e-08
2.805,1.3523626763493339e-08
2.8075,1.3504198178048112e-08
2.81,1.3484850786228019e-08
2.8125,1.3465632552446325e-08
2.815,1.3446592435654095e-08
2.8175,1.3427777340793523e-08
2.82,1.3409233660500952e-08
2.8225,1.3391007545048737e-08
2.825,1.3373142708735766e-08
2.8275,1.3355677561297263e-08
2.83,1.3338644340041708e-08
2.8325,1.3322070610785268e-08
2.835,1.330598370880053e-08
2.8375,1.3290408993569058e-08
2.84,1.3275361705958312e-08
2.8425,1.3260860943530738e-08
2.845,1.3246909976915959e-08
2.8475,1.3233505606351449e-08
2.85,1.3220610144467754e-08
2.8525,1.3208233739483382e-08
2.855,1.3196349026513931e-08
2.8575,1.3184873803780769e-08
2.86,1.3173706708396876e-08
2.8625,1.3162779853062177e-08
2.865,1.3152065553906231e-08
2.8675,1.3141540918407844e-08
2.87,1.3131165260826005e-08
2.8725,1.3120868489772716e-08
2.875,1.3110583002629707e-08
2.8775,1.3100237117777595e-08
2.88,1.3089751222894603e-08
2.8825,1.3079034387174649e-08
2.885,1.3067999167316021e-08
2.8875,1.3056589882762584e-08
2.89,1.3044778462454842e-08
2.8925,1.3032518974352926e-08
2.895,1.3019725651869405e-08
2.8975,1.3006342539676032e-08
2.9,1.2992317078104961e-08
2.9025,1.2977622371483331e-08
2.905,1.2962248384178676e-08
2.9075,1.2946203393260783e-08
2.91,1.2929513914999823e-08
2.9125,1.291222324342233e-08
2.915,1.2894381957674391e-08
2.9175,1.2876018022150509e-08
2.92,1.2857198092295126e-08
2.9225,1.283796780178245e-08
2.925,1.2818375184878804e-08
2.9275,1.2798475257533481e-08
2.93,1.2778332109107069e-08
2.9325,1.2758020005366037e-08
2.935,1.2737621085674725e-08
2.9375,1.2717221301106096e-08
2.94,1.2696906811753071e-08
2.9425,1.2676761877590142e-08
2.945,1.265687088394961e-08
2.9475,1.2637319604350507e-08
2.95,1.2618180322810995e-08
2.9525,1.2599555059423744e-08
2.955,1.2581520648390043e-08
2.9575,1.2564142187395485e-08
2.96,1.2547472701299623e-08
2.9625,1.2531556506299237e-08
2.965,1.2516413412666847e-08
2.9675,1.2502092832080595e-08
2.97,1.2488638440214352e-08
2.9725,1.2476076905131436e-08
2.975,1.246442408022629e-08
2.9775,1.2453682705978021e-08
2.98,1.2443847003975542e-08
2.9825,1.2434896942490684e-08
2.985,1.2426802067941101e-08
2.9875,1.2419512670528723e-08
2.99,1.2412961711752701e-08
2.9925,1.2407069543145448e-08
2.995,1.2401743996392647e-08
2.9975,1.2396882450742745e-08
3.0,1.2392377896058007e-08
3.0025,1.2388121045354719e-08
3.005,1.2383979347663623e-08
3.0075,1.2379861548246649e-08
3.01,1.2375661460684169e-08
3.0125,1.2371263498516126e-08
3.015,1.2366540317155021e-08
3.0175,1.2361403301645133e-08
3.02,1.2355750463148965e-08
3.0225,1.2349481694972375e-08
3.025,1.2342504287776986e-08
3.0275,1.2334733987764897e-08
3.03,1.2326092614620653e-08
3.0325,1.2316511719695808e-08
3.035,1.2305930239594686e-08
3.0375,1.2294298563226356e-08
3.04,1.2281577090007516e-08
3.0425,1.2267737503258031e-08
3.045,1.2252744502497985e-08
3.0475,1.2236603984472356e-08
3.05,1.2219329781580204e-08
3.0525,1.2200941769849825e-08
3.055,1.2181472580232564e-08
3.0575,1.2160966913991244e-08
3.06,1.2139478372876509e-08
3.0625,1.2117050098362733e-08
3.065,1.2093778368284887e-08
3.0675,1.2069744528181449e-08
3.07,1.2045037600143786e-08
3.0725,1.2019755880413886e-08
3.075,1.1994005551467697e-08
3.0775,1.1967898504936314e-08
3.08,1.1941550372596601e-08
3.0825,1.1915079553885415e-08
3.085,1.188860716079647e-08
3.0875,1.1862255437965027e-08
3.09,1.1836141821669915e-08
3.0925,1.1810378357478871e-08
3.095,1.1785070788062768e-08
3.0975,1.1760316767777445e-08
3.1,1.1736204181745766e-08
3.1025,1.1712830498887261e-08
3.105,1.1690300426619576e-08
3.1075,1.1668687698017729e-08
3.11,1.1648053794704535e-08
3.1125,1.1628450636241462e-08
3.115,1.1609920061779004e-08
3.1175,1.1592492619703305e-08
3.12,1.1576185003472044e-08
3.1225,1.1560998858015905e-08
3.125,1.1546920882136195e-08
3.1275,1.1533924408243253e-08
3.13,1.1521972013305645e-08
3.1325,1.1511019776922444e-08
3.135,1.1500996820311713e-08
3.1375,1.1491864702970346e-08
3.14,1.1483572966422027e-08
3.1425,1.1476056753535867e-08
3.145,1.1469245417073875e-08
3.1475,1.1463063713793232e-08
3.15,1.1457423427923924e-08
3.1525,1.1452237293388286e-08
3.155,1.1447430846385756e-08
3.1575,1.1442913486465946e-08
3.16,1.1438594444979531e-08
3.1625,1.1434382606326401e-08
3.165,1.1430186632747783e-08
3.1675,1.1425907948834445e-08
3.17,1.1421463577747398e-08
3.1725,1.1416799765383796e-08
3.175,1.1411851716561946e-08
3.1775,1.1406559755514173e-08
3.18,1.1400869415745527e-08
3.1825,1.1394733651591308e-08
3.185,1.1388115843464673e-08
3.1875,1.1380984263536447e-08
3.19,1.1373299828725498e-08
3.1925,1.1365057426523999e-08
3.195,1.1356257766373049e-08
3.1975,1.1346903230229558e-08
3.2,1.1337002616375791e-08
3.2025,1.132656829315877e-08
3.205,1.131561968857694e-08
3.2075,1.1304166883226566e-08
3.21,1.1292247046086974e-08
3.2125,1.1279903794261428e-08
3.215,1.1267179156446901e-08
3.2175,1.1254116759925758e-08
3.22,1.1240760548513803e-08
3.2225,1.1227145750144298e-08
3.225,1.1213300040515623e-08
3.2275,1.1199290453276202e-08
3.23,1.1185170140760953e-08
3.2325,1.1170995643786213e-08
3.235,1.115682363722111e-08
3.2375,1.1142707350084984e-08
3.24,1.1128695255231077e-08
3.2425,1.1114833322923266e-08
3.245,1.1101162598668018e-08
3.2475,1.1087715435158518e-08
3.25,1.1074513745245837e-08
3.2525,1.106155518709038e-08
3.255,1.1048829244627086e-08
3.2575,1.1036367354060359e-08
3.26,1.1024161959700083e-08
3.2625,1.1012201904562508e-08
3.265,1.1000474685916469e-08
3.2675,1.098896661385994e-08
3.27,1.0977660534398364e-08
3.2725,1.0966536692856317e-08
3.275,1.0955573365164766e-08
3.2775,1.0944748991355049e-08
3.28,1.0934033594782315e-08
3.2825,1.0923388598933391e-08
3.285,1.0912808415413027e-08
3.2875,1.0902262712522065e-08
3.29,1.0891717163665374e-08
3.2925,1.0881114464084177e-08
3.295,1.0870443994721832e-08
3.2975,1.0859674658728981e-08
3.3,1.0848778285511578e-08
3.3025,1.0837731294233171e-08
3.305,1.0826512681434782e-08
3.3075,1.0815102904802039e-08
3.31,1.0803469213041852e-08
3.3125,1.0791603556651042e-08
3.315,1.0779507044881956e-08
3.3175,1.0767174626457467e-08
3.32,1.075460396356264e-08
3.3225,1.0741782334868579e-08
3.325,1.0728716420997937e-08
3.3275,1.0715426650326989e-08
3.33,1.0701925186554412e-08
3.3325,1.0688228198944014e-08
3.335,1.0674356095743791e-08
3.3375,1.0660332846637175e-08
3.34,1.0646184974783799e-08
3.3425,1.0631938336895245e-08
3.345,1.0617605864250612e-08
3.3475,1.0603231991124435e-08
3.35,1.0588824236604605e-08
3.3525,1.0574414494899416e-08
3.355,1.0560039499376102e-08
3.3575,1.0545729167578959e-08
3.36,1.0531516766595842e-08
3.3625,1.051743470263261e-08
3.365,1.0503511635349088e-08
3.3675,1.0489771545621979e-08
3.37,1.0476233258858421e-08
3.3725,1.0462912455865123e-08
3.375,1.0449795009454031e-08
3.3775,1.0436908531497259e-08
3.38,1.0424243889104699e-08
3.3825,1.0411793527092989e-08
3.385,1.0399549456910341e-08
3.3875,1.0387491015990864e-08
3.39,1.0375595197456962e-08
3.3925,1.0363838665357123e-08
3.395,1.0352198769708397e-08
3.3975,1.0340627205077139e-08
3.4,1.0329121611344665e-08
3.4025,1.031766128983438e-08
3.405,1.0306220686693455e-08
3.4075,1.0294772895282118e-08
3.41,1.0283289292520528e-08
3.4125,1.0271716134753416e-08
3.415,1.0260041569005477e-08
3.4175,1.0248229963604069e-08
3.42,1.0236220024963939e-08
3.4225,1.0224005716335629e-08
3.425,1.0211558205951732e-08
3.4275,1.0198851144399673e-08
3.43,1.0185862907506142e-08
3.4325,1.0172579279705849e-08
3.435,1.0158990224208574e-08
3.4375,1.014507752286348e-08
3.44,1.0130832560535715e-08
3.4425,1.011624758503001e-08
3.445,1.0101333553264214e-08
3.4475,1.0086105593709118e-08
3.45,1.0070579294257909e-08
3.4525,1.0054776145266284e-08
3.455,1.0038720840793562e-08
3.4575,1.0022439384745962e-08
3.46,1.0005955465404507e-08
3.4625,9.9892741353959855e-09
3.465,9.9724481194560892e-09
3.4675,9.9555066086964325e-09
3.47,9.9384850613299699e-09
3.4725,9.9214461913020237e-09
3.475,9.9044415887316815e-09
3.4775,9.8875216087668475e-09
3.48,9.8707337637012739e-09
3.4825,9.8541047759148502e-09
3.485,9.8376810543558936e-09
3.4875,9.8215107468363573e-09
3.49,9.8056322559630239e-09
3.4925,9.790087786204899e-09
3.495,9.7749194970624126e-09
3.4975,9.7601538620074014e-09
3.5,9.7458451611228821e-09
3.5025,9.7319999500985221e-09
3.505,9.7186701604927091e-09
3.5075,9.705879932039745e-09
3.51,9.6936431478429861e-09
3.5125,9.681965045659502e-09
3.515,9.6708423607136842e-09
3.5175,9.6602622731196454e-09
3.52,9.6501822961427532e-09
3.5225,9.6405791895958926e-09
3.525,9.6314465134946415e-09
3.5275,9.6227624890616365e-09
3.53,9.6144965561747986e-09
3.5325,9.6066145151898476e-09
3.535,9.5990777563265764e-09
3.5375,9.5918161624188555e-09
3.54,9.5848102715077739e-09
3.5425,9.5780137743672652e-09
3.545,9.571358481440036e-09
3.5475,9.564817693049613e-09
3.55,9.5583444398121905e-09
3.5525,9.5518827620770668e-09
3.555,9.5453642698422711e-09
3.5575,9.538759525958087e-09
3.56,9.5320211595359266e-09
3.5625,9.5250960919174132e-09
3.565,9.5179261159650797e-09
3.5675,9.5104867454076795e-09
3.57,9.5027320100556936e-09
3.5725,9.4946073138548903e-09
3.575,9.4860966516871191e-09
3.5775,9.4771701013835595e-09
3.58,9.4677936263129473e-09
3.5825,9.4579291254369188e-09
3.585,9.4475765929629102e-09
3.5875,9.4367225908385922e-09
3.59,9.4253458220140631e-09
3.5925,9.4134539634513245e-09
3.595,9.4010568843430716e-09
3.5975,9.3881425696608831e-09
3.6,9.3747317447268023e-09
3.6025,9.3608466696875803e-09
3.605,9.3465076740061333e-09
3.6075,9.3317397406701747e-09
3.61,9.3165568886401129e-09
3.6125,9.3009791726969402e-09
3.615,9.2850473840207966e-09
3.6175,9.2688047996891993e-09
3.62,9.2522862974646296e-09
3.6225,9.2355290795079929e-09
3.625,9.2185721529900592e-09
3.6275,9.2014340688107731e-09
3.63,9.1841618788454035e-09
3.6325,9.1668059586079381e-09
3.635,9.1494154772002916e-09
3.6375,9.1320282401041159e-09
3.64,9.1146661371389259e-09
3.6425,9.0973479997815751e-09
3.645,9.0801107250626773e-09
3.6475,9.0629703433060271e-09
3.65,9.0459294312380765e-09
3.6525,9.0290159488620479e-09
3.655,9.0122277170608827e-09
3.6575,8.9955978920007689e-09
3.66,8.9791390889970985e-09
3.6625,8.9628632983550074e-09
3.665,8.946766039380703e-09
3.6675,8.9308424612334842e-09
3.67,8.9151304794096326e-09
3.6725,8.8996357075907006e-09
3.675,8.8843600587230449e-09
3.6775,8.8692948191726763e-09
3.68,8.8544015321171187e-09
3.6825,8.83969747625289e-09
3.685,8.825175839508498e-09
3.6875,8.8108239188591989e-09
3.69,8.796624795386442e-09
3.6925,8.7825497638382465e-09
3.695,8.7686054817987664e-09
3.6975,8.754796309760876e-09
3.7,8.7411111092953257e-09
3.7025,8.7275284066233186e-09
3.705,8.714010190343842e-09
3.7075,8.7005616770208404e-09
3.71,8.687181906884039e-09
3.7125,8.6738623879705022e-09
3.715,8.6605919320584049e-09
3.7175,8.647335223509673e-09
3.72,8.6341256522204912e-09
3.7225,8.6209565860175649e-09
3.725,8.6078164091282171e-09
3.7275,8.5946738831164302e-09
3.73,8.5815181858196301e-09
3.7325,8.5683679677689364e-09
3.735,8.5552235108364197e-09
3.7375,8.5420738071101087e-09
3.74,8.5289194985186591e-09
3.7425,8.5157563304505334e-09
3.745,8.5025988356164529e-09
3.7475,8.4894325729642102e-09
3.75,8.476259195049621e-09
3.7525,8.4630839262753918e-09
3.755,8.4499021168088806e-09
3.7575,8.4367155411452078e-09
3.76,8.4235425079380648e-09
3.7625,8.4103938807593177e-09
3.765,8.3972608600986298e-09
3.7675,8.3841348116187914e-09
3.77,8.3710404397372676e-09
3.7725,8.3579724440947673e-09
3.775,8.3448995048988769e-09
3.7775,8.3318077466568458e-09
3.78,8.3187060457725707e-09
3.7825,8.3055827099419725e-09
3.785,8.2923994858930756e-09
3.7875,8.2791700027487845e-09
3.79,8.2658974575630718e-09
3.7925,8.2525609591055175e-09
3.795,8.2391442520596473e-09
3.7975,8.2256638087898734e-09
3.8,8.2121049163443326e-09
3.8025,8.1984509644538999e-09
3.805,8.1847108294619324e-09
3.8075,8.170884872118356e-09
3.81,8.1569576698210991e-09
3.8125,8.1429387099115238e-09
3.815,8.1288369107813915e-09
3.8175,8.1146347328160461e-09
3.82,8.1003447326347638e-09
3.8225,8.0859793365182857e-09
3.825,8.0715225638680108e-09
3.8275,8.0569972590136057e-09
3.83,8.0424161914609852e-09
3.8325,8.0277635291677167e-09
3.835,8.0130712440669287e-09
3.8375,7.9983477308879778e-09
3.84,7.9835842828569667e-09
3.8425,7.968824492079531e-09
3.845,7.9540630913708832e-09
3.8475,7.939315119007997e-09
3.85,7.9246141412895252e-09
3.8525,7.9099430646184307e-09
3.855,7.8953453949946191e-09
3.8575,7.8808268843144543e-09
3.86,7.8663910781045405e-09
3.8625,7.8520742891269212e-09
3.865,7.837863198198412e-09
3.8675,7.8237952601979768e-09
3.87,7.8098690818705268e-09
3.8725,7.7960951423977706e-09
3.875,7.7824888283159095e-09
3.8775,7.7690390561022354e-09
3.88,7.7557733226124153e-09
3.8825,7.7426754229138106e-09
3.885,7.7297675822598949e-09
3.8875,7.7170285130902652e-09
3.89,7.7044756743492848e-09
3.8925,7.6920848295152428e-09
3.895,7.6798711818436273e-09
3.8975,7.667806590172038e-09
3.9,7.6559013559682339e-09
3.9025,7.6441238828310097e-09
3.905,7.6324599836956327e-09
3.9075,7.6208898400633288e-09
3.91,7.609372981826025e-09
3.9125,7.5979007528024683e-09
3.915,7.5864338109552514e-09
3.9175,7.5749417939091925e-09
3.92,7.5633977406312728e-09
3.9225,7.5517616252075323e-09
3.925,7.5400166560635643e-09
3.9275,7.5281335954698536e-09
3.93,7.516046723265526e-09
3.9325,7.5035833797268522e-09
3.935,7.4905277749689413e-09
3.9375,7.476680718929966e-09
3.94,7.461678416379752e-09
3.9425,7.4450337299575542e-09
3.945,7.4278467218632533e-09
3.9475,7.4102282790656558e-09
3.95,7.3921404603938836e-09
3.9525,7.3735778481874047e-09
3.955,7.3546323783466274e-09
3.9575,7.3353935540772838e-09
3.96,7.315884332041374e-09
3.9625,7.2961118642817991e-09
3.965,7.2760824345810927e-09
3.9675,7.2558023006833459e-09
3.97,7.2352787236428115e-09
3.9725,7.2145220856755713e-09
3.975,7.1935449809386265e-09
3.9775,7.1723623290695704e-09
3.98,7.150991707731316e-09
3.9825,7.1294549725349169e-09
3.985,7.1077745480218339e-09
3.9875,7.0859733433984332e-09
3.99,7.064073019252372e-09
3.9925,7.0420963314971794e-09
3.995,7.0200671109514536e-09
3.9975,6.9980098132190665e-09
4.0,6.9759482330846287e-09
4.0025,6.9539046026967767e-09
4.005,6.9319003459730541e-09
4.0075,6.9099537616045123e-09
4.01,6.8880818257344969e-09
4.0125,6.8663012037192341e-09
4.015,6.8446284791810668e-09
4.0175,6.8230814689380979e-09
4.02,6.8016778994206512e-09
4.0225,6.7804349761513058e-09
4.025,6.7593671693514519e-09
4.0275,6.7384862449342086e-09
4.03,6.7177991520435553e-09
4.0325,6.6973078749671242e-09
4.035,6.6770107479759115e-09
4.0375,6.6569023857120621e-09
4.04,6.6369763834911319e-09
4.0425,6.6172238536176893e-09
4.045,6.5976354782473008e-09
4.0475,6.5782023729863295e-09
4.05,6.5589152032756754e-09
4.0525,6.5397644560850007e-09
4.055,6.5207393191513096e-09
4.0575,6.5018294775178591e-09
4.06,6.4830233642460801e-09
4.0625,6.4643103979059746e-09
4.065,6.4456798511426135e-09
4.0675,6.4271222129932119e-09
4.07,6.4086281908051367e-09
4.0725,6.3901882800192944e-09
4.075,6.3717932330206118e-09
4.0775,6.3534333971126681e-09
4.08,6.3350995704634305e-09
4.0825,6.3167838016167065e-09
4.085,6.2984799689934809e-09
4.0875,6.2801843933414954e-09
4.09,6.2618950068834039e-09
4.0925,6.2436107517554406e-09
4.095,6.2253319836988371e-09
4.0975,6.2070596894795106e-09
4.1,6.1887960618309016e-09
4.1025,6.1705435870683443e-09
4.105,6.1523049236286969e-09
4.1075,6.1340838906229573e-09
4.11,6.1158844439360286e-09
4.1125,6.0977121605595887e-09
4.115,6.0795727005157802e-09
4.1175,6.0614727219066839e-09
4.12,6.0434181035011288e-09
4.1225,6.025415480004943e-09
4.125,6.0074715475522148e-09
4.1275,5.9895929587326561e-09
4.13,5.9717855675849317e-09
4.1325,5.9540542524554938e-09
4.135,5.9364016702816448e-09
4.1375,5.9188298038540945e-09
4.14,5.9013396247824255e-09
4.1425,5.8839321453705189e-09
4.145,5.8666081370269349e-09
4.1475,5.8493659235427869e-09
4.15,5.8322037415097522e-09
4.1525,5.8151180933796367e-09
4.155,5.7981040641977182e-09
4.1575,5.7811555840057579e-09
4.16,5.7642636923054551e-09
4.1625,5.7474165001490899e-09
4.165,5.7305986800892676e-09
4.1675,5.7137934883317335e-09
4.17,5.6969823251861837e-09
4.1725,5.6801456541695515e-09
4.175,5.6632643763417617e-09
4.1775,5.6463208139469246e-09
4.18,5.6292990569703248e-09
4.1825,5.6121849231905315e-09
4.185,5.5949655350172308e-09
4.1875,5.5776289329251438e-09
4.19,5.5601644288996658e-09
4.1925,5.5425612396499079e-09
4.195,5.5248088989859578e-09
4.1975,5.5068979656914564e-09
4.2,5.4888204388610422e-09
4.2025,5.4705700431818042e-09
4.205,5.4521407670843907e-09
4.2075,5.4335275456804479e-09
4.21,5.4147270736305292e-09
4.2125,5.3957379234642089e-09
4.215,5.3765615668402557e-09
4.2175,5.3572021643848449e-09
4.22,5.3376668559338034e-09
4.2225,5.3179652098756106e-09
4.225,5.2981088954027507e-09
4.2275,5.2781113296457198e-09
4.23,5.2579874227712822e-09
4.2325,5.2377525782781917e-09
4.235,5.217422917913672e-09
4.2375,5.1970146951572122e-09
4.24,5.1765444859338278e-09
4.2425,5.1560284090976169e-09
4.245,5.1354825199268117e-09
4.2475,5.1149229626964507e-09
4.25,5.0943660759075921e-09
4.2525,5.0738285122542055e-09
4.255,5.0533269886260257e-09
4.2575,5.0328777293095992e-09
4.26,5.0124956176133665e-09
4.2625,4.9921928872209136e-09
4.265,4.9719786819345645e-09
4.2675,4.9518592784569727e-09
4.27,4.9318379530954401e-09
4.2725,4.9119157849136327e-09
4.275,4.8920920011441807e-09
4.2775,4.8723643935627441e-09
4.28,4.8527309288301998e-09
4.2825,4.8331874418487773e-09
4.285,4.8137275530791221e-09
4.2875,4.7943421881483097e-09
4.29,4.7750180653099507e-09
4.2925,4.7557383513902696e-09
4.295,4.7364828512260639e-09
4.2975,4.7172277153973367e-09
4.3,4.6979464732190355e-09
4.3025,4.6786102985100657e-09
4.305,4.6591898143665488e-09
4.3075,4.6396553348413667e-09
4.31,4.619977367980987e-09
4.3125,4.6001272579378508e-09
4.315,4.5800772053673088e-09
4.3175,4.5598006711323315e-09
4.32,4.5392721877237332e-09
4.3225,4.5184672064000779e-09
4.325,4.4973629449077161e-09
4.3275,4.475937749776609e-09
4.33,4.4541718728363647e-09
4.3325,4.4320470327524625e-09
4.335,4.4095459490764622e-09
4.3375,4.3866518736529853e-09
4.34,4.3633495082835832e-09
4.3425,4.3396248927035199e-09
4.345,4.3154663666961268e-09
4.3475,4.2908659209208722e-09
4.35,4.2658194549523042e-09
4.3525,4.2403260452177107e-09
4.355,4.2143875148037975e-09
4.3575,4.1880090185778069e-09
4.36,4.1611986607046895e-09
4.3625,4.1339659630620776e-09
4.365,4.1063231306585264e-09
4.3675,4.0782859642309025e-09
4.37,4.0498743948091732e-09
4.3725,4.0211128121360627e-09
4.375,3.9920283655279339e-09
4.3775,3.9626489906565254e-09
4.38,3.9330080322215713e-09
4.3825,3.9031448978495489e-09
4.385,3.8731040195791842e-09
4.3875,3.8429343116586804e-09
4.39,3.8126885517785913e-09
4.3925,3.7824251954667172e-09
4.395,3.7522026258180584e-09
4.3975,3.7220771626317134e-09
4.4,3.6921039448642379e-09
4.4025,3.662338440217963e-09
4.405,3.6328363171394033e-09
4.4075,3.6036524786764117e-09
4.41,3.5748403695017836e-09
4.4125,3.5464511302256501e-09
4.415,3.518533042888107e-09
4.4175,3.4911299228485248e-09
4.42,3.464281162451969e-09
4.4225,3.4380205752331291e-09
4.425,3.4123766575911907e-09
4.4275,3.3873741043095065e-09
4.43,3.3630329534866604e-09
4.4325,3.339369630939465e-09
4.435,3.3163976007344201e-09
4.4375,3.2941269834832901e-09
4.44,3.2725653061545167e-09
4.4425,3.2517173736570458e-09
4.445,3.231584098084735e-09
4.4475,3.2121634444830789e-09
4.45,3.1934497718250069e-09
4.4525,3.1754336977785196e-09
4.455,3.1581023895624543e-09
4.4575,3.1414409901791677e-09
4.46,3.1254333369512497e-09
4.4625,3.1100615336036106e-09
4.465,3.095305989615183e-09
4.4675,3.0811446025828874e-09
4.47,3.0675555660703329e-09
4.4725,3.0545172717763087e-09
4.475,3.0420073634190482e-09
4.4775,3.0300050115656894e-09
4.48,3.0184915497699636e-09
4.4825,3.007449327122606e-09
4.485,2.9968617107742256e-09
4.4875,2.9867110079791089e-09
4.49,2.9769819168844367e-09
4.4925,2.9676605617184434e-09
4.495,2.9587343342301485e-09
4.4975,2.9501919273472974e-09
4.5,2.9420229417187233e-09
4.5025,2.9342186096180316e-09
4.505,2.92677038305611e-09
4.5075,2.9196700938445286e-09
4.51,2.9129098439748524e-09
4.5125,2.9064826675314323e-09
4.515,2.9003836428375831e-09
4.5175,2.8946083759488615e-09
4.52,2.8891527188219221e-09
4.5225,2.8840104144275006e-09
4.525,2.8791727075587154e-09
4.5275,2.8746277697290882e-09
4.53,2.8703633125965878e-09
4.5325,2.8663662686392677e-09
4.535,2.8626247154525726e-09
4.5375,2.8591279679373351e-09
4.54,2.8558656747352185e-09
4.5425,2.8528288811102099e-09
4.545,2.850008645199608e-09
4.5475,2.8473959460594951e-09
4.55,2.8449807134441852e-09
4.5525,2.842751446110916e-09
4.555,2.8406952837420637e-09
4.5575,2.8387976619644453e-09
4.56,2.8370438961462966e-09
4.5625,2.8354197803663694e-09
4.565,2.8339119639588821e-09
4.5675,2.8325079701139735e-09
4.57,2.8311957973226374e-09
4.5725,2.8299637987874107e-09
4.575,2.8288004704483718e-09
4.5775,2.8276946168561033e-09
4.58,2.8266354990822926e-09
4.5825,2.8256119106285578e-09
4.585,2.8246134602015425e-09
4.5875,2.8236297498138649e-09
4.59,2.822650830463871e-09
4.5925,2.8216671985835775e-09
4.595,2.8206710043379993e-09
4.5975,2.81965556638864e-09
4.6,2.8186151989144347e-09
4.6025,2.8175453376860755e-09
4.605,2.8164428037679904e-09
4.6075,2.8153044401976874e-09
4.61,2.8141280911651282e-09
4.6125,2.8129124502499991e-09
4.615,2.8116573176770624e-09
4.6175,2.8103639542601239e-09
4.62,2.8090349129934301e-09
4.6225,2.807673805765602e-09
4.625,2.8062852433901899e-09
4.6275,2.8048744799992598e-09
4.63,2.8034472979336969e-09
4.6325,2.8020099697534146e-09
4.635,2.8005692850781032e-09
4.6375,2.7991323919948624e-09
4.64,2.7977072793482443e-09
4.6425,2.7963028327858433e-09
4.645,2.7949288171616469e-09
4.6475,2.7935954877344527e-09
4.65,2.79231305263259e-09
4.6525,2.7910906417385137e-09
4.655,2.7899363503554942e-09
4.6575,2.788857192588198e-09
4.66,2.7878590552550102e-09
4.6625,2.7869475957521342e-09
4.665,2.7861277905611478e-09
4.6675,2.7854042061574212e-09
4.67,2.7847814574529226e-09
4.6725,2.7842633117427315e-09
4.675,2.7838523964455209e-09
4.6775,2.783550237814685e-09
4.68,2.7833562643710524e-09
4.6825,2.7832675493939538e-09
4.685,2.7832802929821269e-09
4.6875,2.7833887865470487e-09
4.69,2.7835860353828383e-09
4.6925,2.7838636007432386e-09
4.695,2.7842121112622461e-09
4.6975,2.7846220369071306e-09
4.7,2.7850835154406992e-09
4.7025,2.7855867505270769e-09
4.705,2.7861222259326401e-09
4.7075,2.7866805585681637e-09
4.71,2.7872528989485392e-09
4.7125,2.7878308273097581e-09
4.715,2.7884050164593519e-09
4.7175,2.7889657570834772e-09
4.72,2.7895027403939143e-09
4.7225,2.7900045065154563e-09
4.725,2.790461088807462e-09
4.7275,2.7908630856516558e-09
4.73,2.7912011693678116e-09
4.7325,2.7914681527221764e-09
4.735,2.7916580971375395e-09
4.7375,2.791766889100689e-09
4.74,2.7917931565235683e-09
4.7425,2.791736616136612e-09
4.745,2.7915992123080413e-09
4.7475,2.7913831871258285e-09
4.75,2.7910912961838193e-09
4.7525,2.7907254481855265e-09
4.755,2.7902884172222236e-09
4.7575,2.7897835076796124e-09
4.76,2.7892159793758673e-09
4.7625,2.7885928490411457e-09
4.765,2.7879221802552185e-09
4.7675,2.7872125758751264e-09
4.77,2.7864730761840552e-09
4.7725,2.7857134253272452e-09
4.775,2.7849436099787161e-09
4.7775,2.7841740749487396e-09
4.78,2.7834153981792974e-09
4.7825,2.7826773219236749e-09
4.785,2.7819688620507929e-09
4.7875,2.7812982079505099e-09
4.79,2.7806723729369458e-09
4.7925,2.7800983588305677e-09
4.795,2.7795828719647622e-09
4.7975,2.7791321979332934e-09
4.8,2.7787524170090412e-09
4.8025,2.7784492114365324e-09
4.805,2.7782282258879061e-09
4.8075,2.7780927610432056e-09
4.81,2.778045006518445e-09
4.8125,2.7780850166051379e-09
4.815,2.7782113842307637e-09
4.8175,2.778420477839882e-09
4.82,2.7787068864049761e-09
4.8225,2.7790644988500977e-09
4.825,2.7794869316487782e-09
4.8275,2.7799669584434673e-09
4.83,2.7804968676799428e-09
4.8325,2.7810685629842596e-09
4.835,2.7816733975431249e-09
4.8375,2.7823027018046982e-09
4.84,2.782947046949731e-09
4.8425,2.7835969037479297e-09
4.845,2.784244211533981e-09
4.8475,2.7848812161740734e-09
4.85,2.7855004061968021e-09
4.8525,2.786093667201288e-09
4.855,2.7866533661473174e-09
4.8575,2.7871720099532242e-09
4.86,2.7876421404713831e-09
4.8625,2.7880572033399675e-09
4.865,2.7884118400898515e-09
4.8675,2.788701481183892e-09
4.87,2.7889229836115392e-09
4.8725,2.7890735061294998e-09
4.875,2.7891519985099105e-09
4.8775,2.7891576342774133e-09
4.88,2.7890906000787295e-09
4.8825,2.7889517714396196e-09
4.885,2.7887435918974155e-09
4.8875,2.7884687796977457e-09
4.89,2.7881312549234067e-09
4.8925,2.7877352914046665e-09
4.895,2.7872866140217891e-09
4.8975,2.7867911353111078e-09
4.9,2.7862558804872103e-09
4.9025,2.7856877332160027e-09
4.905,2.7850935563928271e-09
4.9075,2.7844796447355676e-09
4.91,2.783852530164479e-09
4.9125,2.783218664360663e-09
4.915,2.7825845706921289e-09
4.9175,2.7819565192655902e-09
4.92,2.7813404219376988e-09
4.9225,2.7807415326311239e-09
4.925,2.7801646839961681e-09
4.9275,2.779615119534498e-09
4.93,2.7790973046026943e-09
4.9325,2.7786146364604182e-09
4.935,2.7781689576724007e-09
4.9375,2.7777608184606678e-09
4.94,2.7773893112705474e-09
4.9425,2.7770525936782739e-09
4.945,2.7767476640176235e-09
4.9475,2.7764703666683268e-09
4.95,2.7762164287336561e-09
4.9525,2.7759806094720923e-09
4.955,2.7757571186701028e-09
4.9575,2.7755400815628776e-09
4.96,2.7753240815339323e-09
4.9625,2.7751043316750611e-09
4.965,2.7748767835756958e-09
4.9675,2.7746379707228042e-09
4.97,2.7743838699242271e-09
4.9725,2.7741097270815971e-09
4.975,2.7738101053847952e-09
4.9775,2.7734792647280294e-09
4.98,2.7731110926438722e-09
4.9825,2.7727007772843155e-09
4.985,2.7722449795869116e-09
4.9875,2.771741596909381e-09
4.99,2.771189504981015e-09
4.9925,2.7705886066577567e-09
4.995,2.7699395293531822e-09
4.9975,2.7692439239517424e-09
5.0,2.7685043821821969e-09
5.0025,2.7677243442456124e-09
5.005,2.7669079381760186e-09
5.0075,2.7660596013726199e-09
5.01,2.7651845360829686e-09
5.0125,2.7642882700457395e-09
5.015,2.763378119592929e-09
5.0175,2.7624622971330668e-09
5.02,2.7615507055324462e-09
5.0225,2.7606535956835709e-09
5.025,2.7597815862455434e-09
5.0275,2.7589443495560308e-09
5.03,2.7581514548189562e-09
5.0325,2.7574110922801308e-09
5.035,2.7567316404554971e-09
5.0375,2.7561204514977713e-09
5.04,2.7555846964600805e-09
5.0425,2.7551306709065416e-09
5.045,2.7547641931418702e-09
5.0475,2.7544909113674013e-09
5.05,2.7543154630110583e-09
5.0525,2.7542417760079336e-09
5.055,2.754271805194791e-09
5.0575,2.7544068775746088e-09
5.06,2.7546470829516406e-09
5.0625,2.7549921330440511e-09
5.065,2.7554407953467509e-09
5.0675,2.7559908733683019e-09
5.07,2.7566373395383036e-09
5.0725,2.757374293245206e-09
5.075,2.7581941567914378e-09
5.0775,2.7590877260090635e-09
5.08,2.7600449152394378e-09
5.0825,2.7610547023401501e-09
5.085,2.7621055887149609e-09
5.0875,2.7631859592582999e-09
5.09,2.7642836926758077e-09
5.0925,2.7653863953082847e-09
5.095,2.7664821693797486e-09
5.0975,2.7675584224143916e-09
5.1,2.7686026052915849e-09
5.1025,2.7696029696553401e-09
5.105,2.770546883211974e-09
5.1075,2.7714238384589733e-09
5.11,2.7722239451649252e-09
5.1125,2.772937955750909e-09
5.115,2.7735586728557833e-09
5.1175,2.7740818129172514e-09
5.12,2.7745033998272265e-09
5.1225,2.7748215732651241e-09
5.125,2.775034425905914e-09
5.1275,2.7751412910958304e-09
5.13,2.7751419583893417e-09
5.1325,2.7750371436885502e-09
5.135,2.7748279406618028e-09
5.1375,2.7745167498108418e-09
5.14,2.774107180986826e-09
5.1425,2.7736047244089297e-09
5.145,2.7730166702254541e-09
5.1475,2.7723520763738908e-09
5.15,2.7716214199168168e-09
5.1525,2.7708356759307335e-09
5.155,2.7700062458644014e-09
5.1575,2.7691443455158778e-09
5.16,2.7682612234131443e-09
5.1625,2.7673678186633211e-09
5.165,2.7664752880000663e-09
5.1675,2.7655943532926312e-09
5.17,2.7647362735926433e-09
5.1725,2.7639114021495643e-09
5.175,2.7631302842657532e-09
5.1775,2.7624020516380254e-09
5.18,2.7617360885488921e-09
5.1825,2.7611405790406268e-09
5.185,2.7606231186201922e-09
5.1875,2.7601896164366372e-09
5.19,2.7598435516177942e-09
5.1925,2.75958728441195e-09
5.195,2.7594206100871029e-09
5.1975,2.7593413248915187e-09
5.2,2.7593467547988592e-09
5.2025,2.7594336130463126e-09
5.205,2.7595976770652061e-09
5.2075,2.7598339394981025e-09
5.21,2.7601358123283621e-09
5.2125,2.7604959880302347e-09
5.215,2.760906312255454e-09
5.2175,2.7613574367479484e-09
5.22,2.7618388813987852e-09
5.2225,2.7623395421458664e-09
5.225,2.7628485744120774e-09
5.2275,2.7633552790605337e-09
5.23,2.7638492998992117e-09
5.2325,2.7643210663184898e-09
5.235,2.7647614760078078e-09
5.2375,2.7651607311617302e-09
5.24,2.7655101938987149e-09
5.2425,2.765801445359196e-09
5.245,2.7660258568165561e-09
5.2475,2.7661761298839341e-09
5.25,2.7662456544739568e-09
5.2525,2.7662282869318497e-09
5.255,2.7661207049771377e-09
5.2575,2.7659213370231214e-09
5.26,2.7656309967607628e-09
5.2625,2.7652518291506876e-09
5.265,2.7647869804501605e-09
5.2675,2.7642402765309186e-09
5.27,2.7636165884090888e-09
5.2725,2.7629211998807522e-09
5.275,2.7621605283469982e-09
5.2775,2.7613418830301214e-09
5.28,2.7604732260765692e-09
5.2825,2.7595633171988238e-09
5.285,2.758621843748118e-09
5.2875,2.7576592004090941e-09
5.29,2.7566863895153307e-09
5.2925,2.755714386246367e-09
5.295,2.7547536569888645e-09
5.2975,2.7538142689346938e-09
5.3,2.7529061108435584e-09
5.3025,2.7520380496961792e-09
5.305,2.7512189032501444e-09
5.3075,2.7504562610934338e-09
5.31,2.7497571008682743e-09
5.3125,2.7491273949471834e-09
5.315,2.7485714538958811e-09
5.3175,2.7480928672035955e-09
5.32,2.7476944839834245e-09
5.3225,2.747378876055313e-09
5.325,2.7471478630640552e-09
5.3275,2.7470019557744051e-09
5.33,2.7469407999760671e-09
5.3325,2.7469623057011386e-09
5.335,2.7470620215131517e-09
5.3375,2.7472335119442925e-09
5.34,2.7474690823966233e-09
5.3425,2.7477600624560402e-09
5.345,2.7480970649302378e-09
5.3475,2.7484709702909658e-09
5.35,2.7488727704192068e-09
5.3525,2.7492939968444008e-09
5.355,2.7497258254844165e-09
5.3575,2.7501586271894953e-09
5.36,2.7505823323473037e-09
5.3625,2.7509870776067651e-09
5.365,2.7513625014269261e-09
5.3675,2.7516992854066998e-09
5.37,2.7519892372259357e-09
5.3725,2.7522258548699461e-09
5.375,2.7524038913359578e-09
5.3775,2.7525201200042505e-09
5.38,2.7525723000600323e-09
5.3825,2.752558963396398e-09
5.385,2.7524797878256984e-09
5.3875,2.7523338940346788e-09
5.39,2.7521214844144166e-09
5.3925,2.7518434564200603e-09
5.395,2.7515022078167035e-09
5.3975,2.7511020514904963e-09
5.4,2.7506495013096007e-09
5.4025,2.7501524174822323e-09
5.405,2.7496200332153377e-09
5.4075,2.749061068061645e-09
5.41,2.7484841563979431e-09
5.4125,2.7478980814935235e-09
5.415,2.7473117060880632e-09
5.4175,2.7467342241263407e-09
5.42,2.7461754160947074e-09
5.4225,2.7456452716620207e-09
5.425,2.7451533084752859e-09
5.4275,2.7447087929694112e-09
5.43,2.7443206357910836e-09
5.4325,2.7439969272298828e-09
5.435,2.7437462798472244e-09
5.4375,2.7435764016269913e-09
5.44,2.7434954858897617e-09
5.4425,2.7435092528370644e-09
5.445,2.7436218732147927e-09
5.4475,2.7438350952231924e-09
5.45,2.7441485924250016e-09
5.4525,2.7445610409824904e-09
5.455,2.7450693455570389e-09
5.4575,2.7456686995199115e-09
5.46,2.7463542888183841e-09
5.4625,2.7471186944049904e-09
5.465,2.7479525814066638e-09
5.4675,2.7488456097905551e-09
5.47,2.749787102512278e-09
5.4725,2.750767362967064e-09
5.475,2.7517769955241704e-09
5.4775,2.7528058977471505e-09
5.48,2.7538438134676213e-09
5.4825,2.7548792427936741e-09
5.485,2.7558991223062298e-09
5.4875,2.756890201540006e-09
5.49,2.7578398045593881e-09
5.4925,2.7587354948482697e-09
5.495,2.7595665316910623e-09
5.4975,2.7603230117614147e-09
5.5,2.7609943661001116e-09
5.5025,2.7615719932030679e-09
5.505,2.7620483744088023e-09
5.5075,2.7624161914855724e-09
5.51,2.7626702373511805e-09
5.5125,2.762805793477181e-09
5.515,2.7628206272467677e-09
5.5175,2.7627134827753304e-09
5.52,2.7624852765906466e-09
5.5225,2.7621382011839163e-09
5.525,2.761676321753594e-09
5.5275,2.7611054736177733e-09
5.53,2.7604326463748844e-09
5.5325,2.7596661067408899e-09
5.535,2.7588143756049458e-09
5.5375,2.757886751504367e-09
5.54,2.7568927281722459e-09
5.5425,2.755842307922818e-09
5.545,2.754746098475022e-09
5.5475,2.753615694681984e-09
5.55,2.7524636785420868e-09
5.5525,2.7513032520560625e-09
5.555,2.7501475745303112e-09
5.5575,2.7490091024808229e-09
5.56,2.7478991096527884e-09
5.5625,2.7468281945158616e-09
5.565,2.7458060931394521e-09
5.5675,2.7448420882765735e-09
5.57,2.7439444819128469e-09
5.5725,2.7431199835582024e-09
5.575,2.7423741637506311e-09
5.5775,2.7417117190729033e-09
5.58,2.7411362802471999e-09
5.5825,2.7406509121120483e-09
5.585,2.7402572873289241e-09
5.5875,2.7399559099696639e-09
5.59,2.739745364888399e-09
5.5925,2.7396231659908114e-09
5.595,2.739584524761456e-09
5.5975,2.7396230342525067e-09
5.6,2.7397312969219216e-09
5.6025,2.7399013146970672e-09
5.605,2.7401250111321572e-09
5.6075,2.7403944456187627e-09
5.61,2.7407014023409297e-09
5.6125,2.7410371579080094e-09
5.615,2.7413915393366698e-09
5.6175,2.741753903239346e-09
5.62,2.7421131409474461e-09
5.6225,2.7424584162818881e-09
5.625,2.7427803915478698e-09
5.6275,2.7430707039203377e-09
5.63,2.7433219340547046e-09
5.6325,2.743528195870971e-09
5.635,2.7436851091335692e-09
5.6375,2.7437886160080733e-09
5.64,2.7438358020625974e-09
5.6425,2.7438249661678349e-09
5.645,2.7437540866722615e-09
5.6475,2.743622023179413e-09
5.65,2.7434282699961166e-09
5.6525,2.7431732359250392e-09
5.655,2.7428590876686171e-09
5.6575,2.7424895821239338e-09
5.66,2.7420702082673765e-09
5.6625,2.7416077756721803e-09
5.665,2.7411093374647905e-09
5.6675,2.7405824834542623e-09
5.67,2.7400350441421655e-09
5.6725,2.7394748437262182e-09
5.675,2.7389101694926361e-09
5.6775,2.7383493017020498e-09
5.68,2.737800600912417e-09
5.6825,2.7372722420773831e-09
5.685,2.7367721067877495e-09
5.6875,2.7363080492710932e-09
5.69,2.7358879020059762e-09
5.6925,2.7355193005154091e-09
5.695,2.7352102675194109e-09
5.6975,2.7349684260784181e-09
5.7,2.7348000443154483e-09
5.7025,2.7347092892133019e-09
5.705,2.7346987210630733e-09
5.7075,2.7347688504122996e-09
5.71,2.7349183737423577e-09
5.7125,2.7351461170516405e-09
5.715,2.73544943495555e-09
5.7175,2.7358247112010554e-09
5.72,2.7362662512957376e-09
5.7225,2.7367671500535093e-09
5.725,2.7373184856592588e-09
5.7275,2.7379110304865753e-09
5.73,2.738535792581684e-09
5.7325,2.7391849320105397e-09
5.735,2.7398511373784503e-09
5.7375,2.7405270173824054e-09
5.74,2.7412045621062914e-09
5.7425,2.7418745501196363e-09
5.745,2.7425260045644285e-09
5.7475,2.7431489572311935e-09
5.75,2.7437336399592391e-09
5.7525,2.7442712045485786e-09
5.755,2.7447530009687565e-09
5.7575,2.7451720041813804e-09
5.76,2.7455231168614638e-09
5.7625,2.745800909273562e-09
5.765,2.74600139754766e-09
5.7675,2.7461217809175858e-09
5.77,2.7461594593729847e-09
5.7725,2.746114437694905e-09
5.775,2.7459869478820535e-09
5.7775,2.7457794830966608e-09
5.78,2.7454957482653129e-09
5.7825,2.7451415169006502e-09
5.785,2.7447234595261216e-09
5.7875,2.7442495115633714e-09
5.79,2.7437282190559829e-09
5.7925,2.7431679161070692e-09
5.795,2.7425769205107019e-09
5.7975,2.7419632269641529e-09
5.8,2.7413350196571371e-09
5.8025,2.740701477130459e-09
5.805,2.7400727047641121e-09
5.8075,2.7394594529649385e-09
5.81,2.7388726874048845e-09
5.8125,2.7383232042493127e-09
5.815,2.7378202344868075e-09
5.8175,2.7373724562471447e-09
5.82,2.7369869219740401e-09
5.8225,2.7366709927608628e-09
5.825,2.7364303571797213e-09
5.8275,2.7362703143840308e-09
5.83,2.7361935676370682e-09
5.8325,2.7362018804017424e-09
5.835,2.7362956198630459e-09
5.8375,2.7364740053364521e-09
5.84,2.7367354054272494e-09
5.8425,2.7370772021693016e-09
5.845,2.7374954047450528e-09
5.8475,2.7379846927972147e-09
5.85,2.7385391464581583e-09
5.8525,2.7391509339389061e-09
5.855,2.7398105005817731e-09
5.8575,2.7405071328796919e-09
5.86,2.7412290981263244e-09
5.8625,2.7419645259913074e-09
5.865,2.7427014999753419e-09
5.8675,2.7434286675915677e-09
5.87,2.7441341780389733e-09
5.8725,2.7448052532658256e-09
5.875,2.7454297298039044e-09
5.8775,2.7459957359173135e-09
5.88,2.7464928738193897e-09
5.8825,2.746910496701677e-09
5.885,2.7472406142580674e-09
5.8875,2.7474767728127842e-09
5.89,2.7476135906966055e-09
5.8925,2.7476472752663973e-09
5.895,2.747574799810522e-09
5.8975,2.7473947878528269e-09
5.9,2.7471059420274103e-09
5.9025,2.7467084908714178e-09
5.905,2.7462031406545532e-09
5.9075,2.7455922064545599e-09
5.91,2.74487939922992e-09
5.9125,2.7440700688491987e-09
5.915,2.7431714091320878e-09
5.9175,2.7421925044682055e-09
5.92,2.7411434063875029e-09
5.9225,2.7400352111232587e-09
5.925,2.7388791108810155e-09
5.9275,2.7376866295449191e-09
5.93,2.7364696585596572e-09
5.9325,2.7352400676637502e-09
5.935,2.7340103623992495e-09
5.9375,2.7327930389268274e-09
5.94,2.7316003048879596e-09
5.9425,2.7304439308951739e-09
5.945,2.7293354448386e-09
5.9475,2.7282859232751665e-09
5.95,2.7273057597333355e-09
5.9525,2.7264052754830189e-09
5.955,2.7255940375697191e-09
5.9575,2.7248802911593776e-09
5.96,2.7242704577836768e-09
5.9625,2.7237692278181677e-09
5.965,2.7233786446640983e-09
5.9675,2.7230995764159604e-09
5.97,2.7229313084496676e-09
5.9725,2.7228718750640096e-09
5.975,2.7229183324668794e-09
5.9775,2.723066549643885e-09
5.98,2.7233100645066074e-09
5.9825,2.7236409682952051e-09
5.985,2.7240496162178389e-09
5.9875,2.7245264782165865e-09
5.99,2.7250620834528275e-09
5.9925,2.7256476300993336e-09
5.995,2.7262737539245083e-09
5.9975,2.7269305444419753e-09
6.0,2.7276072374864438e-09
6.0025,2.7282927388684207e-09
6.005,2.7289750445358429e-09
6.0075,2.7296421628583766e-09
6.01,2.7302828030358582e-09
6.0125,2.7308854161757357e-09
6.015,2.7314403279235978e-09
6.0175,2.731939623938802e-09
6.02,2.7323760260502878e-09
6.0225,2.7327437999850166e-09
6.025,2.7330389118660175e-09
6.0275,2.7332575417522414e-09
6.03,2.7333973833533902e-09
6.0325,2.7334575161162575e-09
6.035,2.7334386796955602e-09
6.0375,2.7333429529280222e-09
6.04,2.7331737150800215e-09
6.0425,2.7329360942745171e-09
6.045,2.7326361483570723e-09
6.0475,2.7322810580662008e-09
6.05,2.731878724076918e-09
6.0525,2.7314371883427241e-09
6.055,2.730964824269907e-09
6.0575,2.7304702628657531e-09
6.06,2.7299625360102363e-09
6.0625,2.7294512345391174e-09
6.065,2.7289467992199352e-09
6.0675,2.7284597163389432e-09
6.07,2.7279999482746055e-09
6.0725,2.7275770495741787e-09
6.075,2.7271992699219254e-09
6.0775,2.7268752183746908e-09
6.08,2.7266124277743128e-09
6.0825,2.7264181388233693e-09
6.085,2.7262981025247138e-09
6.0875,2.7262557269037685e-09
6.09,2.7262933957368219e-09
6.0925,2.7264125622958155e-09
6.095,2.7266128707038891e-09
6.0975,2.7268943989996951e-09
6.1,2.7272554519407408e-09
6.1025,2.7276922391474727e-09
6.105,2.728200474436055e-09
6.1075,2.7287750953709396e-09
6.11,2.729408786669965e-09
6.1125,2.730092624509546e-09
6.115,2.7308163819600494e-09
6.1175,2.7315690557924993e-09
6.12,2.732339254018928e-09
6.1225,2.7331158244031144e-09
6.125,2.7338877028856407e-09
6.1275,2.7346441925995129e-09
6.13,2.7353737350527043e-09
6.1325,2.7360643643220437e-09
6.135,2.7367054703333092e-09
6.1375,2.7372867088792615e-09
6.14,2.7377980555415538e-09
6.1425,2.7382311327341953e-09
6.145,2.7385794479516838e-09
6.1475,2.7388376115793317e-09
6.15,2.7390014463433722e-09
6.1525,2.7390684033535433e-09
6.155,2.7390359403444998e-09
6.1575,2.7389031606519508e-09
6.16,2.7386697606121949e-09
6.1625,2.7383368650591288e-09
6.165,2.7379065252966938e-09
6.1675,2.7373824135763221e-09
6.17,2.7367691807331843e-09
6.1725,2.7360735820219544e-09
6.175,2.7353042723377183e-09
6.1775,2.7344711813309512e-09
6.18,2.7335851790192065e-09
6.1825,2.7326573805624976e-09
6.185,2.7316987427454225e-09
6.1875,2.7307202235506649e-09
6.19,2.7297329106795539e-09
6.1925,2.7287484865865178e-09
6.195,2.727778624511402e-09
6.1975,2.7268349465458572e-09
6.2,2.7259287047426693e-09
6.2025,2.7250707826145621e-09
6.205,2.7242711801304319e-09
6.2075,2.7235390917699624e-09
6.21,2.7228832440659815e-09
6.2125,2.7223117236426851e-09
6.215,2.7218316871473963e-09
6.2175,2.7214488024420104e-09
6.22,2.7211666526043043e-09
6.2225,2.7209872158409687e-09
6.225,2.7209103947429665e-09
6.2275,2.7209339052264849e-09
6.23,2.7210547436429119e-09
6.2325,2.7212681453618605e-09
6.235,2.721568083787164e-09
6.2375,2.7219469381166248e-09
6.24,2.7223948731627819e-09
6.2425,2.722901668683286e-09
6.245,2.7234565788234465e-09
6.2475,2.7240493863970224e-09
6.25,2.724670126480257e-09
6.2525,2.7253088320713007e-09
6.255,2.725954905865242e-09
6.2575,2.7265977273037834e-09
6.26,2.7272257419878088e-09
6.2625,2.7278268046528412e-09
6.265,2.7283889387636137e-09
6.2675,2.7289000006739772e-09
6.27,2.7293491147443567e-09
6.2725,2.7297268856165965e-09
6.275,2.7300242470480072e-09
6.2775,2.7302341607637023e-09
6.28,2.7303514496201879e-09
6.2825,2.7303717659720425e-09
6.285,2.7302923019954864e-09
6.2875,2.7301118356937537e-09
6.29,2.7298307427114859e-09
6.2925,2.7294508755850278e-09
6.295,2.7289753761185666e-09
6.2975,2.7284090944099128e-09
6.3,2.7277584031207759e-09
6.3025,2.7270308820114605e-09
6.305,2.7262351712224936e-09
6.3075,2.7253807813881585e-09
6.31,2.72447774094966e-09
6.3125,2.7235364689904989e-09
6.315,2.7225675738226739e-09
6.3175,2.7215828444538501e-09
6.32,2.7205942713045319e-09
6.3225,2.7196145205130722e-09
6.325,2.7186565488555728e-09
6.3275,2.7177325232858384e-09
6.33,2.7168534707184433e-09
6.3325,2.7160296330617875e-09
6.335,2.7152711656972603e-09
6.3375,2.7145876070570698e-09
6.34,2.713988498288184e-09
6.3425,2.7134814247263824e-09
6.345,2.7130726636825964e-09
6.3475,2.7127668636270956e-09
6.35,2.7125670119945e-09
6.3525,2.7124753192899159e-09
6.355,2.7124920174956428e-09
6.3575,2.7126167114809078e-09
6.36,2.7128475679595141e-09
6.3625,2.7131815085844742e-09
6.365,2.7136132901801613e-09
6.3675,2.7141366656368205e-09
6.37,2.7147433699238175e-09
6.3725,2.7154232549763896e-09
6.375,2.7161654053322932e-09
6.3775,2.7169586552184448e-09
6.38,2.7177920373378813e-09
6.3825,2.7186543684149972e-09
6.385,2.7195340015139292e-09
6.3875,2.7204191328562907e-09
6.39,2.7212970121138545e-09
6.3925,2.7221551079121349e-09
6.395,2.7229822853607308e-09
6.3975,2.7237684779861124e-09
6.4,2.7245041130659542e-09
6.4025,2.7251812636074845e-09
6.405,2.7257933328775274e-09
6.4075,2.7263338883909019e-09
6.41,2.7267976622369628e-09
6.4125,2.727180989614754e-09
6.415,2.7274806534317147e-09
6.4175,2.7276949771036109e-09
6.42,2.7278233583652846e-09
6.4225,2.7278660637350197e-09
6.425,2.7278242919957582e-09
6.4275,2.7277009802067933e-09
6.43,2.7275005723934473e-09
6.4325,2.7272294582955248e-09
6.435,2.7268957798138881e-09
6.4375,2.7265083740793432e-09
6.44,2.7260761485866326e-09
6.4425,2.7256082896642855e-09
6.445,2.7251137065300378e-09
6.4475,2.7246016176082557e-09
6.45,2.72408188187098e-09
6.4525,2.7235647117178454e-09
6.455,2.723060359102956e-09
6.4575,2.7225786030543817e-09
6.46,2.7221287612371258e-09
6.4625,2.7217196727315571e-09
6.465,2.721358933957925e-09
6.4675,2.7210542404591325e-09
6.47,2.7208128025885851e-09
6.4725,2.7206408673159455e-09
6.475,2.7205433249827194e-09
6.4775,2.7205232279607377e-09
6.48,2.7205818056005445e-09
6.4825,2.7207178124798536e-09
6.485,2.7209291973780366e-09
6.4875,2.7212127241704367e-09
6.49,2.7215643694984714e-09
6.4925,2.7219780920672287e-09
6.495,2.7224462037027486e-09
6.4975,2.7229601785788291e-09
6.5,2.7235101762143225e-09
6.5025,2.7240860368563733e-09
6.505,2.7246780507069412e-09
6.5075,2.7252770485114821e-09
6.51,2.7258740991014249e-09
6.5125,2.7264595521084519e-09
6.515,2.7270234147782883e-09
6.5175,2.7275556340697752e-09
6.52,2.7280453296841655e-09
6.5225,2.7284822332327876e-09
6.525,2.728855154158022e-09
6.5275,2.7291545761576484e-09
6.53,2.7293721437457667e-09
6.5325,2.7294997996936575e-09
6.535,2.7295320068967056e-09
6.5375,2.7294650698877357e-09
6.54,2.7292963012455034e-09
6.5425,2.7290254366380749e-09
6.545,2.7286528248165758e-09
6.5475,2.7281806294861741e-09
6.55,2.7276118265540834e-09
6.5525,2.7269510643012699e-09
6.555,2.726203977934843e-09
6.5575,2.7253779177485374e-09
6.56,2.724481719588626e-09
6.5625,2.7235252123182001e-09
6.565,2.7225190436015937e-09
6.5675,2.7214742500053116e-09
6.57,2.7204021504002194e-09
6.5725,2.7193142234560946e-09
6.575,2.7182222268950783e-09
6.5775,2.7171383005569348e-09
6.58,2.7160756412713927e-09
6.5825,2.7150472956055889e-09
6.585,2.7140651544423967e-09
6.5875,2.7131401711334845e-09
6.59,2.7122824218127854e-09
6.5925,2.7115014082511746e-09
6.595,2.7108064580299395e-09
6.5975,2.7102057594271568e-09
6.6,2.7097063068272003e-09
6.6025,2.7093128728487358e-09
6.605,2.7090288440398284e-09
6.6075,2.7088564327651793e-09
6.61,2.7087964884991419e-09
6.6125,2.7088486935312046e-09
6.615,2.7090116889438945e-09
6.6175,2.7092824740287575e-09
6.62,2.7096564608143125e-09
6.6225,2.7101270386626327e-09
6.625,2.7106855446203632e-09
6.6275,2.7113224185522839e-09
6.63,2.7120262310427283e-09
6.6325,2.7127850073733012e-09
6.635,2.7135866294287425e-09
6.6375,2.7144189228656088e-09
6.64,2.7152695469269596e-09
6.6425,2.7161258428353935e-09
6.645,2.7169745605183259e-09
6.6475,2.7178018274076564e-09
6.65,2.7185951365130077e-09
6.6525,2.7193423471109424e-09
6.655,2.7200330997919057e-09
6.6575,2.7206573070390683e-09
6.66,2.721207241111577e-09
6.6625,2.7216761755340411e-09
6.665,2.72205771951984e-09
6.6675,2.7223469560454905e-09
6.67,2.722539948868979e-09
6.6725,2.7226347640265045e-09
6.675,2.7226306399287372e-09
6.6775,2.722528323474791e-09
6.68,2.7223290576780966e-09
6.6825,2.7220360284575941e-09
6.685,2.7216533302236086e-09
6.6875,2.7211872811069079e-09
6.69,2.7206459271253116e-09
6.6925,2.7200392726270093e-09
6.695,2.7193774668210228e-09
6.6975,2.718671673331548e-09
6.7,2.717932964023473e-09
6.7025,2.7171724295287745e-09
6.705,2.716401792256285e-09
6.7075,2.7156328370891728e-09
6.71,2.714877766296158e-09
6.7125,2.7141486905724974e-09
6.715,2.7134572061334485e-09
6.7175,2.7128141033796254e-09
6.72,2.7122299835238988e-09
6.7225,2.7117140856952489e-09
6.725,2.7112759368996492e-09
6.7275,2.7109236859023814e-09
6.73,2.7106655925026652e-09
6.7325,2.7105076160515378e-09
6.735,2.7104542052998045e-09
6.7375,2.7105075514884077e-09
6.74,2.7106668888738235e-09
6.7425,2.7109308517319331e-09
6.745,2.7112964847001618e-09
6.7475,2.7117590936689886e-09
6.75,2.7123125230012683e-09
6.7525,2.7129493120769044e-09
6.755,2.7136596442115793e-09
6.7575,2.7144325956370004e-09
6.76,2.7152570847421754e-09
6.7625,2.716122383166271e-09
6.765,2.7170184677470783e-09
6.7675,2.717935195267607e-09
6.77,2.7188620501599164e-09
6.7725,2.7197879200353756e-09
6.775,2.7207009608070823e-09
6.7775,2.721587928983211e-09
6.78,2.722436250996385e-09
6.7825,2.7232333279988492e-09
6.785,2.7239678080436265e-09
6.7875,2.7246280398979229e-09
6.79,2.7252052542798876e-09
6.7925,2.7256919960175097e-09
6.795,2.7260817507249224e-09
6.7975,2.7263704807679305e-09
6.8,2.7265550948132837e-09
6.8025,2.726633591432471e-09
6.805,2.7266058997370152e-09
6.8075,2.7264730810176965e-09
6.81,2.7262376814367349e-09
6.8125,2.7259043153479314e-09
6.815,2.7254785973547409e-09
6.8175,2.7249678891124983e-09
6.82,2.7243809099152295e-09
6.8225,2.7237268772295457e-09
6.825,2.7230157252525517e-09
6.8275,2.7222574568669082e-09
6.83,2.7214626224256798e-09
6.8325,2.7206422347358969e-09
6.835,2.7198078641649606e-09
6.8375,2.7189719734223564e-09
6.84,2.7181472876323906e-09
6.8425,2.7173453517913251e-09
6.845,2.7165767814223717e-09
6.8475,2.7158516461766033e-09
6.85,2.7151791686970714e-09
6.8525,2.7145686451444176e-09
6.855,2.7140286878683747e-09
6.8575,2.7135661965119739e-09
6.86,2.7131867837013726e-09
6.8625,2.7128942221698419e-09
6.865,2.7126910462721691e-09
6.8675,2.7125787693782032e-09
6.87,2.7125581206179332e-09
6.8725,2.7126280277925044e-09
6.875,2.7127867061895356e-09
6.8775,2.7130299431096968e-09
6.88,2.7133519165193268e-09
6.8825,2.7137446519302342e-09
6.885,2.7141982879143311e-09
6.8875,2.7147021941317421e-09
6.89,2.7152453573642346e-09
6.8925,2.7158164979716518e-09
6.895,2.7164046510017249e-09
6.8975,2.7169982554538366e-09
6.9,2.7175856938847615e-09
6.9025,2.7181549125779728e-09
6.905,2.7186933642986115e-09
6.9075,2.7191892780442254e-09
6.91,2.7196309721084305e-09
6.9125,2.7200089690590781e-09
6.915,2.720315301985447e-09
6.9175,2.7205429164987707e-09
6.92,2.7206855670485265e-09
6.9225,2.7207386889781974e-09
6.925,2.7206980887579692e-09
6.9275,2.7205610578996649e-09
6.93,2.7203259893955717e-09
6.9325,2.7199933953247455e-09
6.935,2.7195645238412402e-09
6.9375,2.7190419011051207e-09
6.94,2.7184290345497826e-09
6.9425,2.7177313692018642e-09
6.945,2.716956027090934e-09
6.9475,2.7161123920642707e-09
6.95,2.7152111133302324e-09
6.9525,2.7142636716847391e-09
6.955,2.7132818567767398e-09
6.9575,2.7122772416497395e-09
6.96,2.7112616376911369e-09
6.9625,2.7102472929016288e-09
6.965,2.7092468589775828e-09
6.9675,2.7082730488265983e-09
6.97,2.7073387775176366e-09
6.9725,2.7064562646428342e-09
6.975,2.7056368927886742e-09
6.9775,2.7048914827388286e-09
6.98,2.7042300738326752e-09
6.9825,2.7036622372580433e-09
6.985,2.7031969640991266e-09
6.9875,2.7028421784899147e-09
6.99,2.7026043893648602e-09
6.9925,2.7024879602720571e-09
6.995,2.702494564937565e-09
6.9975,2.7026235277841119e-09
7.0,2.7028727809320516e-09
