Physical Time (s),phi_alt_flux_left Monitor (kg-m/s^3)
0.0025,-6.6023961420138424e-09
0.005,-4.1566885267145666e-08
0.0075,-8.7971847913665075e-08
0.01,-1.2834038704429593e-07
0.0125,-1.5317086184448908e-07
0.015,-5.7493802933658803e-08
0.0175,-3.9251881207351063e-08
0.02,-4.4055986658003933e-07
0.0225,-9.2811427961825282e-07
0.025,-1.1021792170299633e-06
0.0275,-1.0322263990502799e-06
0.03,-9.493833795560474e-07
0.0325,-9.1428713521968657e-07
0.035,-8.9982618504599512e-07
0.0375,-8.8163641636559162e-07
0.04,-8.6500996473873165e-07
0.0425,-8.5320372180534684e-07
0.045,-8.4358500139849678e-07
0.0475,-8.3269547589937957e-07
0.05,-8.2782387079250501e-07
0.0525,-8.1927476898123874e-07
0.055,-8.0870443274750114e-07
0.0575,-7.9752155815781944e-07
0.06,-7.8725926041073611e-07
0.0625,-7.7845392697018803e-07
0.065,-7.6346092633618982e-07
0.0675,-7.4773259686132285e-07
0.07,-7.3563503534073142e-07
0.0725,-7.2601987052011771e-07
0.075,-7.2069660621838226e-07
0.0775,-7.1847254857007957e-07
0.08,-7.1458274691078223e-07
0.0825,-7.0648650500332788e-07
0.085,-6.9611025738074505e-07
0.0875,-6.7970432139710126e-07
0.09,-6.6215529613479114e-07
0.0925,-6.4422602154008034e-07
0.095,-6.1507412667408639e-07
0.0975,-5.9468964824956453e-07
0.1,-5.8267344352994242e-07
0.1025,-5.7564669255935008e-07
0.105,-5.7318885694944515e-07
0.1075,-5.7081866009043181e-07
0.11,-5.6785863199236269e-07
0.1125,-5.6442837112033781e-07
0.115,-5.6019089302310806e-07
0.1175,-5.5458540746480791e-07
0.12,-5.4747716126051917e-07
0.1225,-5.3968253686296168e-07
0.125,-5.3201437375148286e-07
0.1275,-5.2315760004803932e-07
0.13,-5.1615819810113109e-07
0.1325,-5.1061444883884058e-07
0.135,-5.0634135958405963e-07
0.1375,-5.0306704993145472e-07
0.14,-5.0049058698331744e-07
0.1425,-4.9814543264995834e-07
0.145,-4.9555731062793306e-07
0.1475,-4.9241258665040278e-07
0.15,-4.8853689505585988e-07
0.1525,-4.8409973467416034e-07
0.155,-4.7909487975500679e-07
0.1575,-4.73598510496172e-07
0.16,-4.6763403306656306e-07
0.1625,-4.6157576555735686e-07
0.165,-4.5564370548275395e-07
0.1675,-4.4994993110719175e-07
0.17,-4.4457781293455149e-07
0.1725,-4.395402909246034e-07
0.175,-4.3481573244593013e-07
0.1775,-4.3033891091469028e-07
0.18,-4.2604561912888773e-07
0.1825,-4.2191376443282054e-07
0.185,-4.1797732274159509e-07
0.1875,-4.1418620853754827e-07
0.19,-4.1044469476641886e-07
0.1925,-4.0656957113358525e-07
0.195,-4.027576461630535e-07
0.1975,-3.988536245844293e-07
0.2,-3.9480908685581604e-07
0.2025,-3.9061906037865392e-07
0.205,-3.8643237622812698e-07
0.2075,-3.8182783687497218e-07
0.21,-3.7753579251374551e-07
0.2125,-3.7324116483861928e-07
0.215,-3.6911875450104555e-07
0.2175,-3.6505645126232537e-07
0.22,-3.6126947314119579e-07
0.2225,-3.5776623329950132e-07
0.225,-3.5446225532946023e-07
0.2275,-3.5131170430301225e-07
0.23,-3.482710178760827e-07
0.2325,-3.4529520292850541e-07
0.235,-3.4235675875698963e-07
0.2375,-3.3940852018113384e-07
0.24,-3.3640448816759875e-07
0.2425,-3.3335134595832377e-07
0.245,-3.3025803442123198e-07
0.2475,-3.2713579172878178e-07
0.25,-3.2402648658669449e-07
0.2525,-3.2098878110563712e-07
0.255,-3.1792904493861051e-07
0.2575,-3.1489536907626142e-07
0.26,-3.1190336635391521e-07
0.2625,-3.0897278301282437e-07
0.265,-3.0609966312607542e-07
0.2675,-3.0326336792065209e-07
0.27,-3.0046314734627185e-07
0.2725,-2.9773211374827658e-07
0.275,-2.9502546234981716e-07
0.2775,-2.9236304858092235e-07
0.28,-2.8972843589236655e-07
0.2825,-2.8711527454110593e-07
0.285,-2.8450693286961658e-07
0.2875,-2.819139030934526e-07
0.29,-2.79344127709844e-07
0.2925,-2.7681777231326034e-07
0.295,-2.7433788946758069e-07
0.2975,-2.718778162082153e-07
0.3,-2.6943952532043408e-07
0.3025,-2.6700469847404447e-07
0.305,-2.6458425954343405e-07
0.3075,-2.621918606281164e-07
0.31,-2.5981421897311967e-07
0.3125,-2.5746008601659229e-07
0.315,-2.5513159043800924e-07
0.3175,-2.5284748683551153e-07
0.32,-2.5062411420487514e-07
0.3225,-2.4846535490247245e-07
0.325,-2.4637074798164253e-07
0.3275,-2.4433977542785858e-07
0.33,-2.4235386846400046e-07
0.3325,-2.4041827084496682e-07
0.335,-2.3850366937514649e-07
0.3375,-2.3659806812322291e-07
0.34,-2.3470253653820526e-07
0.3425,-2.3281168160295822e-07
0.345,-2.3093279501074087e-07
0.3475,-2.2908487305495325e-07
0.35,-2.2724989955160962e-07
0.3525,-2.2543659474755969e-07
0.355,-2.2364359428853195e-07
0.3575,-2.2187817584297182e-07
0.36,-2.2014421498724964e-07
0.3625,-2.1844656868730984e-07
0.365,-2.1678158793902472e-07
0.3675,-2.1514957985705184e-07
0.37,-2.1355892657165918e-07
0.3725,-2.119971969001294e-07
0.375,-2.1047075613592972e-07
0.3775,-2.0898416125030423e-07
0.38,-2.0752617854527011e-07
0.3825,-2.060855080220413e-07
0.385,-2.0465951193873867e-07
0.3875,-2.0325642678607986e-07
0.39,-2.0186265312177369e-07
0.3925,-2.0048269311367596e-07
0.395,-1.9911825078446226e-07
0.3975,-1.9775981128233704e-07
0.4,-1.9641459613397795e-07
0.4025,-1.9508003118322178e-07
0.405,-1.9371420968581579e-07
0.4075,-1.9241478438015194e-07
0.41,-1.9115602516891293e-07
0.4125,-1.8992202486852123e-07
0.415,-1.8869962832300984e-07
0.4175,-1.8739815994372582e-07
0.42,-1.8604230113122298e-07
0.4225,-1.8471117230602467e-07
0.425,-1.8339514310848663e-07
0.4275,-1.8208207037780162e-07
0.43,-1.8076658234699116e-07
0.4325,-1.7945513019634685e-07
0.435,-1.7815566143757366e-07
0.4375,-1.7687414646593723e-07
0.44,-1.7560612534886221e-07
0.4425,-1.743595355794282e-07
0.445,-1.7304957415920203e-07
0.4475,-1.7172743739361799e-07
0.45,-1.7042386161551178e-07
0.4525,-1.6915165204571263e-07
0.455,-1.6790438061419817e-07
0.4575,-1.6668207300612903e-07
0.46,-1.65519578331858e-07
0.4625,-1.6438961712641572e-07
0.465,-1.6326384442106634e-07
0.4675,-1.6215172625536031e-07
0.47,-1.6104342059046551e-07
0.4725,-1.5994272217876468e-07
0.475,-1.5884199333094886e-07
0.4775,-1.5775734909114532e-07
0.48,-1.5668525690998563e-07
0.4825,-1.5563135423790703e-07
0.485,-1.5463341579766528e-07
0.4875,-1.5351707635360197e-07
0.49,-1.5261240396423305e-07
0.4925,-1.5168857810757012e-07
0.495,-1.5075770012188331e-07
0.4975,-1.4981420227966959e-07
0.5,-1.4887517131177451e-07
0.5025,-1.479467525485735e-07
0.505,-1.4701298630237567e-07
0.5075,-1.4610203473367258e-07
0.51,-1.4518618031138755e-07
0.5125,-1.4426719882622901e-07
0.515,-1.4335498489090142e-07
0.5175,-1.4247078218413904e-07
0.52,-1.4158553690334734e-07
0.5225,-1.4070052319045684e-07
0.525,-1.3990682320008205e-07
0.5275,-1.3902981199318255e-07
0.53,-1.3811975885701599e-07
0.5325,-1.3718603450684404e-07
0.535,-1.3624772573491268e-07
0.5375,-1.3531029074047668e-07
0.54,-1.3438734723376843e-07
0.5425,-1.3347069123002255e-07
0.545,-1.3255341415199345e-07
0.5475,-1.3163220427316338e-07
0.55,-1.3070844939919522e-07
0.5525,-1.2974051509967292e-07
0.555,-1.2874558282701277e-07
0.5575,-1.2772262799379245e-07
0.56,-1.2668475636374418e-07
0.5625,-1.2562790033761857e-07
0.565,-1.2456463878893108e-07
0.5675,-1.2350396258274934e-07
0.57,-1.2244713857749188e-07
0.5725,-1.214061507094143e-07
0.575,-1.2037436612200972e-07
0.5775,-1.1935392046372277e-07
0.58,-1.1834426282940492e-07
0.5825,-1.1735157095136931e-07
0.585,-1.163762855657036e-07
0.5875,-1.1542464268026978e-07
0.59,-1.1449361825567481e-07
0.5925,-1.1358110954681243e-07
0.595,-1.1268771309383108e-07
0.5975,-1.1182115960289063e-07
0.6,-1.1096033495009133e-07
0.6025,-1.1010748075140784e-07
0.605,-1.092685443506926e-07
0.6075,-1.08437061999245e-07
0.61,-1.076113271593198e-07
0.6125,-1.0678871423174303e-07
0.615,-1.0597366670461856e-07
0.6175,-1.0516635202966864e-07
0.62,-1.0436210909606268e-07
0.6225,-1.0356699917797856e-07
0.625,-1.0278094774992739e-07
0.6275,-1.0199938858384486e-07
0.63,-1.0121614897797988e-07
0.6325,-1.0043138425161115e-07
0.635,-9.9650824557181707e-08
0.6375,-9.8860039444430864e-08
0.64,-9.8067381202826466e-08
0.6425,-9.726272858106236e-08
0.645,-9.6450904999232e-08
0.6475,-9.5629492556617034e-08
0.65,-9.4794704299367048e-08
0.6525,-9.3950933181460994e-08
0.655,-9.3100960019336037e-08
0.6575,-9.2248045309060906e-08
0.66,-9.1389165618387099e-08
0.6625,-9.0524933799250065e-08
0.665,-8.9663957259419647e-08
0.6675,-8.8808608088017767e-08
0.67,-8.7958904691915059e-08
0.6725,-8.711654778902413e-08
0.675,-8.6278287106503324e-08
0.6775,-8.5443782761079919e-08
0.68,-8.4612335471103156e-08
0.6825,-8.3783911651225028e-08
0.685,-8.295760649743342e-08
0.6875,-8.2133683805240409e-08
0.69,-8.1309211776534952e-08
0.6925,-8.0483581675788174e-08
0.695,-7.9653501456625294e-08
0.6975,-7.8819043458375251e-08
0.7,-7.7982720949606765e-08
0.7025,-7.7138729558360383e-08
0.705,-7.6289267712397158e-08
0.7075,-7.5428525868457353e-08
0.71,-7.4562672235031161e-08
0.7125,-7.3696659425618315e-08
0.715,-7.2820180674947355e-08
0.7175,-7.1943905946583934e-08
0.72,-7.1062884554511676e-08
0.7225,-7.0179942308365215e-08
0.725,-6.9297321205167885e-08
0.7275,-6.8415226683592798e-08
0.73,-6.7536107077511304e-08
0.7325,-6.6657657309866424e-08
0.735,-6.5779812146531515e-08
0.7375,-6.490526699488228e-08
0.74,-6.4033118164136436e-08
0.7425,-6.315755586315335e-08
0.745,-6.2284396271513471e-08
0.7475,-6.140693051526065e-08
0.75,-6.0533649895963104e-08
0.7525,-5.965536694253957e-08
0.755,-5.8773934039604408e-08
0.7575,-5.789183494332444e-08
0.76,-5.7003479768089438e-08
0.7625,-5.6108569279562465e-08
0.765,-5.5203391272998961e-08
0.7675,-5.429116940868368e-08
0.77,-5.3330434385496713e-08
0.7725,-5.2392467246523166e-08
0.775,-5.1457701930264877e-08
0.7775,-5.052022575174378e-08
0.78,-4.9578262042949474e-08
0.7825,-4.8623207945016621e-08
0.785,-4.766769263660057e-08
0.7875,-4.6707330148272683e-08
0.79,-4.5745849529689208e-08
0.7925,-4.4788162886186565e-08
0.795,-4.3826349419399847e-08
0.7975,-4.2871572072305073e-08
0.8,-4.1916158836432641e-08
0.8025,-4.0970798386684806e-08
0.805,-4.0036012040351848e-08
0.8075,-3.9107857151468264e-08
0.81,-3.8196809897080527e-08
0.8125,-3.7301475667331096e-08
0.815,-3.6416931630707604e-08
0.8175,-3.5547433093288036e-08
0.82,-3.4696631746234671e-08
0.8225,-3.3859672918753306e-08
0.825,-3.304547423023785e-08
0.8275,-3.2252387720271089e-08
0.83,-3.1472036705363091e-08
0.8325,-3.072480772803671e-08
0.835,-2.9998946371421306e-08
0.8375,-2.9298537194039351e-08
0.84,-2.8616078907523945e-08
0.8425,-2.7953525528257839e-08
0.845,-2.7316057911990143e-08
0.8475,-2.6698243241811535e-08
0.85,-2.6102200461089742e-08
0.8525,-2.552529643672413e-08
0.855,-2.4965053901589227e-08
0.8575,-2.4430102547253211e-08
0.86,-2.391544612862983e-08
0.8625,-2.3418810781161814e-08
0.865,-2.294209280142832e-08
0.8675,-2.249389251559838e-08
0.87,-2.2065006595116628e-08
0.8725,-2.1662783263756316e-08
0.875,-2.1288503821917974e-08
0.8775,-2.093407446340181e-08
0.88,-2.06090719294007e-08
0.8825,-2.0302837010314913e-08
0.885,-2.0036384038020111e-08
0.8875,-1.9804710371067358e-08
0.89,-1.9600238963939432e-08
0.8925,-1.9430914431027316e-08
0.895,-1.9289890399258182e-08
0.8975,-1.9183009726817221e-08
0.9,-1.9104738155483847e-08
0.9025,-1.9061087652589373e-08
0.905,-1.9042348156091223e-08
0.9075,-1.9045121186515045e-08
0.91,-1.9075282155664288e-08
0.9125,-1.9134489222243514e-08
0.915,-1.9228431912520009e-08
0.9175,-1.9342057268976295e-08
0.92,-1.9474894894715267e-08
0.9225,-1.9631327305322575e-08
0.925,-1.9811201153528751e-08
0.9275,-2.0009629089448965e-08
0.93,-2.022769397542037e-08
0.9325,-2.0465463262590395e-08
0.935,-2.0720685606860752e-08
0.9375,-2.0986844851321698e-08
0.94,-2.1271352953018096e-08
0.9425,-2.1575870094146219e-08
0.945,-2.1897109408107878e-08
0.9475,-2.2230942321804907e-08
0.95,-2.257348474107141e-08
0.9525,-2.2940201620927124e-08
0.955,-2.3322478763072536e-08
0.9575,-2.3714917445624226e-08
0.96,-2.4123701979961119e-08
0.9625,-2.4549535626422388e-08
0.965,-2.4994732614650587e-08
0.9675,-2.5454410275019226e-08
0.97,-2.59274799730865e-08
0.9725,-2.6419684753306634e-08
0.975,-2.6928334232833305e-08
0.9775,-2.7458897424615861e-08
0.98,-2.8002926831378589e-08
0.9825,-2.8568716454698183e-08
0.985,-2.9152573305490081e-08
0.9875,-2.9746576708050857e-08
0.99,-3.0360078938259858e-08
0.9925,-3.0994421089070899e-08
0.995,-3.1640551904747116e-08
0.9975,-3.2301573191069636e-08
1.0,-3.2980191575469419e-08
1.0025,-3.3670560451950903e-08
1.005,-3.4371024016121067e-08
1.0075,-3.508583659315531e-08
1.01,-3.5805192542636521e-08
1.0125,-3.6537181308214974e-08
1.015,-3.7273246941211773e-08
1.0175,-3.8018898320745912e-08
1.02,-3.8766567478193572e-08
1.0225,-3.9514849095720508e-08
1.025,-4.0268146232017201e-08
1.0275,-4.1019368563927011e-08
1.03,-4.1773531554808989e-08
1.0325,-4.2523175529694187e-08
1.035,-4.3266877946610541e-08
1.0375,-4.4005665165050464e-08
1.04,-4.4732266578303829e-08
1.0425,-4.5447829161273114e-08
1.045,-4.6154300699891447e-08
1.0475,-4.6850417993455129e-08
1.05,-4.7534701936950824e-08
1.0525,-4.819954162475352e-08
1.055,-4.8843903537656509e-08
1.0575,-4.947601994301413e-08
1.06,-5.0087567347355899e-08
1.0625,-5.0678276170422838e-08
1.065,-5.1250934946056292e-08
1.0675,-5.1809375914406657e-08
1.07,-5.2345564833620238e-08
1.0725,-5.2863258976591783e-08
1.075,-5.3361100967874839e-08
1.0775,-5.3833120633342842e-08
1.08,-5.429116491849656e-08
1.0825,-5.4729175343691883e-08
1.085,-5.5153679647217953e-08
1.0875,-5.5559459255737841e-08
1.09,-5.5947116734282858e-08
1.0925,-5.6317415702340818e-08
1.095,-5.6677465487141371e-08
1.0975,-5.7018105523039866e-08
1.1,-5.7342853416798194e-08
1.1025,-5.7651844745122736e-08
1.105,-5.7951259142683058e-08
1.1075,-5.823283911068312e-08
1.11,-5.8505805070478622e-08
1.1125,-5.8763835116871343e-08
1.115,-5.9012705055954072e-08
1.1175,-5.9250106249428246e-08
1.12,-5.947017840932658e-08
1.1225,-5.9683249733717617e-08
1.125,-5.9877759320422612e-08
1.1275,-6.0061400777798823e-08
1.13,-6.0231140509119698e-08
1.1325,-6.0389565892274827e-08
1.135,-6.0535823923909486e-08
1.1375,-6.0663740249796451e-08
1.14,-6.077508241225159e-08
1.1425,-6.0869729815857011e-08
1.145,-6.0950198981357924e-08
1.1475,-6.1004020355804317e-08
1.15,-6.1042439737091329e-08
1.1525,-6.1062870512614361e-08
1.155,-6.1058389461285274e-08
1.1575,-6.1040996089237749e-08
1.16,-6.100190631820252e-08
1.1625,-6.0940975653070269e-08
1.165,-6.0864440299201673e-08
1.1675,-6.0763310667141161e-08
1.17,-6.0646263115614611e-08
1.1725,-6.05056403074851e-08
1.175,-6.0344453484218669e-08
1.1775,-6.0168577808009254e-08
1.18,-5.9973010679409693e-08
1.1825,-5.9758018363787982e-08
1.185,-5.9523874362133455e-08
1.1875,-5.927449033083382e-08
1.19,-5.9003929752073524e-08
1.1925,-5.8718933255682857e-08
1.195,-5.8417108246635779e-08
1.1975,-5.8104829311307139e-08
1.2,-5.7776692636974232e-08
1.2025,-5.7433879776369814e-08
1.205,-5.7079324097812501e-08
1.2075,-5.6710964933196076e-08
1.21,-5.6335272596074325e-08
1.2125,-5.5946683054821322e-08
1.215,-5.5549331193285361e-08
1.2175,-5.5143404715437759e-08
1.22,-5.4726586457373861e-08
1.2225,-5.4308685691385345e-08
1.225,-5.3875077907362087e-08
1.2275,-5.3434846928959501e-08
1.23,-5.2988218816850974e-08
1.2325,-5.2535953622881298e-08
1.235,-5.2080791293585879e-08
1.2375,-5.1617547785957005e-08
1.24,-5.1152582217866007e-08
1.2425,-5.0676877558212396e-08
1.245,-5.0196915929472777e-08
1.2475,-4.9713059434420652e-08
1.25,-4.9228234423176692e-08
1.2525,-4.8736917721713865e-08
1.255,-4.8239239112045842e-08
1.2575,-4.7738009033611558e-08
1.26,-4.7230771026187179e-08
1.2625,-4.6723427814693959e-08
1.265,-4.6213188688849596e-08
1.2675,-4.5693783359320871e-08
1.27,-4.5177684256985271e-08
1.2725,-4.4656096777065211e-08
1.275,-4.4129283744949852e-08
1.2775,-4.3603408347392175e-08
1.28,-4.3075985177396724e-08
1.2825,-4.2543567420727728e-08
1.285,-4.2012932911738229e-08
1.2875,-4.1474881486876442e-08
1.29,-4.093859044544467e-08
1.2925,-4.0398205903477057e-08
1.295,-3.9854230462476357e-08
1.2975,-3.9307287512968729e-08
1.3,-3.8760697240368765e-08
1.3025,-3.8211156030736093e-08
1.305,-3.7662078151783793e-08
1.3075,-3.711375323537396e-08
1.31,-3.6566780211193883e-08
1.3125,-3.6020916997818128e-08
1.315,-3.5474323311173194e-08
1.3175,-3.492697962441663e-08
1.32,-3.4381852821942126e-08
1.3225,-3.3839992221911298e-08
1.325,-3.3307429967670029e-08
1.3275,-3.2775801947590344e-08
1.33,-3.2248427404459436e-08
1.3325,-3.172247920235518e-08
1.335,-3.1204239985732104e-08
1.3375,-3.068872194113198e-08
1.34,-3.0178924148485641e-08
1.3425,-2.9674769662933514e-08
1.345,-2.917988101245718e-08
1.3475,-2.8688383496905124e-08
1.35,-2.8203181995817563e-08
1.3525,-2.7722457867462305e-08
1.355,-2.7254319538245974e-08
1.3575,-2.6797028669644023e-08
1.36,-2.6347185807427732e-08
1.3625,-2.5902315526827415e-08
1.365,-2.5467741103744053e-08
1.3675,-2.5040457424008389e-08
1.37,-2.4624795891754071e-08
1.3725,-2.4217967037812125e-08
1.375,-2.3822334982538642e-08
1.3775,-2.343481968680385e-08
1.38,-2.3055723842021238e-08
1.3825,-2.2688496675184127e-08
1.385,-2.2332735164871724e-08
1.3875,-2.1987970420604449e-08
1.39,-2.1648646826627146e-08
1.3925,-2.1320960743093041e-08
1.395,-2.1004777493589988e-08
1.3975,-2.0697281755754116e-08
1.4,-2.0397858674550063e-08
1.4025,-2.0107005554540878e-08
1.405,-1.982798667295151e-08
1.4075,-1.9553478581181383e-08
1.41,-1.928747156844398e-08
1.4125,-1.9034758146295567e-08
1.415,-1.8783886358618836e-08
1.4175,-1.8543265599593621e-08
1.42,-1.8309768196236456e-08
1.4225,-1.8086135125976518e-08
1.425,-1.7872332521778664e-08
1.4275,-1.7662868917652845e-08
1.43,-1.7454020527636174e-08
1.4325,-1.7257437065113968e-08
1.435,-1.7066921114166017e-08
1.4375,-1.6876244935300977e-08
1.44,-1.6694523819083856e-08
1.4425,-1.6518290193551074e-08
1.445,-1.6347336587827838e-08
1.4475,-1.6178471601557868e-08
1.45,-1.6018271584619072e-08
1.4525,-1.5866438721603612e-08
1.455,-1.5712502156490564e-08
1.4575,-1.5563660659011079e-08
1.46,-1.542197978807782e-08
1.4625,-1.5285894620791219e-08
1.465,-1.514859260642959e-08
1.4675,-1.5015733729258976e-08
1.47,-1.4887953290247083e-08
1.4725,-1.4767797790843448e-08
1.475,-1.4649171202467084e-08
1.4775,-1.4532652857555634e-08
1.48,-1.4421189905339601e-08
1.4825,-1.4320915775216262e-08
1.485,-1.4220036870016467e-08
1.4875,-1.4121777396091334e-08
1.49,-1.4029550613200265e-08
1.4925,-1.3945837861579867e-08
1.495,-1.3865044019896678e-08
1.4975,-1.3790613482776177e-08
1.5,-1.3722910910840096e-08
1.5025,-1.365864945214326e-08
1.505,-1.3603552650196842e-08
1.5075,-1.3554971100489764e-08
1.51,-1.3515942476747381e-08
1.5125,-1.3481293605790606e-08
1.515,-1.3452614028342995e-08
1.5175,-1.3431478531181748e-08
1.52,-1.3419795198499959e-08
1.5225,-1.3415547035613947e-08
1.525,-1.342181292060915e-08
1.5275,-1.3435355045959675e-08
1.53,-1.3455738137184411e-08
1.5325,-1.3480052489356504e-08
1.535,-1.350886883675223e-08
1.5375,-1.3542045347739625e-08
1.54,-1.3582565159582045e-08
1.5425,-1.3635536196886902e-08
1.545,-1.3692439762501526e-08
1.5475,-1.3761288247248812e-08
1.55,-1.3834141592667526e-08
1.5525,-1.3910663162632236e-08
1.555,-1.3993407154568035e-08
1.5575,-1.4081811778537746e-08
1.56,-1.4172497298420387e-08
1.5625,-1.4268162798992044e-08
1.565,-1.437130922081501e-08
1.5675,-1.4478380307992589e-08
1.57,-1.4592187982990748e-08
1.5725,-1.4706000951098908e-08
1.575,-1.4819744950591664e-08
1.5775,-1.4933630918551785e-08
1.58,-1.5046940267605845e-08
1.5825,-1.5165276588268467e-08
1.585,-1.5285879192172161e-08
1.5875,-1.5405053861784441e-08
1.59,-1.5522709426533495e-08
1.5925,-1.5644270366209465e-08
1.595,-1.5760809809577928e-08
1.5975,-1.5878065721510145e-08
1.6,-1.5993219056180694e-08
1.6025,-1.6109091155602733e-08
1.605,-1.6225726663158421e-08
1.6075,-1.6342931930833851e-08
1.61,-1.6457973440307723e-08
1.6125,-1.6576934833710001e-08
1.615,-1.6688027914217737e-08
1.6175,-1.6803459456478733e-08
1.62,-1.6920487166702888e-08
1.6225,-1.7038862160649725e-08
1.625,-1.7159185651920186e-08
1.6275,-1.727833070008002e-08
1.63,-1.7402750091362476e-08
1.6325,-1.7532451109335333e-08
1.635,-1.7661816629673133e-08
1.6375,-1.7793585676624818e-08
1.64,-1.7928226442929217e-08
1.6425,-1.8065597744779644e-08
1.645,-1.8208562252494269e-08
1.6475,-1.8351643702442607e-08
1.65,-1.8494536550781995e-08
1.6525,-1.8643581230502686e-08
1.655,-1.8798488175437068e-08
1.6575,-1.8950204722315412e-08
1.66,-1.9107511342120341e-08
1.6625,-1.9269745853910247e-08
1.665,-1.943473894046679e-08
1.6675,-1.9604731731308142e-08
1.67,-1.977365905565151e-08
1.6725,-1.9949782329125967e-08
1.675,-2.0129610349065828e-08
1.6775,-2.030737933479591e-08
1.68,-2.048562556497565e-08
1.6825,-2.0667117818788359e-08
1.685,-2.0845683091961681e-08
1.6875,-2.1026757867345144e-08
1.69,-2.120156747143784e-08
1.6925,-2.1381422812348229e-08
1.695,-2.1559761993151778e-08
1.6975,-2.1739531107945122e-08
1.7,-2.1920300670714013e-08
1.7025,-2.2095947046054069e-08
1.705,-2.2269408116021018e-08
1.7075,-2.2443395588444603e-08
1.71,-2.2614687754658155e-08
1.7125,-2.2780110847331842e-08
1.715,-2.2945265018995901e-08
1.7175,-2.3104483010140571e-08
1.72,-2.3258156116165552e-08
1.7225,-2.3414545133029782e-08
1.725,-2.3567698456654857e-08
1.7275,-2.3717389701034128e-08
1.73,-2.386353093482965e-08
1.7325,-2.4006158039545759e-08
1.735,-2.4145149951655082e-08
1.7375,-2.4284025443348088e-08
1.74,-2.442286575767872e-08
1.7425,-2.4555352170181125e-08
1.745,-2.4684445810324264e-08
1.7475,-2.4812979876367381e-08
1.75,-2.4938807310100605e-08
1.7525,-2.5061300186647563e-08
1.755,-2.5178039617895247e-08
1.7575,-2.5297064236615297e-08
1.76,-2.5409760477013172e-08
1.7625,-2.5521267056263965e-08
1.765,-2.5626539770994105e-08
1.7675,-2.5730955641132747e-08
1.77,-2.5828593455508222e-08
1.7725,-2.5925347913761584e-08
1.775,-2.6020783081836418e-08
1.7775,-2.6108926942767783e-08
1.78,-2.6192542381098577e-08
1.7825,-2.6271770960317762e-08
1.785,-2.634912953623597e-08
1.7875,-2.642114663578687e-08
1.79,-2.6485178868695334e-08
1.7925,-2.6543583502488564e-08
1.795,-2.659900104219248e-08
1.7975,-2.6650740140363419e-08
1.8,-2.6690391833977213e-08
1.8025,-2.6724572204356021e-08
1.805,-2.6754434734389601e-08
1.8075,-2.6777775487474136e-08
1.81,-2.6793848761552913e-08
1.8125,-2.6803041020373937e-08
1.815,-2.6802402042118448e-08
1.8175,-2.6795265126701105e-08
1.82,-2.678075088949988e-08
1.8225,-2.6761867725594872e-08
1.825,-2.6729990616064538e-08
1.8275,-2.6693100367678512e-08
1.83,-2.664279370616514e-08
1.8325,-2.6590878183508114e-08
1.835,-2.6525740629315879e-08
1.8375,-2.6456468286258178e-08
1.84,-2.6382995983317684e-08
1.8425,-2.6293567661979381e-08
1.845,-2.6197588670142625e-08
1.8475,-2.609462555222168e-08
1.85,-2.598513612447364e-08
1.8525,-2.5868992767565523e-08
1.855,-2.5743999449570484e-08
1.8575,-2.5618462919290711e-08
1.86,-2.5481736153722681e-08
1.8625,-2.5336762444681495e-08
1.865,-2.518982560415198e-08
1.8675,-2.5038049377768192e-08
1.87,-2.4878931322110885e-08
1.8725,-2.4718883080914685e-08
1.875,-2.455515206856593e-08
1.8775,-2.4388165375445037e-08
1.88,-2.4217762611550134e-08
1.8825,-2.4041855666865586e-08
1.885,-2.3866332829339541e-08
1.8875,-2.3688401068593203e-08
1.89,-2.3505123785037786e-08
1.8925,-2.3320219093374249e-08
1.895,-2.3133611267141889e-08
1.8975,-2.2948773207603282e-08
1.9,-2.2762904003953112e-08
1.9025,-2.2575492905119572e-08
1.905,-2.2384820511930124e-08
1.9075,-2.2196750173783576e-08
1.91,-2.200771214503393e-08
1.9125,-2.1817943694554625e-08
1.915,-2.1628101901193709e-08
1.9175,-2.1441658444090988e-08
1.92,-2.1254439626311673e-08
1.9225,-2.1067353806039335e-08
1.925,-2.088040870076296e-08
1.9275,-2.0699429750935769e-08
1.93,-2.0515520870774926e-08
1.9325,-2.0329618352007724e-08
1.935,-2.0143721574232072e-08
1.9375,-1.9958950748690795e-08
1.94,-1.9773585900590595e-08
1.9425,-1.959189903794004e-08
1.945,-1.9410537725113737e-08
1.9475,-1.9229356209921897e-08
1.95,-1.9048565784884351e-08
1.9525,-1.8868848153664323e-08
1.955,-1.868849830899462e-08
1.9575,-1.8505649107985336e-08
1.96,-1.8326211893720804e-08
1.9625,-1.8146911831232671e-08
1.965,-1.7970066681188352e-08
1.9675,-1.7779445168339734e-08
1.97,-1.760065572760056e-08
1.9725,-1.74242723631265e-08
1.975,-1.7248005651284409e-08
1.9775,-1.7069433928572403e-08
1.98,-1.6891494649924765e-08
1.9825,-1.6713842010462286e-08
1.985,-1.653595094424596e-08
1.9875,-1.6361774370152394e-08
1.99,-1.6184760179645575e-08
1.9925,-1.6010636103559734e-08
1.995,-1.5836770251853396e-08
1.9975,-1.5659955274606869e-08
2.0,-1.5486831993964914e-08
2.0025,-1.5311449683187084e-08
2.005,-1.5136394659004756e-08
2.0075,-1.4964932999986964e-08
2.01,-1.4787844814194148e-08
2.0125,-1.4607916756886421e-08
2.015,-1.4430827829815472e-08
2.0175,-1.4251518201138432e-08
2.02,-1.4072202163114875e-08
2.0225,-1.389430154038901e-08
2.025,-1.3717426171428897e-08
2.0275,-1.3541511740566666e-08
2.03,-1.3369729096441482e-08
2.0325,-1.3199489100323482e-08
2.035,-1.3031093291261212e-08
2.0375,-1.2870809438140918e-08
2.04,-1.2709713198470681e-08
2.0425,-1.2549814317262037e-08
2.045,-1.2387842003355446e-08
2.0475,-1.2230214650883731e-08
2.05,-1.2074173567642806e-08
2.0525,-1.1917230670696507e-08
2.055,-1.1765742050647569e-08
2.0575,-1.1619795235746132e-08
2.06,-1.1473925132256333e-08
2.0625,-1.1335805046524094e-08
2.065,-1.1206648575317368e-08
2.0675,-1.1082743046750129e-08
2.07,-1.0965684645278979e-08
2.0725,-1.0848640771611039e-08
2.075,-1.0733704065170106e-08
2.0775,-1.0616893871880941e-08
2.08,-1.0503968061592096e-08
2.0825,-1.0393993169068049e-08
2.085,-1.0285123624053901e-08
2.0875,-1.0174356571075306e-08
2.09,-1.0064334729444022e-08
2.0925,-9.9614312268185396e-09
2.095,-9.8569230989782653e-09
2.0975,-9.7546819060331459e-09
2.1,-9.6512929312156231e-09
2.1025,-9.5503486127158354e-09
2.105,-9.4541218776742735e-09
2.1075,-9.3591315510450081e-09
2.11,-9.2660711829069955e-09
2.1125,-9.1746233959750683e-09
2.115,-9.0817651106116911e-09
2.1175,-8.9938367666010891e-09
2.12,-8.9042713280499712e-09
2.1225,-8.8159899006227506e-09
2.125,-8.7288538001031971e-09
2.1275,-8.6459388044047041e-09
2.13,-8.5585778385574296e-09
2.1325,-8.4748840415516124e-09
2.135,-8.3926008007935702e-09
2.1375,-8.3089346476971854e-09
2.14,-8.2235824018969871e-09
2.1425,-8.1393159186432919e-09
2.145,-8.0589406920310236e-09
2.1475,-7.9769972682074422e-09
2.15,-7.8963459586073423e-09
2.1525,-7.817160174957669e-09
2.155,-7.7387685070103305e-09
2.1575,-7.6556547160466553e-09
2.16,-7.5737197485950053e-09
2.1625,-7.4932054993716379e-09
2.165,-7.4137682524231354e-09
2.1675,-7.3359789158180791e-09
2.17,-7.2595805530177704e-09
2.1725,-7.1852588102109533e-09
2.175,-7.1157067466644064e-09
2.1775,-7.0544670413881058e-09
2.18,-6.9869549590102829e-09
2.1825,-6.9191310527832553e-09
2.185,-6.856463554880273e-09
2.1875,-6.7954736515710048e-09
2.19,-6.7293822144491823e-09
2.1925,-6.6643799859622757e-09
2.195,-6.60285370034632e-09
2.1975,-6.5389513758924936e-09
2.2,-6.4793095330262421e-09
2.2025,-6.4219457940816208e-09
2.205,-6.3607075242742786e-09
2.2075,-6.3046030646029722e-09
2.21,-6.2485178142610441e-09
2.2125,-6.2016088224587561e-09
2.215,-6.1577934815841422e-09
2.2175,-6.1139620196845945e-09
2.22,-6.0760812769525838e-09
2.2225,-6.0345592863073452e-09
2.225,-5.9952046334615609e-09
2.2275,-5.9604377179508705e-09
2.23,-5.9243988278825184e-09
2.2325,-5.8927542868360853e-09
2.235,-5.8623745294264524e-09
2.2375,-5.8330130126170231e-09
2.24,-5.802048212096562e-09
2.2425,-5.77226634111343e-09
2.245,-5.7437974389615816e-09
2.2475,-5.7167093010814931e-09
2.25,-5.692913725720889e-09
2.2525,-5.6673759267129172e-09
2.255,-5.6427489871627217e-09
2.2575,-5.6163382444075162e-09
2.26,-5.5965824022769102e-09
2.2625,-5.5777568442494865e-09
2.265,-5.5625947362519743e-09
2.2675,-5.5451154210126736e-09
2.27,-5.528972830407232e-09
2.2725,-5.5135724480554514e-09
2.275,-5.4964904033397095e-09
2.2775,-5.4862957940135883e-09
2.28,-5.4742474518781121e-09
2.2825,-5.4658674532896219e-09
2.285,-5.4584636437792458e-09
2.2875,-5.4528612109384293e-09
2.29,-5.4427089370024781e-09
2.2925,-5.4372148860261641e-09
2.295,-5.4330711114699429e-09
2.2975,-5.4300854647222958e-09
2.3,-5.4309412568673224e-09
2.3025,-5.4324269303777248e-09
2.305,-5.4352155746351687e-09
2.3075,-5.4388716312622667e-09
2.31,-5.4466000131490109e-09
2.3125,-5.4527539178905992e-09
2.315,-5.4604304306521186e-09
2.3175,-5.4685560852564626e-09
2.32,-5.4796957734091318e-09
2.3225,-5.4876673005137907e-09
2.325,-5.4990657708363988e-09
2.3275,-5.5141428882832346e-09
2.33,-5.5300066768245824e-09
2.3325,-5.5466871001539213e-09
2.335,-5.564195340516053e-09
2.3375,-5.582649420665929e-09
2.34,-5.6051677413589654e-09
2.3425,-5.6284743809640064e-09
2.345,-5.6489597921453744e-09
2.3475,-5.6752096385363431e-09
2.35,-5.6980952533237446e-09
2.3525,-5.7212600508558769e-09
2.355,-5.7479137558034886e-09
2.3575,-5.772138417466059e-09
2.36,-5.7967161834334271e-09
2.3625,-5.8211555354415803e-09
2.365,-5.8482902176250007e-09
2.3675,-5.8745269033701251e-09
2.37,-5.8999341186975082e-09
2.3725,-5.9267088179544744e-09
2.375,-5.9495327854585283e-09
2.3775,-5.9711976131997076e-09
2.38,-5.9922162777478153e-09
2.3825,-6.0179650257862407e-09
2.385,-6.0401886853731923e-09
2.3875,-6.061637728275966e-09
2.39,-6.0816407188627909e-09
2.3925,-6.1007035244988722e-09
2.395,-6.1183830055792119e-09
2.3975,-6.1347469175790327e-09
2.4,-6.1445023280673763e-09
2.4025,-6.1562811264280567e-09
2.405,-6.1667180610377436e-09
2.4075,-6.173055567851276e-09
2.41,-6.1758047832346744e-09
2.4125,-6.1805092686112469e-09
2.415,-6.1875124455687833e-09
2.4175,-6.1936087326807844e-09
2.42,-6.2019680370285867e-09
2.4225,-6.2093131593751105e-09
2.425,-6.2131896334760441e-09
2.4275,-6.2135594019836846e-09
2.43,-6.2161163648614908e-09
2.4325,-6.22146287557763e-09
2.435,-6.2232942821813236e-09
2.4375,-6.2251020386611883e-09
2.44,-6.2268364701284485e-09
2.4425,-6.2261536815141453e-09
2.445,-6.2280022647768143e-09
2.4475,-6.2334135868388101e-09
2.45,-6.2353468765410774e-09
2.4525,-6.2369682070898259e-09
2.455,-6.2386519542917194e-09
2.4575,-6.2400500856087467e-09
2.46,-6.2411187667811629e-09
2.4625,-6.2450465117540485e-09
2.465,-6.2490800489278227e-09
2.4675,-6.2504960373538807e-09
2.47,-6.252663576610881e-09
2.4725,-6.2548025181296628e-09
2.475,-6.2573239022769876e-09
2.4775,-6.2600025514768378e-09
2.48,-6.2628493017333093e-09
2.4825,-6.2655622571806787e-09
2.485,-6.2655393233766229e-09
2.4875,-6.2682315680602963e-09
2.49,-6.271454412012515e-09
2.4925,-6.2742233331718853e-09
2.495,-6.2767088545722387e-09
2.4975,-6.2758557903238387e-09
2.5,-6.2716993068706184e-09
2.5025,-6.2672059408792612e-09
2.505,-6.2627913936596317e-09
2.5075,-6.2584281710883962e-09
2.51,-6.2595275178831107e-09
2.5125,-6.2600042722059415e-09
2.515,-6.2542808476353912e-09
2.5175,-6.2419253414504324e-09
2.52,-6.2293038832568999e-09
2.5225,-6.2165977315166471e-09
2.525,-6.2006985150707355e-09
2.5275,-6.1873439890309927e-09
2.53,-6.1707049987463347e-09
2.5325,-6.1542988962225269e-09
2.535,-6.1372451766869015e-09
2.5375,-6.1222068765182316e-09
2.54,-6.1060834919172778e-09
2.5425,-6.0890003793512112e-09
2.545,-6.0712770286095428e-09
2.5475,-6.0479146993023789e-09
2.55,-6.0243161902992234e-09
2.5525,-5.9975857785840165e-09
2.555,-5.9730689573559116e-09
2.5575,-5.9483485610777227e-09
2.56,-5.9205362947680983e-09
2.5625,-5.8928746153126426e-09
2.565,-5.8647379237279628e-09
2.5675,-5.8366738762650034e-09
2.57,-5.8116753602872607e-09
2.5725,-5.7872362460195879e-09
2.575,-5.7596863867262287e-09
2.5775,-5.7356686398745602e-09
2.58,-5.7115100674292062e-09
2.5825,-5.6878512071593954e-09
2.585,-5.6643220085792265e-09
2.5875,-5.6409149511762699e-09
2.59,-5.6180392313682128e-09
2.5925,-5.5954955261181019e-09
2.595,-5.570592355652761e-09
2.5975,-5.5468123667738511e-09
2.6,-5.5231098004517228e-09
2.6025,-5.4997955703707534e-09
2.605,-5.4809264941238141e-09
2.6075,-5.4604317346178536e-09
2.61,-5.4459321488230894e-09
2.6125,-5.4316961284774695e-09
2.615,-5.424165380906779e-09
2.6175,-5.4138870668888362e-09
2.62,-5.4074560505377863e-09
2.6225,-5.3983588946514667e-09
2.625,-5.3900692729904581e-09
2.6275,-5.3855127247311489e-09
2.63,-5.3791029549103959e-09
2.6325,-5.3788820055162038e-09
2.635,-5.3793020951259161e-09
2.6375,-5.3769144943017943e-09
2.64,-5.3775630886210569e-09
2.6425,-5.3761012510793678e-09
2.645,-5.3751445726518976e-09
2.6475,-5.3771716610363058e-09
2.65,-5.3850333717229977e-09
2.6525,-5.3899299304439571e-09
2.655,-5.3977448113954886e-09
2.6575,-5.3998715752503979e-09
2.66,-5.4019115343893955e-09
2.6625,-5.4093908259732491e-09
2.665,-5.4166128045351373e-09
2.6675,-5.4206883902265262e-09
2.67,-5.4242900820104414e-09
2.6725,-5.4301501270707606e-09
2.675,-5.4357738914883981e-09
2.6775,-5.4437635765234923e-09
2.68,-5.4517277743272022e-09
2.6825,-5.4560266417944581e-09
2.685,-5.4625176134680744e-09
2.6875,-5.4715841039873471e-09
2.69,-5.4826863009404856e-09
2.6925,-5.4901995315263775e-09
2.695,-5.4883287124523023e-09
2.6975,-5.486360973894593e-09
2.7,-5.4949211889056711e-09
2.7025,-5.520651242259903e-09
2.705,-5.5372964000971238e-09
2.7075,-5.5418691746668399e-09
2.71,-5.5459859598720418e-09
2.7125,-5.5496681185713663e-09
2.715,-5.5506340420895042e-09
2.7175,-5.5538685046344555e-09
2.72,-5.5569640637047307e-09
2.7225,-5.5566439886563871e-09
2.725,-5.558921021698424e-09
2.7275,-5.5609293576008104e-09
2.73,-5.5628448046226526e-09
2.7325,-5.5643935987119904e-09
2.735,-5.5634743987997979e-09
2.7375,-5.5650456505164066e-09
2.74,-5.5642231485070451e-09
2.7425,-5.5609501425258697e-09
2.745,-5.5640476735151836e-09
2.7475,-5.5699730838278689e-09
2.75,-5.5731822361054137e-09
2.7525,-5.5740092169198119e-09
2.755,-5.5753135823987614e-09
2.7575,-5.5770437494828334e-09
2.76,-5.5792562255378933e-09
2.7625,-5.5817694364409796e-09
2.765,-5.5844557993261128e-09
2.7675,-5.5873966369509071e-09
2.77,-5.5934117405053998e-09
2.7725,-5.5972174394812068e-09
2.775,-5.5983988557181007e-09
2.7775,-5.6001926753628712e-09
2.78,-5.6048789141726296e-09
2.7825,-5.6070749545636101e-09
2.785,-5.6067868391578782e-09
2.7875,-5.6090956866764363e-09
2.79,-5.6118773677861557e-09
2.7925,-5.6118305562508887e-09
2.795,-5.6119602094562045e-09
2.7975,-5.6064699629359674e-09
2.8,-5.6039830076278887e-09
2.8025,-5.6041184178719351e-09
2.805,-5.5955324993690986e-09
2.8075,-5.5930158602004796e-09
2.81,-5.5873698373205697e-09
2.8125,-5.5819802200288355e-09
2.815,-5.5735711382172288e-09
2.8175,-5.5711178482745114e-09
2.82,-5.565841727642098e-09
2.8225,-5.5605525517676847e-09
2.825,-5.5522578038456207e-09
2.8275,-5.538197926106739e-09
2.83,-5.5272467666474529e-09
2.8325,-5.5135444526877482e-09
2.835,-5.5031968878572446e-09
2.8375,-5.4897537018709377e-09
2.84,-5.4771092680033553e-09
2.8425,-5.4646564809137943e-09
2.845,-5.4525616276332556e-09
2.8475,-5.4378761482255444e-09
2.85,-5.4294550282991247e-09
2.8525,-5.415494864794556e-09
2.855,-5.4019551684720589e-09
2.8575,-5.3883637815434442e-09
2.86,-5.3781114281386729e-09
2.8625,-5.3657265328349778e-09
2.865,-5.3511049060967791e-09
2.8675,-5.3372256231154407e-09
2.87,-5.3268142580186374e-09
2.8725,-5.3141439631039852e-09
2.875,-5.2991182473824635e-09
2.8775,-5.2878765635253091e-09
2.88,-5.2769438839961266e-09
2.8825,-5.2666226896110422e-09
2.885,-5.2569014292274347e-09
2.8875,-5.2511359516423006e-09
2.89,-5.2487275313471694e-09
2.8925,-5.2468088936894466e-09
2.895,-5.2454925605162224e-09
2.8975,-5.2474276467322697e-09
2.9,-5.2496762387440787e-09
2.9025,-5.246487997879034e-09
2.905,-5.2435038323507702e-09
2.9075,-5.2408574064722768e-09
2.91,-5.2416056047628033e-09
2.9125,-5.2427121551622459e-09
2.915,-5.2436677012398565e-09
2.9175,-5.2447265175857114e-09
2.92,-5.2482629763309336e-09
2.9225,-5.2511311293957132e-09
2.925,-5.2534179465540111e-09
2.9275,-5.251903175200946e-09
2.93,-5.2564073875612203e-09
2.9325,-5.2575465954386582e-09
2.935,-5.2553938249498364e-09
2.9375,-5.2558380624686357e-09
2.94,-5.2586025005018257e-09
2.9425,-5.2606456255641189e-09
2.945,-5.2647146640705626e-09
2.9475,-5.2712851003490963e-09
2.95,-5.2741790015199714e-09
2.9525,-5.2793520133604974e-09
2.955,-5.2808823957085498e-09
2.9575,-5.2847494200430761e-09
2.96,-5.2911568269737596e-09
2.9625,-5.2967249744679035e-09
2.965,-5.3018578470180837e-09
2.9675,-5.3066024229727269e-09
2.97,-5.3132458618856018e-09
2.9725,-5.3197274347710861e-09
2.975,-5.3285824925778823e-09
2.9775,-5.3372020270352402e-09
2.98,-5.3455504742519042e-09
2.9825,-5.3534958136893909e-09
2.985,-5.361602731738242e-09
2.9875,-5.3688977136937488e-09
2.99,-5.3761125758081914e-09
2.9925,-5.3865703316348724e-09
2.995,-5.4002726511581823e-09
2.9975,-5.4163981985253155e-09
3.0,-5.4326721832319119e-09
3.0025,-5.4458380775405104e-09
3.005,-5.4595207120486748e-09
3.0075,-5.4792460661430555e-09
3.01,-5.4935952947192478e-09
3.0125,-5.5111575338415109e-09
3.015,-5.5284704309899934e-09
3.0175,-5.5455579961472494e-09
3.02,-5.5629017406058372e-09
3.0225,-5.5803308244533091e-09
3.025,-5.5980775793734778e-09
3.0275,-5.6192166146334852e-09
3.03,-5.6343437783748797e-09
3.0325,-5.6497008709875399e-09
3.035,-5.6653019492568933e-09
3.0375,-5.6837411233555786e-09
3.04,-5.7021917001785753e-09
3.0425,-5.7206944308310801e-09
3.045,-5.7360609828269551e-09
3.0475,-5.7512999089254667e-09
3.05,-5.7718080082509251e-09
3.0525,-5.7889361912659795e-09
3.055,-5.802443181011353e-09
3.0575,-5.8128953705633984e-09
3.06,-5.8228005158408772e-09
3.0625,-5.8321231121208505e-09
3.065,-5.8409863750921349e-09
3.0675,-5.8489969374046075e-09
3.07,-5.8559755835420929e-09
3.0725,-5.8569459071532909e-09
3.075,-5.8567415363654623e-09
3.0775,-5.8558028500414687e-09
3.08,-5.854128061107934e-09
3.0825,-5.8489696182219967e-09
3.085,-5.842932089606395e-09
3.0875,-5.8363799425582792e-09
3.09,-5.8263278467836503e-09
3.0925,-5.8187014299618762e-09
3.095,-5.8016807518446223e-09
3.0975,-5.7869937296651903e-09
3.1,-5.7719214930518236e-09
3.1025,-5.7531826385238093e-09
3.105,-5.7283446410665428e-09
3.1075,-5.706228727741813e-09
3.11,-5.6805900911685844e-09
3.1125,-5.6550704595186404e-09
3.115,-5.6287242869622672e-09
3.1175,-5.6025577916749477e-09
3.12,-5.5738100007460646e-09
3.1225,-5.5452025879993673e-09
3.125,-5.5163722691138493e-09
3.1275,-5.487962421968006e-09
3.13,-5.4567497130860752e-09
3.1325,-5.4291009310430785e-09
3.135,-5.4049345483500353e-09
3.1375,-5.3784910744472655e-09
3.14,-5.3497702983325903e-09
3.1425,-5.324916027245461e-09
3.145,-5.2978545932430293e-09
3.1475,-5.271788884539061e-09
3.15,-5.2463056206736218e-09
3.1525,-5.2182589688313968e-09
3.155,-5.1937115918938243e-09
3.1575,-5.1723332406075282e-09
3.16,-5.148940516448132e-09
3.1625,-5.1293904728464162e-09
3.165,-5.1104854600400321e-09
3.1675,-5.0893830952334129e-09
3.17,-5.0750252509871703e-09
3.1725,-5.0582468014157914e-09
3.175,-5.0366370108784516e-09
3.1775,-5.0246069817998799e-09
3.18,-5.0125725354647138e-09
3.1825,-5.0006245000266359e-09
3.185,-4.9869010442029621e-09
3.1875,-4.9762411837300705e-09
3.19,-4.9688199878122946e-09
3.1925,-4.9622487700096329e-09
3.195,-4.9525390891400351e-09
3.1975,-4.9489699131122244e-09
3.2,-4.9457456511611383e-09
3.2025,-4.9393403125841416e-09
3.205,-4.9335270868044231e-09
3.2075,-4.9277166993576746e-09
3.21,-4.9248935294632753e-09
3.2125,-4.9246443808387592e-09
3.215,-4.9183433488583857e-09
3.2175,-4.9206394215406408e-09
3.22,-4.9202379595800313e-09
3.2225,-4.9222662578722207e-09
3.225,-4.9270879459886049e-09
3.2275,-4.9289260622552237e-09
3.23,-4.933564489973311e-09
3.2325,-4.9411610814019204e-09
3.235,-4.9485184707672582e-09
3.2375,-4.9560057320086033e-09
3.24,-4.966053071266888e-09
3.2425,-4.9729481385466208e-09
3.245,-4.9797220159901048e-09
3.2475,-4.9860260006971263e-09
3.25,-4.9945882005422083e-09
3.2525,-5.0066350017026058e-09
3.255,-5.0215750953482816e-09
3.2575,-5.0332729793399611e-09
3.26,-5.047756778414871e-09
3.2625,-5.0653220624204323e-09
3.265,-5.0827121569127517e-09
3.2675,-5.1032838003631966e-09
3.27,-5.1211085573831832e-09
3.2725,-5.1360733398445562e-09
3.275,-5.1540280362936471e-09
3.2775,-5.1717080566297495e-09
3.28,-5.1897846045447483e-09
3.2825,-5.2077858593763021e-09
3.285,-5.2261513996975334e-09
3.2875,-5.2502438586943067e-09
3.29,-5.2710617065667498e-09
3.2925,-5.2922716061643047e-09
3.295,-5.316328071155297e-09
3.2975,-5.3346393723321042e-09
3.3,-5.3559153649978272e-09
3.3025,-5.3740779429727408e-09
3.305,-5.3947282974824625e-09
3.3075,-5.4153791545237103e-09
3.31,-5.4330128001905664e-09
3.3125,-5.4505696881169273e-09
3.315,-5.4682798494399206e-09
3.3175,-5.4890203914459047e-09
3.32,-5.5035256005950036e-09
3.3225,-5.5178289488069014e-09
3.325,-5.5290417420713079e-09
3.3275,-5.5456084748628007e-09
3.33,-5.5535350925235656e-09
3.3325,-5.5637625405961383e-09
3.335,-5.5708757930847221e-09
3.3375,-5.5774595597111262e-09
3.34,-5.5837032323645733e-09
3.3425,-5.5899171687766707e-09
3.345,-5.5925856003655537e-09
3.3475,-5.5926018449032444e-09
3.35,-5.5951954679112959e-09
3.3525,-5.5972493445025019e-09
3.355,-5.5958960476192998e-09
3.3575,-5.5915139399818083e-09
3.36,-5.5872061033729317e-09
3.3625,-5.5824706259046757e-09
3.365,-5.5748308394485918e-09
3.3675,-5.5666371442295902e-09
3.37,-5.5612517592875121e-09
3.3725,-5.5526239890512946e-09
3.375,-5.5439033923827772e-09
3.3775,-5.5319188586932821e-09
3.38,-5.5195668549592233e-09
3.3825,-5.507309433855482e-09
3.385,-5.4949786322135195e-09
3.3875,-5.4773108717103104e-09
3.39,-5.4629606996104523e-09
3.3925,-5.4454532011351787e-09
3.395,-5.4251423547016206e-09
3.3975,-5.4051368389674017e-09
3.4,-5.3853266768692291e-09
3.4025,-5.3630333864862416e-09
3.405,-5.3466780389377983e-09
3.4075,-5.3275007614845114e-09
3.41,-5.3086631919869425e-09
3.4125,-5.2872448686810047e-09
3.415,-5.2659983695961264e-09
3.4175,-5.2452051249029548e-09
3.42,-5.2215170653957299e-09
3.4225,-5.2009162884980374e-09
3.425,-5.1807209831432575e-09
3.4275,-5.1611278268689473e-09
3.43,-5.1389809328715325e-09
3.4325,-5.1165939632580269e-09
3.435,-5.0949392281708641e-09
3.4375,-5.073650506081804e-09
3.44,-5.0553088202043766e-09
3.4425,-5.0342707676352624e-09
3.445,-5.0163077841510794e-09
3.4475,-4.9982877483711617e-09
3.45,-4.9803579654269214e-09
3.4525,-4.9626701109957444e-09
3.455,-4.9455115740017364e-09
3.4575,-4.9283305233770876e-09
3.46,-4.9109384156596146e-09
3.4625,-4.8937797231668598e-09
3.465,-4.8791236091544193e-09
3.4675,-4.8643356995257617e-09
3.47,-4.8467745185276161e-09
3.4725,-4.8266164695187974e-09
3.475,-4.8090803832868945e-09
3.4775,-4.7915228053071504e-09
3.48,-4.7738230301101966e-09
3.4825,-4.762034541996854e-09
3.485,-4.7502142800581677e-09
3.4875,-4.7416481360605209e-09
3.49,-4.7327644999188224e-09
3.4925,-4.7210642390582719e-09
3.495,-4.7151433813463631e-09
3.4975,-4.7065512645247808e-09
3.5,-4.7005316332277722e-09
3.5025,-4.6946029469941249e-09
3.505,-4.694072555973635e-09
3.5075,-4.6935916428863777e-09
3.51,-4.6903596150383286e-09
3.5125,-4.6899230584269128e-09
3.515,-4.6923686169906504e-09
3.5175,-4.6948134949136947e-09
3.52,-4.6940801595102804e-09
3.5225,-4.6996933727348471e-09
3.525,-4.7027656683305777e-09
3.5275,-4.7089801069047641e-09
3.53,-4.7154902324930022e-09
3.5325,-4.7195836117501881e-09
3.535,-4.7270459717899735e-09
3.5375,-4.7343571552161762e-09
3.54,-4.7446854289462941e-09
3.5425,-4.7584813652746551e-09
3.545,-4.7724861050758589e-09
3.5475,-4.7837577132683299e-09
3.55,-4.8009358718223196e-09
3.5525,-4.8159062678280631e-09
3.555,-4.8310602946007239e-09
3.5575,-4.8520908217423971e-09
3.56,-4.8736303382347884e-09
3.5625,-4.8953298243770162e-09
3.565,-4.916928782647429e-09
3.5675,-4.9356069307864331e-09
3.57,-4.9551520234348854e-09
3.5725,-4.9779009814323726e-09
3.575,-4.998077567214633e-09
3.5775,-5.0245336270819368e-09
3.58,-5.0479192776648271e-09
3.5825,-5.0680881166645537e-09
3.585,-5.0912279717759115e-09
3.5875,-5.1176644326768731e-09
3.59,-5.1409543305220885e-09
3.5925,-5.1672154689914722e-09
3.595,-5.1904253343507077e-09
3.5975,-5.2133547562729348e-09
3.6,-5.2333846971925852e-09
3.6025,-5.253326502683023e-09
3.605,-5.2728704187103659e-09
3.6075,-5.2895321126032773e-09
3.61,-5.3064169545267039e-09
3.6125,-5.3202534768158831e-09
3.615,-5.3334382097766739e-09
3.6175,-5.3462027677913394e-09
3.62,-5.3584333990694962e-09
3.6225,-5.3701354034657507e-09
3.625,-5.3844446141125589e-09
3.6275,-5.3957994820005496e-09
3.63,-5.4068899378237208e-09
3.6325,-5.4147409334780418e-09
3.635,-5.4218469955467091e-09
3.6375,-5.425769062121054e-09
3.64,-5.4292239294109572e-09
3.6425,-5.4318024853105629e-09
3.645,-5.4312106882630385e-09
3.6475,-5.4302419522332518e-09
3.65,-5.4266155865110486e-09
3.6525,-5.4221862351639362e-09
3.655,-5.4176679747966572e-09
3.6575,-5.4128967175369267e-09
3.66,-5.4107784242904682e-09
3.6625,-5.4056696094830693e-09
3.665,-5.3974001735526126e-09
3.6675,-5.3892741211150168e-09
3.67,-5.3808211781778087e-09
3.6725,-5.3721311552059303e-09
3.675,-5.3607901744921224e-09
3.6775,-5.3489780575486394e-09
3.68,-5.3368330583187641e-09
3.6825,-5.3213768019829218e-09
3.685,-5.3089450150363374e-09
3.6875,-5.2937293765537102e-09
3.69,-5.2783797158496603e-09
3.6925,-5.2630767600868184e-09
3.695,-5.2508011522648119e-09
3.6975,-5.2327850626131649e-09
3.7,-5.2177136475456746e-09
3.7025,-5.2027580503185093e-09
3.705,-5.1875668738278705e-09
3.7075,-5.1724731110629048e-09
3.71,-5.1547848243080975e-09
3.7125,-5.139833350213022e-09
3.715,-5.1280167072574916e-09
3.7175,-5.11639770425725e-09
3.72,-5.1048628682254261e-09
3.7225,-5.0907003000962792e-09
3.725,-5.079285572765915e-09
3.7275,-5.0680006776632793e-09
3.73,-5.0567879215598311e-09
3.7325,-5.0454687822177861e-09
3.735,-5.0318368355906933e-09
3.7375,-5.0187263341964809e-09
3.74,-5.0060864912268841e-09
3.7425,-4.9967529972889898e-09
3.745,-4.9900860743527519e-09
3.7475,-4.9806482505394934e-09
3.75,-4.9739267729354612e-09
3.7525,-4.9703686381104914e-09
3.755,-4.9674220310454429e-09
3.7575,-4.9648490773773564e-09
3.76,-4.9626176727947576e-09
3.7625,-4.9635456152973775e-09
3.765,-4.9619073822941008e-09
3.7675,-4.9632783760842304e-09
3.77,-4.9679322309269878e-09
3.7725,-4.9750819137244181e-09
3.775,-4.9797990410948583e-09
3.7775,-4.9817486850381983e-09
3.78,-4.9872097632361423e-09
3.7825,-4.9957193969168948e-09
3.785,-5.0044419673703767e-09
3.7875,-5.0136845625938246e-09
3.79,-5.0236679061597171e-09
3.7925,-5.0311177725562227e-09
3.795,-5.0387122372158192e-09
3.7975,-5.0495155003629759e-09
3.8,-5.0635535069498605e-09
3.8025,-5.0782939728586931e-09
3.805,-5.0933787298841583e-09
3.8075,-5.1084967558847966e-09
3.81,-5.1240214330879974e-09
3.8125,-5.1398203596339962e-09
3.815,-5.1556300664278404e-09
3.8175,-5.171610977231627e-09
3.82,-5.187530093810223e-09
3.8225,-5.2037029962425398e-09
3.825,-5.2197046740556645e-09
3.8275,-5.2384448927058501e-09
3.83,-5.2572694937078888e-09
3.8325,-5.2785195501743924e-09
3.835,-5.2967868587529176e-09
3.8375,-5.3117435640073863e-09
3.84,-5.3234038451987613e-09
3.8425,-5.334758512446079e-09
3.845,-5.3486363857973473e-09
3.8475,-5.3649275843488077e-09
3.85,-5.3803237188245717e-09
3.8525,-5.389594573680474e-09
3.855,-5.3981630584717312e-09
3.8575,-5.4088574210890473e-09
3.86,-5.4160337803701218e-09
3.8625,-5.41967191013548e-09
3.865,-5.4261079453326356e-09
3.8675,-5.4341630741088266e-09
3.87,-5.438203683760964e-09
3.8725,-5.4411525426361433e-09
3.875,-5.4400255227350154e-09
3.8775,-5.4408551455955129e-09
3.88,-5.4408987348456075e-09
3.8825,-5.4370016495480242e-09
3.885,-5.4318647856920801e-09
3.8875,-5.4258770832662783e-09
3.89,-5.4158459330688024e-09
3.8925,-5.404692403236894e-09
3.895,-5.3923523789198441e-09
3.8975,-5.3753850022826906e-09
3.9,-5.3630511886681612e-09
3.9025,-5.3464444302904058e-09
3.905,-5.3254629066401634e-09
3.9075,-5.298543477042158e-09
3.91,-5.274755462455851e-09
3.9125,-5.2547579363860501e-09
3.915,-5.2339324588544514e-09
3.9175,-5.2195520440771305e-09
3.92,-5.2073012613836521e-09
3.9225,-5.1973354690463187e-09
3.925,-5.1917721410993286e-09
3.9275,-5.1893812528618639e-09
3.93,-5.192029476225292e-09
3.9325,-5.1924283996746322e-09
3.935,-5.1938240552034799e-09
3.9375,-5.1954746935237436e-09
3.94,-5.1998682737048949e-09
3.9425,-5.1998040037837514e-09
3.945,-5.1997873424768968e-09
3.9475,-5.2042863820924713e-09
3.95,-5.2096397507509825e-09
3.9525,-5.2194657764156529e-09
3.955,-5.2310289643236075e-09
3.9575,-5.2439565529402878e-09
3.96,-5.259061029835191e-09
3.9625,-5.2668904789608828e-09
3.965,-5.2679244335032338e-09
3.9675,-5.2638680741403879e-09
3.97,-5.2517586158689096e-09
3.9725,-5.2342128911850207e-09
3.975,-5.2073928844163551e-09
3.9775,-5.1765121742523166e-09
3.98,-5.1477765457037487e-09
3.9825,-5.1220079434354148e-09
3.985,-5.1022003866164089e-09
3.9875,-5.0890535875993969e-09
3.99,-5.0802700200107595e-09
3.9925,-5.0741482129398896e-09
3.995,-5.069034175999902e-09
3.9975,-5.0628607190203348e-09
4.0,-5.0580596520388179e-09
4.0025,-5.0474929852778374e-09
4.005,-5.036383235279752e-09
4.0075,-5.0226523730947774e-09
4.01,-5.0087060134332164e-09
4.0125,-4.9926959086582735e-09
4.015,-4.9810451671239692e-09
4.0175,-4.9739928813056526e-09
4.02,-4.970830637776514e-09
4.0225,-4.9617027365366747e-09
4.025,-4.951954526040806e-09
4.0275,-4.9468057660040031e-09
4.03,-4.9409461095001846e-09
4.0325,-4.9308074078332046e-09
4.035,-4.9207230714586583e-09
4.0375,-4.9169188536923954e-09
4.04,-4.9136804980092013e-09
4.0425,-4.9115441743972139e-09
4.045,-4.9097877198201457e-09
4.0475,-4.9084638938935648e-09
4.05,-4.906833425520845e-09
4.0525,-4.9082287540564781e-09
4.055,-4.9098506270304138e-09
4.0575,-4.9055809677765182e-09
4.06,-4.9043410705930062e-09
4.0625,-4.9035058620178152e-09
4.065,-4.9089585722834619e-09
4.0675,-4.9146405883919587e-09
4.07,-4.9203543108475134e-09
4.0725,-4.9262562291012028e-09
4.075,-4.9291578312802084e-09
4.0775,-4.934610973843918e-09
4.08,-4.9391578191493034e-09
4.0825,-4.9429842101108676e-09
4.085,-4.9429527194999398e-09
4.0875,-4.9418582357828597e-09
4.09,-4.9368702421936102e-09
4.0925,-4.9342910614549268e-09
4.095,-4.9308467517891962e-09
4.0975,-4.9293837770535033e-09
4.1,-4.9248743104811351e-09
4.1025,-4.9206434758857309e-09
4.105,-4.9137883289008127e-09
4.1075,-4.9107699149200953e-09
4.11,-4.9095820107882605e-09
4.1125,-4.9077518078617159e-09
4.115,-4.9081611694280937e-09
4.1175,-4.9148137060162689e-09
4.12,-4.9245580791060274e-09
4.1225,-4.9324388986780877e-09
4.125,-4.9439012293294334e-09
4.1275,-4.9593826948678682e-09
4.13,-4.9791402759314409e-09
4.1325,-5.0002280141415261e-09
4.135,-5.0280788731445126e-09
4.1375,-5.0599850271970439e-09
4.14,-5.0980364132710661e-09
4.1425,-5.1306664539246859e-09
4.145,-5.1684232880178443e-09
4.1475,-5.2028474297265051e-09
4.15,-5.2447957214145424e-09
4.1525,-5.2846422252804874e-09
4.155,-5.3217110950652507e-09
4.1575,-5.3614927233906567e-09
4.16,-5.397407709983287e-09
4.1625,-5.4344312649283182e-09
4.165,-5.4659428766330815e-09
4.1675,-5.4947966974684876e-09
4.17,-5.5170734224216413e-09
4.1725,-5.5385041243986673e-09
4.175,-5.5551992368776801e-09
4.1775,-5.5638728587207462e-09
4.18,-5.5700406140357447e-09
4.1825,-5.5701684451596438e-09
4.185,-5.5645084818497129e-09
4.1875,-5.5496810157210119e-09
4.19,-5.531597071947331e-09
4.1925,-5.506969066612529e-09
4.195,-5.4727924479172813e-09
4.1975,-5.4346339090116425e-09
4.2,-5.3871886279972623e-09
4.2025,-5.333515307804211e-09
4.205,-5.273969402131321e-09
4.2075,-5.2028159244770713e-09
4.21,-5.1322771296419063e-09
4.2125,-5.0566425126047225e-09
4.215,-4.9766361476085161e-09
4.2175,-4.8923647618986289e-09
4.22,-4.8017232955309632e-09
4.2225,-4.7142026331061108e-09
4.225,-4.6243232664238996e-09
4.2275,-4.5320354168956622e-09
4.23,-4.4381033429149686e-09
4.2325,-4.3402292149156238e-09
4.235,-4.2449657342676021e-09
4.2375,-4.1523486248689138e-09
4.24,-4.060617263604625e-09
4.2425,-3.9666888993395138e-09
4.245,-3.8772450249790307e-09
4.2475,-3.7869264561018334e-09
4.25,-3.6992960563707575e-09
4.2525,-3.6172877940464004e-09
4.255,-3.5386286212523108e-09
4.2575,-3.4635693815112036e-09
4.26,-3.3926406348525298e-09
4.2625,-3.3291178505940467e-09
4.265,-3.2668445760016906e-09
4.2675,-3.2121199699541572e-09
4.27,-3.1623971595365232e-09
4.2725,-3.1176549113117513e-09
4.275,-3.080707152478292e-09
4.2775,-3.0490517517935824e-09
4.28,-3.0227722479172277e-09
4.2825,-3.0017324634300586e-09
4.285,-2.9915330312876484e-09
4.2875,-2.9864824949404495e-09
4.29,-2.98345816821443e-09
4.2925,-2.985273410773648e-09
4.295,-2.9948125443483533e-09
4.2975,-3.0120365761908866e-09
4.3,-3.0332893513042163e-09
4.3025,-3.0586601564722353e-09
4.305,-3.0851662267141313e-09
4.3075,-3.1182272832088257e-09
4.31,-3.15178298492572e-09
4.3125,-3.1920363688776795e-09
4.315,-3.2347401257075463e-09
4.3175,-3.2860075233058613e-09
4.32,-3.3337204520674061e-09
4.3225,-3.3835741650863994e-09
4.325,-3.4355123458797329e-09
4.3275,-3.4918258682496059e-09
4.33,-3.5461350096769754e-09
4.3325,-3.6013052809188516e-09
4.335,-3.6572255391459172e-09
4.3375,-3.7164908320214115e-09
4.34,-3.7729261342286607e-09
4.3425,-3.8290772378410684e-09
4.345,-3.8904399440183154e-09
4.3475,-3.9427564956838852e-09
4.35,-3.9946865179122956e-09
4.3525,-4.0456364716382981e-09
4.355,-4.0986717557843247e-09
4.3575,-4.1503615014972128e-09
4.36,-4.2007038590017754e-09
4.3625,-4.2466833381542813e-09
4.365,-4.2911881746886527e-09
4.3675,-4.3312100421451913e-09
4.37,-4.3724888068261174e-09
4.3725,-4.412016020629792e-09
4.375,-4.4498630815891569e-09
4.3775,-4.4835604437522555e-09
4.38,-4.5157074646405765e-09
4.3825,-4.5493972312188923e-09
4.385,-4.5817248145462946e-09
4.3875,-4.6076564904461743e-09
4.39,-4.6335350779361874e-09
4.3925,-4.6615103068608429e-09
4.395,-4.6832586360348456e-09
4.3975,-4.7045894661227341e-09
4.4,-4.7227406141545446e-09
4.4025,-4.7407699506569216e-09
4.405,-4.7561321544467688e-09
4.4075,-4.7713103036896547e-09
4.41,-4.7894546591343877e-09
4.4125,-4.8045619805140947e-09
4.415,-4.8195982844838673e-09
4.4175,-4.8313529366234956e-09
4.42,-4.8455043970153016e-09
4.4225,-4.8562577521363272e-09
4.425,-4.8632120525303348e-09
4.4275,-4.8667139682176956e-09
4.43,-4.8696591222196417e-09
4.4325,-4.8715601294226242e-09
4.435,-4.8753873574119949e-09
4.4375,-4.8783339660416067e-09
4.44,-4.8798841844230186e-09
4.4425,-4.8768945857118313e-09
4.445,-4.8699258676983683e-09
4.4475,-4.8642000838517857e-09
4.45,-4.8592391631780335e-09
4.4525,-4.8522706758630199e-09
4.455,-4.8377023132977831e-09
4.4575,-4.8203983832396688e-09
4.46,-4.8039960870641244e-09
4.4625,-4.7856214889229464e-09
4.465,-4.7623526844878396e-09
4.4675,-4.7331633433509502e-09
4.47,-4.7070424760029808e-09
4.4725,-4.679149354063785e-09
4.475,-4.6490295437447786e-09
4.4775,-4.6167772782150929e-09
4.48,-4.5800685917321882e-09
4.4825,-4.5411248285760172e-09
4.485,-4.4974908859438239e-09
4.4875,-4.452544507388444e-09
4.49,-4.4087161210506634e-09
4.4925,-4.3692182944627424e-09
4.495,-4.328760139708289e-09
4.4975,-4.284775368873787e-09
4.5,-4.2430582344464525e-09
4.5025,-4.1975354089051632e-09
4.505,-4.1577215945438345e-09
4.5075,-4.1147476858587632e-09
4.51,-4.0745865214627609e-09
4.5125,-4.0343436649060538e-09
4.515,-3.9944247848318905e-09
4.5175,-3.9548602754998928e-09
4.52,-3.918430369606015e-09
4.5225,-3.8846612843357594e-09
4.525,-3.8504388163960108e-09
4.5275,-3.8161722531816538e-09
4.53,-3.7875051235376526e-09
4.5325,-3.7557107252608993e-09
4.535,-3.7268855319689896e-09
4.5375,-3.6978182778278636e-09
4.54,-3.6716667463095289e-09
4.5425,-3.6487154902144505e-09
4.545,-3.6256180819594298e-09
4.5475,-3.6028210359331982e-09
4.55,-3.5799951830828129e-09
4.5525,-3.555028338088972e-09
4.555,-3.5361807742070443e-09
4.5575,-3.5180966424717162e-09
4.56,-3.5004451382784081e-09
4.5625,-3.4838241679266869e-09
4.565,-3.468222623326532e-09
4.5675,-3.4565594665641261e-09
4.57,-3.4486605407182292e-09
4.5725,-3.4449987245723638e-09
4.575,-3.4397019048222361e-09
4.5775,-3.4357183556873573e-09
4.58,-3.4297009284912756e-09
4.5825,-3.4274942294990724e-09
4.585,-3.4295916976606642e-09
4.5875,-3.4327313316300147e-09
4.59,-3.4365920934312263e-09
4.5925,-3.444548577421728e-09
4.595,-3.4505939834690769e-09
4.5975,-3.4575610548101393e-09
4.6,-3.4623997273644642e-09
4.6025,-3.4678445277775713e-09
4.605,-3.4745743251513042e-09
4.6075,-3.4791234493889887e-09
4.61,-3.4841772234405683e-09
4.6125,-3.4926903127390694e-09
4.615,-3.5013668414024184e-09
4.6175,-3.50767864133351e-09
4.62,-3.5115321290617703e-09
4.6225,-3.5157854212423572e-09
4.625,-3.520903128482216e-09
4.6275,-3.5258475632889765e-09
4.63,-3.5342186220614068e-09
4.6325,-3.540042526738814e-09
4.635,-3.5465174869330013e-09
4.6375,-3.550486953368634e-09
4.64,-3.5575141876462728e-09
4.6425,-3.5615361051733394e-09
4.645,-3.5629547317182503e-09
4.6475,-3.5669447186573891e-09
4.65,-3.5682868388567072e-09
4.6525,-3.5666785208491823e-09
4.655,-3.5652828531025109e-09
4.6575,-3.561194990190421e-09
4.66,-3.5573750381262355e-09
4.6625,-3.5506103344250515e-09
4.665,-3.5442951768560613e-09
4.6675,-3.5352100134723446e-09
4.67,-3.5292873657872059e-09
4.6725,-3.5209589101425142e-09
4.675,-3.5093450143665884e-09
4.6775,-3.5010133193663631e-09
4.68,-3.487193185937595e-09
4.6825,-3.4763949893170883e-09
4.685,-3.4656094852892664e-09
4.6875,-3.4552422438111757e-09
4.69,-3.4456964791252423e-09
4.6925,-3.436422907505406e-09
4.695,-3.4243460381316751e-09
4.6975,-3.4098391386414172e-09
4.7,-3.3955246029148001e-09
4.7025,-3.3784119741530915e-09
4.705,-3.3625882559719127e-09
4.7075,-3.3497779079778482e-09
4.71,-3.3316691876300136e-09
4.7125,-3.3170077314320849e-09
4.715,-3.3057332821655452e-09
4.7175,-3.2918443461626031e-09
4.72,-3.2783463779109603e-09
4.7225,-3.2650997609480358e-09
4.725,-3.2523545552782098e-09
4.7275,-3.2396898056149615e-09
4.73,-3.2244347343932741e-09
4.7325,-3.2093947315920055e-09
4.735,-3.1949550189406112e-09
4.7375,-3.1807419432845753e-09
4.74,-3.1668112547727942e-09
4.7425,-3.1560181425001944e-09
4.745,-3.1453191764899882e-09
4.7475,-3.1348189792008841e-09
4.75,-3.1214735252764407e-09
4.7525,-3.1138903843057529e-09
4.755,-3.1036312302903423e-09
4.7575,-3.0964369982328965e-09
4.76,-3.086335653244648e-09
4.7625,-3.0788752561075279e-09
4.765,-3.0715794293591385e-09
4.7675,-3.0638746233684453e-09
4.77,-3.056048548371522e-09
4.7725,-3.0451264724291486e-09
4.775,-3.0400140546098657e-09
4.7775,-3.0345476117126472e-09
4.78,-3.0324130057751141e-09
4.7825,-3.0297421151753833e-09
4.785,-3.0297291843826491e-09
4.7875,-3.0327016985212416e-09
4.79,-3.0353031239473587e-09
4.7925,-3.0374701248005398e-09
4.795,-3.0397642089662188e-09
4.7975,-3.0418188145556517e-09
4.8,-3.0466054062991113e-09
4.8025,-3.0512170461984467e-09
4.805,-3.0588093922303983e-09
4.8075,-3.0692479495305412e-09
4.81,-3.0770526888490737e-09
4.8125,-3.0843659919807653e-09
4.815,-3.0950210060422506e-09
4.8175,-3.1080524777383163e-09
4.82,-3.1208090506476094e-09
4.8225,-3.1333209699741821e-09
4.825,-3.1460926659732806e-09
4.8275,-3.1620155350847094e-09
4.83,-3.1808424909099356e-09
4.8325,-3.19380926629384e-09
4.835,-3.209552658348994e-09
4.8375,-3.2283899358346613e-09
4.84,-3.2504166334914228e-09
4.8425,-3.2717597475795345e-09
4.845,-3.2933099229217642e-09
4.8475,-3.3151730126810229e-09
4.85,-3.3371344267768495e-09
4.8525,-3.3614205601393503e-09
4.855,-3.379905208537994e-09
4.8575,-3.3982212791214202e-09
4.86,-3.419433361135861e-09
4.8625,-3.4403382976850383e-09
4.865,-3.46102069734589e-09
4.8675,-3.4818870491323377e-09
4.87,-3.5023947822353006e-09
4.8725,-3.5254232177164979e-09
4.875,-3.5481403031853557e-09
4.8775,-3.5705588564254246e-09
4.88,-3.5923755950874746e-09
4.8825,-3.6109250719018725e-09
4.885,-3.6292573114914126e-09
4.8875,-3.6469894355393355e-09
4.89,-3.6615785258924746e-09
4.8925,-3.6787496457243711e-09
4.895,-3.692531646298088e-09
4.8975,-3.7058330793875119e-09
4.9,-3.7156987789635864e-09
4.9025,-3.7254687614098051e-09
4.905,-3.7317110884631884e-09
4.9075,-3.7406410163757913e-09
4.91,-3.7460993689237834e-09
4.9125,-3.7513404801950497e-09
4.915,-3.7563765294288908e-09
4.9175,-3.7579539673677743e-09
4.92,-3.7622068819083381e-09
4.9225,-3.7601592896103681e-09
4.925,-3.7583548735700312e-09
4.9275,-3.7560026744962051e-09
4.93,-3.7535123125109944e-09
4.9325,-3.7478975258999186e-09
4.935,-3.7452078703387325e-09
4.9375,-3.7393816014766568e-09
4.94,-3.7305350771808194e-09
4.9425,-3.7213763939944825e-09
4.945,-3.7146804817881319e-09
4.9475,-3.7053823329739175e-09
4.95,-3.6932399371309804e-09
4.9525,-3.6812265858770221e-09
4.955,-3.669195787311944e-09
4.9575,-3.6515484828049245e-09
4.96,-3.6372207667287715e-09
4.9625,-3.6225940114161405e-09
4.965,-3.6053176949479773e-09
4.9675,-3.5912392056642969e-09
4.97,-3.5748059100180091e-09
4.9725,-3.5611136868858524e-09
4.975,-3.5447870647029183e-09
4.9775,-3.5256426630950229e-09
4.98,-3.5068176225827092e-09
4.9825,-3.4879273460860274e-09
4.985,-3.4720962893667137e-09
4.9875,-3.4538080352265657e-09
4.99,-3.4358570365544559e-09
4.9925,-3.4124266287806283e-09
4.995,-3.3888426181418795e-09
4.9975,-3.3714631075415314e-09
5.0,-3.3543443871827541e-09
5.0025,-3.3342360458483423e-09
5.005,-3.3202334638054501e-09
5.0075,-3.3007118186946979e-09
5.01,-3.281065353739379e-09
5.0125,-3.2643946433499352e-09
5.015,-3.2478017970806981e-09
5.0175,-3.2312041329738319e-09
5.02,-3.2117975959887143e-09
5.0225,-3.1926189567661419e-09
5.025,-3.1760741597137406e-09
5.0275,-3.1595301568650331e-09
5.03,-3.1430699396881063e-09
5.0325,-3.1236961583052783e-09
5.035,-3.1098632532552598e-09
5.0375,-3.0965370476827288e-09
5.04,-3.083338444630533e-09
5.0425,-3.070074175155766e-09
5.045,-3.0570422478370024e-09
5.0475,-3.0500389136807844e-09
5.05,-3.043034897574909e-09
5.0525,-3.0362134544184424e-09
5.055,-3.0294640436944796e-09
5.0575,-3.0260215569082667e-09
5.06,-3.025169010024414e-09
5.0625,-3.0246614828113017e-09
5.065,-3.0248576390441499e-09
5.0675,-3.0280439716545617e-09
5.07,-3.0284598106978913e-09
5.0725,-3.0292649255935388e-09
5.075,-3.0302935017970761e-09
5.0775,-3.0346171419489336e-09
5.08,-3.036234056114673e-09
5.0825,-3.0441583162826622e-09
5.085,-3.0491706717474224e-09
5.0875,-3.0574726787245861e-09
5.09,-3.0691543903653572e-09
5.0925,-3.0812685572406486e-09
5.095,-3.0938381800389915e-09
5.0975,-3.106493566160298e-09
5.1,-3.1196992444371058e-09
5.1025,-3.1333199612790767e-09
5.105,-3.1494530469422452e-09
5.1075,-3.1660006401493028e-09
5.11,-3.1832619688914034e-09
5.1125,-3.2033529228602407e-09
5.115,-3.2294575630060294e-09
5.1175,-3.2503045805179503e-09
5.12,-3.2741558835794285e-09
5.1225,-3.2951006195204989e-09
5.125,-3.3155049440757907e-09
5.1275,-3.3363480818153927e-09
5.13,-3.3567371884566069e-09
5.1325,-3.3769185491370243e-09
5.135,-3.3967792607651482e-09
5.1375,-3.4192436153847316e-09
5.14,-3.4418693477800305e-09
5.1425,-3.4614959050998791e-09
5.145,-3.4838544578028736e-09
5.1475,-3.5034083298647231e-09
5.15,-3.5219595067745872e-09
5.1525,-3.5376279752016982e-09
5.155,-3.5557511172589922e-09
5.1575,-3.5702322981561932e-09
5.16,-3.5816937902519059e-09
5.1625,-3.5953161487541626e-09
5.165,-3.6083981693646653e-09
5.1675,-3.6185979304469306e-09
5.17,-3.6310888236021766e-09
5.1725,-3.6407218751001327e-09
5.175,-3.652369180126291e-09
5.1775,-3.6606640205745586e-09
5.18,-3.6686094609038043e-09
5.1825,-3.6733109753385893e-09
5.185,-3.6747377160234804e-09
5.1875,-3.6760628865589411e-09
5.19,-3.6768174157544982e-09
5.1925,-3.6745136400015986e-09
5.195,-3.6722473945412358e-09
5.1975,-3.6699366847008736e-09
5.2,-3.667468190588029e-09
5.2025,-3.6676659694005431e-09
5.205,-3.664861083486328e-09
5.2075,-3.6566141513733236e-09
5.21,-3.653814343345157e-09
5.2125,-3.6506726765256079e-09
5.215,-3.6447749277093519e-09
5.2175,-3.6361607782072251e-09
5.22,-3.6216437202205995e-09
5.2225,-3.6094970159347501e-09
5.225,-3.6011060318127424e-09
5.2275,-3.5899414544860897e-09
5.23,-3.5789627532603025e-09
5.2325,-3.5652848989484543e-09
5.235,-3.5546000595087403e-09
5.2375,-3.5383200880199857e-09
5.24,-3.527830979767274e-09
5.2425,-3.517410315436114e-09
5.245,-3.5043357560839525e-09
5.2475,-3.4910783297486017e-09
5.25,-3.4775609595776212e-09
5.2525,-3.4641243943416069e-09
5.255,-3.4504150312177568e-09
5.2575,-3.4369696608032781e-09
5.26,-3.423924208874865e-09
5.2625,-3.4104975401235679e-09
5.265,-3.3972042101383031e-09
5.2675,-3.380758790252221e-09
5.27,-3.3698436849525887e-09
5.2725,-3.3588784747924556e-09
5.275,-3.3449181915222994e-09
5.2775,-3.3310281200120203e-09
5.28,-3.3138232652548444e-09
5.2825,-3.2994655895854104e-09
5.285,-3.2845565540823624e-09
5.2875,-3.2667231101374179e-09
5.29,-3.2518897313668513e-09
5.2925,-3.2367479518989149e-09
5.295,-3.2241673284801949e-09
5.2975,-3.2117729293115359e-09
5.3,-3.1990846268116934e-09
5.3025,-3.1861883397583551e-09
5.305,-3.1760102679252514e-09
5.3075,-3.1655982094391095e-09
5.31,-3.1579358172409622e-09
5.3125,-3.1503553714938949e-09
5.315,-3.1398631748214962e-09
5.3175,-3.132053979692906e-09
5.32,-3.1213933284266523e-09
5.3225,-3.1144440645439336e-09
5.325,-3.104884354049841e-09
5.3275,-3.0981710317062359e-09
5.33,-3.0976925241524689e-09
5.3325,-3.0943731216914485e-09
5.335,-3.0943211091908278e-09
5.3375,-3.0971621254094399e-09
5.34,-3.1005195994656395e-09
5.3425,-3.1039578200637594e-09
5.345,-3.1075812740430299e-09
5.3475,-3.1117211593708078e-09
5.35,-3.1191249157010839e-09
5.3525,-3.1298143361473834e-09
5.355,-3.1383356858620656e-09
5.3575,-3.1470541720831873e-09
5.36,-3.1530547941137624e-09
5.3625,-3.1627107186519632e-09
5.365,-3.1724889233331849e-09
5.3675,-3.1825285584617964e-09
5.37,-3.1931116647486188e-09
5.3725,-3.2014922638315763e-09
5.375,-3.2129381377478207e-09
5.3775,-3.227718128510932e-09
5.38,-3.2427994272260123e-09
5.3825,-3.2609208311205982e-09
5.385,-3.2731854600971825e-09
5.3875,-3.2889002284160621e-09
5.39,-3.3045686763661805e-09
5.3925,-3.3257711805114111e-09
5.395,-3.3440186082362768e-09
5.3975,-3.3595639681450351e-09
5.4,-3.3722897756624737e-09
5.4025,-3.3879797661996826e-09
5.405,-3.4007222610979813e-09
5.4075,-3.4134568536493498e-09
5.41,-3.4286379043361271e-09
5.4125,-3.4407643485270843e-09
5.415,-3.4531253116357741e-09
5.4175,-3.4620208109889892e-09
5.42,-3.4741649942524582e-09
5.4225,-3.4824601820212646e-09
5.425,-3.4910840354146576e-09
5.4275,-3.4964403525179511e-09
5.43,-3.5073108196535374e-09
5.4325,-3.5151582446345094e-09
5.435,-3.5199491519416673e-09
5.4375,-3.5249104807141092e-09
5.44,-3.5295356131999386e-09
5.4425,-3.5341411274502991e-09
5.445,-3.5385709685323844e-09
5.4475,-3.5393432103354626e-09
5.45,-3.5430834707069033e-09
5.4525,-3.5472689053920347e-09
5.455,-3.5452493844419037e-09
5.4575,-3.5429748771895948e-09
5.46,-3.5442923335695042e-09
5.4625,-3.5422450216383842e-09
5.465,-3.5375753406506024e-09
5.4675,-3.535999148099576e-09
5.47,-3.5345996960460424e-09
5.4725,-3.5329572438418138e-09
5.475,-3.5256900985134287e-09
5.4775,-3.5186569316733199e-09
5.48,-3.5143215669059471e-09
5.4825,-3.5102196117475977e-09
5.485,-3.5065077921954474e-09
5.4875,-3.5024541278996516e-09
5.49,-3.4929584240275543e-09
5.4925,-3.4863726651343321e-09
5.495,-3.4770451372129431e-09
5.4975,-3.4708562942948652e-09
5.5,-3.4645185862563539e-09
5.5025,-3.4552116886069981e-09
5.505,-3.4487905642494014e-09
5.5075,-3.4419254033739495e-09
5.51,-3.4352253718183214e-09
5.5125,-3.4256441923776244e-09
5.515,-3.4131384580740123e-09
5.5175,-3.406187893296331e-09
5.52,-3.3963420410464627e-09
5.5225,-3.3866221206582554e-09
5.525,-3.3795333217447168e-09
5.5275,-3.3692109958206407e-09
5.53,-3.3555545363955638e-09
5.5325,-3.3441971128014554e-09
5.535,-3.3326836724626206e-09
5.5375,-3.3205883179719206e-09
5.54,-3.3080260769269067e-09
5.5425,-3.2979556964566907e-09
5.545,-3.2842626000114531e-09
5.5475,-3.273355793627175e-09
5.55,-3.2619286855102728e-09
5.5525,-3.2503583677582859e-09
5.555,-3.2413761909549771e-09
5.5575,-3.2318501859419884e-09
5.56,-3.2248103195450618e-09
5.5625,-3.2173114740044757e-09
5.565,-3.2097212210285466e-09
5.5675,-3.2022546270695749e-09
5.57,-3.197195838172362e-09
5.5725,-3.1947284367805521e-09
5.575,-3.1920679225836709e-09
5.5775,-3.1890198237394973e-09
5.58,-3.1831927305015353e-09
5.5825,-3.1780274071066999e-09
5.585,-3.1724655190865351e-09
5.5875,-3.1670168689024294e-09
5.59,-3.1646265830376514e-09
5.5925,-3.162237534975108e-09
5.595,-3.1596633862473428e-09
5.5975,-3.1606447846913595e-09
5.6,-3.164950752895974e-09
5.6025,-3.1636152341113576e-09
5.605,-3.1680246985556453e-09
5.6075,-3.1699917414786751e-09
5.61,-3.1748709270035713e-09
5.6125,-3.1804348671068079e-09
5.615,-3.1863828711811222e-09
5.6175,-3.1923304923680595e-09
5.62,-3.1956997063824222e-09
5.6225,-3.2028028130688352e-09
5.625,-3.2100168676932621e-09
5.6275,-3.2173965279677183e-09
5.63,-3.2256496419748486e-09
5.6325,-3.2367809233820901e-09
5.635,-3.2483658968672333e-09
5.6375,-3.2599677447108508e-09
5.64,-3.2720734949033851e-09
5.6425,-3.2872398297508137e-09
5.645,-3.305098905199557e-09
5.6475,-3.3143030336450169e-09
5.65,-3.3267632449318197e-09
5.6525,-3.3388113093982214e-09
5.655,-3.351103168005723e-09
5.6575,-3.3609267846470962e-09
5.66,-3.3677874351204237e-09
5.6625,-3.3806660738380495e-09
5.665,-3.3908809079231136e-09
5.6675,-3.4038378224943357e-09
5.67,-3.4199594484044489e-09
5.6725,-3.4303860147753075e-09
5.675,-3.4434653342424522e-09
5.6775,-3.4564508925630328e-09
5.68,-3.4660116093853106e-09
5.6825,-3.4696595833279593e-09
5.685,-3.4732699833499659e-09
5.6875,-3.4774443671953996e-09
5.69,-3.4844135582432339e-09
5.6925,-3.4856693344813988e-09
5.695,-3.4869496466938142e-09
5.6975,-3.4910441593351804e-09
5.7,-3.4952000482363179e-09
5.7025,-3.4995369581057446e-09
5.705,-3.4981163014122297e-09
5.7075,-3.4936513954481647e-09
5.71,-3.4923019581367393e-09
5.7125,-3.4910419900828566e-09
5.715,-3.4870556476315515e-09
5.7175,-3.4831794975128154e-09
5.72,-3.4824624921490137e-09
5.7225,-3.4758106569170894e-09
5.725,-3.4664599532184547e-09
5.7275,-3.4603217197993732e-09
5.73,-3.4547214415505662e-09
5.7325,-3.4494577592592885e-09
5.735,-3.444397164495031e-09
5.7375,-3.4396841534458755e-09
5.74,-3.4322302597668643e-09
5.7425,-3.4282593870400432e-09
5.745,-3.4242682435017366e-09
5.7475,-3.4205173648526591e-09
5.75,-3.4141362681486797e-09
5.7525,-3.4054427330210403e-09
5.755,-3.3994527177626051e-09
5.7575,-3.3933873239810727e-09
5.76,-3.3848252225060169e-09
5.7625,-3.3819682446800498e-09
5.765,-3.3760231825534522e-09
5.7675,-3.3702005829494617e-09
5.77,-3.3642016318932109e-09
5.7725,-3.3582524535437439e-09
5.775,-3.3491893748687259e-09
5.7775,-3.3429999295902718e-09
5.78,-3.3362605540446299e-09
5.7825,-3.3294737735273005e-09
5.785,-3.319777224716915e-09
5.7875,-3.3125198472729617e-09
5.79,-3.3020898650612509e-09
5.7925,-3.2946387219988958e-09
5.795,-3.2866435187631546e-09
5.7975,-3.2813679911134808e-09
5.8,-3.2723705868509402e-09
5.8025,-3.2630787984704486e-09
5.805,-3.2535332385477728e-09
5.8075,-3.2463915386986975e-09
5.81,-3.2385380827248802e-09
5.8125,-3.2359606201317243e-09
5.815,-3.2302379789649074e-09
5.8175,-3.2242215694471001e-09
5.82,-3.2178078937342353e-09
5.8225,-3.2110157168437136e-09
5.825,-3.203924913784092e-09
5.8275,-3.1963140256822839e-09
5.83,-3.1939157542501892e-09
5.8325,-3.1911862861052195e-09
5.835,-3.1878098999946022e-09
5.8375,-3.1874680090026373e-09
5.84,-3.1902495990577855e-09
5.8425,-3.1961082126168964e-09
5.845,-3.1987600654625458e-09
5.8475,-3.19834854260143e-09
5.85,-3.2008704368394382e-09
5.8525,-3.203240417861892e-09
5.855,-3.2085615086523539e-09
5.8575,-3.2138648197963066e-09
5.86,-3.2188927293276542e-09
5.8625,-3.2267222584623349e-09
5.865,-3.2350206920679878e-09
5.8675,-3.2431543940707529e-09
5.87,-3.2487941952271517e-09
5.8725,-3.2576370810141736e-09
5.875,-3.2692862792997688e-09
5.8775,-3.2784179274927606e-09
5.88,-3.29060360936761e-09
5.8825,-3.3062469346172238e-09
5.885,-3.318805634971847e-09
5.8875,-3.3286426492752581e-09
5.89,-3.3413082884439384e-09
5.8925,-3.3539466712053393e-09
5.895,-3.3666289853025247e-09
5.8975,-3.3764900718657434e-09
5.9,-3.3862266960941148e-09
5.9025,-3.4015012147286633e-09
5.905,-3.4138822732500826e-09
5.9075,-3.4259182189152143e-09
5.91,-3.4409175500540006e-09
5.9125,-3.4527592405544086e-09
5.915,-3.464514299768359e-09
5.9175,-3.47628576640724e-09
5.92,-3.4881561860490937e-09
5.9225,-3.4969592015822849e-09
5.925,-3.5084267595284211e-09
5.9275,-3.5199503295514461e-09
5.93,-3.5310901173461421e-09
5.9325,-3.5422255877906788e-09
5.935,-3.5443775744151239e-09
5.9375,-3.5494698375758284e-09
5.94,-3.557675412802842e-09
5.9425,-3.5621668296403291e-09
5.945,-3.5640013726159134e-09
5.9475,-3.5658494976382218e-09
5.95,-3.5674847366459251e-09
5.9525,-3.5661681363284094e-09
5.955,-3.5620482588113595e-09
5.9575,-3.5581929145535036e-09
5.96,-3.5511673286161634e-09
5.9625,-3.546839895257365e-09
5.965,-3.5398932984620376e-09
5.9675,-3.5334515833939597e-09
5.97,-3.5298825020113883e-09
5.9725,-3.5209618258770645e-09
5.975,-3.5094218087628063e-09
5.9775,-3.5010186671407444e-09
5.98,-3.4930832729666609e-09
5.9825,-3.4851812838766941e-09
5.985,-3.4752528425835884e-09
5.9875,-3.4656582239450106e-09
5.99,-3.4558905750281059e-09
5.9925,-3.4468877195507578e-09
5.995,-3.4387751847585695e-09
5.9975,-3.4285443733701556e-09
6.0,-3.4186144223486436e-09
6.0025,-3.4119193941949922e-09
6.005,-3.402801610866304e-09
6.0075,-3.3910662506847037e-09
6.01,-3.3799630600746369e-09
6.0125,-3.3716602278444541e-09
6.015,-3.3612163937411803e-09
6.0175,-3.3482484931831014e-09
6.02,-3.3383555949868197e-09
6.0225,-3.325767130881428e-09
6.025,-3.3105511766612561e-09
6.0275,-3.2984879406963878e-09
6.03,-3.2867814725398165e-09
6.0325,-3.2748382336141163e-09
6.035,-3.2633436746500757e-09
6.0375,-3.2546076361592044e-09
6.04,-3.2460490143050151e-09
6.0425,-3.2343760610812632e-09
6.045,-3.2256760799772818e-09
6.0475,-3.2135339162034174e-09
6.05,-3.2044001403162618e-09
6.0525,-3.1950613004367558e-09
6.055,-3.1857592606198796e-09
6.0575,-3.1791515663379588e-09
6.06,-3.1722951008853405e-09
6.0625,-3.1678971481376873e-09
6.065,-3.1630095221878002e-09
6.0675,-3.1609750814022936e-09
6.07,-3.1586470121144624e-09
6.0725,-3.1559153719143882e-09
6.075,-3.1502264851352074e-09
6.0775,-3.1469205475216175e-09
6.08,-3.1461013012116928e-09
6.0825,-3.1450209822077514e-09
6.085,-3.1407773843087548e-09
6.0875,-3.1362754462801887e-09
6.09,-3.1403340060901314e-09
6.0925,-3.1442936404424599e-09
6.095,-3.1450089862382125e-09
6.0975,-3.1483197974129547e-09
6.1,-3.1519990111964607e-09
6.1025,-3.1582049934121645e-09
6.105,-3.1616063049608688e-09
6.1075,-3.1680109662029172e-09
6.11,-3.1772727489991778e-09
6.1125,-3.1836752401759171e-09
6.115,-3.19247794983652e-09
6.1175,-3.2014870263730426e-09
6.12,-3.2132213656124069e-09
6.1225,-3.2276449343077942e-09
6.125,-3.2423906068389529e-09
6.1275,-3.2574168354484173e-09
6.13,-3.2757858447310525e-09
6.1325,-3.2937477547344528e-09
6.135,-3.3087901699775361e-09
6.1375,-3.3264761159867657e-09
6.14,-3.3445485311410881e-09
6.1425,-3.3594230632649927e-09
6.145,-3.3743422203590544e-09
6.1475,-3.3922348992004277e-09
6.15,-3.4099048008293642e-09
6.1525,-3.4273646488199026e-09
6.155,-3.4448659604241333e-09
6.1575,-3.4621247097865209e-09
6.16,-3.4791059226643343e-09
6.1625,-3.4958879091182966e-09
6.165,-3.5095063040957454e-09
6.1675,-3.522769935811961e-09
6.17,-3.5383928006071037e-09
6.1725,-3.5542271768086966e-09
6.175,-3.5696411824514879e-09
6.1775,-3.5879225957114066e-09
6.18,-3.5998309256859497e-09
6.1825,-3.6116065054334941e-09
6.185,-3.6229280369467671e-09
6.1875,-3.6309877963129742e-09
6.19,-3.6415697307825891e-09
6.1925,-3.6490976273111404e-09
6.195,-3.6559191633875233e-09
6.1975,-3.6623758160516977e-09
6.2,-3.668305474408809e-09
6.2025,-3.6682911186229916e-09
6.205,-3.6680448619149837e-09
6.2075,-3.6677530260760396e-09
6.21,-3.6673469263609979e-09
6.2125,-3.6665879908314218e-09
6.215,-3.6655095141299881e-09
6.2175,-3.6616332686751455e-09
6.22,-3.657632596765861e-09
6.2225,-3.6536728548378505e-09
6.225,-3.6468129866263191e-09
6.2275,-3.637270634657095e-09
6.23,-3.6280849939357819e-09
6.2325,-3.6188572121115429e-09
6.235,-3.6097385566563091e-09
6.2375,-3.5981291605955633e-09
6.24,-3.5835548458774331e-09
6.2425,-3.5720499573311705e-09
6.245,-3.5610766625788963e-09
6.2475,-3.5505305509586782e-09
6.25,-3.5372792907769161e-09
6.2525,-3.5191690105135136e-09
6.255,-3.5044630696859306e-09
6.2575,-3.490316314097655e-09
6.26,-3.4794788936232445e-09
6.2625,-3.4598472202161289e-09
6.265,-3.4436416543791087e-09
6.2675,-3.4279357328181761e-09
6.27,-3.412420112586171e-09
6.2725,-3.3915519468613427e-09
6.275,-3.3765366264697099e-09
6.2775,-3.3618209521494542e-09
6.28,-3.3416207205598522e-09
6.2825,-3.3248989979106179e-09
6.285,-3.3113107420928784e-09
6.2875,-3.2947936130257829e-09
6.29,-3.2786033709706135e-09
6.2925,-3.2626374575535952e-09
6.295,-3.2441850524401524e-09
6.2975,-3.225827272867663e-09
6.3,-3.2103686744428471e-09
6.3025,-3.197627257020005e-09
6.305,-3.182546916890606e-09
6.3075,-3.1672184174119456e-09
6.31,-3.1517444467211655e-09
6.3125,-3.1391184130272531e-09
6.315,-3.1206210196119931e-09
6.3175,-3.108306783458228e-09
6.32,-3.0985742238873814e-09
6.3225,-3.0884477103348241e-09
6.325,-3.075543204339512e-09
6.3275,-3.0655343833486405e-09
6.33,-3.0550192999679317e-09
6.3325,-3.0447558753598985e-09
6.335,-3.034223938132797e-09
6.3375,-3.0267843405453656e-09
6.34,-3.0220451510032642e-09
6.3425,-3.0173929071505675e-09
6.345,-3.0095441136487733e-09
6.3475,-3.0045245479199345e-09
6.35,-2.996832288404357e-09
6.3525,-2.997644941340656e-09
6.355,-2.9956423055733421e-09
6.3575,-2.9938772385000553e-09
6.36,-2.9982492243650419e-09
6.3625,-3.0026509118160439e-09
6.365,-3.0073116084974396e-09
6.3675,-3.0122886302352093e-09
6.37,-3.0198196486077768e-09
6.3725,-3.0305592389416806e-09
6.375,-3.0386159929699127e-09
6.3775,-3.0466509150272449e-09
6.38,-3.0580339203570456e-09
6.3825,-3.0727895977669072e-09
6.385,-3.0845396579990591e-09
6.3875,-3.0992751618495473e-09
6.39,-3.1143608654347004e-09
6.3925,-3.1326589334075951e-09
6.395,-3.1513745751417906e-09
6.3975,-3.1699517161579864e-09
6.4,-3.1887961553929918e-09
6.4025,-3.2106587009609466e-09
6.405,-3.2270248929697066e-09
6.4075,-3.2463631262972989e-09
6.41,-3.2655663981222793e-09
6.4125,-3.2876298724930589e-09
6.415,-3.3066623674652558e-09
6.4175,-3.3283016979839759e-09
6.42,-3.3469314027495485e-09
6.4225,-3.3650518937062655e-09
6.425,-3.3858512472020031e-09
6.4275,-3.4062589998023583e-09
6.43,-3.4238575752273269e-09
6.4325,-3.443620117530558e-09
6.435,-3.4601732883103289e-09
6.4375,-3.4734493801521197e-09
6.44,-3.4895503472004166e-09
6.4425,-3.5052435885054598e-09
6.445,-3.5176228679240768e-09
6.4475,-3.5328113217854727e-09
6.45,-3.5441367178386399e-09
6.4525,-3.5551554638050329e-09
6.455,-3.5658350283293025e-09
6.4575,-3.5731292811609614e-09
6.46,-3.5801618799776478e-09
6.4625,-3.5864649064778197e-09
6.465,-3.5898392818455539e-09
6.4675,-3.5959623021701778e-09
6.47,-3.5983080784942536e-09
6.4725,-3.5980199838915141e-09
6.475,-3.6002356542615657e-09
6.4775,-3.599146116774152e-09
6.48,-3.597901202078717e-09
6.4825,-3.5967076957217096e-09
6.485,-3.5922924359346856e-09
6.4875,-3.5879637228239831e-09
6.49,-3.5835999081820304e-09
6.4925,-3.5762339515133743e-09
6.495,-3.5689061232520969e-09
6.4975,-3.561766502977087e-09
6.5,-3.5575400347957959e-09
6.5025,-3.5536968416179299e-09
6.505,-3.5471683881178712e-09
6.5075,-3.5403388735357028e-09
6.51,-3.5339391003575162e-09
6.5125,-3.5249076993359775e-09
6.515,-3.5131353633740124e-09
6.5175,-3.501840277904153e-09
6.52,-3.4935850270895585e-09
6.5225,-3.4855268173925496e-09
6.525,-3.4745802970564438e-09
6.5275,-3.4609868303269256e-09
6.53,-3.447314839895397e-09
6.5325,-3.4339724839796914e-09
6.535,-3.4177420542455066e-09
6.5375,-3.4019166160330155e-09
6.54,-3.3866058431053264e-09
6.5425,-3.3713952399910566e-09
6.545,-3.3531932957031126e-09
6.5475,-3.3377099723857185e-09
6.55,-3.3192879038329153e-09
6.5525,-3.3035539525606057e-09
6.555,-3.2849892456175781e-09
6.5575,-3.2694232916200796e-09
6.56,-3.2535589726891644e-09
6.5625,-3.2375862087448726e-09
6.565,-3.2217259219926423e-09
6.5675,-3.2086456595714561e-09
6.57,-3.1954371446823977e-09
6.5725,-3.1820271386168321e-09
6.575,-3.1690339829280921e-09
6.5775,-3.155882130776081e-09
6.58,-3.1424745406115381e-09
6.5825,-3.1260282087951162e-09
6.585,-3.1121731350966701e-09
6.5875,-3.0982811317028547e-09
6.59,-3.0869623930383154e-09
6.5925,-3.0784413134661306e-09
6.595,-3.0698230824403273e-09
6.5975,-3.0612398235965558e-09
6.6,-3.0527350165683607e-09
6.6025,-3.0468753415162014e-09
6.605,-3.0381984840433105e-09
6.6075,-3.0327836531344118e-09
6.61,-3.0245782986418503e-09
6.6125,-3.0190819293216697e-09
6.615,-3.0140169976419018e-09
6.6175,-3.0093464901245259e-09
6.62,-3.0053072136451769e-09
6.6225,-3.0040761465832687e-09
6.625,-3.0058137872089554e-09
6.6275,-3.0079301085019671e-09
6.63,-3.0108499534014909e-09
6.6325,-3.0167443190356773e-09
6.635,-3.0229303269605336e-09
6.6375,-3.0326199209932345e-09
6.64,-3.0397711698151646e-09
6.6425,-3.050489027886029e-09
6.645,-3.062051993426837e-09
6.6475,-3.0738892950913492e-09
6.65,-3.0891570721864957e-09
6.6525,-3.1015629959206942e-09
6.655,-3.1171768965267993e-09
6.6575,-3.1331603695020838e-09
6.66,-3.149463125828922e-09
6.6625,-3.1662644850156083e-09
6.665,-3.1864819767073402e-09
6.6675,-3.2069843367996803e-09
6.67,-3.227473256425781e-09
6.6725,-3.2474746405990716e-09
6.675,-3.2674696381894312e-09
6.6775,-3.2844325354481324e-09
6.68,-3.3013732568963205e-09
6.6825,-3.3213216534879232e-09
6.685,-3.338422811543127e-09
6.6875,-3.3585240371937049e-09
6.69,-3.3812903903128454e-09
6.6925,-3.4008916976813209e-09
6.695,-3.4201459312137741e-09
6.6975,-3.4362130950261777e-09
6.7,-3.448999680515909e-09
6.7025,-3.467707656444787e-09
6.705,-3.4774419381177984e-09
6.7075,-3.4896861759613942e-09
6.71,-3.504247210350665e-09
6.7125,-3.515594891828756e-09
6.715,-3.5266310788514168e-09
6.7175,-3.5343874167619538e-09
6.72,-3.5444624581672298e-09
6.7225,-3.5489175018499148e-09
6.725,-3.556012955143343e-09
6.7275,-3.5626799354797376e-09
6.73,-3.5690377588950615e-09
6.7325,-3.5721980703968391e-09
6.735,-3.5725469265456489e-09
6.7375,-3.5754654185524663e-09
6.74,-3.5781817603412841e-09
6.7425,-3.5780709516846726e-09
6.745,-3.5782324208820847e-09
6.7475,-3.5781098617364957e-09
6.75,-3.5779880630237509e-09
6.7525,-3.5750827215715159e-09
6.755,-3.5691553329740359e-09
6.7575,-3.5631699065142311e-09
6.76,-3.5574593876355148e-09
6.7625,-3.5545494963989483e-09
6.765,-3.5519382618430988e-09
6.7675,-3.549696229362957e-09
6.77,-3.5449930821138119e-09
6.7725,-3.5401673674670401e-09
6.775,-3.5355234596130634e-09
6.7775,-3.5277435642011744e-09
6.78,-3.5169685718086574e-09
6.7825,-3.5062249692587998e-09
6.785,-3.4958042820589612e-09
6.7875,-3.485652433942216e-09
6.79,-3.4780437414928383e-09
6.7925,-3.4676931001178623e-09
6.795,-3.4575073709217047e-09
6.7975,-3.4475270585543002e-09
6.8,-3.4342939284969409e-09
6.8025,-3.4212775507990776e-09
6.805,-3.4104878093907325e-09
6.8075,-3.396630803928509e-09
6.81,-3.3855025828251174e-09
6.8125,-3.3743392637161087e-09
6.815,-3.3630644603136236e-09
6.8175,-3.3515059592113076e-09
6.82,-3.3398507641870351e-09
6.8225,-3.3276889039972578e-09
6.825,-3.3153456047683112e-09
6.8275,-3.3028546242673726e-09
6.83,-3.2898829869505078e-09
6.8325,-3.2797789813925594e-09
6.835,-3.2661489040078013e-09
6.8375,-3.2549535875859407e-09
6.84,-3.2406315323820926e-09
6.8425,-3.2291303855571077e-09
6.845,-3.2168176241751704e-09
6.8475,-3.204445429309153e-09
6.85,-3.1917449840109597e-09
6.8525,-3.1819352875058256e-09
6.855,-3.1750203979715225e-09
6.8575,-3.1649688318322254e-09
6.86,-3.157651391357869e-09
6.8625,-3.1500750453161047e-09
6.865,-3.1426220587792838e-09
6.8675,-3.1347952144548965e-09
6.87,-3.1270460631218335e-09
6.8725,-3.1194811503636402e-09
6.875,-3.1147429088580655e-09
6.8775,-3.113378800121624e-09
6.88,-3.1118827741999032e-09
6.8825,-3.1108089099308211e-09
6.885,-3.1126857612194318e-09
6.8875,-3.1148913734281246e-09
6.89,-3.1175899708364573e-09
6.8925,-3.1204220234816108e-09
6.895,-3.1236261766544712e-09
6.8975,-3.1271859357004086e-09
6.9,-3.1309947146769129e-09
6.9025,-3.1355303387610258e-09
6.905,-3.1405600847468861e-09
6.9075,-3.1546274835040072e-09
6.91,-3.1657283376207726e-09
6.9125,-3.1770892354441863e-09
6.915,-3.1888667412227536e-09
6.9175,-3.2011892689960989e-09
6.92,-3.2140884403680967e-09
6.9225,-3.2272379419441264e-09
6.925,-3.2433211902623536e-09
6.9275,-3.2565492831967532e-09
6.93,-3.2695992793508961e-09
6.9325,-3.2830809698989113e-09
6.935,-3.2962818626852919e-09
6.9375,-3.3127625473574814e-09
6.94,-3.329318812296349e-09
6.9425,-3.3428871080556094e-09
6.945,-3.3536913603359967e-09
6.9475,-3.3642779312490501e-09
6.95,-3.3749677755793024e-09
6.9525,-3.3856284565565205e-09
6.955,-3.396063800568254e-09
6.9575,-3.4063647093452819e-09
6.96,-3.419713777806534e-09
6.9625,-3.4300726690706845e-09
6.965,-3.4403433763922264e-09
6.9675,-3.4507251601200823e-09
6.97,-3.4577373073490854e-09
6.9725,-3.4705017480343501e-09
6.975,-3.4771406624444704e-09
6.9775,-3.4866341632556571e-09
6.98,-3.4931169299837304e-09
6.9825,-3.4995038442858141e-09
6.985,-3.5027006836912497e-09
6.9875,-3.503024539339125e-09
6.99,-3.5060785098102929e-09
6.9925,-3.5031868868798708e-09
6.995,-3.5032526602202684e-09
6.9975,-3.5031195064328129e-09
7.0,-3.5033268947308946e-09
