Physical Time (s),aphi_alt_flux_left Monitor (kg-m/s^3)
0.0025,-6.602396142009948e-09
0.005,-4.1566885266956168e-08
0.0075,-8.7971847912842367e-08
0.01,-1.2834038704284184e-07
0.0125,-1.5317086184273954e-07
0.015,-5.7493802933131777e-08
0.0175,-3.9251881206869267e-08
0.02,-4.4055986655823649e-07
0.0225,-9.2811427954783399e-07
0.025,-1.1021792169466671e-06
0.0275,-1.0322263989805269e-06
0.03,-9.4938337949717353e-07
0.0325,-9.1428713516484648e-07
0.035,-8.9982618499266836e-07
0.0375,-8.8163641631413638e-07
0.04,-8.6500996468907222e-07
0.0425,-8.532037217570899e-07
0.045,-8.4358500135140906e-07
0.0475,-8.3269547585349261e-07
0.05,-8.2782387074720135e-07
0.0525,-8.1927476893663939e-07
0.055,-8.0870443270376428e-07
0.0575,-7.97521558115097e-07
0.06,-7.872592603691181e-07
0.0625,-7.7845392692966534e-07
0.065,-7.6346092629713768e-07
0.0675,-7.4773259682373809e-07
0.07,-7.3563503530433166e-07
0.0725,-7.2601987048470072e-07
0.075,-7.2069660618363263e-07
0.0775,-7.1847254853577209e-07
0.08,-7.1458274687696285e-07
0.0825,-7.0648650497020646e-07
0.085,-6.961102573484552e-07
0.0875,-6.7970432136594103e-07
0.09,-6.6215529610481549e-07
0.0925,-6.4422602151128366e-07
0.095,-6.1507412664692162e-07
0.0975,-5.9468964822358963e-07
0.1,-5.8267344350474509e-07
0.1025,-5.7564669253467876e-07
0.105,-5.7318885692508268e-07
0.1075,-5.7081866006637332e-07
0.11,-5.6785863196863582e-07
0.1125,-5.6442837109696764e-07
0.115,-5.6019089300012742e-07
0.1175,-5.5458540744229271e-07
0.12,-5.474771612385644e-07
0.1225,-5.3968253684160501e-07
0.125,-5.3201437373071456e-07
0.1275,-5.2315760002788756e-07
0.13,-5.1615819808150025e-07
0.1325,-5.1061444881964809e-07
0.135,-5.0634135956522966e-07
0.1375,-5.0306704991292523e-07
0.14,-5.0049058696504429e-07
0.1425,-4.9814543263192395e-07
0.145,-4.9555731061014314e-07
0.1475,-4.9241258663288e-07
0.15,-4.8853689503863769e-07
0.1525,-4.8409973465726352e-07
0.155,-4.7909487973846233e-07
0.1575,-4.735985104800122e-07
0.16,-4.6763403305080914e-07
0.1625,-4.6157576554200931e-07
0.165,-4.5564370546780059e-07
0.1675,-4.4994993109261373e-07
0.17,-4.4457781292032536e-07
0.1725,-4.3954029091070497e-07
0.175,-4.3481573243233668e-07
0.1775,-4.3033891090138265e-07
0.18,-4.2604561911585152e-07
0.1825,-4.2191376442004458e-07
0.185,-4.1797732272906938e-07
0.1875,-4.1418620852526661e-07
0.19,-4.1044469475437934e-07
0.1925,-4.0656957112179201e-07
0.195,-4.0275764615150325e-07
0.1975,-3.9885362457312369e-07
0.2,-3.9480908684475606e-07
0.2025,-3.9061906036783948e-07
0.205,-3.8643237621755273e-07
0.2075,-3.8182783686464362e-07
0.21,-3.7753579250364824e-07
0.2125,-3.7324116482874758e-07
0.215,-3.6911875449138922e-07
0.2175,-3.6505645125287793e-07
0.22,-3.6126947313194571e-07
0.2225,-3.5776623329043775e-07
0.225,-3.544622553205749e-07
0.2275,-3.5131170429429803e-07
0.23,-3.4827101786753407e-07
0.2325,-3.4529520292011777e-07
0.235,-3.4235675874875912e-07
0.2375,-3.394085201730578e-07
0.24,-3.3640448815967645e-07
0.2425,-3.333513459505542e-07
0.245,-3.3025803441361356e-07
0.2475,-3.2713579172131286e-07
0.25,-3.2402648657937205e-07
0.2525,-3.2098878109845714e-07
0.255,-3.1792904493157135e-07
0.2575,-3.1489536906936054e-07
0.26,-3.1190336634714953e-07
0.2625,-3.0897278300619009e-07
0.265,-3.0609966311956893e-07
0.2675,-3.032633679142707e-07
0.27,-3.0046314734001248e-07
0.2725,-2.9773211374213464e-07
0.275,-2.9502546234378989e-07
0.2775,-2.9236304857500636e-07
0.28,-2.8972843588655913e-07
0.2825,-2.8711527453540492e-07
0.285,-2.845069328640205e-07
0.2875,-2.819139030879598e-07
0.29,-2.7934412770445242e-07
0.2925,-2.7681777230796766e-07
0.295,-2.7433788946238425e-07
0.2975,-2.7187781620311341e-07
0.3,-2.6943952531542489e-07
0.3025,-2.6700469846912659e-07
0.305,-2.6458425953860538e-07
0.3075,-2.6219186062337476e-07
0.31,-2.5981421896846322e-07
0.3125,-2.574600860120191e-07
0.315,-2.5513159043351732e-07
0.3175,-2.528474868310987e-07
0.32,-2.5062411420053854e-07
0.3225,-2.4846535489820944e-07
0.325,-2.4637074797745073e-07
0.3275,-2.443397754237356e-07
0.33,-2.4235386845994445e-07
0.3325,-2.4041827084097582e-07
0.335,-2.3850366937121938e-07
0.3375,-2.3659806811935872e-07
0.34,-2.3470253653440314e-07
0.3425,-2.3281168159921714e-07
0.345,-2.309327950070598e-07
0.3475,-2.290848730513306e-07
0.35,-2.2724989954804432e-07
0.3525,-2.2543659474405065e-07
0.355,-2.2364359428507786e-07
0.3575,-2.2187817583957151e-07
0.36,-2.2014421498390172e-07
0.3625,-2.1844656868401282e-07
0.365,-2.1678158793577749e-07
0.3675,-2.1514957985385302e-07
0.37,-2.1355892656850743e-07
0.3725,-2.1199719689702355e-07
0.375,-2.1047075613286852e-07
0.3775,-2.0898416124728633e-07
0.38,-2.0752617854229438e-07
0.3825,-2.0608550801910697e-07
0.385,-2.0465951193584502e-07
0.3875,-2.0325642678322594e-07
0.39,-2.0186265311895903e-07
0.3925,-2.0048269311089989e-07
0.395,-1.9911825078172385e-07
0.3975,-1.9775981127963583e-07
0.4,-1.9641459613131323e-07
0.4025,-1.9508003118059301e-07
0.405,-1.9371420968322342e-07
0.4075,-1.9241478437759384e-07
0.41,-1.9115602516638785e-07
0.4125,-1.8992202486602798e-07
0.415,-1.8869962832054756e-07
0.4175,-1.8739815994129632e-07
0.42,-1.8604230112882733e-07
0.4225,-1.847111723036623e-07
0.425,-1.8339514310615715e-07
0.4275,-1.8208207037550478e-07
0.43,-1.807665823447267e-07
0.4325,-1.7945513019411442e-07
0.435,-1.7815566143537267e-07
0.4375,-1.7687414646376711e-07
0.44,-1.7560612534672234e-07
0.4425,-1.7435953557731793e-07
0.445,-1.7304957415712283e-07
0.4475,-1.7172743739156987e-07
0.45,-1.7042386161349396e-07
0.4525,-1.6915165204372401e-07
0.455,-1.6790438061223766e-07
0.4575,-1.6668207300419568e-07
0.46,-1.6551957832995024e-07
0.4625,-1.6438961712453247e-07
0.465,-1.6326384441920713e-07
0.4675,-1.6215172625352471e-07
0.47,-1.6104342058865326e-07
0.4725,-1.5994272217697529e-07
0.475,-1.5884199332918238e-07
0.4775,-1.5775734908940117e-07
0.48,-1.5668525690826327e-07
0.4825,-1.5563135423620608e-07
0.485,-1.5463341579598439e-07
0.4875,-1.5351707635194211e-07
0.49,-1.5261240396259182e-07
0.4925,-1.5168857810594755e-07
0.495,-1.5075770012027961e-07
0.4975,-1.4981420227808471e-07
0.5,-1.4887517131020829e-07
0.5025,-1.4794675254702555e-07
0.505,-1.4701298630084598e-07
0.5075,-1.4610203473216068e-07
0.51,-1.4518618030989336e-07
0.5125,-1.4426719882475236e-07
0.515,-1.43354984889442e-07
0.5175,-1.4247078218269644e-07
0.52,-1.4158553690192126e-07
0.5225,-1.4070052318904703e-07
0.525,-1.399068231986873e-07
0.5275,-1.3902981199180348e-07
0.53,-1.3811975885565269e-07
0.5325,-1.3718603450549676e-07
0.535,-1.3624772573358143e-07
0.5375,-1.3531029073916132e-07
0.54,-1.3438734723246876e-07
0.5425,-1.3347069122873845e-07
0.545,-1.3255341415072494e-07
0.5475,-1.3163220427191033e-07
0.55,-1.3070844939795767e-07
0.5525,-1.2974051509845144e-07
0.555,-1.2874558282580773e-07
0.5575,-1.2772262799260422e-07
0.56,-1.2668475636257305e-07
0.5625,-1.2562790033646473e-07
0.565,-1.2456463878779457e-07
0.5675,-1.2350396258163001e-07
0.57,-1.224471385763896e-07
0.5725,-1.2140615070832861e-07
0.575,-1.2037436612094034e-07
0.5775,-1.1935392046266925e-07
0.58,-1.1834426282836694e-07
0.5825,-1.1735157095034644e-07
0.585,-1.1637628556469537e-07
0.5875,-1.1542464267927566e-07
0.59,-1.1449361825469432e-07
0.5925,-1.1358110954584513e-07
0.595,-1.1268771309287659e-07
0.5975,-1.118211596019485e-07
0.6,-1.109603349491613e-07
0.6025,-1.1010748075048974e-07
0.605,-1.092685443497861e-07
0.6075,-1.0843706199835003e-07
0.61,-1.0761132715843618e-07
0.6125,-1.0678871423087073e-07
0.615,-1.0597366670375746e-07
0.6175,-1.0516635202881859e-07
0.62,-1.0436210909522369e-07
0.6225,-1.0356699917715047e-07
0.625,-1.0278094774911012e-07
0.6275,-1.0199938858303828e-07
0.63,-1.0121614897718401e-07
0.6325,-1.0043138425082595e-07
0.635,-9.9650824556407096e-08
0.6375,-9.8860039443666841e-08
0.64,-9.8067381202073017e-08
0.6425,-9.7262728580319459e-08
0.645,-9.6450904998499687e-08
0.6475,-9.5629492555895269e-08
0.65,-9.4794704298655884e-08
0.6525,-9.3950933180760392e-08
0.655,-9.3100960018646009e-08
0.6575,-9.2248045308381334e-08
0.66,-9.1389165617718009e-08
0.6625,-9.0524933798591365e-08
0.665,-8.966395725877127e-08
0.6675,-8.8808608087379567e-08
0.67,-8.7958904691286931e-08
0.6725,-8.7116547788405982e-08
0.675,-8.6278287105894983e-08
0.6775,-8.5443782760481345e-08
0.68,-8.461233547051427e-08
0.6825,-8.3783911650645764e-08
0.685,-8.2957606496863671e-08
0.6875,-8.2133683804680136e-08
0.69,-8.1309211775984037e-08
0.6925,-8.0483581675246629e-08
0.695,-7.9653501456093066e-08
0.6975,-7.8819043457852314e-08
0.7,-7.7982720949093066e-08
0.7025,-7.7138729557855909e-08
0.705,-7.6289267711901882e-08
0.7075,-7.5428525867971288e-08
0.71,-7.4562672234554294e-08
0.7125,-7.3696659425150581e-08
0.715,-7.2820180674488727e-08
0.7175,-7.1943905946134345e-08
0.72,-7.1062884554071126e-08
0.7225,-7.0179942307933599e-08
0.725,-6.9297321204745163e-08
0.7275,-6.8415226683178864e-08
0.73,-6.7536107077106118e-08
0.7325,-6.6657657309469854e-08
0.735,-6.5779812146143521e-08
0.7375,-6.4905266994502783e-08
0.74,-6.403311816376533e-08
0.7425,-6.3157555862790582e-08
0.745,-6.2284396271158987e-08
0.7475,-6.1406930514914372e-08
0.75,-6.0533649895624979e-08
0.7525,-5.9655366942209518e-08
0.755,-5.8773934039282403e-08
0.7575,-5.7891834943010389e-08
0.76,-5.7003479767783329e-08
0.7625,-5.6108569279264249e-08
0.765,-5.5203391272708634e-08
0.7675,-5.4291169408401181e-08
0.77,-5.3330434385222234e-08
0.7725,-5.2392467246256476e-08
0.775,-5.1457701930005923e-08
0.7775,-5.0520225751492475e-08
0.78,-4.9578262042705753e-08
0.7825,-4.8623207944780458e-08
0.785,-4.7667692636371891e-08
0.7875,-4.6707330148051382e-08
0.79,-4.5745849529475213e-08
0.7925,-4.4788162885979717e-08
0.795,-4.3826349419200087e-08
0.7975,-4.287157207211224e-08
0.8,-4.1916158836246605e-08
0.8025,-4.097079838650542e-08
0.805,-4.0036012040178934e-08
0.8075,-3.910785715130167e-08
0.81,-3.8196809896920054e-08
0.8125,-3.7301475667176552e-08
0.815,-3.6416931630558817e-08
0.8175,-3.5547433093144821e-08
0.82,-3.4696631746096836e-08
0.8225,-3.3859672918620679e-08
0.825,-3.3045474230110233e-08
0.8275,-3.225238772014827e-08
0.83,-3.1472036705244923e-08
0.8325,-3.0724807727922976e-08
0.835,-2.9998946371311814e-08
0.8375,-2.9298537193933915e-08
0.84,-2.8616078907422414e-08
0.8425,-2.795352552816006e-08
0.845,-2.7316057911895944e-08
0.8475,-2.669824324172076e-08
0.85,-2.6102200461002243e-08
0.8525,-2.5525296436639777e-08
0.855,-2.4965053901507892e-08
0.8575,-2.4430102547174741e-08
0.86,-2.3915446128554081e-08
0.8625,-2.3418810781088678e-08
0.865,-2.2942092801357676e-08
0.8675,-2.2493892515530071e-08
0.87,-2.2065006595050543e-08
0.8725,-2.1662783263692319e-08
0.875,-2.1288503821855929e-08
0.8775,-2.0934074463341608e-08
0.88,-2.0609071929342215e-08
0.8825,-2.0302837010258043e-08
0.885,-2.003638403796469e-08
0.8875,-1.980471037101326e-08
0.89,-1.9600238963886539e-08
0.8925,-1.9430914430975495e-08
0.895,-1.9289890399207327e-08
0.8975,-1.9183009726767199e-08
0.9,-1.9104738155434553e-08
0.9025,-1.9061087652540679e-08
0.905,-1.9042348156043034e-08
0.9075,-1.9045121186467267e-08
0.91,-1.9075282155616828e-08
0.9125,-1.9134489222196255e-08
0.915,-1.9228431912472854e-08
0.9175,-1.9342057268929143e-08
0.92,-1.9474894894668042e-08
0.9225,-1.9631327305275194e-08
0.925,-1.9811201153481125e-08
0.9275,-2.0009629089401012e-08
0.93,-2.0227693975372013e-08
0.9325,-2.0465463262541558e-08
0.935,-2.0720685606811356e-08
0.9375,-2.098684485127169e-08
0.94,-2.1271352952967399e-08
0.9425,-2.1575870094094745e-08
0.945,-2.1897109408055554e-08
0.9475,-2.2230942321751663e-08
0.95,-2.25734847410172e-08
0.9525,-2.2940201620871848e-08
0.955,-2.3322478763016112e-08
0.9575,-2.3714917445566588e-08
0.96,-2.412370197990219e-08
0.9625,-2.454953562636207e-08
0.965,-2.4994732614588787e-08
0.9675,-2.5454410274955857e-08
0.97,-2.5927479973021476e-08
0.9725,-2.6419684753239857e-08
0.975,-2.6928334232764676e-08
0.9775,-2.7458897424545263e-08
0.98,-2.8002926831305927e-08
0.9825,-2.8568716454623327e-08
0.985,-2.9152573305412932e-08
0.9875,-2.9746576707971319e-08
0.99,-3.0360078938177802e-08
0.9925,-3.0994421088986209e-08
0.995,-3.164055190465968e-08
0.9975,-3.2301573190979334e-08
1.0,-3.298019157537614e-08
1.0025,-3.3670560451854533e-08
1.005,-3.4371024016021501e-08
1.0075,-3.5085836593052435e-08
1.01,-3.5805192542530244e-08
1.0125,-3.6537181308105203e-08
1.015,-3.7273246941098402e-08
1.0175,-3.8018898320628856e-08
1.02,-3.8766567478072744e-08
1.0225,-3.9514849095595836e-08
1.025,-4.0268146231888611e-08
1.0275,-4.101936856379445e-08
1.03,-4.1773531554672379e-08
1.0325,-4.2523175529553487e-08
1.035,-4.3266877946465725e-08
1.0375,-4.4005665164901505e-08
1.04,-4.4732266578150728e-08
1.0425,-4.5447829161115883e-08
1.045,-4.6154300699730087e-08
1.0475,-4.6850417993289653e-08
1.05,-4.7534701936781259e-08
1.0525,-4.8199541624579938e-08
1.055,-4.8843903537478982e-08
1.0575,-4.9476019942832686e-08
1.06,-5.008756734717065e-08
1.0625,-5.0678276170233883e-08
1.065,-5.1250934945863705e-08
1.0675,-5.1809375914210543e-08
1.07,-5.2345564833420695e-08
1.0725,-5.2863258976388932e-08
1.075,-5.3361100967668792e-08
1.0775,-5.3833120633133744e-08
1.08,-5.4291164918284511e-08
1.0825,-5.4729175343476988e-08
1.085,-5.5153679647000325e-08
1.0875,-5.5559459255517599e-08
1.09,-5.5947116734060115e-08
1.0925,-5.6317415702115679e-08
1.095,-5.6677465486913916e-08
1.0975,-5.7018105522810227e-08
1.1,-5.7342853416566445e-08
1.1025,-5.7651844744888988e-08
1.105,-5.7951259142447411e-08
1.1075,-5.8232839110445659e-08
1.11,-5.8505805070239435e-08
1.1125,-5.8763835116630527e-08
1.115,-5.9012705055711708e-08
1.1175,-5.9250106249184393e-08
1.12,-5.9470178409081377e-08
1.1225,-5.9683249733471103e-08
1.125,-5.9877759320174961e-08
1.1275,-6.0061400777550086e-08
1.13,-6.0231140508870009e-08
1.1325,-6.0389565892024277e-08
1.135,-6.0535823923658181e-08
1.1375,-6.0663740249544538e-08
1.14,-6.0775082411999188e-08
1.1425,-6.0869729815604251e-08
1.145,-6.0950198981104925e-08
1.1475,-6.1004020355551292e-08
1.15,-6.1042439736838397e-08
1.1525,-6.1062870512361667e-08
1.155,-6.1058389461032964e-08
1.1575,-6.1040996088985982e-08
1.16,-6.1001906317951455e-08
1.1625,-6.094097565282005e-08
1.165,-6.086444029895242e-08
1.1675,-6.076331066689306e-08
1.17,-6.064626311536778e-08
1.1725,-6.0505640307239725e-08
1.175,-6.0344453483974869e-08
1.1775,-6.0168577807767149e-08
1.18,-5.9973010679169427e-08
1.1825,-5.9758018363549675e-08
1.185,-5.9523874361897206e-08
1.1875,-5.9274490330599761e-08
1.19,-5.9003929751841761e-08
1.1925,-5.8718933255453497e-08
1.195,-5.8417108246408893e-08
1.1975,-5.8104829311082834e-08
1.2,-5.7776692636752574e-08
1.2025,-5.7433879776150882e-08
1.205,-5.7079324097596329e-08
1.2075,-5.6710964932982776e-08
1.21,-5.633527259586391e-08
1.2125,-5.5946683054613852e-08
1.215,-5.5549331193080882e-08
1.2175,-5.5143404715236271e-08
1.22,-5.472658645717541e-08
1.2225,-5.4308685691189952e-08
1.225,-5.3875077907169797e-08
1.2275,-5.3434846928770322e-08
1.23,-5.2988218816664911e-08
1.2325,-5.2535953622698372e-08
1.235,-5.2080791293406076e-08
1.2375,-5.1617547785780333e-08
1.24,-5.1152582217692471e-08
1.2425,-5.067687755804203e-08
1.245,-5.0196915929305541e-08
1.2475,-4.9713059434256533e-08
1.25,-4.922823442301569e-08
1.2525,-4.873691772155596e-08
1.255,-4.8239239111891047e-08
1.2575,-4.7738009033459859e-08
1.26,-4.7230771026038571e-08
1.2625,-4.6723427814548401e-08
1.265,-4.6213188688707083e-08
1.2675,-4.5693783359181402e-08
1.27,-4.5177684256848806e-08
1.2725,-4.4656096776931723e-08
1.275,-4.4129283744819356e-08
1.2775,-4.360340834726463e-08
1.28,-4.3075985177272091e-08
1.2825,-4.2543567420605994e-08
1.285,-4.2012932911619367e-08
1.2875,-4.1474881486760411e-08
1.29,-4.0938590445331465e-08
1.2925,-4.0398205903366632e-08
1.295,-3.9854230462368692e-08
1.2975,-3.9307287512863816e-08
1.3,-3.8760697240266545e-08
1.3025,-3.8211156030636554e-08
1.305,-3.7662078151686874e-08
1.3075,-3.7113753235279642e-08
1.31,-3.6566780211102112e-08
1.3125,-3.6020916997728872e-08
1.315,-3.547432331108642e-08
1.3175,-3.4926979624332284e-08
1.32,-3.4381852821860176e-08
1.3225,-3.3839992221831697e-08
1.325,-3.3307429967592711e-08
1.3275,-3.2775801947515263e-08
1.33,-3.2248427404386551e-08
1.3325,-3.172247920228444e-08
1.335,-3.1204239985663454e-08
1.3375,-3.0688721941065382e-08
1.34,-3.0178924148421048e-08
1.3425,-2.967476966287087e-08
1.345,-2.9179881012396419e-08
1.3475,-2.8688383496846208e-08
1.35,-2.8203181995760448e-08
1.3525,-2.7722457867406944e-08
1.355,-2.7254319538192293e-08
1.3575,-2.6797028669591986e-08
1.36,-2.634718580737728e-08
1.3625,-2.5902315526778505e-08
1.365,-2.5467741103696632e-08
1.3675,-2.5040457423962425e-08
1.37,-2.4624795891709496e-08
1.3725,-2.4217967037768903e-08
1.375,-2.3822334982496723e-08
1.3775,-2.3434819686763183e-08
1.38,-2.3055723841981788e-08
1.3825,-2.2688496675145845e-08
1.385,-2.2332735164834567e-08
1.3875,-2.1987970420568377e-08
1.39,-2.1648646826592117e-08
1.3925,-2.1320960743059021e-08
1.395,-2.100477749355694e-08
1.3975,-2.0697281755722002e-08
1.4,-2.0397858674518845e-08
1.4025,-2.010700555451052e-08
1.405,-1.9827986672921983e-08
1.4075,-1.955347858115267e-08
1.41,-1.9287471568416035e-08
1.4125,-1.9034758146268369e-08
1.415,-1.8783886358592356e-08
1.4175,-1.8543265599567826e-08
1.42,-1.8309768196211326e-08
1.4225,-1.8086135125952033e-08
1.425,-1.7872332521754785e-08
1.4275,-1.7662868917629558e-08
1.43,-1.7454020527613466e-08
1.4325,-1.7257437065091812e-08
1.435,-1.7066921114144388e-08
1.4375,-1.6876244935279867e-08
1.44,-1.6694523819063246e-08
1.4425,-1.6518290193530944e-08
1.445,-1.6347336587808174e-08
1.4475,-1.6178471601538651e-08
1.45,-1.6018271584600278e-08
1.4525,-1.5866438721585236e-08
1.455,-1.5712502156472591e-08
1.4575,-1.556366065899349e-08
1.46,-1.5421979788060608e-08
1.4625,-1.5285894620774361e-08
1.465,-1.5148592606413083e-08
1.4675,-1.5015733729242803e-08
1.47,-1.4887953290231229e-08
1.4725,-1.4767797790827901e-08
1.475,-1.4649171202451827e-08
1.4775,-1.4532652857540659e-08
1.48,-1.4421189905324899e-08
1.4825,-1.4320915775201806e-08
1.485,-1.4220036870002253e-08
1.4875,-1.4121777396077348e-08
1.49,-1.4029550613186494e-08
1.4925,-1.3945837861566288e-08
1.495,-1.3865044019883287e-08
1.4975,-1.3790613482762954e-08
1.5,-1.3722910910827026e-08
1.5025,-1.3658649452130331e-08
1.505,-1.3603552650184037e-08
1.5075,-1.3554971100477072e-08
1.51,-1.3515942476734771e-08
1.5125,-1.3481293605778076e-08
1.515,-1.3452614028330526e-08
1.5175,-1.343147853116932e-08
1.52,-1.3419795198487558e-08
1.5225,-1.3415547035601559e-08
1.525,-1.342181292059675e-08
1.5275,-1.3435355045947251e-08
1.53,-1.3455738137171942e-08
1.5325,-1.3480052489343979e-08
1.535,-1.3508868836739634e-08
1.5375,-1.3542045347726943e-08
1.54,-1.3582565159569262e-08
1.5425,-1.3635536196873997e-08
1.545,-1.369243976248848e-08
1.5475,-1.3761288247235615e-08
1.55,-1.3834141592654155e-08
1.5525,-1.3910663162618682e-08
1.555,-1.3993407154554286e-08
1.5575,-1.408181177852378e-08
1.56,-1.4172497298406196e-08
1.5625,-1.4268162798977613e-08
1.565,-1.4371309220800329e-08
1.5675,-1.4478380307977642e-08
1.57,-1.4592187982975524e-08
1.5725,-1.47060009510834e-08
1.575,-1.4819744950575867e-08
1.5775,-1.4933630918535691e-08
1.58,-1.504694026758945e-08
1.5825,-1.5165276588251765e-08
1.585,-1.5285879192155135e-08
1.5875,-1.5405053861767097e-08
1.59,-1.552270942651583e-08
1.5925,-1.5644270366191472e-08
1.595,-1.5760809809559611e-08
1.5975,-1.5878065721491497e-08
1.6,-1.5993219056161716e-08
1.6025,-1.610909115558343e-08
1.605,-1.6225726663138784e-08
1.6075,-1.6342931930813887e-08
1.61,-1.6457973440287424e-08
1.6125,-1.6576934833689362e-08
1.615,-1.6688027914196773e-08
1.6175,-1.6803459456457438e-08
1.62,-1.6920487166681256e-08
1.6225,-1.7038862160627755e-08
1.625,-1.7159185651897869e-08
1.6275,-1.7278330700057362e-08
1.63,-1.7402750091339467e-08
1.6325,-1.7532451109311967e-08
1.635,-1.766181662964941e-08
1.6375,-1.779358567660073e-08
1.64,-1.7928226442904759e-08
1.6425,-1.8065597744754809e-08
1.645,-1.8208562252469053e-08
1.6475,-1.8351643702417007e-08
1.65,-1.8494536550756005e-08
1.6525,-1.8643581230476292e-08
1.655,-1.8798488175410267e-08
1.6575,-1.8950204722288208e-08
1.66,-1.9107511342092713e-08
1.6625,-1.9269745853882193e-08
1.665,-1.9434738940438309e-08
1.6675,-1.9604731731279217e-08
1.67,-1.9773659055622145e-08
1.6725,-1.9949782329096156e-08
1.675,-2.0129610349035553e-08
1.6775,-2.0307379334765181e-08
1.68,-2.0485625564944468e-08
1.6825,-2.0667117818756721e-08
1.685,-2.0845683091929586e-08
1.6875,-2.1026757867312592e-08
1.69,-2.1201567471404842e-08
1.6925,-2.1381422812314781e-08
1.695,-2.155976199311789e-08
1.6975,-2.1739531107910781e-08
1.7,-2.1920300670679229e-08
1.7025,-2.2095947046018851e-08
1.705,-2.226940811598537e-08
1.7075,-2.2443395588408531e-08
1.71,-2.2614687754621663e-08
1.7125,-2.2780110847294943e-08
1.715,-2.2945265018958609e-08
1.7175,-2.3104483010102891e-08
1.72,-2.3258156116127501e-08
1.7225,-2.3414545132991358e-08
1.725,-2.3567698456616062e-08
1.7275,-2.3717389700994973e-08
1.73,-2.3863530934790143e-08
1.7325,-2.4006158039505902e-08
1.735,-2.4145149951614907e-08
1.7375,-2.4284025443307583e-08
1.74,-2.4422865757637884e-08
1.7425,-2.4555352170139978e-08
1.745,-2.4684445810282809e-08
1.7475,-2.4812979876325625e-08
1.75,-2.4938807310058548e-08
1.7525,-2.5061300186605214e-08
1.755,-2.5178039617852617e-08
1.7575,-2.5297064236572383e-08
1.76,-2.5409760476969987e-08
1.7625,-2.5521267056220508e-08
1.765,-2.562653977095038e-08
1.7675,-2.5730955641088767e-08
1.77,-2.5828593455464007e-08
1.7725,-2.5925347913717128e-08
1.775,-2.6020783081791717e-08
1.7775,-2.6108926942722857e-08
1.78,-2.6192542381053439e-08
1.7825,-2.6271770960272416e-08
1.785,-2.6349129536190442e-08
1.7875,-2.6421146635741143e-08
1.79,-2.6485178868649439e-08
1.7925,-2.6543583502442513e-08
1.795,-2.6599001042146284e-08
1.7975,-2.6650740140317087e-08
1.8,-2.6690391833930775e-08
1.8025,-2.6724572204309481e-08
1.805,-2.6754434734342978e-08
1.8075,-2.6777775487427446e-08
1.81,-2.679384876150619e-08
1.8125,-2.6803041020327184e-08
1.815,-2.6802402042071693e-08
1.8175,-2.6795265126654366e-08
1.82,-2.6780750889453181e-08
1.8225,-2.6761867725548222e-08
1.825,-2.6729990616017968e-08
1.8275,-2.6693100367632037e-08
1.83,-2.6642793706118792e-08
1.8325,-2.6590878183461907e-08
1.835,-2.6525740629269838e-08
1.8375,-2.6456468286212319e-08
1.84,-2.638299598327203e-08
1.8425,-2.6293567661933959e-08
1.845,-2.6197588670097454e-08
1.8475,-2.6094625552176787e-08
1.85,-2.5985136124429029e-08
1.8525,-2.5868992767521222e-08
1.855,-2.5743999449526501e-08
1.8575,-2.5618462919247075e-08
1.86,-2.5481736153679393e-08
1.8625,-2.5336762444638584e-08
1.865,-2.5189825604109456e-08
1.8675,-2.5038049377726062e-08
1.87,-2.4878931322069172e-08
1.8725,-2.4718883080873386e-08
1.875,-2.4555152068525044e-08
1.8775,-2.4388165375404595e-08
1.88,-2.4217762611510125e-08
1.8825,-2.4041855666826021e-08
1.885,-2.3866332829300422e-08
1.8875,-2.3688401068554541e-08
1.89,-2.3505123784999587e-08
1.8925,-2.3320219093336513e-08
1.895,-2.3133611267104619e-08
1.8975,-2.2948773207566476e-08
1.9,-2.2762904003916769e-08
1.9025,-2.2575492905083695e-08
1.905,-2.2384820511894714e-08
1.9075,-2.2196750173748629e-08
1.91,-2.2007712144999449e-08
1.9125,-2.1817943694520611e-08
1.915,-2.1628101901160155e-08
1.9175,-2.1441658444057894e-08
1.92,-2.1254439626279026e-08
1.9225,-2.1067353806007144e-08
1.925,-2.088040870073123e-08
1.9275,-2.0699429750904475e-08
1.93,-2.0515520870744082e-08
1.9325,-2.0329618351977323e-08
1.935,-2.0143721574202112e-08
1.9375,-1.9958950748661271e-08
1.94,-1.9773585900561511e-08
1.9425,-1.9591899037911387e-08
1.945,-1.941053772508551e-08
1.9475,-1.92293562098941e-08
1.95,-1.9048565784856978e-08
1.9525,-1.886884815363737e-08
1.955,-1.8688498308968094e-08
1.9575,-1.8505649107959237e-08
1.96,-1.8326211893695118e-08
1.9625,-1.8146911831207409e-08
1.965,-1.7970066681163497e-08
1.9675,-1.7779445168315303e-08
1.97,-1.7600655727576545e-08
1.9725,-1.7424272363102896e-08
1.975,-1.7248005651261208e-08
1.9775,-1.7069433928549613e-08
1.98,-1.6891494649902381e-08
1.9825,-1.6713842010440299e-08
1.985,-1.6535950944224377e-08
1.9875,-1.6361774370131215e-08
1.99,-1.6184760179624796e-08
1.9925,-1.6010636103539349e-08
1.995,-1.5836770251833405e-08
1.9975,-1.5659955274587271e-08
2.0,-1.5486831993945711e-08
2.0025,-1.5311449683168268e-08
2.005,-1.5136394658986326e-08
2.0075,-1.4964932999968912e-08
2.01,-1.4787844814176479e-08
2.0125,-1.4607916756869138e-08
2.015,-1.4430827829798563e-08
2.0175,-1.4251518201121905e-08
2.02,-1.4072202163098725e-08
2.0225,-1.3894301540373227e-08
2.025,-1.3717426171413482e-08
2.0275,-1.3541511740551614e-08
2.03,-1.3369729096426783e-08
2.0325,-1.3199489100309134e-08
2.035,-1.3031093291247206e-08
2.0375,-1.2870809438127245e-08
2.04,-1.2709713198457337e-08
2.0425,-1.2549814317249011e-08
2.045,-1.2387842003342743e-08
2.0475,-1.2230214650871345e-08
2.05,-1.2074173567630727e-08
2.0525,-1.1917230670684728e-08
2.055,-1.1765742050636084e-08
2.0575,-1.1619795235734934e-08
2.06,-1.1473925132245408e-08
2.0625,-1.1335805046513443e-08
2.065,-1.1206648575306971e-08
2.0675,-1.1082743046739984e-08
2.07,-1.0965684645269071e-08
2.0725,-1.0848640771601366e-08
2.075,-1.073370406516066e-08
2.0775,-1.0616893871871719e-08
2.08,-1.0503968061583096e-08
2.0825,-1.0393993169059256e-08
2.085,-1.028512362404532e-08
2.0875,-1.0174356571066926e-08
2.09,-1.006433472943584e-08
2.0925,-9.961431226810549e-09
2.095,-9.8569230989704601e-09
2.0975,-9.7546819060255226e-09
2.1,-9.6512929312081768e-09
2.1025,-9.5503486127085628e-09
2.105,-9.4541218776671647e-09
2.1075,-9.3591315510380614e-09
2.11,-9.2660711829002093e-09
2.1125,-9.1746233959684294e-09
2.115,-9.0817651106052043e-09
2.1175,-8.9938367665947463e-09
2.12,-8.904271328043769e-09
2.1225,-8.8159899006166857e-09
2.125,-8.7288538000972645e-09
2.1275,-8.6459388043989023e-09
2.13,-8.5585778385517535e-09
2.1325,-8.4748840415460587e-09
2.135,-8.3926008007881373e-09
2.1375,-8.30893464769187e-09
2.14,-8.2235824018917858e-09
2.1425,-8.1393159186381997e-09
2.145,-8.0589406920260406e-09
2.1475,-7.9769972682025685e-09
2.15,-7.8963459586025711e-09
2.1525,-7.8171601749529954e-09
2.155,-7.7387685070057546e-09
2.1575,-7.6556547160421753e-09
2.16,-7.5737197485906196e-09
2.1625,-7.4932054993673464e-09
2.165,-7.4137682524189309e-09
2.1675,-7.3359789158139597e-09
2.17,-7.2595805530137354e-09
2.1725,-7.1852588102069977e-09
2.175,-7.1157067466605269e-09
2.1775,-7.0544670413842967e-09
2.18,-6.9869549590065432e-09
2.1825,-6.9191310527795835e-09
2.185,-6.8564635548766665e-09
2.1875,-6.7954736515674579e-09
2.19,-6.7293822144456982e-09
2.1925,-6.664379985958852e-09
2.195,-6.6028537003429525e-09
2.1975,-6.5389513758891849e-09
2.2,-6.4793095330229872e-09
2.2025,-6.4219457940784171e-09
2.205,-6.3607075242711262e-09
2.2075,-6.3046030645998677e-09
2.21,-6.248517814257986e-09
2.2125,-6.2016088224557377e-09
2.215,-6.1577934815811585e-09
2.2175,-6.1139620196816498e-09
2.22,-6.0760812769496696e-09
2.2225,-6.034559286304465e-09
2.225,-5.9952046334587088e-09
2.2275,-5.9604377179480465e-09
2.23,-5.9243988278797209e-09
2.2325,-5.8927542868333109e-09
2.235,-5.8623745294236979e-09
2.2375,-5.8330130126142926e-09
2.24,-5.802048212093848e-09
2.2425,-5.7722663411107392e-09
2.245,-5.7437974389589073e-09
2.2475,-5.7167093010788346e-09
2.25,-5.6929137257182454e-09
2.2525,-5.6673759267102868e-09
2.255,-5.6427489871601037e-09
2.2575,-5.6163382444049106e-09
2.26,-5.5965824022743145e-09
2.2625,-5.5777568442469007e-09
2.265,-5.5625947362493935e-09
2.2675,-5.5451154210101011e-09
2.27,-5.5289728304046644e-09
2.2725,-5.5135724480528896e-09
2.275,-5.4964904033371519e-09
2.2775,-5.4862957940110323e-09
2.28,-5.4742474518755578e-09
2.2825,-5.4658674532870692e-09
2.285,-5.4584636437766906e-09
2.2875,-5.4528612109358725e-09
2.29,-5.4427089369999205e-09
2.2925,-5.437214886023604e-09
2.295,-5.4330711114673786e-09
2.2975,-5.4300854647197249e-09
2.3,-5.4309412568647424e-09
2.3025,-5.4324269303751382e-09
2.305,-5.4352155746325722e-09
2.3075,-5.4388716312596603e-09
2.31,-5.4466000131463937e-09
2.3125,-5.4527539178879663e-09
2.315,-5.4604304306494724e-09
2.3175,-5.4685560852538032e-09
2.32,-5.4796957734064559e-09
2.3225,-5.4876673005111007e-09
2.325,-5.4990657708336923e-09
2.3275,-5.5141428882805099e-09
2.33,-5.5300066768218403e-09
2.3325,-5.5466871001511576e-09
2.335,-5.5641953405132703e-09
2.3375,-5.5826494206631241e-09
2.34,-5.6051677413561372e-09
2.3425,-5.6284743809611543e-09
2.345,-5.6489597921424991e-09
2.3475,-5.675209638533443e-09
2.35,-5.6980952533208172e-09
2.3525,-5.7212600508529264e-09
2.355,-5.7479137558005141e-09
2.3575,-5.7721384174630564e-09
2.36,-5.796716183430398e-09
2.3625,-5.8211555354385239e-09
2.365,-5.8482902176219178e-09
2.3675,-5.8745269033670141e-09
2.37,-5.8999341186943716e-09
2.3725,-5.9267088179513129e-09
2.375,-5.9495327854553395e-09
2.3775,-5.9711976131964965e-09
2.38,-5.992216277744581e-09
2.3825,-6.0179650257829799e-09
2.385,-6.0401886853699092e-09
2.3875,-6.0616377282726614e-09
2.39,-6.0816407188594639e-09
2.3925,-6.1007035244955246e-09
2.395,-6.1183830055758436e-09
2.3975,-6.1347469175756445e-09
2.4,-6.1445023280639716e-09
2.4025,-6.156281126424638e-09
2.405,-6.1667180610343108e-09
2.4075,-6.17305556784783e-09
2.41,-6.1758047832312168e-09
2.4125,-6.1805092686077786e-09
2.415,-6.1875124455653034e-09
2.4175,-6.1936087326772954e-09
2.42,-6.2019680370250844e-09
2.4225,-6.2093131593716016e-09
2.425,-6.2131896334725252e-09
2.4275,-6.2135594019801591e-09
2.43,-6.2161163648579595e-09
2.4325,-6.2214628755740921e-09
2.435,-6.2232942821777758e-09
2.4375,-6.2251020386576363e-09
2.44,-6.2268364701248933e-09
2.4425,-6.2261536815105843e-09
2.445,-6.2280022647732483e-09
2.4475,-6.2334135868352375e-09
2.45,-6.2353468765375007e-09
2.4525,-6.236968207086245e-09
2.455,-6.2386519542881344e-09
2.4575,-6.24005008560516e-09
2.46,-6.2411187667775713e-09
2.4625,-6.2450465117504519e-09
2.465,-6.2490800489242211e-09
2.4675,-6.2504960373502758e-09
2.47,-6.2526635766072712e-09
2.4725,-6.2548025181260505e-09
2.475,-6.2573239022733711e-09
2.4775,-6.2600025514732189e-09
2.48,-6.2628493017296855e-09
2.4825,-6.2655622571770524e-09
2.485,-6.2655393233729908e-09
2.4875,-6.2682315680566625e-09
2.49,-6.2714544120088779e-09
2.4925,-6.2742233331682473e-09
2.495,-6.2767088545685967e-09
2.4975,-6.2758557903201999e-09
2.5,-6.2716993068669788e-09
2.5025,-6.2672059408756224e-09
2.505,-6.2627913936559946e-09
2.5075,-6.2584281710847591e-09
2.51,-6.2595275178794744e-09
2.5125,-6.2600042722023044e-09
2.515,-6.2542808476317574e-09
2.5175,-6.2419253414468027e-09
2.52,-6.2293038832532785e-09
2.5225,-6.2165977315130306e-09
2.525,-6.2006985150671265e-09
2.5275,-6.1873439890273912e-09
2.53,-6.1707049987427415e-09
2.5325,-6.1542988962189436e-09
2.535,-6.1372451766833297e-09
2.5375,-6.1222068765146665e-09
2.54,-6.1060834919137259e-09
2.5425,-6.0890003793476701e-09
2.545,-6.0712770286060141e-09
2.5475,-6.0479146992988651e-09
2.55,-6.0243161902957261e-09
2.5525,-5.9975857785805357e-09
2.555,-5.9730689573524458e-09
2.5575,-5.9483485610742734e-09
2.56,-5.9205362947646672e-09
2.5625,-5.8928746153092304e-09
2.565,-5.8647379237245681e-09
2.5675,-5.8366738762616285e-09
2.57,-5.8116753602839057e-09
2.5725,-5.7872362460162502e-09
2.575,-5.75968638672291e-09
2.5775,-5.7356686398712589e-09
2.58,-5.7115100674259231e-09
2.5825,-5.6878512071561313e-09
2.585,-5.6643220085759798e-09
2.5875,-5.6409149511730422e-09
2.59,-5.6180392313650034e-09
2.5925,-5.5954955261149098e-09
2.595,-5.5705923556495888e-09
2.5975,-5.5468123667706987e-09
2.6,-5.5231098004485845e-09
2.6025,-5.4997955703676333e-09
2.605,-5.4809264941207105e-09
2.6075,-5.4604317346147649e-09
2.61,-5.4459321488200139e-09
2.6125,-5.4316961284744065e-09
2.615,-5.4241653809037275e-09
2.6175,-5.4138870668857963e-09
2.62,-5.4074560505347531e-09
2.6225,-5.3983588946484442e-09
2.625,-5.3900692729874439e-09
2.6275,-5.3855127247281421e-09
2.63,-5.379102954907399e-09
2.6325,-5.3788820055132094e-09
2.635,-5.3793020951229283e-09
2.6375,-5.3769144942988115e-09
2.64,-5.3775630886180774e-09
2.6425,-5.3761012510763932e-09
2.645,-5.3751445726489256e-09
2.6475,-5.3771716610333371e-09
2.65,-5.3850333717200281e-09
2.6525,-5.3899299304409875e-09
2.655,-5.3977448113925182e-09
2.6575,-5.3998715752474308e-09
2.66,-5.4019115343864267e-09
2.6625,-5.409390825970282e-09
2.665,-5.4166128045321669e-09
2.6675,-5.4206883902235583e-09
2.67,-5.4242900820074718e-09
2.6725,-5.430150127067791e-09
2.675,-5.4357738914854268e-09
2.6775,-5.4437635765205211e-09
2.68,-5.4517277743242301e-09
2.6825,-5.4560266417914852e-09
2.685,-5.4625176134650999e-09
2.6875,-5.4715841039843693e-09
2.69,-5.4826863009375061e-09
2.6925,-5.4901995315233971e-09
2.695,-5.4883287124493228e-09
2.6975,-5.4863609738916168e-09
2.7,-5.4949211889026932e-09
2.7025,-5.5206512422569177e-09
2.705,-5.5372964000941352e-09
2.7075,-5.5418691746638522e-09
2.71,-5.5459859598690573e-09
2.7125,-5.549668118568381e-09
2.715,-5.5506340420865231e-09
2.7175,-5.5538685046314751e-09
2.72,-5.556964063701752e-09
2.7225,-5.5566439886534117e-09
2.725,-5.5589210216954519e-09
2.7275,-5.5609293575978433e-09
2.73,-5.5628448046196863e-09
2.7325,-5.5643935987090291e-09
2.735,-5.5634743987968399e-09
2.7375,-5.5650456505134544e-09
2.74,-5.564223148504097e-09
2.7425,-5.5609501425229258e-09
2.745,-5.5640476735122438e-09
2.7475,-5.5699730838249307e-09
2.75,-5.5731822361024813e-09
2.7525,-5.5740092169168812e-09
2.755,-5.575313582395834e-09
2.7575,-5.577043749479911e-09
2.76,-5.5792562255349742e-09
2.7625,-5.5817694364380646e-09
2.765,-5.5844557993232011e-09
2.7675,-5.5873966369480004e-09
2.77,-5.5934117405024931e-09
2.7725,-5.5972174394783034e-09
2.775,-5.5983988557152006e-09
2.7775,-5.6001926753599777e-09
2.78,-5.6048789141697369e-09
2.7825,-5.6070749545607216e-09
2.785,-5.6067868391549955e-09
2.7875,-5.6090956866735544e-09
2.79,-5.6118773677832762e-09
2.7925,-5.6118305562480134e-09
2.795,-5.6119602094533358e-09
2.7975,-5.6064699629331045e-09
2.8,-5.6039830076250316e-09
2.8025,-5.6041184178690796e-09
2.805,-5.5955324993662498e-09
2.8075,-5.5930158601976349e-09
2.81,-5.5873698373177308e-09
2.8125,-5.5819802200260032e-09
2.815,-5.573571138214404e-09
2.8175,-5.5711178482716915e-09
2.82,-5.5658417276392848e-09
2.8225,-5.5605525517648765e-09
2.825,-5.5522578038428191e-09
2.8275,-5.5381979261039457e-09
2.83,-5.5272467666446661e-09
2.8325,-5.5135444526849705e-09
2.835,-5.5031968878544719e-09
2.8375,-5.4897537018681758e-09
2.84,-5.4771092680005992e-09
2.8425,-5.4646564809110448e-09
2.845,-5.4525616276305135e-09
2.8475,-5.4378761482228106e-09
2.85,-5.4294550282963959e-09
2.8525,-5.4154948647918354e-09
2.855,-5.4019551684693474e-09
2.8575,-5.3883637815407385e-09
2.86,-5.3781114281359738e-09
2.8625,-5.3657265328322853e-09
2.865,-5.3511049060940925e-09
2.8675,-5.3372256231127598e-09
2.87,-5.3268142580159623e-09
2.8725,-5.3141439631013159e-09
2.875,-5.2991182473798017e-09
2.8775,-5.287876563522653e-09
2.88,-5.2769438839934763e-09
2.8825,-5.2666226896083969e-09
2.885,-5.2569014292247918e-09
2.8875,-5.2511359516396602e-09
2.89,-5.2487275313445307e-09
2.8925,-5.2468088936868079e-09
2.895,-5.2454925605135854e-09
2.8975,-5.2474276467296327e-09
2.9,-5.2496762387414391e-09
2.9025,-5.2464879978763953e-09
2.905,-5.2435038323481307e-09
2.9075,-5.2408574064696373e-09
2.91,-5.2416056047601605e-09
2.9125,-5.2427121551596014e-09
2.915,-5.2436677012372112e-09
2.9175,-5.2447265175830636e-09
2.92,-5.2482629763282808e-09
2.9225,-5.251131129393058e-09
2.925,-5.2534179465513525e-09
2.9275,-5.2519031751982849e-09
2.93,-5.2564073875585543e-09
2.9325,-5.2575465954359905e-09
2.935,-5.2553938249471663e-09
2.9375,-5.2558380624659623e-09
2.94,-5.2586025004991489e-09
2.9425,-5.2606456255614388e-09
2.945,-5.2647146640678784e-09
2.9475,-5.2712851003464079e-09
2.95,-5.274179001517279e-09
2.9525,-5.2793520133578008e-09
2.955,-5.2808823957058498e-09
2.9575,-5.2847494200403721e-09
2.96,-5.2911568269710498e-09
2.9625,-5.2967249744651903e-09
2.965,-5.3018578470153647e-09
2.9675,-5.3066024229700055e-09
2.97,-5.3132458618828763e-09
2.9725,-5.3197274347683547e-09
2.975,-5.3285824925751476e-09
2.9775,-5.3372020270324998e-09
2.98,-5.3455504742491596e-09
2.9825,-5.3534958136866397e-09
2.985,-5.3616027317354867e-09
2.9875,-5.3688977136909885e-09
2.99,-5.3761125758054286e-09
2.9925,-5.3865703316321038e-09
2.995,-5.400272651155408e-09
2.9975,-5.416398198522532e-09
3.0,-5.4326721832291202e-09
3.0025,-5.4458380775377145e-09
3.005,-5.4595207120458714e-09
3.0075,-5.4792460661402431e-09
3.01,-5.4935952947164263e-09
3.0125,-5.511157533838682e-09
3.015,-5.5284704309871562e-09
3.0175,-5.5455579961444038e-09
3.02,-5.5629017406029843e-09
3.0225,-5.580330824450447e-09
3.025,-5.5980775793706075e-09
3.0275,-5.6192166146306025e-09
3.03,-5.6343437783719895e-09
3.0325,-5.6497008709846423e-09
3.035,-5.6653019492539874e-09
3.0375,-5.6837411233526636e-09
3.04,-5.7021917001756512e-09
3.0425,-5.7206944308281452e-09
3.045,-5.7360609828240103e-09
3.0475,-5.7512999089225154e-09
3.05,-5.771808008247963e-09
3.0525,-5.7889361912630083e-09
3.055,-5.8024431810083735e-09
3.0575,-5.8128953705604115e-09
3.06,-5.8228005158378844e-09
3.0625,-5.8321231121178503e-09
3.065,-5.8409863750891297e-09
3.0675,-5.8489969374015965e-09
3.07,-5.8559755835390762e-09
3.0725,-5.8569459071502734e-09
3.075,-5.8567415363624439e-09
3.0775,-5.8558028500384478e-09
3.08,-5.8541280611049131e-09
3.0825,-5.8489696182189808e-09
3.085,-5.8429320896033783e-09
3.0875,-5.8363799425552633e-09
3.09,-5.8263278467806402e-09
3.0925,-5.8187014299588694e-09
3.095,-5.8016807518416221e-09
3.0975,-5.7869937296621976e-09
3.1,-5.7719214930488358e-09
3.1025,-5.7531826385208323e-09
3.105,-5.7283446410635782e-09
3.1075,-5.7062287277388592e-09
3.11,-5.680590091165643e-09
3.1125,-5.6550704595157105e-09
3.115,-5.6287242869593522e-09
3.1175,-5.6025577916720468e-09
3.12,-5.5738100007431794e-09
3.1225,-5.5452025879964987e-09
3.125,-5.5163722691109955e-09
3.1275,-5.4879624219651695e-09
3.13,-5.4567497130832553e-09
3.1325,-5.429100931040276e-09
3.135,-5.4049345483472461e-09
3.1375,-5.378491074444492e-09
3.14,-5.3497702983298342e-09
3.1425,-5.3249160272427206e-09
3.145,-5.2978545932403037e-09
3.1475,-5.2717888845363528e-09
3.15,-5.2463056206709318e-09
3.1525,-5.2182589688287225e-09
3.155,-5.1937115918911658e-09
3.1575,-5.1723332406048854e-09
3.16,-5.1489405164455049e-09
3.1625,-5.1293904728438015e-09
3.165,-5.1104854600374314e-09
3.1675,-5.0893830952308255e-09
3.17,-5.0750252509845945e-09
3.1725,-5.0582468014132271e-09
3.175,-5.0366370108758997e-09
3.1775,-5.0246069817973405e-09
3.18,-5.0125725354621843e-09
3.1825,-5.0006245000241146e-09
3.185,-4.9869010442004499e-09
3.1875,-4.9762411837275667e-09
3.19,-4.9688199878097965e-09
3.1925,-4.9622487700071423e-09
3.195,-4.9525390891375503e-09
3.1975,-4.9489699131097445e-09
3.2,-4.9457456511586617e-09
3.2025,-4.9393403125816683e-09
3.205,-4.9335270868019565e-09
3.2075,-4.9277166993552088e-09
3.21,-4.924893529460812e-09
3.2125,-4.9246443808362984e-09
3.215,-4.9183433488559274e-09
3.2175,-4.9206394215381808e-09
3.22,-4.9202379595775737e-09
3.2225,-4.9222662578697606e-09
3.225,-4.9270879459861424e-09
3.2275,-4.9289260622527611e-09
3.23,-4.9335644899708477e-09
3.2325,-4.9411610813994504e-09
3.235,-4.9485184707647874e-09
3.2375,-4.9560057320061292e-09
3.24,-4.9660530712644097e-09
3.2425,-4.9729481385441384e-09
3.245,-4.9797220159876191e-09
3.2475,-4.9860260006946373e-09
3.25,-4.9945882005397176e-09
3.2525,-5.006635001700111e-09
3.255,-5.021575095345781e-09
3.2575,-5.0332729793374564e-09
3.26,-5.0477567784123597e-09
3.2625,-5.0653220624179161e-09
3.265,-5.0827121569102304e-09
3.2675,-5.103283800360667e-09
3.27,-5.1211085573806479e-09
3.2725,-5.136073339842016e-09
3.275,-5.1540280362911035e-09
3.2775,-5.1717080566272002e-09
3.28,-5.189784604542194e-09
3.2825,-5.2077858593737412e-09
3.285,-5.2261513996949675e-09
3.2875,-5.250243858691735e-09
3.29,-5.2710617065641707e-09
3.2925,-5.2922716061617206e-09
3.295,-5.3163280711527071e-09
3.2975,-5.3346393723295102e-09
3.3,-5.3559153649952265e-09
3.3025,-5.3740779429701351e-09
3.305,-5.3947282974798502e-09
3.3075,-5.4153791545210914e-09
3.31,-5.4330128001879417e-09
3.3125,-5.4505696881142993e-09
3.315,-5.468279849437286e-09
3.3175,-5.4890203914432635e-09
3.32,-5.5035256005923583e-09
3.3225,-5.5178289488042519e-09
3.325,-5.5290417420686526e-09
3.3275,-5.5456084748601413e-09
3.33,-5.5535350925209012e-09
3.3325,-5.5637625405934698e-09
3.335,-5.5708757930820495e-09
3.3375,-5.5774595597084511e-09
3.34,-5.5837032323618949e-09
3.3425,-5.589917168773989e-09
3.345,-5.5925856003628679e-09
3.3475,-5.5926018449005561e-09
3.35,-5.5951954679086067e-09
3.3525,-5.5972493444998094e-09
3.355,-5.5958960476166057e-09
3.3575,-5.5915139399791133e-09
3.36,-5.5872061033702351e-09
3.3625,-5.5824706259019783e-09
3.365,-5.5748308394458943e-09
3.3675,-5.5666371442268927e-09
3.37,-5.5612517592848138e-09
3.3725,-5.5526239890485988e-09
3.375,-5.5439033923800814e-09
3.3775,-5.5319188586905871e-09
3.38,-5.5195668549565324e-09
3.3825,-5.5073094338527937e-09
3.385,-5.494978632210832e-09
3.3875,-5.477310871707627e-09
3.39,-5.462960699607773e-09
3.3925,-5.4454532011325036e-09
3.395,-5.4251423546989505e-09
3.3975,-5.4051368389647382e-09
3.4,-5.3853266768665705e-09
3.4025,-5.3630333864835881e-09
3.405,-5.3466780389351513e-09
3.4075,-5.327500761481871e-09
3.41,-5.3086631919843079e-09
3.4125,-5.2872448686783792e-09
3.415,-5.2659983695935075e-09
3.4175,-5.2452051249003434e-09
3.42,-5.2215170653931259e-09
3.4225,-5.2009162884954409e-09
3.425,-5.1807209831406692e-09
3.4275,-5.1611278268663664e-09
3.43,-5.1389809328689616e-09
3.4325,-5.1165939632554643e-09
3.435,-5.0949392281683081e-09
3.4375,-5.0736505060792555e-09
3.44,-5.0553088202018371e-09
3.4425,-5.0342707676327304e-09
3.445,-5.016307784148554e-09
3.4475,-4.9982877483686429e-09
3.45,-4.980357965424411e-09
3.4525,-4.9626701109932405e-09
3.455,-4.9455115739992408e-09
3.4575,-4.9283305233745986e-09
3.46,-4.9109384156571322e-09
3.4625,-4.893779723164384e-09
3.465,-4.8791236091519502e-09
3.4675,-4.8643356995232967e-09
3.47,-4.8467745185251594e-09
3.4725,-4.8266164695163457e-09
3.475,-4.8090803832844502e-09
3.4775,-4.7915228053047118e-09
3.48,-4.7738230301077639e-09
3.4825,-4.7620345419944262e-09
3.485,-4.7502142800557449e-09
3.4875,-4.741648136058099e-09
3.49,-4.7327644999164046e-09
3.4925,-4.7210642390558574e-09
3.495,-4.7151433813439502e-09
3.4975,-4.7065512645223704e-09
3.5,-4.7005316332253626e-09
3.5025,-4.6946029469917187e-09
3.505,-4.6940725559712279e-09
3.5075,-4.6935916428839706e-09
3.51,-4.6903596150359232e-09
3.5125,-4.6899230584245057e-09
3.515,-4.6923686169882425e-09
3.5175,-4.6948134949112859e-09
3.52,-4.6940801595078717e-09
3.5225,-4.6996933727324384e-09
3.525,-4.7027656683281648e-09
3.5275,-4.7089801069023487e-09
3.53,-4.715490232490586e-09
3.5325,-4.7195836117477711e-09
3.535,-4.7270459717875524e-09
3.5375,-4.7343571552137526e-09
3.54,-4.744685428943868e-09
3.5425,-4.7584813652722215e-09
3.545,-4.7724861050734229e-09
3.5475,-4.7837577132658906e-09
3.55,-4.8009358718198753e-09
3.5525,-4.8159062678256138e-09
3.555,-4.8310602945982688e-09
3.5575,-4.8520908217399346e-09
3.56,-4.8736303382323185e-09
3.5625,-4.8953298243745388e-09
3.565,-4.916928782644945e-09
3.5675,-4.9356069307839408e-09
3.57,-4.9551520234323865e-09
3.5725,-4.9779009814298662e-09
3.575,-4.9980775672121183e-09
3.5775,-5.0245336270794131e-09
3.58,-5.0479192776622926e-09
3.5825,-5.068088116662011e-09
3.585,-5.0912279717733605e-09
3.5875,-5.1176644326743105e-09
3.59,-5.1409543305195159e-09
3.5925,-5.1672154689888856e-09
3.595,-5.1904253343481112e-09
3.5975,-5.2133547562703283e-09
3.6,-5.2333846971899664e-09
3.6025,-5.253326502680395e-09
3.605,-5.2728704187077255e-09
3.6075,-5.2895321126006278e-09
3.61,-5.3064169545240429e-09
3.6125,-5.320253476813213e-09
3.615,-5.333438209773993e-09
3.6175,-5.3462027677886478e-09
3.62,-5.3584333990667946e-09
3.6225,-5.3701354034630384e-09
3.625,-5.3844446141098367e-09
3.6275,-5.3957994819978158e-09
3.63,-5.4068899378209745e-09
3.6325,-5.4147409334752882e-09
3.635,-5.4218469955439438e-09
3.6375,-5.4257690621182821e-09
3.64,-5.4292239294081762e-09
3.6425,-5.4318024853077753e-09
3.645,-5.4312106882602434e-09
3.6475,-5.4302419522304502e-09
3.65,-5.4266155865082428e-09
3.6525,-5.4221862351611271e-09
3.655,-5.4176679747938423e-09
3.6575,-5.4128967175341068e-09
3.66,-5.4107784242876467e-09
3.6625,-5.4056696094802437e-09
3.665,-5.3974001735497837e-09
3.6675,-5.3892741211121879e-09
3.67,-5.3808211781749789e-09
3.6725,-5.3721311552031022e-09
3.675,-5.3607901744892959e-09
3.6775,-5.3489780575458138e-09
3.68,-5.336833058315941e-09
3.6825,-5.3213768019801028e-09
3.685,-5.3089450150335242e-09
3.6875,-5.2937293765509019e-09
3.69,-5.2783797158468594e-09
3.6925,-5.2630767600840217e-09
3.695,-5.250801152262021e-09
3.6975,-5.2327850626103831e-09
3.7,-5.2177136475428985e-09
3.7025,-5.2027580503157416e-09
3.705,-5.1875668738251094e-09
3.7075,-5.1724731110601511e-09
3.71,-5.1547848243053546e-09
3.7125,-5.1398333502102865e-09
3.715,-5.1280167072547653e-09
3.7175,-5.1163977042545285e-09
3.72,-5.1048628682227113e-09
3.7225,-5.0907003000935718e-09
3.725,-5.0792855727632134e-09
3.7275,-5.0680006776605843e-09
3.73,-5.0567879215571411e-09
3.7325,-5.0454687822151011e-09
3.735,-5.0318368355880149e-09
3.7375,-5.0187263341938074e-09
3.74,-5.0060864912242156e-09
3.7425,-4.9967529972863255e-09
3.745,-4.9900860743500892e-09
3.7475,-4.9806482505368324e-09
3.75,-4.9739267729327994e-09
3.7525,-4.9703686381078279e-09
3.755,-4.9674220310427786e-09
3.7575,-4.9648490773746895e-09
3.76,-4.9626176727920875e-09
3.7625,-4.9635456152947033e-09
3.765,-4.96190738229142e-09
3.7675,-4.9632783760815479e-09
3.77,-4.9679322309242962e-09
3.7725,-4.9750819137217215e-09
3.775,-4.9797990410921551e-09
3.7775,-4.981748685035486e-09
3.78,-4.9872097632334242e-09
3.7825,-4.9957193969141684e-09
3.785,-5.0044419673676421e-09
3.7875,-5.01368456259108e-09
3.79,-5.0236679061569626e-09
3.7925,-5.0311177725534607e-09
3.795,-5.0387122372130498e-09
3.7975,-5.0495155003601958e-09
3.8,-5.0635535069470712e-09
3.8025,-5.0782939728558948e-09
3.805,-5.0933787298813467e-09
3.8075,-5.1084967558819784e-09
3.81,-5.1240214330851684e-09
3.8125,-5.139820359631159e-09
3.815,-5.1556300664249932e-09
3.8175,-5.1716109772287699e-09
3.82,-5.1875300938073576e-09
3.8225,-5.203702996239667e-09
3.825,-5.2197046740527834e-09
3.8275,-5.2384448927029599e-09
3.83,-5.2572694937049903e-09
3.8325,-5.278519550171484e-09
3.835,-5.2967868587500026e-09
3.8375,-5.3117435640044647e-09
3.84,-5.3234038451958355e-09
3.8425,-5.3347585124431508e-09
3.845,-5.3486363857944133e-09
3.8475,-5.3649275843458688e-09
3.85,-5.3803237188216294e-09
3.8525,-5.3895945736775293e-09
3.855,-5.3981630584687881e-09
3.8575,-5.4088574210861009e-09
3.86,-5.4160337803671779e-09
3.8625,-5.4196719101325402e-09
3.865,-5.4261079453296975e-09
3.8675,-5.4341630741058901e-09
3.87,-5.4382036837580308e-09
3.8725,-5.4411525426332167e-09
3.875,-5.4400255227320963e-09
3.8775,-5.4408551455926029e-09
3.88,-5.4408987348427049e-09
3.8825,-5.4370016495451316e-09
3.885,-5.4318647856891999e-09
3.8875,-5.4258770832634104e-09
3.89,-5.4158459330659511e-09
3.8925,-5.4046924032340601e-09
3.895,-5.3923523789170325e-09
3.8975,-5.3753850022798997e-09
3.9,-5.3630511886653951e-09
3.9025,-5.3464444302876612e-09
3.905,-5.3254629066374462e-09
3.9075,-5.2985434770394705e-09
3.91,-5.2747554624531924e-09
3.9125,-5.2547579363834147e-09
3.915,-5.2339324588518391e-09
3.9175,-5.2195520440745323e-09
3.92,-5.2073012613810664e-09
3.9225,-5.1973354690437354e-09
3.925,-5.1917721410967412e-09
3.9275,-5.1893812528592698e-09
3.93,-5.1920294762226872e-09
3.9325,-5.1924283996720183e-09
3.935,-5.1938240552008561e-09
3.9375,-5.1954746935211073e-09
3.94,-5.1998682737022438e-09
3.9425,-5.1998040037810895e-09
3.945,-5.1997873424742226e-09
3.9475,-5.2042863820897821e-09
3.95,-5.209639750748271e-09
3.9525,-5.2194657764129149e-09
3.955,-5.2310289643208365e-09
3.9575,-5.2439565529374804e-09
3.96,-5.2590610298323488e-09
3.9625,-5.2668904789580141e-09
3.965,-5.2679244335003469e-09
3.9675,-5.2638680741374977e-09
3.97,-5.2517586158660236e-09
3.9725,-5.2342128911821545e-09
3.975,-5.2073928844135162e-09
3.9775,-5.1765121742495141e-09
3.98,-5.1477765457009801e-09
3.9825,-5.1220079434326768e-09
3.985,-5.1022003866136908e-09
3.9875,-5.0890535875966888e-09
3.99,-5.080270020008053e-09
3.9925,-5.0741482129371831e-09
3.995,-5.0690341759971905e-09
3.9975,-5.0628607190176216e-09
4.0,-5.0580596520361039e-09
4.0025,-5.0474929852751268e-09
4.005,-5.0363832352770496e-09
4.0075,-5.0226523730920841e-09
4.01,-5.0087060134305347e-09
4.0125,-4.9926959086556017e-09
4.015,-4.981045167121304e-09
4.0175,-4.9739928813029916e-09
4.02,-4.9708306377738537e-09
4.0225,-4.9617027365340195e-09
4.025,-4.9519545260381541e-09
4.0275,-4.9468057660013545e-09
4.03,-4.9409461094975409e-09
4.0325,-4.9308074078305676e-09
4.035,-4.9207230714560295e-09
4.0375,-4.9169188536897715e-09
4.04,-4.9136804980065825e-09
4.0425,-4.9115441743945975e-09
4.045,-4.909787719817531e-09
4.0475,-4.9084638938909509e-09
4.05,-4.9068334255182336e-09
4.0525,-4.9082287540538684e-09
4.055,-4.9098506270278057e-09
4.0575,-4.905580967773915e-09
4.06,-4.9043410705904056e-09
4.0625,-4.903505862015217e-09
4.065,-4.9089585722808678e-09
4.0675,-4.9146405883893663e-09
4.07,-4.9203543108449226e-09
4.0725,-4.9262562290986129e-09
4.075,-4.929157831277621e-09
4.0775,-4.9346109738413347e-09
4.08,-4.9391578191467243e-09
4.0825,-4.9429842101082942e-09
4.085,-4.9429527194973731e-09
4.0875,-4.9418582357803037e-09
4.09,-4.9368702421910666e-09
4.0925,-4.934291061452394e-09
4.095,-4.9308467517866758e-09
4.0975,-4.9293837770509961e-09
4.1,-4.9248743104786387e-09
4.1025,-4.9206434758832452e-09
4.105,-4.9137883288983361e-09
4.1075,-4.9107699149176245e-09
4.11,-4.9095820107857905e-09
4.1125,-4.9077518078592451e-09
4.115,-4.9081611694256155e-09
4.1175,-4.9148137060137733e-09
4.12,-4.9245580791035094e-09
4.1225,-4.9324388986755433e-09
4.125,-4.9439012293268534e-09
4.1275,-4.9593826948652444e-09
4.13,-4.9791402759287674e-09
4.1325,-5.0002280141387964e-09
4.135,-5.0280788731417184e-09
4.1375,-5.0599850271941819e-09
4.14,-5.0980364132681255e-09
4.1425,-5.1306664539216667e-09
4.145,-5.1684232880147448e-09
4.1475,-5.2028474297233213e-09
4.15,-5.2447957214112767e-09
4.1525,-5.2846422252771414e-09
4.155,-5.3217110950618246e-09
4.1575,-5.3614927233871578e-09
4.16,-5.3974077099797211e-09
4.1625,-5.4344312649246918e-09
4.165,-5.4659428766294055e-09
4.1675,-5.4947966974647728e-09
4.17,-5.5170734224178967e-09
4.1725,-5.5385041243949094e-09
4.175,-5.5551992368739198e-09
4.1775,-5.5638728587169958e-09
4.18,-5.5700406140320224e-09
4.1825,-5.5701684451559579e-09
4.185,-5.564508481846079e-09
4.1875,-5.5496810157174434e-09
4.19,-5.5315970719438378e-09
4.1925,-5.5069690666091243e-09
4.195,-5.4727924479139725e-09
4.1975,-5.4346339090084389e-09
4.2,-5.3871886279941736e-09
4.2025,-5.3335153078012414e-09
4.205,-5.2739694021284746e-09
4.2075,-5.2028159244743548e-09
4.21,-5.1322771296393172e-09
4.2125,-5.05664251260226e-09
4.215,-4.9766361476061777e-09
4.2175,-4.8923647618964137e-09
4.22,-4.8017232955288639e-09
4.2225,-4.7142026331041214e-09
4.225,-4.6243232664220136e-09
4.2275,-4.5320354168938738e-09
4.23,-4.4381033429132687e-09
4.2325,-4.3402292149140066e-09
4.235,-4.2449657342660577e-09
4.2375,-4.1523486248674332e-09
4.24,-4.0606172636032006e-09
4.2425,-3.9666888993381382e-09
4.245,-3.8772450249776939e-09
4.2475,-3.7869264561005323e-09
4.25,-3.6992960563694824e-09
4.2525,-3.6172877940451472e-09
4.255,-3.5386286212510725e-09
4.2575,-3.4635693815099773e-09
4.26,-3.3926406348513106e-09
4.2625,-3.3291178505928312e-09
4.265,-3.2668445760004779e-09
4.2675,-3.2121199699529441e-09
4.27,-3.1623971595353089e-09
4.2725,-3.1176549113105345e-09
4.275,-3.0807071524770727e-09
4.2775,-3.0490517517923594e-09
4.28,-3.0227722479160043e-09
4.2825,-3.0017324634288319e-09
4.285,-2.9915330312864197e-09
4.2875,-2.986482494939219e-09
4.29,-2.9834581682131975e-09
4.2925,-2.9852734107724172e-09
4.295,-2.99481254434712e-09
4.2975,-3.0120365761896532e-09
4.3,-3.0332893513029825e-09
4.3025,-3.0586601564710012e-09
4.305,-3.0851662267128959e-09
4.3075,-3.1182272832075882e-09
4.31,-3.1517829849244801e-09
4.3125,-3.1920363688764354e-09
4.315,-3.2347401257062964e-09
4.3175,-3.2860075233046039e-09
4.32,-3.3337204520661405e-09
4.3225,-3.3835741650851247e-09
4.325,-3.4355123458784466e-09
4.3275,-3.4918258682483064e-09
4.33,-3.5461350096756615e-09
4.3325,-3.6013052809175215e-09
4.335,-3.6572255391445693e-09
4.3375,-3.716490832020045e-09
4.34,-3.7729261342272743e-09
4.3425,-3.8290772378396614e-09
4.345,-3.8904399440168852e-09
4.3475,-3.9427564956824343e-09
4.35,-3.9946865179108207e-09
4.3525,-4.0456364716367984e-09
4.355,-4.0986717557828019e-09
4.3575,-4.1503615014956635e-09
4.36,-4.2007038590001988e-09
4.3625,-4.2466833381526758e-09
4.365,-4.2911881746870199e-09
4.3675,-4.3312100421435287e-09
4.37,-4.3724888068244234e-09
4.3725,-4.4120160206280649e-09
4.375,-4.449863081587395e-09
4.3775,-4.4835604437504564e-09
4.38,-4.5157074646387385e-09
4.3825,-4.549397231217008e-09
4.385,-4.5817248145443672e-09
4.3875,-4.6076564904441965e-09
4.39,-4.6335350779341567e-09
4.3925,-4.6615103068587551e-09
4.395,-4.6832586360326999e-09
4.3975,-4.7045894661205272e-09
4.4,-4.7227406141522715e-09
4.4025,-4.7407699506545815e-09
4.405,-4.7561321544443641e-09
4.4075,-4.7713103036871839e-09
4.41,-4.7894546591318482e-09
4.4125,-4.8045619805114924e-09
4.415,-4.8195982844812038e-09
4.4175,-4.8313529366207767e-09
4.42,-4.8455043970125322e-09
4.4225,-4.8562577521335114e-09
4.425,-4.863212052527481e-09
4.4275,-4.8667139682148087e-09
4.43,-4.8696591222167333e-09
4.4325,-4.8715601294196952e-09
4.435,-4.8753873574090551e-09
4.4375,-4.8783339660386595e-09
4.44,-4.879884184420073e-09
4.4425,-4.876894585708889e-09
4.445,-4.8699258676954392e-09
4.4475,-4.8642000838488757e-09
4.45,-4.8592391631751425e-09
4.4525,-4.8522706758601546e-09
4.455,-4.8377023132949475e-09
4.4575,-4.8203983832368688e-09
4.46,-4.8039960870613608e-09
4.4625,-4.7856214889202208e-09
4.465,-4.7623526844851571e-09
4.4675,-4.7331633433483124e-09
4.47,-4.70704247600039e-09
4.4725,-4.6791493540612423e-09
4.475,-4.6490295437422871e-09
4.4775,-4.616777278212651e-09
4.48,-4.5800685917298009e-09
4.4825,-4.5411248285736829e-09
4.485,-4.4974908859415458e-09
4.4875,-4.4525445073862206e-09
4.49,-4.4087161210484971e-09
4.4925,-4.3692182944606306e-09
4.495,-4.328760139706231e-09
4.4975,-4.2847753688717836e-09
4.5,-4.2430582344445004e-09
4.5025,-4.197535408903264e-09
4.505,-4.1577215945419841e-09
4.5075,-4.1147476858569616e-09
4.51,-4.0745865214610048e-09
4.5125,-4.0343436649043424e-09
4.515,-3.9944247848302229e-09
4.5175,-3.9548602754982665e-09
4.52,-3.9184303696044293e-09
4.5225,-3.8846612843342109e-09
4.525,-3.8504388163945004e-09
4.5275,-3.8161722531801798e-09
4.53,-3.7875051235362141e-09
4.5325,-3.7557107252594939e-09
4.535,-3.7268855319676198e-09
4.5375,-3.6978182778265268e-09
4.54,-3.6716667463082236e-09
4.5425,-3.6487154902131774e-09
4.545,-3.625618081958187e-09
4.5475,-3.6028210359319856e-09
4.55,-3.5799951830816288e-09
4.5525,-3.5550283380878177e-09
4.555,-3.5361807742059177e-09
4.5575,-3.518096642470616e-09
4.56,-3.5004451382773336e-09
4.5625,-3.4838241679256368e-09
4.565,-3.4682226233255038e-09
4.5675,-3.4565594665631194e-09
4.57,-3.4486605407172403e-09
4.5725,-3.4449987245713918e-09
4.575,-3.4397019048212811e-09
4.5775,-3.4357183556864172e-09
4.58,-3.4297009284903504e-09
4.5825,-3.4274942294981596e-09
4.585,-3.4295916976597622e-09
4.5875,-3.4327313316291222e-09
4.59,-3.4365920934303433e-09
4.5925,-3.4445485774208524e-09
4.595,-3.4505939834682075e-09
4.5975,-3.4575610548092758e-09
4.6,-3.4623997273636068e-09
4.6025,-3.4678445277767193e-09
4.605,-3.4745743251504568e-09
4.6075,-3.4791234493881458e-09
4.61,-3.4841772234397291e-09
4.6125,-3.4926903127382336e-09
4.615,-3.5013668414015854e-09
4.6175,-3.5076786413326791e-09
4.62,-3.5115321290609423e-09
4.6225,-3.5157854212415317e-09
4.625,-3.520903128481393e-09
4.6275,-3.5258475632881555e-09
4.63,-3.5342186220605858e-09
4.6325,-3.5400425267379951e-09
4.635,-3.546517486932182e-09
4.6375,-3.5504869533678163e-09
4.64,-3.5575141876454555e-09
4.6425,-3.5615361051725222e-09
4.645,-3.5629547317174364e-09
4.6475,-3.5669447186565756e-09
4.65,-3.5682868388558941e-09
4.6525,-3.56667852084837e-09
4.655,-3.5652828531016998e-09
4.6575,-3.561194990189612e-09
4.66,-3.5573750381254282e-09
4.6625,-3.550610334424245e-09
4.665,-3.5442951768552565e-09
4.6675,-3.5352100134715431e-09
4.67,-3.5292873657864056e-09
4.6725,-3.5209589101417156e-09
4.675,-3.5093450143657918e-09
4.6775,-3.5010133193655686e-09
4.68,-3.4871931859368022e-09
4.6825,-3.4763949893162983e-09
4.685,-3.4656094852884777e-09
4.6875,-3.4552422438103887e-09
4.69,-3.4456964791244569e-09
4.6925,-3.4364229075046219e-09
4.695,-3.4243460381308913e-09
4.6975,-3.409839138640636e-09
4.7,-3.3955246029140209e-09
4.7025,-3.3784119741523156e-09
4.705,-3.3625882559711384e-09
4.7075,-3.3497779079770748e-09
4.71,-3.3316691876292427e-09
4.7125,-3.317007731431316e-09
4.715,-3.3057332821647772e-09
4.7175,-3.2918443461618359e-09
4.72,-3.2783463779101947e-09
4.7225,-3.2650997609472719e-09
4.725,-3.2523545552774467e-09
4.7275,-3.2396898056142005e-09
4.73,-3.2244347343925139e-09
4.7325,-3.2093947315912473e-09
4.735,-3.1949550189398556e-09
4.7375,-3.1807419432838217e-09
4.74,-3.1668112547720419e-09
4.7425,-3.1560181424994425e-09
4.745,-3.1453191764892384e-09
4.7475,-3.1348189792001335e-09
4.75,-3.121473525275693e-09
4.7525,-3.1138903843050048e-09
4.755,-3.1036312302895958e-09
4.7575,-3.09643699823215e-09
4.76,-3.0863356532439023e-09
4.7625,-3.0788752561067835e-09
4.765,-3.0715794293583949e-09
4.7675,-3.0638746233677025e-09
4.77,-3.0560485483707801e-09
4.7725,-3.0451264724284075e-09
4.775,-3.0400140546091246e-09
4.7775,-3.0345476117119056e-09
4.78,-3.0324130057743729e-09
4.7825,-3.0297421151746405e-09
4.785,-3.0297291843819054e-09
4.7875,-3.0327016985204963e-09
4.79,-3.0353031239466118e-09
4.7925,-3.0374701247997912e-09
4.795,-3.0397642089654682e-09
4.7975,-3.0418188145548994e-09
4.8,-3.0466054062983565e-09
4.8025,-3.0512170461976894e-09
4.805,-3.058809392229639e-09
4.8075,-3.0692479495297773e-09
4.81,-3.0770526888483061e-09
4.8125,-3.084365991979994e-09
4.815,-3.0950210060414751e-09
4.8175,-3.1080524777375362e-09
4.82,-3.1208090506468253e-09
4.8225,-3.133320969973393e-09
4.825,-3.1460926659724865e-09
4.8275,-3.1620155350839099e-09
4.83,-3.1808424909091291e-09
4.8325,-3.1938092662930298e-09
4.835,-3.2095526583481784e-09
4.8375,-3.2283899358338391e-09
4.84,-3.2504166334905931e-09
4.8425,-3.2717597475786974e-09
4.845,-3.2933099229209217e-09
4.8475,-3.3151730126801733e-09
4.85,-3.3371344267759925e-09
4.8525,-3.3614205601384863e-09
4.855,-3.3799052085371238e-09
4.8575,-3.3982212791205434e-09
4.86,-3.4194333611349788e-09
4.8625,-3.4403382976841499e-09
4.865,-3.4610206973449946e-09
4.8675,-3.4818870491314361e-09
4.87,-3.5023947822343932e-09
4.8725,-3.5254232177155843e-09
4.875,-3.5481403031844346e-09
4.8775,-3.5705588564244982e-09
4.88,-3.5923755950865416e-09
4.8825,-3.6109250719009353e-09
4.885,-3.6292573114904704e-09
4.8875,-3.6469894355383892e-09
4.89,-3.6615785258915233e-09
4.8925,-3.6787496457234165e-09
4.895,-3.6925316462971297e-09
4.8975,-3.7058330793865503e-09
4.9,-3.7156987789626223e-09
4.9025,-3.7254687614088389e-09
4.905,-3.7317110884622214e-09
4.9075,-3.7406410163748218e-09
4.91,-3.7460993689228123e-09
4.9125,-3.7513404801940786e-09
4.915,-3.7563765294279197e-09
4.9175,-3.7579539673668024e-09
4.92,-3.762206881907367e-09
4.9225,-3.7601592896093961e-09
4.925,-3.7583548735690618e-09
4.9275,-3.7560026744952373e-09
4.93,-3.7535123125100282e-09
4.9325,-3.7478975258989541e-09
4.935,-3.745207870337768e-09
4.9375,-3.739381601475694e-09
4.94,-3.7305350771798599e-09
4.9425,-3.7213763939935263e-09
4.945,-3.7146804817871782e-09
4.9475,-3.7053823329729658e-09
4.95,-3.6932399371300316e-09
4.9525,-3.6812265858760783e-09
4.955,-3.6691957873110035e-09
4.9575,-3.6515484828039881e-09
4.96,-3.6372207667278397e-09
4.9625,-3.6225940114152128e-09
4.965,-3.6053176949470541e-09
4.9675,-3.5912392056633775e-09
4.97,-3.5748059100170943e-09
4.9725,-3.5611136868849408e-09
4.975,-3.5447870647020113e-09
4.9775,-3.5256426630941201e-09
4.98,-3.5068176225818117e-09
4.9825,-3.4879273460851349e-09
4.985,-3.4720962893658261e-09
4.9875,-3.4538080352256835e-09
4.99,-3.4358570365535783e-09
4.9925,-3.412426628779756e-09
4.995,-3.3888426181410147e-09
4.9975,-3.3714631075406711e-09
5.0,-3.3543443871818988e-09
5.0025,-3.3342360458474924e-09
5.005,-3.3202334638046047e-09
5.0075,-3.3007118186938584e-09
5.01,-3.2810653537385461e-09
5.0125,-3.2643946433491068e-09
5.015,-3.2478017970798746e-09
5.0175,-3.231204132973013e-09
5.02,-3.2117975959879011e-09
5.0225,-3.1926189567653359e-09
5.025,-3.1760741597129395e-09
5.0275,-3.1595301568642373e-09
5.03,-3.1430699396873147e-09
5.0325,-3.1236961583044933e-09
5.035,-3.1098632532544789e-09
5.0375,-3.0965370476819529e-09
5.04,-3.0833384446297616e-09
5.0425,-3.0700741751549984e-09
5.045,-3.0570422478362394e-09
5.0475,-3.0500389136800234e-09
5.05,-3.0430348975741521e-09
5.0525,-3.0362134544176876e-09
5.055,-3.0294640436937264e-09
5.0575,-3.0260215569075156e-09
5.06,-3.0251690100236637e-09
5.0625,-3.0246614828105518e-09
5.065,-3.0248576390434004e-09
5.0675,-3.0280439716538115e-09
5.07,-3.0284598106971427e-09
5.0725,-3.0292649255927889e-09
5.075,-3.0302935017963259e-09
5.0775,-3.0346171419481817e-09
5.08,-3.0362340561139206e-09
5.0825,-3.0441583162819087e-09
5.085,-3.0491706717466667e-09
5.0875,-3.057472678723828e-09
5.09,-3.0691543903645954e-09
5.0925,-3.0812685572398843e-09
5.095,-3.0938381800382231e-09
5.0975,-3.106493566159525e-09
5.1,-3.1196992444363291e-09
5.1025,-3.1333199612782959e-09
5.105,-3.149453046941459e-09
5.1075,-3.1660006401485124e-09
5.11,-3.1832619688906084e-09
5.1125,-3.2033529228594392e-09
5.115,-3.2294575630052204e-09
5.1175,-3.2503045805171351e-09
5.12,-3.2741558835786071e-09
5.1225,-3.2951006195196713e-09
5.125,-3.3155049440749565e-09
5.1275,-3.3363480818145527e-09
5.13,-3.356737188455762e-09
5.1325,-3.3769185491361723e-09
5.135,-3.3967792607642913e-09
5.1375,-3.4192436153838684e-09
5.14,-3.4418693477791624e-09
5.1425,-3.4614959050990052e-09
5.145,-3.4838544578019947e-09
5.1475,-3.503408329863838e-09
5.15,-3.5219595067736968e-09
5.1525,-3.537627975200804e-09
5.155,-3.5557511172580934e-09
5.1575,-3.5702322981552916e-09
5.16,-3.5816937902510013e-09
5.1625,-3.5953161487532539e-09
5.165,-3.6083981693637533e-09
5.1675,-3.618597930446017e-09
5.17,-3.6310888236012609e-09
5.1725,-3.6407218750992141e-09
5.175,-3.6523691801253707e-09
5.1775,-3.6606640205736359e-09
5.18,-3.6686094609028795e-09
5.1825,-3.6733109753376641e-09
5.185,-3.6747377160225544e-09
5.1875,-3.6760628865580159e-09
5.19,-3.6768174157535722e-09
5.1925,-3.6745136400006738e-09
5.195,-3.6722473945403114e-09
5.1975,-3.6699366846999484e-09
5.2,-3.6674681905871034e-09
5.2025,-3.66766596939962e-09
5.205,-3.6648610834854036e-09
5.2075,-3.6566141513724005e-09
5.21,-3.6538143433442355e-09
5.2125,-3.650672676524686e-09
5.215,-3.644774927708432e-09
5.2175,-3.6361607782063053e-09
5.22,-3.6216437202196822e-09
5.2225,-3.6094970159338352e-09
5.225,-3.6011060318118288e-09
5.2275,-3.589941454485179e-09
5.23,-3.5789627532593926e-09
5.2325,-3.5652848989475473e-09
5.235,-3.5546000595078341e-09
5.2375,-3.5383200880190824e-09
5.24,-3.5278309797663736e-09
5.2425,-3.5174103154352149e-09
5.245,-3.5043357560830571e-09
5.2475,-3.4910783297477067e-09
5.25,-3.4775609595767295e-09
5.2525,-3.4641243943407177e-09
5.255,-3.4504150312168709e-09
5.2575,-3.4369696608023959e-09
5.26,-3.4239242088739857e-09
5.2625,-3.4104975401226911e-09
5.265,-3.3972042101374292e-09
5.2675,-3.3807587902513529e-09
5.27,-3.3698436849517226e-09
5.2725,-3.3588784747915925e-09
5.275,-3.3449181915214404e-09
5.2775,-3.331028120011165e-09
5.28,-3.3138232652539933e-09
5.2825,-3.2994655895845638e-09
5.285,-3.2845565540815195e-09
5.2875,-3.2667231101365808e-09
5.29,-3.2518897313660192e-09
5.2925,-3.2367479518980877e-09
5.295,-3.2241673284793719e-09
5.2975,-3.211772929310717e-09
5.3,-3.199084626810879e-09
5.3025,-3.1861883397575461e-09
5.305,-3.1760102679244449e-09
5.3075,-3.1655982094383071e-09
5.31,-3.1579358172401631e-09
5.3125,-3.1503553714930996e-09
5.315,-3.139863174820705e-09
5.3175,-3.1320539796921177e-09
5.32,-3.1213933284258677e-09
5.3225,-3.1144440645431528e-09
5.325,-3.1048843540490618e-09
5.3275,-3.09817103170546e-09
5.33,-3.0976925241516939e-09
5.3325,-3.0943731216906755e-09
5.335,-3.0943211091900565e-09
5.3375,-3.0971621254086681e-09
5.34,-3.1005195994648682e-09
5.3425,-3.1039578200629889e-09
5.345,-3.1075812740422586e-09
5.3475,-3.1117211593700353e-09
5.35,-3.1191249157003105e-09
5.3525,-3.1298143361466075e-09
5.355,-3.1383356858612884e-09
5.3575,-3.1470541720824085e-09
5.36,-3.1530547941129823e-09
5.3625,-3.1627107186511811e-09
5.365,-3.1724889233324003e-09
5.3675,-3.1825285584610093e-09
5.37,-3.1931116647478293e-09
5.3725,-3.2014922638307843e-09
5.375,-3.2129381377470266e-09
5.3775,-3.2277181285101334e-09
5.38,-3.2427994272252108e-09
5.3825,-3.2609208311197922e-09
5.385,-3.2731854600963731e-09
5.3875,-3.2889002284152494e-09
5.39,-3.3045686763653645e-09
5.3925,-3.325771180510591e-09
5.395,-3.3440186082354517e-09
5.3975,-3.3595639681442075e-09
5.4,-3.372289775661642e-09
5.4025,-3.3879797661988476e-09
5.405,-3.4007222610971425e-09
5.4075,-3.4134568536485098e-09
5.41,-3.4286379043352834e-09
5.4125,-3.4407643485262389e-09
5.415,-3.4531253116349254e-09
5.4175,-3.4620208109881389e-09
5.42,-3.474164994251605e-09
5.4225,-3.4824601820204101e-09
5.425,-3.4910840354138023e-09
5.4275,-3.4964403525170937e-09
5.43,-3.5073108196526779e-09
5.4325,-3.5151582446336488e-09
5.435,-3.5199491519408066e-09
5.4375,-3.5249104807132473e-09
5.44,-3.5295356131990758e-09
5.4425,-3.534141127449436e-09
5.445,-3.5385709685315196e-09
5.4475,-3.5393432103345974e-09
5.45,-3.5430834707060368e-09
5.4525,-3.5472689053911674e-09
5.455,-3.545249384441036e-09
5.4575,-3.5429748771887283e-09
5.46,-3.5442923335686365e-09
5.4625,-3.5422450216375161e-09
5.465,-3.5375753406497339e-09
5.4675,-3.5359991480987067e-09
5.47,-3.5345996960451722e-09
5.4725,-3.5329572438409427e-09
5.475,-3.5256900985125581e-09
5.4775,-3.5186569316724476e-09
5.48,-3.5143215669050749e-09
5.4825,-3.5102196117467246e-09
5.485,-3.5065077921945739e-09
5.4875,-3.5024541278987768e-09
5.49,-3.4929584240266795e-09
5.4925,-3.4863726651334582e-09
5.495,-3.4770451372120684e-09
5.4975,-3.4708562942939901e-09
5.5,-3.4645185862554771e-09
5.5025,-3.4552116886061225e-09
5.505,-3.4487905642485246e-09
5.5075,-3.4419254033730722e-09
5.51,-3.435225371817445e-09
5.5125,-3.4256441923767484e-09
5.515,-3.4131384580731384e-09
5.5175,-3.4061878932954567e-09
5.52,-3.3963420410455901e-09
5.5225,-3.3866221206573844e-09
5.525,-3.3795333217438457e-09
5.5275,-3.3692109958197705e-09
5.53,-3.3555545363946969e-09
5.5325,-3.3441971128005902e-09
5.535,-3.3326836724617579e-09
5.5375,-3.3205883179710603e-09
5.54,-3.3080260769260489e-09
5.5425,-3.2979556964558362e-09
5.545,-3.2842626000106024e-09
5.5475,-3.2733557936263267e-09
5.55,-3.2619286855094282e-09
5.5525,-3.2503583677574442e-09
5.555,-3.2413761909541388e-09
5.5575,-3.2318501859411546e-09
5.56,-3.2248103195442296e-09
5.5625,-3.217311474003646e-09
5.565,-3.2097212210277202e-09
5.5675,-3.2022546270687522e-09
5.57,-3.1971958381715431e-09
5.5725,-3.1947284367797336e-09
5.575,-3.1920679225828561e-09
5.5775,-3.1890198237386833e-09
5.58,-3.1831927305007243e-09
5.5825,-3.178027407105891e-09
5.585,-3.1724655190857291e-09
5.5875,-3.1670168689016262e-09
5.59,-3.1646265830368494e-09
5.5925,-3.1622375349743077e-09
5.595,-3.1596633862465441e-09
5.5975,-3.1606447846905613e-09
5.6,-3.1649507528951757e-09
5.6025,-3.1636152341105598e-09
5.605,-3.1680246985548475e-09
5.6075,-3.1699917414778777e-09
5.61,-3.1748709270027731e-09
5.6125,-3.1804348671060089e-09
5.615,-3.1863828711803219e-09
5.6175,-3.1923304923672588e-09
5.62,-3.1956997063816198e-09
5.6225,-3.2028028130680316e-09
5.625,-3.2100168676924576e-09
5.6275,-3.2173965279669118e-09
5.63,-3.22564964197404e-09
5.6325,-3.2367809233812795e-09
5.635,-3.2483658968664194e-09
5.6375,-3.2599677447100352e-09
5.64,-3.2720734949025662e-09
5.6425,-3.2872398297499919e-09
5.645,-3.3050989051987323e-09
5.6475,-3.3143030336441893e-09
5.65,-3.3267632449309888e-09
5.6525,-3.3388113093973892e-09
5.655,-3.3511031680048879e-09
5.6575,-3.3609267846462595e-09
5.66,-3.3677874351195862e-09
5.6625,-3.3806660738372104e-09
5.665,-3.3908809079222719e-09
5.6675,-3.4038378224934929e-09
5.67,-3.4199594484036015e-09
5.6725,-3.4303860147744608e-09
5.675,-3.4434653342416035e-09
5.6775,-3.4564508925621816e-09
5.68,-3.4660116093844581e-09
5.6825,-3.4696595833271069e-09
5.685,-3.4732699833491148e-09
5.6875,-3.4774443671945485e-09
5.69,-3.4844135582423823e-09
5.6925,-3.485669334480548e-09
5.695,-3.4869496466929639e-09
5.6975,-3.49104415933433e-09
5.7,-3.4952000482354675e-09
5.7025,-3.4995369581048951e-09
5.705,-3.4981163014113802e-09
5.7075,-3.4936513954473173e-09
5.71,-3.4923019581358923e-09
5.7125,-3.4910419900820104e-09
5.715,-3.4870556476307066e-09
5.7175,-3.4831794975119704e-09
5.72,-3.4824624921481679e-09
5.7225,-3.4758106569162449e-09
5.725,-3.4664599532176135e-09
5.7275,-3.4603217197985316e-09
5.73,-3.4547214415497262e-09
5.7325,-3.4494577592584472e-09
5.735,-3.4443971644941901e-09
5.7375,-3.4396841534450351e-09
5.74,-3.432230259766023e-09
5.7425,-3.4282593870392003e-09
5.745,-3.4242682435008941e-09
5.7475,-3.4205173648518146e-09
5.75,-3.414136268147836e-09
5.7525,-3.4054427330201958e-09
5.755,-3.3994527177617589e-09
5.7575,-3.3933873239802261e-09
5.76,-3.3848252225051707e-09
5.7625,-3.381968244679202e-09
5.765,-3.3760231825526018e-09
5.7675,-3.3702005829486109e-09
5.77,-3.3642016318923593e-09
5.7725,-3.3582524535428919e-09
5.775,-3.3491893748678739e-09
5.7775,-3.3429999295894182e-09
5.78,-3.3362605540437762e-09
5.7825,-3.3294737735264469e-09
5.785,-3.3197772247160626e-09
5.7875,-3.3125198472721093e-09
5.79,-3.3020898650603989e-09
5.7925,-3.2946387219980442e-09
5.795,-3.2866435187623038e-09
5.7975,-3.2813679911126313e-09
5.8,-3.2723705868500907e-09
5.8025,-3.2630787984696004e-09
5.805,-3.2535332385469266e-09
5.8075,-3.2463915386978525e-09
5.81,-3.2385380827240373e-09
5.8125,-3.2359606201308818e-09
5.815,-3.2302379789640666e-09
5.8175,-3.2242215694462597e-09
5.82,-3.217807893733397e-09
5.8225,-3.2110157168428769e-09
5.825,-3.2039249137832569e-09
5.8275,-3.1963140256814518e-09
5.83,-3.1939157542493575e-09
5.8325,-3.1911862861043886e-09
5.835,-3.1878098999937725e-09
5.8375,-3.187468009001808e-09
5.84,-3.1902495990569555e-09
5.8425,-3.1961082126160659e-09
5.845,-3.1987600654617161e-09
5.8475,-3.1983485426005991e-09
5.85,-3.2008704368386078e-09
5.8525,-3.2032404178610602e-09
5.855,-3.2085615086515213e-09
5.8575,-3.2138648197954724e-09
5.86,-3.2188927293268187e-09
5.8625,-3.2267222584614973e-09
5.865,-3.2350206920671482e-09
5.8675,-3.2431543940699112e-09
5.87,-3.2487941952263088e-09
5.8725,-3.2576370810133274e-09
5.875,-3.2692862792989206e-09
5.8775,-3.278417927491909e-09
5.88,-3.2906036093667555e-09
5.8825,-3.3062469346163643e-09
5.885,-3.318805634970986e-09
5.8875,-3.3286426492743941e-09
5.89,-3.3413082884430694e-09
5.8925,-3.3539466712044687e-09
5.895,-3.3666289853016499e-09
5.8975,-3.3764900718648666e-09
5.9,-3.3862266960932367e-09
5.9025,-3.4015012147277815e-09
5.905,-3.4138822732491983e-09
5.9075,-3.4259182189143275e-09
5.91,-3.4409175500531106e-09
5.9125,-3.4527592405535173e-09
5.915,-3.4645142997674652e-09
5.9175,-3.4762857664063442e-09
5.92,-3.4881561860481966e-09
5.9225,-3.4969592015813874e-09
5.925,-3.508426759527522e-09
5.9275,-3.5199503295505461e-09
5.93,-3.5310901173452413e-09
5.9325,-3.5422255877897784e-09
5.935,-3.5443775744142248e-09
5.9375,-3.5494698375749305e-09
5.94,-3.5576754128019445e-09
5.9425,-3.5621668296394316e-09
5.945,-3.5640013726150192e-09
5.9475,-3.5658494976373289e-09
5.95,-3.5674847366450338e-09
5.9525,-3.566168136327521e-09
5.955,-3.5620482588104752e-09
5.9575,-3.5581929145526214e-09
5.96,-3.5511673286152853e-09
5.9625,-3.5468398952564903e-09
5.965,-3.539893298461167e-09
5.9675,-3.5334515833930924e-09
5.97,-3.5298825020105235e-09
5.9725,-3.520961825876203e-09
5.975,-3.5094218087619493e-09
5.9775,-3.5010186671398899e-09
5.98,-3.4930832729658093e-09
5.9825,-3.4851812838758446e-09
5.985,-3.4752528425827426e-09
5.9875,-3.4656582239441669e-09
5.99,-3.4558905750272646e-09
5.9925,-3.4468877195499207e-09
5.995,-3.438775184757732e-09
5.9975,-3.4285443733693205e-09
6.0,-3.4186144223478102e-09
6.0025,-3.4119193941941601e-09
6.005,-3.4028016108654723e-09
6.0075,-3.3910662506838741e-09
6.01,-3.3799630600738085e-09
6.0125,-3.3716602278436269e-09
6.015,-3.3612163937403527e-09
6.0175,-3.3482484931822759e-09
6.02,-3.3383555949859941e-09
6.0225,-3.3257671308806041e-09
6.025,-3.310551176660433e-09
6.0275,-3.2984879406955664e-09
6.03,-3.2867814725389964e-09
6.0325,-3.274838233613297e-09
6.035,-3.2633436746492563e-09
6.0375,-3.2546076361583851e-09
6.04,-3.2460490143041966e-09
6.0425,-3.2343760610804472e-09
6.045,-3.2256760799764645e-09
6.0475,-3.2135339162026027e-09
6.05,-3.2044001403154478e-09
6.0525,-3.1950613004359427e-09
6.055,-3.1857592606190686e-09
6.0575,-3.1791515663371478e-09
6.06,-3.1722951008845294e-09
6.0625,-3.1678971481368771e-09
6.065,-3.1630095221869904e-09
6.0675,-3.1609750814014842e-09
6.07,-3.1586470121136538e-09
6.0725,-3.1559153719135809e-09
6.075,-3.1502264851344005e-09
6.0775,-3.1469205475208106e-09
6.08,-3.1461013012108871e-09
6.0825,-3.1450209822069462e-09
6.085,-3.1407773843079503e-09
6.0875,-3.1362754462793851e-09
6.09,-3.140334006089327e-09
6.0925,-3.1442936404416551e-09
6.095,-3.1450089862374072e-09
6.0975,-3.1483197974121482e-09
6.1,-3.1519990111956538e-09
6.1025,-3.1582049934113555e-09
6.105,-3.1616063049600589e-09
6.1075,-3.1680109662021049e-09
6.11,-3.1772727489983635e-09
6.1125,-3.1836752401751015e-09
6.115,-3.1924779498357011e-09
6.1175,-3.2014870263722204e-09
6.12,-3.2132213656115809e-09
6.1225,-3.2276449343069645e-09
6.125,-3.2423906068381195e-09
6.1275,-3.2574168354475785e-09
6.13,-3.2757858447302104e-09
6.1325,-3.2937477547336046e-09
6.135,-3.308790169976682e-09
6.1375,-3.3264761159859079e-09
6.14,-3.3445485311402245e-09
6.1425,-3.3594230632641245e-09
6.145,-3.3743422203581813e-09
6.1475,-3.3922348991995492e-09
6.15,-3.409904800828482e-09
6.1525,-3.4273646488190138e-09
6.155,-3.4448659604232403e-09
6.1575,-3.462124709785623e-09
6.16,-3.4791059226634318e-09
6.1625,-3.49588790911739e-09
6.165,-3.5095063040948342e-09
6.1675,-3.5227699358110473e-09
6.17,-3.538392800606186e-09
6.1725,-3.5542271768077755e-09
6.175,-3.5696411824505639e-09
6.1775,-3.5879225957104789e-09
6.18,-3.5998309256850191e-09
6.1825,-3.6116065054325627e-09
6.185,-3.6229280369458341e-09
6.1875,-3.6309877963120415e-09
6.19,-3.6415697307816552e-09
6.1925,-3.6490976273102057e-09
6.195,-3.6559191633865894e-09
6.1975,-3.6623758160507638e-09
6.2,-3.6683054744078755e-09
6.2025,-3.6682911186220602e-09
6.205,-3.6680448619140556e-09
6.2075,-3.6677530260751131e-09
6.21,-3.6673469263600739e-09
6.2125,-3.6665879908305007e-09
6.215,-3.6655095141290695e-09
6.2175,-3.6616332686742294e-09
6.22,-3.6576325967649486e-09
6.2225,-3.653672854836941e-09
6.225,-3.6468129866254137e-09
6.2275,-3.6372706346561934e-09
6.23,-3.6280849939348852e-09
6.2325,-3.6188572121106504e-09
6.235,-3.6097385566554211e-09
6.2375,-3.598129160594679e-09
6.24,-3.5835548458765534e-09
6.2425,-3.5720499573302941e-09
6.245,-3.5610766625780224e-09
6.2475,-3.5505305509578081e-09
6.25,-3.5372792907760496e-09
6.2525,-3.5191690105126509e-09
6.255,-3.5044630696850728e-09
6.2575,-3.4903163140967992e-09
6.26,-3.4794788936223917e-09
6.2625,-3.4598472202152798e-09
6.265,-3.4436416543782629e-09
6.2675,-3.427935732817334e-09
6.27,-3.4124201125853306e-09
6.2725,-3.3915519468605073e-09
6.275,-3.3765366264688769e-09
6.2775,-3.3618209521486246e-09
6.28,-3.3416207205590258e-09
6.2825,-3.3248989979097941e-09
6.285,-3.3113107420920579e-09
6.2875,-3.2947936130249649e-09
6.29,-3.2786033709697987e-09
6.2925,-3.2626374575527829e-09
6.295,-3.2441850524393434e-09
6.2975,-3.2258272728668577e-09
6.3,-3.2103686744420439e-09
6.3025,-3.1976272570192051e-09
6.305,-3.1825469168898111e-09
6.3075,-3.1672184174111531e-09
6.31,-3.1517444467203756e-09
6.3125,-3.1391184130264669e-09
6.315,-3.120621019611211e-09
6.3175,-3.1083067834574488e-09
6.32,-3.0985742238866055e-09
6.3225,-3.0884477103340506e-09
6.325,-3.0755432043387432e-09
6.3275,-3.0655343833478737e-09
6.33,-3.0550192999671686e-09
6.3325,-3.0447558753591383e-09
6.335,-3.0342239381320405e-09
6.3375,-3.0267843405446121e-09
6.34,-3.0220451510025127e-09
6.3425,-3.0173929071498185e-09
6.345,-3.0095441136480272e-09
6.3475,-3.00452454791919e-09
6.35,-2.9968322884036146e-09
6.3525,-2.997644941339914e-09
6.355,-2.9956423055726022e-09
6.3575,-2.9938772384993166e-09
6.36,-2.9982492243643016e-09
6.3625,-3.0026509118153036e-09
6.365,-3.007311608496698e-09
6.3675,-3.0122886302344669e-09
6.37,-3.0198196486070323e-09
6.3725,-3.0305592389409336e-09
6.375,-3.0386159929691637e-09
6.3775,-3.0466509150264947e-09
6.38,-3.0580339203562912e-09
6.3825,-3.0727895977661491e-09
6.385,-3.084539657998296e-09
6.3875,-3.0992751618487801e-09
6.39,-3.114360865433929e-09
6.3925,-3.1326589334068176e-09
6.395,-3.1513745751410077e-09
6.3975,-3.1699517161571981e-09
6.4,-3.1887961553921977e-09
6.4025,-3.2106587009601459e-09
6.405,-3.2270248929688997e-09
6.4075,-3.2463631262964854e-09
6.41,-3.2655663981214592e-09
6.4125,-3.2876298724922333e-09
6.415,-3.3066623674644233e-09
6.4175,-3.3283016979831371e-09
6.42,-3.3469314027487036e-09
6.4225,-3.365051893705416e-09
6.425,-3.385851247201147e-09
6.4275,-3.4062589998014964e-09
6.43,-3.4238575752264616e-09
6.4325,-3.4436201175296862e-09
6.435,-3.460173288309453e-09
6.4375,-3.47344938015124e-09
6.44,-3.489550347199532e-09
6.4425,-3.5052435885045715e-09
6.445,-3.5176228679231859e-09
6.4475,-3.5328113217845785e-09
6.45,-3.5441367178377441e-09
6.4525,-3.5551554638041358e-09
6.455,-3.565835028328403e-09
6.4575,-3.5731292811600606e-09
6.46,-3.5801618799767474e-09
6.4625,-3.586464906476918e-09
6.465,-3.589839281844651e-09
6.4675,-3.5959623021692762e-09
6.47,-3.5983080784933528e-09
6.4725,-3.5980199838906145e-09
6.475,-3.6002356542606682e-09
6.4775,-3.5991461167732557e-09
6.48,-3.5979012020778216e-09
6.4825,-3.5967076957208154e-09
6.485,-3.5922924359337943e-09
6.4875,-3.5879637228230935e-09
6.49,-3.5835999081811429e-09
6.4925,-3.5762339515124892e-09
6.495,-3.5689061232512135e-09
6.4975,-3.5617665029762073e-09
6.5,-3.5575400347949175e-09
6.5025,-3.5536968416170523e-09
6.505,-3.5471683881169948e-09
6.5075,-3.5403388735348281e-09
6.51,-3.5339391003566435e-09
6.5125,-3.5249076993351065e-09
6.515,-3.5131353633731434e-09
6.5175,-3.5018402779032857e-09
6.52,-3.4935850270886933e-09
6.5225,-3.4855268173916852e-09
6.525,-3.4745802970555823e-09
6.5275,-3.4609868303260649e-09
6.53,-3.4473148398945401e-09
6.5325,-3.4339724839788365e-09
6.535,-3.4177420542446546e-09
6.5375,-3.401916616032166e-09
6.54,-3.3866058431044794e-09
6.5425,-3.3713952399902124e-09
6.545,-3.3531932957022709e-09
6.5475,-3.3377099723848801e-09
6.55,-3.3192879038320802e-09
6.5525,-3.3035539525597744e-09
6.555,-3.2849892456167501e-09
6.5575,-3.2694232916192549e-09
6.56,-3.253558972688343e-09
6.5625,-3.2375862087440553e-09
6.565,-3.2217259219918292e-09
6.5675,-3.2086456595706467e-09
6.57,-3.1954371446815912e-09
6.5725,-3.1820271386160297e-09
6.575,-3.1690339829272939e-09
6.5775,-3.1558821307752864e-09
6.58,-3.1424745406107473e-09
6.5825,-3.1260282087943308e-09
6.585,-3.1121731350958889e-09
6.5875,-3.0982811317020784e-09
6.59,-3.0869623930375436e-09
6.5925,-3.0784413134653621e-09
6.595,-3.0698230824395621e-09
6.5975,-3.0612398235957939e-09
6.6,-3.0527350165676034e-09
6.6025,-3.046875341515447e-09
6.605,-3.0381984840425611e-09
6.6075,-3.032783653133664e-09
6.61,-3.0245782986411058e-09
6.6125,-3.0190819293209286e-09
6.615,-3.0140169976411631e-09
6.6175,-3.0093464901237897e-09
6.62,-3.0053072136444416e-09
6.6225,-3.0040761465825342e-09
6.625,-3.0058137872082225e-09
6.6275,-3.0079301085012346e-09
6.63,-3.0108499534007572e-09
6.6325,-3.0167443190349431e-09
6.635,-3.0229303269597974e-09
6.6375,-3.0326199209924967e-09
6.64,-3.0397711698144243e-09
6.6425,-3.0504890278852866e-09
6.645,-3.06205199342609e-09
6.6475,-3.0738892950905993e-09
6.65,-3.0891570721857417e-09
6.6525,-3.1015629959199361e-09
6.655,-3.1171768965260367e-09
6.6575,-3.133160369501317e-09
6.66,-3.1494631258281494e-09
6.6625,-3.1662644850148311e-09
6.665,-3.1864819767065565e-09
6.6675,-3.2069843367988904e-09
6.67,-3.2274732564249848e-09
6.6725,-3.2474746405982697e-09
6.675,-3.2674696381886231e-09
6.6775,-3.2844325354473197e-09
6.68,-3.3013732568955028e-09
6.6825,-3.3213216534871002e-09
6.685,-3.3384228115422977e-09
6.6875,-3.3585240371928711e-09
6.69,-3.381290390312005e-09
6.6925,-3.4008916976804755e-09
6.695,-3.4201459312129238e-09
6.6975,-3.4362130950253224e-09
6.7,-3.44899968051505e-09
6.7025,-3.4677076564439234e-09
6.705,-3.477441938116934e-09
6.7075,-3.4896861759605265e-09
6.71,-3.5042472103497948e-09
6.7125,-3.5155948918278825e-09
6.715,-3.5266310788505408e-09
6.7175,-3.5343874167610766e-09
6.72,-3.5444624581663517e-09
6.7225,-3.5489175018490359e-09
6.725,-3.5560129551424633e-09
6.7275,-3.5626799354788583e-09
6.73,-3.5690377588941801e-09
6.7325,-3.5721980703959577e-09
6.735,-3.5725469265447688e-09
6.7375,-3.5754654185515862e-09
6.74,-3.578181760340404e-09
6.7425,-3.5780709516837933e-09
6.745,-3.578232420881205e-09
6.7475,-3.5781098617356168e-09
6.75,-3.577988063022872e-09
6.7525,-3.5750827215706387e-09
6.755,-3.5691553329731586e-09
6.7575,-3.5631699065133539e-09
6.76,-3.5574593876346388e-09
6.7625,-3.5545494963980724e-09
6.765,-3.5519382618422224e-09
6.7675,-3.5496962293620798e-09
6.77,-3.5449930821129351e-09
6.7725,-3.5401673674661628e-09
6.775,-3.5355234596121866e-09
6.7775,-3.5277435642002976e-09
6.78,-3.5169685718077806e-09
6.7825,-3.5062249692579234e-09
6.785,-3.4958042820580852e-09
6.7875,-3.4856524339413408e-09
6.79,-3.4780437414919627e-09
6.7925,-3.4676931001169871e-09
6.795,-3.4575073709208299e-09
6.7975,-3.447527058553425e-09
6.8,-3.4342939284960674e-09
6.8025,-3.4212775507982058e-09
6.805,-3.4104878093898611e-09
6.8075,-3.3966308039276388e-09
6.81,-3.3855025828242488e-09
6.8125,-3.3743392637152405e-09
6.815,-3.3630644603127576e-09
6.8175,-3.3515059592104424e-09
6.82,-3.3398507641861732e-09
6.8225,-3.3276889039963972e-09
6.825,-3.315345604767453e-09
6.8275,-3.3028546242665169e-09
6.83,-3.2898829869496558e-09
6.8325,-3.2797789813917099e-09
6.835,-3.2661489040069543e-09
6.8375,-3.2549535875850974e-09
6.84,-3.240631532381253e-09
6.8425,-3.2291303855562723e-09
6.845,-3.2168176241743391e-09
6.8475,-3.2044454293083258e-09
6.85,-3.1917449840101363e-09
6.8525,-3.1819352875050051e-09
6.855,-3.1750203979707069e-09
6.8575,-3.1649688318314122e-09
6.86,-3.1576513913570592e-09
6.8625,-3.150075045315299e-09
6.865,-3.1426220587784814e-09
6.8675,-3.1347952144540975e-09
6.87,-3.1270460631210378e-09
6.8725,-3.1194811503628473e-09
6.875,-3.1147429088572751e-09
6.8775,-3.1133788001208348e-09
6.88,-3.1118827741991157e-09
6.8825,-3.1108089099300357e-09
6.885,-3.1126857612186468e-09
6.8875,-3.1148913734273396e-09
6.89,-3.1175899708356727e-09
6.8925,-3.1204220234808258e-09
6.895,-3.1236261766536866e-09
6.8975,-3.1271859356996232e-09
6.9,-3.1309947146761267e-09
6.9025,-3.1355303387602392e-09
6.905,-3.1405600847460974e-09
6.9075,-3.1546274835032156e-09
6.91,-3.1657283376199777e-09
6.9125,-3.1770892354433885e-09
6.915,-3.1888667412219533e-09
6.9175,-3.2011892689952945e-09
6.92,-3.214088440367289e-09
6.9225,-3.2272379419433149e-09
6.925,-3.2433211902615376e-09
6.9275,-3.2565492831959335e-09
6.93,-3.2695992793500727e-09
6.9325,-3.2830809698980849e-09
6.935,-3.2962818626844622e-09
6.9375,-3.3127625473566472e-09
6.94,-3.3293188122955103e-09
6.9425,-3.3428871080547673e-09
6.945,-3.3536913603351526e-09
6.9475,-3.3642779312482035e-09
6.95,-3.3749677755784533e-09
6.9525,-3.3856284565556698e-09
6.955,-3.3960638005673999e-09
6.9575,-3.4063647093444274e-09
6.96,-3.4197137778056762e-09
6.9625,-3.4300726690698255e-09
6.965,-3.4403433763913657e-09
6.9675,-3.4507251601192196e-09
6.97,-3.4577373073482231e-09
6.9725,-3.4705017480334866e-09
6.975,-3.4771406624436068e-09
6.9775,-3.4866341632547914e-09
6.98,-3.493116929982866e-09
6.9825,-3.4995038442849485e-09
6.985,-3.5027006836903857e-09
6.9875,-3.5030245393382618e-09
6.99,-3.5060785098094297e-09
6.9925,-3.5031868868790105e-09
6.995,-3.503252660219409e-09
6.9975,-3.5031195064319547e-09
7.0,-3.503326894730036e-09
