Physical Time (s),enth_flux_enthalpy_left Monitor (kg-m/s^3)
0.0025,-4.6525323972288628e-06
0.005,-9.5325045412659161e-05
0.0075,-0.00054018215855770727
0.01,-0.0014075606220602141
0.0125,-0.0023672908682853167
0.015,-0.002934003665919763
0.0175,-0.0022657201032545123
0.02,-0.00041826967910557969
0.0225,0.0015965519216557447
0.025,0.0027413722349175149
0.0275,0.0028033106246315282
0.03,0.0022459415243048812
0.0325,0.00152113419723173
0.035,0.00088365244958164282
0.0375,0.00041711793458053346
0.04,0.00011473066475176853
0.0425,-5.6631440365389343e-05
0.045,-0.00013225648661082263
0.0475,-0.00014689158107859899
0.05,-0.00013532632406920069
0.0525,-0.00012667285795693893
0.055,-0.00014088511082303146
0.0575,-0.00018272214391100341
0.06,-0.00023859608211116421
0.0625,-0.00028209327789423814
0.065,-0.00028655648327185259
0.0675,-0.00023994244607064336
0.07,-0.00014992944493002878
0.0725,-4.1960509532760695e-05
0.075,4.7144157659283789e-05
0.0775,8.2469767040191535e-05
0.08,4.4055834306173908e-05
0.0825,-6.5979278702979979e-05
0.085,-0.0002249509252343425
0.0875,-0.00039560377972366835
0.09,-0.00053748167898782042
0.0925,-0.00061595727334932634
0.095,-0.00061120151714297993
0.0975,-0.00052490694035943388
0.1,-0.00037292232963009224
0.1025,-0.00018170552964438507
0.105,1.6800911389039421e-05
0.1075,0.00019262435633948176
0.11,0.00032358286142123761
0.1125,0.00039846377198102852
0.115,0.00041741651480415334
0.1175,0.0003890276403118719
0.12,0.00032747116748046068
0.1225,0.00024858260223577114
0.125,0.00016669375386657587
0.1275,9.2994732380047935e-05
0.13,3.4369983422998257e-05
0.1325,-6.7163268605947018e-06
0.135,-3.1137750482721571e-05
0.1375,-4.1832962213836795e-05
0.14,-4.2672180794316381e-05
0.1425,-3.7730659935827535e-05
0.145,-3.0672475405243323e-05
0.1475,-2.4238836332135423e-05
0.15,-2.010756694861788e-05
0.1525,-1.9017619235411653e-05
0.155,-2.1014503904374894e-05
0.1575,-2.5736294095575521e-05
0.16,-3.2528123758028515e-05
0.1625,-4.0646031011729368e-05
0.165,-4.9367647501608988e-05
0.1675,-5.803288214696049e-05
0.17,-6.5822343796482488e-05
0.1725,-7.1922345746131195e-05
0.175,-7.552549878252809e-05
0.1775,-7.609586850787587e-05
0.18,-7.3525332623798498e-05
0.1825,-6.8160209304604706e-05
0.185,-6.0800031189991495e-05
0.1875,-5.2534872587164649e-05
0.19,-4.4533126911982417e-05
0.1925,-3.7810210589535616e-05
0.195,-3.3083837760315962e-05
0.1975,-3.0616626468237793e-05
0.2,-3.0161198366264222e-05
0.2025,-3.1017262226468653e-05
0.205,-3.2178888098165079e-05
0.2075,-3.2558982056341469e-05
0.21,-3.1268493973905596e-05
0.2125,-2.7744372733830184e-05
0.215,-2.1838074989082682e-05
0.2175,-1.3877894046710037e-05
0.22,-4.5434250322656318e-06
0.2225,5.1920369146147311e-06
0.225,1.4313640385563178e-05
0.2275,2.1921733997759263e-05
0.23,2.7311610713174374e-05
0.2325,3.0063756637933209e-05
0.235,3.0078327812528261e-05
0.2375,2.7550023428577762e-05
0.24,2.2584150175455756e-05
0.2425,1.630365628078528e-05
0.245,9.2933487491707645e-06
0.2475,2.1711194223308983e-06
0.25,-4.7584066938051375e-06
0.2525,-1.1350007963217669e-05
0.255,-1.7395020829731296e-05
0.2575,-2.3023724293356993e-05
0.26,-2.831549832341981e-05
0.2625,-3.3477894411650779e-05
0.265,-3.8604800668176919e-05
0.2675,-4.3731125319663492e-05
0.27,-4.8745066536157275e-05
0.2725,-5.3158374079257196e-05
0.275,-5.6687578740911295e-05
0.2775,-5.9048696067844634e-05
0.28,-6.0289036604233789e-05
0.2825,-6.01212513674964e-05
0.285,-5.8515221373434671e-05
0.2875,-5.5277404096772306e-05
0.29,-5.0495749030517458e-05
0.2925,-4.4497964854998264e-05
0.295,-3.7633242098581271e-05
0.2975,-3.0199709952285613e-05
0.3,-2.2340366473678216e-05
0.3025,-1.4585322021509407e-05
0.305,-7.4498709479771764e-06
0.3075,-1.1593599673762021e-06
0.31,3.9268193167669795e-06
0.3125,7.6180800897392082e-06
0.315,1.0031873548407556e-05
0.3175,1.1219839054994799e-05
0.32,1.1336951412549378e-05
0.3225,1.0555346340200095e-05
0.325,8.9218063796058516e-06
0.3275,6.469549964607155e-06
0.33,3.2281427186836494e-06
0.3325,-7.7560109775915232e-07
0.335,-5.7078963797189502e-06
0.3375,-1.1424641835463058e-05
0.34,-1.7565229074899476e-05
0.3425,-2.3967348457975564e-05
0.345,-3.038688452330766e-05
0.3475,-3.6477327529234938e-05
0.35,-4.2262596683987311e-05
0.3525,-4.7514127166519671e-05
0.355,-5.2018645221404702e-05
0.3575,-5.5598908046886346e-05
0.36,-5.8130413607785602e-05
0.3625,-5.9544613910293279e-05
0.365,-5.9813567096626973e-05
0.3675,-5.8937567446206656e-05
0.37,-5.6944669422320069e-05
0.3725,-5.3875790679751946e-05
0.375,-4.9867801655883293e-05
0.3775,-4.4976305126902732e-05
0.38,-3.9302550630459723e-05
0.3825,-3.2940216456599389e-05
0.385,-2.5958555385573974e-05
0.3875,-1.8413929316057967e-05
0.39,-1.0373199515842877e-05
0.3925,-1.9306284743370085e-06
0.395,6.7874697879686156e-06
0.3975,1.5619961019577547e-05
0.4,2.4369346268498483e-05
0.4025,3.2797668559950813e-05
0.405,4.0774555956172117e-05
0.4075,4.7957864015478401e-05
0.41,5.3973017947862827e-05
0.4125,5.8525326576750668e-05
0.415,6.1139826713409791e-05
0.4175,6.1600635298267491e-05
0.42,5.9704085744815534e-05
0.4225,5.535615346003996e-05
0.425,4.8706739889004432e-05
0.4275,3.9948851423260127e-05
0.43,2.964547046605452e-05
0.4325,1.7974885140072899e-05
0.435,4.9666578938975482e-06
0.4375,-8.6152308636068957e-06
0.44,-2.2529763042212179e-05
0.4425,-3.6326366072578328e-05
0.445,-4.9541014946765612e-05
0.4475,-6.1626996985950972e-05
0.45,-7.2349280162886795e-05
0.4525,-8.159869125064219e-05
0.455,-8.9311545733757757e-05
0.4575,-9.542738777764465e-05
0.46,-9.9754894824124934e-05
0.4625,-0.00010254863282287594
0.465,-0.00010399424051342951
0.4675,-0.00010414901700932152
0.47,-0.0001030447716138979
0.4725,-0.00010071078774638817
0.475,-9.721191166938098e-05
0.4775,-9.253854597042527e-05
0.48,-8.6760588668247627e-05
0.4825,-8.0337750037244891e-05
0.485,-7.358762324534662e-05
0.4875,-6.6763198724909993e-05
0.49,-5.9958022642922338e-05
0.4925,-5.3246583595854054e-05
0.495,-4.667887062247549e-05
0.4975,-4.0269728069488193e-05
0.5,-3.4048356210605788e-05
0.5025,-2.7989970892609123e-05
0.505,-2.2114753026113279e-05
0.5075,-1.6408040436979987e-05
0.51,-1.0841929459098059e-05
0.5125,-5.3853667285505008e-06
0.515,-2.0454998998583949e-08
0.5175,5.2925382389692782e-06
0.52,1.056121638436903e-05
0.5225,1.5772068242058581e-05
0.525,2.0885983465029155e-05
0.5275,2.5833490862111857e-05
0.53,3.048681766080838e-05
0.5325,3.4569644669571809e-05
0.535,3.7874523468180109e-05
0.5375,4.0041441256230561e-05
0.54,4.1218956482032755e-05
0.5425,4.1254626756242509e-05
0.545,4.0030969001490289e-05
0.5475,3.745534781976763e-05
0.55,3.3424168063005058e-05
0.5525,2.7991708024440729e-05
0.555,2.1307340150267685e-05
0.5575,1.3547929557164397e-05
0.56,4.9541849512740745e-06
0.5625,-4.1667540159938104e-06
0.565,-1.3473476499216469e-05
0.5675,-2.2627228329682922e-05
0.57,-3.1314213027120797e-05
0.5725,-3.9260456449892992e-05
0.575,-4.6238607397152269e-05
0.5775,-5.2073868915197404e-05
0.58,-5.6647092561713179e-05
0.5825,-5.9908095786466056e-05
0.585,-6.1877571165488174e-05
0.5875,-6.263730394600487e-05
0.59,-6.2318362348961744e-05
0.5925,-6.1080686086220583e-05
0.595,-5.9094790700433819e-05
0.5975,-5.6527303120859538e-05
0.6,-5.3535504033723546e-05
0.6025,-5.0263773453581011e-05
0.605,-4.6839677953906816e-05
0.6075,-4.3372314936353523e-05
0.61,-3.9947706194867018e-05
0.6125,-3.662826989710338e-05
0.615,-3.3454658881904022e-05
0.6175,-3.0448786537186368e-05
0.62,-2.7618262585540872e-05
0.6225,-2.4961379526285782e-05
0.625,-2.2474341491553163e-05
0.6275,-2.0147258324051713e-05
0.63,-1.7971590462693362e-05
0.6325,-1.5940870380909537e-05
0.635,-1.4053577261093272e-05
0.6375,-1.2312588323001993e-05
0.64,-1.0726325264708573e-05
0.6425,-9.3092667782776408e-06
0.645,-8.0819999345234874e-06
0.6475,-7.0715026303451316e-06
0.65,-6.3049522282737887e-06
0.6525,-5.8081672699650436e-06
0.655,-5.5995572358701346e-06
0.6575,-5.6869700917607541e-06
0.66,-6.0677799762012753e-06
0.6625,-6.731559122417305e-06
0.665,-7.6622309586944357e-06
0.6675,-8.8386542695309471e-06
0.67,-1.0233980541519394e-05
0.6725,-1.1815606274472852e-05
0.675,-1.3546578231172677e-05
0.6775,-1.5385777728884165e-05
0.68,-1.7288175766486009e-05
0.6825,-1.9206764335066033e-05
0.685,-2.1096873618902245e-05
0.6875,-2.2909283563847669e-05
0.69,-2.4606090740142482e-05
0.6925,-2.6155928281425383e-05
0.695,-2.7535338827146549e-05
0.6975,-2.8729441331535423e-05
0.7,-2.9731451104385055e-05
0.7025,-3.0541755209405555e-05
0.705,-3.1167039252143109e-05
0.7075,-3.161925356499998e-05
0.71,-3.1914548877572644e-05
0.7125,-3.2071869459568306e-05
0.715,-3.2111456809720304e-05
0.7175,-3.2052762489022365e-05
0.72,-3.1911427569711109e-05
0.7225,-3.1699639770046608e-05
0.725,-3.1424229243296251e-05
0.7275,-3.1085382092563431e-05
0.73,-3.067694500848389e-05
0.7325,-3.0189488911918277e-05
0.735,-2.9609156329871825e-05
0.7375,-2.8912335490924379e-05
0.74,-2.8074023472720223e-05
0.7425,-2.7074076369919617e-05
0.745,-2.5898870393430925e-05
0.7475,-2.4543247332508121e-05
0.75,-2.3012908822885874e-05
0.7525,-2.1324698090902953e-05
0.755,-1.9505350752888194e-05
0.7575,-1.759037668076507e-05
0.76,-1.5624248815440926e-05
0.7625,-1.3661658485518252e-05
0.765,-1.176826187574831e-05
0.7675,-1.0017277295287807e-05
0.77,-8.485944444778498e-06
0.7725,-7.2452307801688594e-06
0.775,-6.3610140131684525e-06
0.7775,-5.8904146964159316e-06
0.78,-5.8768799804884977e-06
0.7825,-6.3497475797925597e-06
0.785,-7.3240418972003296e-06
0.7875,-8.7989344219182726e-06
0.79,-1.0758785727807034e-05
0.7925,-1.3174582872587198e-05
0.795,-1.5999995421926846e-05
0.7975,-1.9172216931123928e-05
0.8,-2.2610689293658015e-05
0.8025,-2.621954686373592e-05
0.805,-2.9892188230955204e-05
0.8075,-3.3516686770510153e-05
0.81,-3.6981276164852343e-05
0.8125,-4.0180515802419248e-05
0.815,-4.3019219871759582e-05
0.8175,-4.5418583648051002e-05
0.82,-4.7317686488442251e-05
0.8225,-4.8675970568550019e-05
0.825,-4.9474071158890379e-05
0.8275,-4.9713494588286874e-05
0.83,-4.9415093844885964e-05
0.8325,-4.8617217485381564e-05
0.835,-4.737343864317742e-05
0.8375,-4.57492880652613e-05
0.84,-4.3819785937200488e-05
0.8425,-4.1667565699141826e-05
0.845,-3.9379583959481726e-05
0.8475,-3.7041962523100516e-05
0.85,-3.4741425947713243e-05
0.8525,-3.2556334547668219e-05
0.855,-3.0552829165323439e-05
0.8575,-2.8783074709734911e-05
0.86,-2.7283966374861904e-05
0.8625,-2.6075013038187178e-05
0.865,-2.5158288213789361e-05
0.8675,-2.4520034557688975e-05
0.87,-2.4132133484980202e-05
0.8725,-2.3954431324607712e-05
0.875,-2.3934850252865711e-05
0.8775,-2.401479050057871e-05
0.88,-2.412930347196184e-05
0.8825,-2.421018948824101e-05
0.885,-2.4188975955034598e-05
0.8875,-2.3999975059045815e-05
0.89,-2.3585801220645974e-05
0.8925,-2.2900227561130896e-05
0.895,-2.1906977709608393e-05
0.8975,-2.0583889200349856e-05
0.9,-1.8926602900014941e-05
0.9025,-1.6946115791494326e-05
0.905,-1.4667698475975541e-05
0.9075,-1.2131821354929353e-05
0.91,-9.391260835764956e-06
0.9125,-6.5112288617840256e-06
0.915,-3.5709736208743966e-06
0.9175,-6.6096037718045492e-07
0.92,2.1156284653618829e-06
0.9225,4.6540055952465881e-06
0.925,6.8596572367463157e-06
0.9275,8.6534668961702617e-06
0.93,9.9714804273567241e-06
0.9325,1.0763370010812905e-05
0.935,1.0991732170228627e-05
0.9375,1.0632327835192615e-05
0.94,9.6743920007534577e-06
0.9425,8.1210948174240901e-06
0.945,5.9900873841967984e-06
0.9475,3.3140628172734767e-06
0.95,1.394936660902666e-07
0.9525,-3.4742525525173848e-06
0.955,-7.4567245916146004e-06
0.9575,-1.1728984792255947e-05
0.96,-1.6206428250207516e-05
0.9625,-2.0801342438552621e-05
0.965,-2.5426805468506492e-05
0.9675,-2.9999640354414366e-05
0.97,-3.4440034436214428e-05
0.9725,-3.8672526586825196e-05
0.975,-4.2627929519235023e-05
0.9775,-4.6245178986237183e-05
0.98,-4.9472930494811495e-05
0.9825,-5.2267625838017321e-05
0.985,-5.4596578639690047e-05
0.9875,-5.6437673984064294e-05
0.99,-5.7778911948327185e-05
0.9925,-5.8617507717331337e-05
0.995,-5.8958532426457008e-05
0.9975,-5.881387637819434e-05
1.0,-5.8201467314670326e-05
1.0025,-5.7144579036524892e-05
1.005,-5.567128480049449e-05
1.0075,-5.381345503378588e-05
1.01,-5.1605779117833459e-05
1.0125,-4.9085493640862658e-05
1.015,-4.6291445444821228e-05
1.0175,-4.326532310067443e-05
1.02,-4.0047213773911534e-05
1.0225,-3.667912526307249e-05
1.025,-3.3204828066791815e-05
1.0275,-2.9668643741348626e-05
1.03,-2.6115902663355083e-05
1.0325,-2.2591392754959175e-05
1.035,-1.9139640797965198e-05
1.0375,-1.5806511144917432e-05
1.04,-1.2635679565330756e-05
1.0425,-9.6730903458779503e-06
1.045,-6.9620980563428073e-06
1.0475,-4.5434541024589779e-06
1.05,-2.4548680301221043e-06
1.0525,-7.2993738504192747e-07
1.055,6.0262265979819397e-07
1.0575,1.5199209523812756e-06
1.06,2.0054013526798974e-06
1.0625,2.0493930002052533e-06
1.065,1.6495281054753973e-06
1.0675,8.1116543893168854e-07
1.07,-4.5245563581543206e-07
1.0725,-2.1199287985674446e-06
1.075,-4.1615456816198857e-06
1.0775,-6.539951431118802e-06
1.08,-9.2099804475137964e-06
1.0825,-1.212035872000558e-05
1.085,-1.5212861203654989e-05
1.0875,-1.8424221992164992e-05
1.09,-2.1687818400047856e-05
1.0925,-2.4935658921875624e-05
1.095,-2.8099919157241266e-05
1.0975,-3.1115298703019102e-05
1.1,-3.3922304251709809e-05
1.1025,-3.6468891342878322e-05
1.105,-3.8711486141122444e-05
1.1075,-4.0615526339408652e-05
1.11,-4.2155516393017389e-05
1.1125,-4.3313721379232984e-05
1.115,-4.4080244517130052e-05
1.1175,-4.4453227697501441e-05
1.12,-4.4438545302347307e-05
1.1225,-4.4050244853458215e-05
1.125,-4.3310155445561768e-05
1.1275,-4.224657366082658e-05
1.13,-4.0893770796530433e-05
1.1325,-3.929097875076976e-05
1.135,-3.7481153092235058e-05
1.1375,-3.5509668130933054e-05
1.14,-3.3422930105923981e-05
1.1425,-3.1268314241837656e-05
1.145,-2.9092007582380109e-05
1.1475,-2.6938412325265821e-05
1.15,-2.4849447139680193e-05
1.1525,-2.2863731441117196e-05
1.155,-2.1015492343396488e-05
1.1575,-1.9334608772291063e-05
1.16,-1.7846666505978614e-05
1.1625,-1.6572015602444629e-05
1.165,-1.5525486632265664e-05
1.1675,-1.4716527229856935e-05
1.17,-1.414919851533816e-05
1.1725,-1.3822192161787101e-05
1.175,-1.3729030774773267e-05
1.1775,-1.3858331093720508e-05
1.18,-1.4194524152122642e-05
1.1825,-1.4719574558176426e-05
1.185,-1.54147754843859e-05
1.1875,-1.625999056841822e-05
1.19,-1.7231772119632436e-05
1.1925,-1.8303505340003151e-05
1.195,-1.9446912716934902e-05
1.1975,-2.0632885463394557e-05
1.2,-2.1832821159645622e-05
1.2025,-2.3019490007031673e-05
1.205,-2.4167293882973865e-05
1.2075,-2.5252217172910428e-05
1.21,-2.6251929702945126e-05
1.2125,-2.7146384495560022e-05
1.215,-2.79177620268475e-05
1.2175,-2.8551219928750655e-05
1.22,-2.9035484485701092e-05
1.2225,-2.9363117631731338e-05
1.225,-2.9530405380984474e-05
1.2275,-2.9536859334870904e-05
1.23,-2.9384659615047006e-05
1.2325,-2.9078349417546765e-05
1.235,-2.8624657222666245e-05
1.2375,-2.8032094659537165e-05
1.24,-2.7310913386508905e-05
1.2425,-2.6472945994681271e-05
1.245,-2.5531569778262247e-05
1.2475,-2.4501226642686004e-05
1.25,-2.3397427000705085e-05
1.2525,-2.22371304971253e-05
1.255,-2.1037341075670994e-05
1.2575,-1.9814902333938631e-05
1.26,-1.8586831313983165e-05
1.2625,-1.7369038630432331e-05
1.265,-1.6177580814778337e-05
1.2675,-1.5027342812849326e-05
1.27,-1.3932407390973129e-05
1.2725,-1.2904785005539607e-05
1.275,-1.1958125786741544e-05
1.2775,-1.1104918151538935e-05
1.28,-1.0356600998899192e-05
1.2825,-9.723647151275583e-06
1.285,-9.2151732746037334e-06
1.2875,-8.8387410754257558e-06
1.29,-8.6001492614933754e-06
1.2925,-8.5039153063653281e-06
1.295,-8.5533013757279278e-06
1.2975,-8.7501846843865338e-06
1.3,-9.0949950487835072e-06
1.3025,-9.5863767941338809e-06
1.305,-1.022093241524095e-05
1.3075,-1.0993300234811298e-05
1.31,-1.1896335414507013e-05
1.3125,-1.2921462549671346e-05
1.315,-1.4058706613859003e-05
1.3175,-1.5296854147790813e-05
1.32,-1.6623437214070449e-05
1.3225,-1.8024935590279961e-05
1.325,-1.9487198830038088e-05
1.3275,-2.0995276697365474e-05
1.33,-2.2533650446611492e-05
1.3325,-2.4086747808080653e-05
1.335,-2.5635940792255722e-05
1.3375,-2.716771880644219e-05
1.34,-2.866733384012561e-05
1.3425,-3.0119768946840088e-05
1.345,-3.1511878415234882e-05
1.3475,-3.2829793031652221e-05
1.35,-3.4062390535950021e-05
1.3525,-3.5196122497167452e-05
1.355,-3.622044536102676e-05
1.3575,-3.7126895406880934e-05
1.36,-3.7908679412945564e-05
1.3625,-3.8560703234058778e-05
1.365,-3.907942172991802e-05
1.3675,-3.946203063484489e-05
1.37,-3.9706719379694258e-05
1.3725,-3.9812450928451186e-05
1.375,-3.9779039961186053e-05
1.3775,-3.9607194525306435e-05
1.38,-3.9298390686608311e-05
1.3825,-3.8854766335667664e-05
1.385,-3.8279098255005698e-05
1.3875,-3.7574835492684317e-05
1.39,-3.6746109128481795e-05
1.3925,-3.579789671463642e-05
1.395,-3.4736108865598544e-05
1.3975,-3.3567516499425043e-05
1.4,-3.2300463750854835e-05
1.4025,-3.094298992437464e-05
1.405,-2.950464976586201e-05
1.4075,-2.7997067994614811e-05
1.41,-2.6432243356855667e-05
1.4125,-2.4823367152706827e-05
1.415,-2.3184505908025633e-05
1.4175,-2.1530167007665393e-05
1.42,-1.9876510325198397e-05
1.4225,-1.8240272069261585e-05
1.425,-1.6638441546749032e-05
1.4275,-1.5087574196236216e-05
1.43,-1.3604400867400854e-05
1.4325,-1.2204946750077932e-05
1.435,-1.0903924262399565e-05
1.4375,-9.7144257185986185e-06
1.44,-8.6487983895220671e-06
1.4425,-7.7178059239741705e-06
1.445,-6.9305913538879553e-06
1.4475,-6.2945807079985725e-06
1.45,-5.8156308481578835e-06
1.4525,-5.4982703978579093e-06
1.455,-5.3455315475431252e-06
1.4575,-5.3586110010652624e-06
1.46,-5.5363989696581624e-06
1.4625,-5.8756790742399319e-06
1.465,-6.371246722823969e-06
1.4675,-7.0163187938908643e-06
1.47,-7.8028520267840185e-06
1.4725,-8.7210530745025684e-06
1.475,-9.7595962324852936e-06
1.4775,-1.0905796505242094e-05
1.48,-1.2145592761736715e-05
1.4825,-1.3463843387893557e-05
1.485,-1.4844465400041312e-05
1.4875,-1.6271617874191681e-05
1.49,-1.7728553389905782e-05
1.4925,-1.9197778453228053e-05
1.495,-2.0662515373595054e-05
1.4975,-2.2106369790679971e-05
1.5,-2.3513473791038798e-05
1.5025,-2.4868453067847287e-05
1.505,-2.6156455983090958e-05
1.5075,-2.736295102208667e-05
1.51,-2.8474649968752796e-05
1.5125,-2.9477949093492751e-05
1.515,-3.0360453469763798e-05
1.5175,-3.1110863461829718e-05
1.52,-3.1719228841312503e-05
1.5225,-3.2177061254174666e-05
1.525,-3.2477366541208905e-05
1.5275,-3.2614579590298251e-05
1.53,-3.2584707157086345e-05
1.5325,-3.2385690717959854e-05
1.535,-3.2017983701859175e-05
1.5375,-3.1484892889331976e-05
1.54,-3.0792170135387481e-05
1.5425,-2.9947613882945711e-05
1.545,-2.8961019541528283e-05
1.5475,-2.7843859626103801e-05
1.55,-2.66100559723667e-05
1.5525,-2.5274572281598248e-05
1.555,-2.3854705808823065e-05
1.5575,-2.2369534524607958e-05
1.56,-2.0841436673467574e-05
1.5625,-1.9290137189787078e-05
1.565,-1.7736991504418059e-05
1.5675,-1.6204182688809487e-05
1.57,-1.4712987812930521e-05
1.5725,-1.328351594898904e-05
1.575,-1.1934530697216022e-05
1.5775,-1.0686005034415055e-05
1.58,-9.555462428221765e-06
1.5825,-8.5591430024312082e-06
1.585,-7.7119656582487352e-06
1.5875,-7.0268474174242006e-06
1.59,-6.5144025547128295e-06
1.5925,-6.1824007666646853e-06
1.595,-6.0351747266267614e-06
1.5975,-6.0738560941631502e-06
1.6,-6.2967099090693733e-06
1.6025,-6.6989277106154095e-06
1.605,-7.2733743628454309e-06
1.6075,-8.0101073990376964e-06
1.61,-8.896280414525446e-06
1.6125,-9.9166524270762514e-06
1.615,-1.1054130194503625e-05
1.6175,-1.2290374619037677e-05
1.62,-1.3605205450072522e-05
1.6225,-1.4977207731302418e-05
1.625,-1.6384872406376667e-05
1.6275,-1.7806587453699677e-05
1.63,-1.9220516933960632e-05
1.6325,-2.0606022452662206e-05
1.635,-2.1942999243393352e-05
1.6375,-2.3212654191038987e-05
1.64,-2.439781243443101e-05
1.6425,-2.5483334028214512e-05
1.645,-2.645649774610651e-05
1.6475,-2.7306285197277604e-05
1.65,-2.802375411663923e-05
1.6525,-2.860194902814789e-05
1.655,-2.9036342273037845e-05
1.6575,-2.9325312597704206e-05
1.66,-2.9470411503950551e-05
1.6625,-2.9475841105289121e-05
1.665,-2.9348292074687265e-05
1.6675,-2.9096422366099026e-05
1.67,-2.8731039475898485e-05
1.6725,-2.8265017233156757e-05
1.675,-2.7712958882538606e-05
1.6775,-2.7090571359535052e-05
1.68,-2.6413863039640946e-05
1.6825,-2.5699024460275659e-05
1.685,-2.4962330031886323e-05
1.6875,-2.4220143069613091e-05
1.69,-2.348902274548923e-05
1.6925,-2.2785124498450672e-05
1.695,-2.2123697095871022e-05
1.6975,-2.1518256697961657e-05
1.7,-2.09811617174218e-05
1.7025,-2.0522472892419421e-05
1.705,-2.0149906236159187e-05
1.7075,-1.9868685213450342e-05
1.71,-1.9681418057401729e-05
1.7125,-1.9588340358040216e-05
1.715,-1.9587646291713412e-05
1.7175,-1.9675366539261193e-05
1.72,-1.9846712869745133e-05
1.7225,-2.0095839339582656e-05
1.725,-2.0414874289489897e-05
1.7275,-2.0794201043039968e-05
1.73,-2.1217466902621048e-05
1.7325,-2.1677028227901129e-05
1.735,-2.2158721768993321e-05
1.7375,-2.2647946286460149e-05
1.74,-2.3130596753985806e-05
1.7425,-2.3593519169901645e-05
1.745,-2.4023982560011926e-05
1.7475,-2.4408684979946564e-05
1.75,-2.4735107627208774e-05
1.7525,-2.4993244469429752e-05
1.755,-2.5175898467734838e-05
1.7575,-2.5277483300266231e-05
1.76,-2.5291773947069754e-05
1.7625,-2.5213835085211296e-05
1.765,-2.5040117089807567e-05
1.7675,-2.4768614740600842e-05
1.77,-2.4399146698761623e-05
1.7725,-2.3933053230856479e-05
1.775,-2.3372861877506277e-05
1.7775,-2.2722263630242457e-05
1.78,-2.1986719277556362e-05
1.7825,-2.1174055314005947e-05
1.785,-2.0292742445097848e-05
1.7875,-1.9353277735629169e-05
1.79,-1.836744219763144e-05
1.7925,-1.7346874580263363e-05
1.795,-1.6303193076768931e-05
1.7975,-1.5247557473810852e-05
1.8,-1.4191079504226523e-05
1.8025,-1.3145783728368775e-05
1.805,-1.2122879758939715e-05
1.8075,-1.1134262835313376e-05
1.81,-1.0191304351400408e-05
1.8125,-9.3047890717581031e-06
1.815,-8.4851946195274023e-06
1.8175,-7.7426265257946098e-06
1.82,-7.0870084892982486e-06
1.8225,-6.5272089670052744e-06
1.825,-6.0706617122446436e-06
1.8275,-5.7230753493858927e-06
1.83,-5.4887267930890254e-06
1.8325,-5.3704808625907766e-06
1.835,-5.3699405599683352e-06
1.8375,-5.4876038964639686e-06
1.84,-5.7228757863104858e-06
1.8425,-6.074263113947546e-06
1.845,-6.5389960379625635e-06
1.8475,-7.1132822526698579e-06
1.85,-7.7925046289824936e-06
1.8525,-8.571113232136034e-06
1.855,-9.4424063317994337e-06
1.8575,-1.0397556569898742e-05
1.86,-1.1427365161245916e-05
1.8625,-1.2521302096335632e-05
1.865,-1.3667908948776072e-05
1.8675,-1.4855106053462339e-05
1.87,-1.6070798251429875e-05
1.8725,-1.7302551963111954e-05
1.875,-1.8538626380574882e-05
1.8775,-1.9766646377472454e-05
1.88,-2.0974566981747393e-05
1.8825,-2.2151618236443924e-05
1.885,-2.3285686142578408e-05
1.8875,-2.4365257186816224e-05
1.89,-2.5379957427619074e-05
1.8925,-2.6320028225302286e-05
1.895,-2.7176877399640612e-05
1.8975,-2.7943251904462892e-05
1.9,-2.8612904778111546e-05
1.9025,-2.9180668035009575e-05
1.905,-2.9642775965944564e-05
1.9075,-2.9996439081959162e-05
1.91,-3.0240621729153568e-05
1.9125,-3.0375784517441346e-05
1.915,-3.0403706136976264e-05
1.9175,-3.0327306813006139e-05
1.92,-3.0150183424210907e-05
1.9225,-2.9876713491463854e-05
1.925,-2.9511500761534787e-05
1.9275,-2.9059816455384245e-05
1.93,-2.8528795233471313e-05
1.9325,-2.7925862594908707e-05
1.935,-2.725913817263026e-05
1.9375,-2.653718443579854e-05
1.94,-2.5768395778152389e-05
1.9425,-2.4961093583424152e-05
1.945,-2.4123454365526234e-05
1.9475,-2.3263893371583793e-05
1.95,-2.2391371852850591e-05
1.9525,-2.1515619393047614e-05
1.955,-2.0645148009058714e-05
1.9575,-1.9788509831538319e-05
1.96,-1.8953133291230978e-05
1.9625,-1.8146053783190004e-05
1.965,-1.7374258581484153e-05
1.9675,-1.6644912589891447e-05
1.97,-1.5964924165240467e-05
1.9725,-1.5340066494937566e-05
1.975,-1.4775437676845418e-05
1.9775,-1.4270821214446911e-05
1.98,-1.3833500107058035e-05
1.9825,-1.3466382855733798e-05
1.985,-1.3172597099298392e-05
1.9875,-1.2954511746111986e-05
1.99,-1.2813860340516112e-05
1.9925,-1.2751036787344215e-05
1.995,-1.2764728883434324e-05
1.9975,-1.2851818526459954e-05
2.0,-1.3008658380463949e-05
2.0025,-1.3232329186568529e-05
2.005,-1.3520931995990174e-05
2.0075,-1.3872324577314621e-05
2.01,-1.4283303572213164e-05
2.0125,-1.4743771394811606e-05
2.015,-1.5253104035730478e-05
2.0175,-1.5803983312110845e-05
2.02,-1.6389326344298138e-05
2.0225,-1.7002368010623105e-05
2.025,-1.7636614157529241e-05
2.0275,-1.8285685672351981e-05
2.03,-1.8942607987592315e-05
2.0325,-1.9600061892278224e-05
2.035,-2.0251699064693421e-05
2.0375,-2.089147169913277e-05
2.04,-2.1513186392222707e-05
2.0425,-2.210978608197792e-05
2.045,-2.2672506713929736e-05
2.0475,-2.3193145463798297e-05
2.05,-2.3663325106466098e-05
2.0525,-2.4075541678205372e-05
2.055,-2.442348078681913e-05
2.0575,-2.4702335051168554e-05
2.06,-2.4908602173638914e-05
2.0625,-2.5039578682007141e-05
2.065,-2.5093276743705072e-05
2.0675,-2.5068507667017793e-05
2.07,-2.4965258335226379e-05
2.0725,-2.4783648176994333e-05
2.075,-2.4524613056245794e-05
2.0775,-2.4189688067280746e-05
2.08,-2.3781567094236745e-05
2.0825,-2.330336431520512e-05
2.085,-2.2759047959378849e-05
2.0875,-2.2153698679602898e-05
2.09,-2.1493786147131716e-05
2.0925,-2.078674427327437e-05
2.095,-2.0040405638219924e-05
2.0975,-1.9263066621668463e-05
2.1,-1.8463961183609921e-05
2.1025,-1.7652521894135265e-05
2.105,-1.6837108040789472e-05
2.1075,-1.6026035487848708e-05
2.11,-1.5229601754862034e-05
2.1125,-1.4456697765037571e-05
2.115,-1.371568461228864e-05
2.1175,-1.3015302573229011e-05
2.12,-1.2362526870120267e-05
2.1225,-1.1765170348048547e-05
2.125,-1.1231046514534386e-05
2.1275,-1.0767601721719337e-05
2.13,-1.0380287034261765e-05
2.1325,-1.0073637407986779e-05
2.135,-9.8512004218447252e-06
2.1375,-9.7153061494874134e-06
2.14,-9.6665209555979828e-06
2.1425,-9.7045044645562983e-06
2.145,-9.8275752488251496e-06
2.1475,-1.0033278579020922e-05
2.15,-1.0318678048959378e-05
2.1525,-1.0679991579682352e-05
2.155,-1.1112803313836997e-05
2.1575,-1.161131228103297e-05
2.16,-1.2172358928403776e-05
2.1625,-1.2785730301002201e-05
2.165,-1.3442745328826665e-05
2.1675,-1.4134348590812717e-05
2.17,-1.4851205616276542e-05
2.1725,-1.5583893836121522e-05
2.175,-1.6323271620448023e-05
2.1775,-1.7059548279132646e-05
2.18,-1.7782831377216453e-05
2.1825,-1.8487206773105997e-05
2.185,-1.9169031904001765e-05
2.1875,-1.9825466440420072e-05
2.19,-2.0452312199140739e-05
2.1925,-2.1043350034751264e-05
2.195,-2.1591474088294457e-05
2.1975,-2.2085870201191348e-05
2.2,-2.2525592671288252e-05
2.2025,-2.2906748374296192e-05
2.205,-2.3226160662775849e-05
2.2075,-2.3482141990364653e-05
2.21,-2.3674011174235349e-05
2.2125,-2.3802778092713839e-05
2.215,-2.3872435002438026e-05
2.2175,-2.3888163308321204e-05
2.22,-2.3854596034072919e-05
2.2225,-2.377569334001018e-05
2.225,-2.3654277536012178e-05
2.2275,-2.349395048086206e-05
2.23,-2.3298954495238374e-05
2.2325,-2.3074519889989121e-05
2.235,-2.2827712862590958e-05
2.2375,-2.2565953663705776e-05
2.24,-2.2297214670537443e-05
2.2425,-2.2029263161346249e-05
2.245,-2.1769275586081517e-05
2.2475,-2.1522338087815774e-05
2.25,-2.1293945074123104e-05
2.2525,-2.1088834929236899e-05
2.255,-2.0909484331241189e-05
2.2575,-2.0758069647391749e-05
2.26,-2.0635649470913392e-05
2.2625,-2.0542878128608173e-05
2.265,-2.0479670676736063e-05
2.2675,-2.0446012403821917e-05
2.27,-2.0441117254600319e-05
2.2725,-2.0464359053903653e-05
2.275,-2.0514868982652936e-05
2.2775,-2.0591350598027776e-05
2.28,-2.0691189216856175e-05
2.2825,-2.0810473097333884e-05
2.285,-2.0943803210199157e-05
2.2875,-2.1082387501579448e-05
2.29,-2.1221941788184018e-05
2.2925,-2.1355183904066029e-05
2.295,-2.1475611675421668e-05
2.2975,-2.157722287534599e-05
2.3,-2.1654914735444691e-05
2.3025,-2.1703392647983438e-05
2.305,-2.1717277034659436e-05
2.3075,-2.1692519774525516e-05
2.31,-2.1625835120145811e-05
2.3125,-2.1515424266818688e-05
2.315,-2.1360301708777172e-05
2.3175,-2.1159567241249183e-05
2.32,-2.0912197375221987e-05
2.3225,-2.061721608712606e-05
2.325,-2.0272726526900502e-05
2.3275,-1.9880036909333601e-05
2.33,-1.9440875188171117e-05
2.3325,-1.8958774282166117e-05
2.335,-1.8438184741610056e-05
2.3375,-1.7883402510813096e-05
2.34,-1.7301349770944002e-05
2.3425,-1.6700635793948277e-05
2.345,-1.6090486143216737e-05
2.3475,-1.5478280965979517e-05
2.35,-1.4869059045311884e-05
2.3525,-1.426662046780301e-05
2.355,-1.3679936523875608e-05
2.3575,-1.3111312020264625e-05
2.36,-1.2568827529676973e-05
2.3625,-1.206207879369228e-05
2.365,-1.160013201692587e-05
2.3675,-1.119300315955734e-05
2.37,-1.0848560709119019e-05
2.3725,-1.0572049741239361e-05
2.375,-1.0366481974561783e-05
2.3775,-1.0234110860784549e-05
2.38,-1.0177461184506956e-05
2.3825,-1.0198826335247408e-05
2.385,-1.0299476817242441e-05
2.3875,-1.0479255522865669e-05
2.39,-1.0737197111163228e-05
2.3925,-1.1071295748864244e-05
2.395,-1.147849887503997e-05
2.3975,-1.1954952876703676e-05
2.4,-1.2496118294528209e-05
2.4025,-1.3096792994580884e-05
2.405,-1.375116150228114e-05
2.4075,-1.4452684837325734e-05
2.41,-1.5194733340447896e-05
2.4125,-1.5969985638730947e-05
2.415,-1.6771712810500105e-05
2.4175,-1.7592219353801091e-05
2.42,-1.8429077108109397e-05
2.4225,-1.9269092094191849e-05
2.425,-2.0103513064631698e-05
2.4275,-2.0923551374367397e-05
2.43,-2.1720664665182382e-05
2.4325,-2.248664458637977e-05
2.435,-2.3213581867569639e-05
2.4375,-2.3892997811456393e-05
2.44,-2.4516922831883501e-05
2.4425,-2.5079249696408628e-05
2.445,-2.5576543969563428e-05
2.4475,-2.6006633739389913e-05
2.45,-2.6367754156211174e-05
2.4525,-2.6657780117741973e-05
2.455,-2.6874613022763327e-05
2.4575,-2.7016471844886771e-05
2.46,-2.708208781670559e-05
2.4625,-2.7070963936752762e-05
2.465,-2.698340481727765e-05
2.4675,-2.6820581138948552e-05
2.47,-2.6584526357707069e-05
2.4725,-2.6278045534374995e-05
2.475,-2.5904623635808286e-05
2.4775,-2.5468381182241222e-05
2.48,-2.4973993731122397e-05
2.4825,-2.4426925252781286e-05
2.485,-2.3833313132590851e-05
2.4875,-2.3204874187780409e-05
2.49,-2.2543246552188629e-05
2.4925,-2.1855510784196904e-05
2.495,-2.1149239017128189e-05
2.4975,-2.0431478988359282e-05
2.5,-1.9708810748699843e-05
2.5025,-1.8987741758039864e-05
2.505,-1.8275149470220737e-05
2.5075,-1.7578812678566833e-05
2.51,-1.6906220085922364e-05
2.5125,-1.6265535139727766e-05
2.515,-1.5660688834650031e-05
2.5175,-1.5095995458783431e-05
2.52,-1.4571169455794562e-05
2.5225,-1.4092505086386008e-05
2.525,-1.3663015657024144e-05
2.5275,-1.3286006476406725e-05
2.53,-1.2965334400523667e-05
2.5325,-1.2704972704290648e-05
2.535,-1.2508510983777924e-05
2.5375,-1.2378346406886888e-05
2.54,-1.2315239646344971e-05
2.5425,-1.2318432854764901e-05
2.545,-1.2386113375006882e-05
2.5475,-1.2515827290043489e-05
2.55,-1.2704597313874954e-05
2.5525,-1.2948799154746151e-05
2.555,-1.3244258369576002e-05
2.5575,-1.3586137669218102e-05
2.56,-1.3969068844789917e-05
2.5625,-1.4386607343497682e-05
2.565,-1.4832654087368674e-05
2.5675,-1.5301004591024217e-05
2.57,-1.5785890008781241e-05
2.5725,-1.6282103540242821e-05
2.575,-1.6784857333631731e-05
2.5775,-1.7289552776898158e-05
2.58,-1.7791530364883426e-05
2.5825,-1.82861191650467e-05
2.585,-1.8768493226770895e-05
2.5875,-1.9233817232449997e-05
2.59,-1.9677308054388708e-05
2.5925,-2.0094665877300213e-05
2.595,-2.0481560697809792e-05
2.5975,-2.0833812778666414e-05
2.6,-2.1147507145664093e-05
2.6025,-2.1419078073488896e-05
2.605,-2.1645454843098366e-05
2.6075,-2.1824293505224726e-05
2.61,-2.1953975437935561e-05
2.6125,-2.2033523206704399e-05
2.615,-2.2062787367669937e-05
2.6175,-2.2042336485710968e-05
2.62,-2.1973459760924561e-05
2.6225,-2.1858185098456182e-05
2.625,-2.1699114196715787e-05
2.6275,-2.1499753267646933e-05
2.63,-2.1263784665646562e-05
2.6325,-2.0995188326397308e-05
2.635,-2.0697944540972104e-05
2.6375,-2.037615269372314e-05
2.64,-2.0033991728511175e-05
2.6425,-1.9675941821368111e-05
2.645,-1.9306694583239281e-05
2.6475,-1.8931589316403703e-05
2.65,-1.8555126597154544e-05
2.6525,-1.8182169386355572e-05
2.655,-1.7817578051458282e-05
2.6575,-1.7466075921506747e-05
2.66,-1.7132400270225681e-05
2.6625,-1.6821229138773104e-05
2.665,-1.6536820061784666e-05
2.6675,-1.6283012480191807e-05
2.67,-1.6063125900107029e-05
2.6725,-1.588002912790023e-05
2.675,-1.5736045293458942e-05
2.6775,-1.5632950430933169e-05
2.68,-1.5572083944030959e-05
2.6825,-1.5554189356330394e-05
2.685,-1.5579818732134902e-05
2.6875,-1.5648832487871448e-05
2.69,-1.5760220849565637e-05
2.6925,-1.5912126773889176e-05
2.695,-1.6102277533361895e-05
2.6975,-1.6327956533826896e-05
2.7,-1.658599161799441e-05
2.7025,-1.6872836805406825e-05
2.705,-1.7184854218467185e-05
2.7075,-1.7518243959801861e-05
2.71,-1.7869148352719813e-05
2.7125,-1.823331997396391e-05
2.715,-1.8606423919208843e-05
2.7175,-1.8984369501050264e-05
2.72,-1.9363206114728771e-05
2.7225,-1.9739055602366995e-05
2.725,-2.0107881523118545e-05
2.7275,-2.0465468965785437e-05
2.73,-2.0807330917747712e-05
2.7325,-2.1128768033533796e-05
2.735,-2.1425388074338156e-05
2.7375,-2.1692868703934411e-05
2.74,-2.1927304718802405e-05
2.7425,-2.212533314924814e-05
2.745,-2.2283879802732847e-05
2.7475,-2.2400695649201169e-05
2.75,-2.2474246017455335e-05
2.7525,-2.250371757452941e-05
2.755,-2.248907627314538e-05
2.7575,-2.2431046745432208e-05
2.76,-2.2330859587143647e-05
2.7625,-2.2190533153628081e-05
2.765,-2.2012470392167016e-05
2.7675,-2.1799369537729263e-05
2.77,-2.1554158586048777e-05
2.7725,-2.1280154222411581e-05
2.775,-2.0980964674460721e-05
2.7775,-2.0660465845854525e-05
2.78,-2.032277762947566e-05
2.7825,-1.9971999771604286e-05
2.785,-1.9612501478523703e-05
2.7875,-1.9248512730755391e-05
2.79,-1.8884343275783905e-05
2.7925,-1.8524202682342437e-05
2.795,-1.8172211544129244e-05
2.7975,-1.7832395020074283e-05
2.8,-1.7508464888896187e-05
2.8025,-1.720383784829275e-05
2.805,-1.692146033446122e-05
2.8075,-1.6663950693482599e-05
2.81,-1.6433654682061286e-05
2.8125,-1.6232459180404437e-05
2.815,-1.6061507819165791e-05
2.8175,-1.5921665309241292e-05
2.82,-1.5813160740703966e-05
2.8225,-1.5735613459671626e-05
2.825,-1.5688063899474578e-05
2.8275,-1.566897231288966e-05
2.83,-1.5676388045036594e-05
2.8325,-1.5707949700562065e-05
2.835,-1.5761147225200374e-05
2.8375,-1.5833355762650685e-05
2.84,-1.5919227664205435e-05
2.8425,-1.6018750972224586e-05
2.845,-1.612904416822972e-05
2.8475,-1.6247005453239994e-05
2.85,-1.6369685451771168e-05
2.8525,-1.649421676810479e-05
2.855,-1.6617234761269791e-05
2.8575,-1.6734056375401471e-05
2.86,-1.683963959082621e-05
2.8625,-1.6929604915482553e-05
2.865,-1.7001248306280626e-05
2.8675,-1.7052900830524733e-05
2.87,-1.7084531840829648e-05
2.8725,-1.709321197552209e-05
2.875,-1.7078646418245925e-05
2.8775,-1.7041250153814006e-05
2.88,-1.6981283728553576e-05
2.8825,-1.6898434393485355e-05
2.885,-1.6792457966585171e-05
2.8875,-1.6664223782080552e-05
2.89,-1.6516203363649016e-05
2.8925,-1.6351417685726792e-05
2.895,-1.6172725045159877e-05
2.8975,-1.5983072318999333e-05
2.9,-1.5785867410654048e-05
2.9025,-1.5584875320996646e-05
2.905,-1.5383946953563335e-05
2.9075,-1.518741960748105e-05
2.91,-1.4999899334055523e-05
2.9125,-1.4827130673157572e-05
2.915,-1.4675556644812542e-05
2.9175,-1.4551614748194438e-05
2.92,-1.4461291413872426e-05
2.9225,-1.4409300310205538e-05
2.925,-1.4399853595464262e-05
2.9275,-1.4435849900404779e-05
2.93,-1.4519888474328017e-05
2.9325,-1.465408651363181e-05
2.935,-1.4839933509967218e-05
2.9375,-1.5078002417046933e-05
2.94,-1.5368182960073221e-05
2.9425,-1.5709269683314818e-05
2.945,-1.6099070899934323e-05
2.9475,-1.6534769074536468e-05
2.95,-1.7013081134116289e-05
2.9525,-1.7530305742545136e-05
2.955,-1.8082298210460619e-05
2.9575,-1.8664509904092477e-05
2.96,-1.92720313016417e-05
2.9625,-1.9899214743153398e-05
2.965,-2.0540791089638753e-05
2.9675,-2.1191551473872916e-05
2.97,-2.1846164143128984e-05
2.9725,-2.2499064476504745e-05
2.975,-2.3144300093395098e-05
2.9775,-2.3775580821856094e-05
2.98,-2.4386216575901734e-05
2.9825,-2.4969721576226251e-05
2.985,-2.551963426853339e-05
2.9875,-2.6029269670979297e-05
2.99,-2.649195046782865e-05
2.9925,-2.6901258766410689e-05
2.995,-2.7251268145515294e-05
2.9975,-2.7536664989325597e-05
3.0,-2.7752870192505125e-05
3.0025,-2.7896370425819791e-05
3.005,-2.7964661574943949e-05
3.0075,-2.7956277535855667e-05
3.01,-2.787065838373575e-05
3.0125,-2.770797970375856e-05
3.015,-2.746914918613411e-05
3.0175,-2.7155831278087195e-05
3.02,-2.6770407521875142e-05
3.0225,-2.6315860590172856e-05
3.025,-2.579554074889118e-05
3.0275,-2.5214031804757707e-05
3.03,-2.4576336588994208e-05
3.0325,-2.3887865939131757e-05
3.035,-2.3154494000174252e-05
3.0375,-2.2382638305804619e-05
3.04,-2.1578837642753959e-05
3.0425,-2.0749884021796027e-05
3.045,-1.9902843089736527e-05
3.0475,-1.9044622392493178e-05
3.05,-1.8182954343405432e-05
3.0525,-1.7325532442493437e-05
3.055,-1.647978048438709e-05
3.0575,-1.5653018755513612e-05
3.06,-1.4853425015802153e-05
3.0625,-1.4087103563091983e-05
3.065,-1.3360901798111211e-05
3.0675,-1.2681118118065251e-05
3.07,-1.2053140531183392e-05
3.0725,-1.1481865841057628e-05
3.075,-1.0971481325185284e-05
3.0775,-1.052549730713479e-05
3.08,-1.0146731086731002e-05
3.0825,-9.8371267308655182e-06
3.085,-9.5978543917268316e-06
3.0875,-9.4292329440554149e-06
3.09,-9.3306350403004647e-06
3.0925,-9.3006251676990426e-06
3.095,-9.336909945193112e-06
3.0975,-9.4369237670969799e-06
3.1,-9.5977884875259423e-06
3.1025,-9.8162412291563018e-06
3.105,-1.0088537256419951e-05
3.1075,-1.0410427174864878e-05
3.11,-1.0777260557720816e-05
3.1125,-1.1183978582749836e-05
3.115,-1.1625561962940664e-05
3.1175,-1.2096365852519353e-05
3.12,-1.2590345433960105e-05
3.1225,-1.310141143776455e-05
3.125,-1.3623254439677208e-05
3.1275,-1.4149645247954923e-05
3.13,-1.467441192863302e-05
3.1325,-1.5191761432556666e-05
3.135,-1.5696309453708504e-05
3.1375,-1.6183240125645263e-05
3.14,-1.664827593652253e-05
3.1425,-1.7087817588821275e-05
3.145,-1.749800782728906e-05
3.1475,-1.7876882298856401e-05
3.15,-1.822271875553386e-05
3.1525,-1.8534081203847048e-05
3.155,-1.8809955519433365e-05
3.1575,-1.904987722688432e-05
3.16,-1.925372597662001e-05
3.1625,-1.9422260799499155e-05
3.165,-1.9556705816954444e-05
3.1675,-1.9658163859977901e-05
3.17,-1.9728381773526741e-05
3.1725,-1.9769665633916374e-05
3.175,-1.9784735145704781e-05
3.1775,-1.977659780417069e-05
3.18,-1.9748319911823989e-05
3.1825,-1.9703489673154256e-05
3.185,-1.9645838992801502e-05
3.1875,-1.957906793674491e-05
3.19,-1.9506856700742443e-05
3.1925,-1.9433074474419977e-05
3.195,-1.9361284892005985e-05
3.1975,-1.9294916238914558e-05
3.2,-1.9237262917228156e-05
3.2025,-1.9191284013478161e-05
3.205,-1.9159628461377906e-05
3.2075,-1.914462539382736e-05
3.21,-1.9148151386874662e-05
3.2125,-1.9171278640453026e-05
3.215,-1.9215503846840922e-05
3.2175,-1.9281684900019691e-05
3.22,-1.9369801901798908e-05
3.2225,-1.9479208064761947e-05
3.225,-1.9608717356976554e-05
3.2275,-1.9756898740115548e-05
3.23,-1.9922284503875116e-05
3.2325,-2.0103434485906245e-05
3.235,-2.0298833458788172e-05
3.2375,-2.0506768308168642e-05
3.24,-2.072537742756378e-05
3.2425,-2.0952610695501593e-05
3.245,-2.1186090233972323e-05
3.2475,-2.1423023724827493e-05
3.25,-2.1660233649448238e-05
3.2525,-2.1894160430103634e-05
3.255,-2.2121077577586486e-05
3.2575,-2.2337104794916244e-05
3.26,-2.2538286973979638e-05
3.2625,-2.2720807893972627e-05
3.265,-2.2881261377932508e-05
3.2675,-2.3016578951099092e-05
3.27,-2.3124108485690813e-05
3.2725,-2.3201613931084129e-05
3.275,-2.3247408936804622e-05
3.2775,-2.3260320501137187e-05
3.28,-2.3239718294290155e-05
3.2825,-2.3185445116480522e-05
3.285,-2.3097722030657654e-05
3.2875,-2.2977060433870446e-05
3.29,-2.2824173953691922e-05
3.2925,-2.2640015716169428e-05
3.295,-2.2425753952177765e-05
3.2975,-2.2182852382160594e-05
3.3,-2.191305393502152e-05
3.3025,-2.1618354133107054e-05
3.305,-2.1301008917518015e-05
3.3075,-2.09634765227385e-05
3.31,-2.060833841168107e-05
3.3125,-2.0238315282632052e-05
3.315,-1.9856295949407966e-05
3.3175,-1.9465284335407271e-05
3.32,-1.9068344078056992e-05
3.3225,-1.8668622191736993e-05
3.325,-1.8269364054975569e-05
3.3275,-1.787382801234841e-05
3.33,-1.748522808392688e-05
3.3325,-1.7106709846841695e-05
3.335,-1.6741191722611942e-05
3.3375,-1.6391384002395833e-05
3.34,-1.6059702797149836e-05
3.3425,-1.5748241544869859e-05
3.345,-1.5458622214322231e-05
3.3475,-1.5191945872811969e-05
3.35,-1.494889457464096e-05
3.3525,-1.4729771543370338e-05
3.355,-1.4534676452558649e-05
3.3575,-1.4363657820103e-05
3.36,-1.4216719096616186e-05
3.3625,-1.4093833146087661e-05
3.365,-1.3994790840437593e-05
3.3675,-1.3919188040225633e-05
3.37,-1.3866337934672938e-05
3.3725,-1.3835264350358481e-05
3.375,-1.3824739201088385e-05
3.3775,-1.3833231517874746e-05
3.38,-1.3858861858055997e-05
3.3825,-1.3899410908141553e-05
3.385,-1.3952439163991573e-05
3.3875,-1.4015410122703685e-05
3.39,-1.4085889275073059e-05
3.3925,-1.4161546745656796e-05
3.395,-1.4240321941984504e-05
3.3975,-1.4320498451271628e-05
3.4,-1.4400645475134636e-05
3.4025,-1.4479637201978305e-05
3.405,-1.4556594547347651e-05
3.4075,-1.4630841635320387e-05
3.41,-1.4701861235060122e-05
3.4125,-1.4769239634110758e-05
3.415,-1.4832629990371525e-05
3.4175,-1.4891731549365198e-05
3.42,-1.4946412427409961e-05
3.4225,-1.4996626872720806e-05
3.425,-1.5042562523476651e-05
3.4275,-1.5084715798438207e-05
3.43,-1.5123910587607101e-05
3.4325,-1.5161444232219518e-05
3.435,-1.5198952032028206e-05
3.4375,-1.523827304527147e-05
3.44,-1.5281310858490297e-05
3.4425,-1.5329944820326016e-05
3.445,-1.5386103455902673e-05
3.4475,-1.5451647269474623e-05
3.45,-1.5528489968124857e-05
3.4525,-1.5618584764718214e-05
3.455,-1.5723763753602491e-05
3.4575,-1.5845618000685021e-05
3.46,-1.5985399092351753e-05
3.4625,-1.6143954052985625e-05
3.465,-1.6321750835276831e-05
3.4675,-1.6519090275418965e-05
3.47,-1.6736220333999913e-05
3.4725,-1.6973412133046869e-05
3.475,-1.7230896233103796e-05
3.4775,-1.7508802818422949e-05
3.48,-1.7806940693972759e-05
3.4825,-1.8124686175531777e-05
3.485,-1.8460870193399525e-05
3.4875,-1.8814141973171622e-05
3.49,-1.9182823766021739e-05
3.4925,-1.9565082619719002e-05
3.495,-1.9959094146697345e-05
3.4975,-2.0362903960176643e-05
3.5,-2.0774352084032666e-05
3.5025,-2.1191332684089466e-05
3.505,-2.1611319123662036e-05
3.5075,-2.2031793424680028e-05
3.51,-2.2449761052725731e-05
3.5125,-2.2861846533374544e-05
3.515,-2.3264320863704143e-05
3.5175,-2.3653059199011753e-05
3.52,-2.4023906633756247e-05
3.5225,-2.4372608893121819e-05
3.525,-2.4695164528849068e-05
3.5275,-2.4987913215446151e-05
3.53,-2.5247462819758078e-05
3.5325,-2.5470850575842885e-05
3.535,-2.5655428735628753e-05
3.5375,-2.5798900927383182e-05
3.54,-2.5899278736856605e-05
3.5425,-2.595500652341883e-05
3.545,-2.5965042433389908e-05
3.5475,-2.5928828146932913e-05
3.55,-2.5846306191180896e-05
3.5525,-2.5717838723537438e-05
3.555,-2.5544073580029708e-05
3.5575,-2.5326084411759349e-05
3.56,-2.5065196884428626e-05
3.5625,-2.4763029016495031e-05
3.565,-2.4421515601471473e-05
3.5675,-2.4042838998969598e-05
3.57,-2.3629335944622273e-05
3.5725,-2.3183574996627255e-05
3.575,-2.2708392887424288e-05
3.5775,-2.2206879893829344e-05
3.58,-2.1682301275717732e-05
3.5825,-2.1138152321327636e-05
3.585,-2.0578063978322425e-05
3.5875,-2.0005962021237834e-05
3.59,-1.9425906951652402e-05
3.5925,-1.8841938131593396e-05
3.595,-1.8258177669516828e-05
3.5975,-1.7678442319814967e-05
3.6,-1.7106377099523234e-05
3.6025,-1.6545416454127109e-05
3.605,-1.5998853483106382e-05
3.6075,-1.5469755813313395e-05
3.61,-1.4960951430343001e-05
3.6125,-1.4474977605150248e-05
3.615,-1.4014100639607864e-05
3.6175,-1.3580382327891726e-05
3.62,-1.3175698541834164e-05
3.6225,-1.2801726498381902e-05
3.625,-1.2460065792664895e-05
3.6275,-1.2152171355810953e-05
3.63,-1.1879544493051908e-05
3.6325,-1.1643396469182642e-05
3.635,-1.1444699656243549e-05
3.6375,-1.128414655507182e-05
3.64,-1.1161659598242638e-05
3.6425,-1.1076903848543003e-05
3.645,-1.1029051928533541e-05
3.6475,-1.1016730864655493e-05
3.65,-1.1038307764845549e-05
3.6525,-1.1091943126080758e-05
3.655,-1.1175655806354219e-05
3.6575,-1.1287459637022239e-05
3.66,-1.1425519682585446e-05
3.6625,-1.1588060852687304e-05
3.665,-1.1773263703437112e-05
3.6675,-1.1979786306740048e-05
3.67,-1.2206486160656928e-05
3.6725,-1.2451910438755297e-05
3.675,-1.2714582010386641e-05
3.6775,-1.2992964554348113e-05
3.68,-1.3285240653266401e-05
3.6825,-1.3589409308937844e-05
3.685,-1.3903587839784503e-05
3.6875,-1.4225854854162274e-05
3.69,-1.4554541732387131e-05
3.6925,-1.4888308491267471e-05
3.695,-1.5226005462798745e-05
3.6975,-1.5566625947494818e-05
3.7,-1.5909163456209969e-05
3.7025,-1.6252525659156973e-05
3.705,-1.6595446286096006e-05
3.7075,-1.6936709344310261e-05
3.71,-1.7275117746915631e-05
3.7125,-1.7609681352577874e-05
3.715,-1.7939521782807972e-05
3.7175,-1.8264039339997382e-05
3.72,-1.858264191124153e-05
3.7225,-1.889461652616611e-05
3.725,-1.919907915371303e-05
3.7275,-1.949494596615886e-05
3.73,-1.9781207287280262e-05
3.7325,-2.0056918770154425e-05
3.735,-2.0321289976281421e-05
3.7375,-2.0573836176227683e-05
3.74,-2.0814089814734467e-05
3.7425,-2.1041622218838828e-05
3.745,-2.1255935647821067e-05
3.7475,-2.1456533125927003e-05
3.75,-2.1642826616020608e-05
3.7525,-2.1814270485759982e-05
3.755,-2.1970522050330758e-05
3.7575,-2.2111486228113398e-05
3.76,-2.2237223610024601e-05
3.7625,-2.2348028875250393e-05
3.765,-2.244416549019125e-05
3.7675,-2.252592299688278e-05
3.77,-2.2593383780077052e-05
3.7725,-2.2646304333433223e-05
3.775,-2.2684166670360274e-05
3.7775,-2.270623536048498e-05
3.78,-2.2711701374775349e-05
3.7825,-2.2699805493324426e-05
3.785,-2.2669946082324816e-05
3.7875,-2.2621753634399341e-05
3.79,-2.255512542174061e-05
3.7925,-2.2470162660049004e-05
3.795,-2.2367136576147226e-05
3.7975,-2.224643398100444e-05
3.8,-2.2108570664965531e-05
3.8025,-2.1954216960060838e-05
3.805,-2.1784217589245314e-05
3.8075,-2.1599666830798046e-05
3.81,-2.1401818213288437e-05
3.8125,-2.119212107241196e-05
3.815,-2.0972076340075966e-05
3.8175,-2.074315800474805e-05
3.82,-2.0506833893632873e-05
3.8225,-2.0264534449118304e-05
3.825,-2.0017615681548544e-05
3.8275,-1.9767439827345574e-05
3.83,-1.9515280275070132e-05
3.8325,-1.9262425752946657e-05
3.835,-1.9010173280629628e-05
3.8375,-1.8759833677278037e-05
3.84,-1.8512831843534296e-05
3.8425,-1.8270573921291632e-05
3.845,-1.8034497316560549e-05
3.8475,-1.7805997059775851e-05
3.85,-1.7586409535782179e-05
3.8525,-1.7376990260735273e-05
3.855,-1.7178796645555893e-05
3.8575,-1.69926212087405e-05
3.86,-1.6819063302410988e-05
3.8625,-1.6658492733049534e-05
3.865,-1.6511092526625506e-05
3.8675,-1.6376807501724335e-05
3.87,-1.6255379163249591e-05
3.8725,-1.6146380324514538e-05
3.875,-1.6049213426874588e-05
3.8775,-1.5963286147600341e-05
3.88,-1.588792927213357e-05
3.8825,-1.5822523296458004e-05
3.885,-1.5766409070729298e-05
3.8875,-1.5718943810380453e-05
3.89,-1.5679373713846094e-05
3.8925,-1.5647004278046736e-05
3.895,-1.5621178953047925e-05
3.8975,-1.5601229364834554e-05
3.9,-1.5586400601741344e-05
3.9025,-1.5575824071653217e-05
3.905,-1.5568455814115328e-05
3.9075,-1.5563161069303308e-05
3.91,-1.5558793201376942e-05
3.9125,-1.5554259727226533e-05
3.915,-1.5548580073177413e-05
3.9175,-1.5540993596435539e-05
3.92,-1.5530989414613094e-05
3.9225,-1.5518383540114774e-05
3.925,-1.550328973076943e-05
3.9275,-1.5486075023447023e-05
3.93,-1.5467271970842744e-05
3.9325,-1.544749294189078e-05
3.935,-1.5427402526495778e-05
3.9375,-1.540773230248593e-05
3.94,-1.5389284307664208e-05
3.9425,-1.5372871974874448e-05
3.945,-1.5359239549214906e-05
3.9475,-1.534922255756832e-05
3.95,-1.534369554869726e-05
3.9525,-1.5343795812740378e-05
3.955,-1.5350828335213139e-05
3.9575,-1.5366206353665761e-05
3.96,-1.5391352483461837e-05
3.9625,-1.5427583042722785e-05
3.965,-1.5476102516579582e-05
3.9675,-1.5537942839909641e-05
3.97,-1.5613969132462924e-05
3.9725,-1.5704909490090747e-05
3.975,-1.5811314075928373e-05
3.9775,-1.5933643045810957e-05
3.98,-1.607223073386505e-05
3.9825,-1.6227198309261054e-05
3.985,-1.6398401230152799e-05
3.9875,-1.6585454989453761e-05
3.99,-1.6787643802613353e-05
3.9925,-1.7004114475242167e-05
3.995,-1.7233861415808058e-05
3.9975,-1.747577231989877e-05
4.0,-1.7728624932982536e-05
4.0025,-1.7990982438933522e-05
4.005,-1.8261177817077228e-05
4.0075,-1.8537245921643932e-05
4.01,-1.8816957699810193e-05
4.0125,-1.9097945680194035e-05
4.015,-1.9377996402480033e-05
4.0175,-1.965499641935167e-05
4.02,-1.9927122640827047e-05
4.0225,-2.0192695830503194e-05
4.025,-2.045028653818727e-05
4.0275,-2.0698348568219258e-05
4.03,-2.0935270146572496e-05
4.0325,-2.1159325560508075e-05
4.035,-2.1368506239557293e-05
4.0375,-2.1560770229662457e-05
4.04,-2.1734131967505404e-05
4.0425,-2.188677569318141e-05
4.045,-2.2017054801082118e-05
4.0475,-2.2123673036384448e-05
4.05,-2.220568670180563e-05
4.0525,-2.2262436188114997e-05
4.055,-2.2293510389916059e-05
4.0575,-2.2298764016475603e-05
4.06,-2.2278346088418109e-05
4.0625,-2.2232640860648728e-05
4.065,-2.2162312065197904e-05
4.0675,-2.2068299345790546e-05
4.07,-2.195180447525657e-05
4.0725,-2.1814209750995061e-05
4.075,-2.1657018856351958e-05
4.0775,-2.1481734741605976e-05
4.08,-2.1289887571626756e-05
4.0825,-2.1083056544031462e-05
4.085,-2.0862882412679138e-05
4.0875,-2.0631089471645729e-05
4.09,-2.0389466819442644e-05
4.0925,-2.0139900279871622e-05
4.095,-1.9884338879827199e-05
4.0975,-1.9624748714389316e-05
4.1,-1.9363114152140147e-05
4.1025,-1.9101357789007283e-05
4.105,-1.8841322777670008e-05
4.1075,-1.8584775958164558e-05
4.11,-1.8333394514653227e-05
4.1125,-1.8088767817384394e-05
4.115,-1.7852321098310052e-05
4.1175,-1.7625232981901341e-05
4.12,-1.7408484798436896e-05
4.1225,-1.7202720688944512e-05
4.125,-1.7008391305674021e-05
4.1275,-1.682564843493039e-05
4.13,-1.6654567674367678e-05
4.1325,-1.6494994372171736e-05
4.135,-1.6346554878357596e-05
4.1375,-1.6208796022444539e-05
4.14,-1.6081194146509345e-05
4.1425,-1.596321275316523e-05
4.145,-1.5854317265638702e-05
4.1475,-1.5753964869768609e-05
4.15,-1.5661595534885967e-05
4.1525,-1.5576648720793539e-05
4.155,-1.5498576015190528e-05
4.1575,-1.5426762159218435e-05
4.16,-1.5360508439333897e-05
4.1625,-1.5299014726182781e-05
4.165,-1.5241320136189854e-05
4.1675,-1.5186369715430146e-05
4.17,-1.5133141166128236e-05
4.1725,-1.5080648484021525e-05
4.175,-1.5028110508257966e-05
4.1775,-1.4975054253900053e-05
4.18,-1.4921366999212556e-05
4.1825,-1.4867303391104155e-05
4.185,-1.4813465378361839e-05
4.1875,-1.4760693112931957e-05
4.19,-1.4710001374618508e-05
4.1925,-1.466250173213965e-05
4.195,-1.461938816502419e-05
4.1975,-1.4581835785186849e-05
4.2,-1.4550974945992214e-05
4.2025,-1.4528242581806456e-05
4.205,-1.4514959426700027e-05
4.2075,-1.4512391875627262e-05
4.21,-1.4521788345453125e-05
4.2125,-1.45444029008712e-05
4.215,-1.4581504438086967e-05
4.2175,-1.4634387816981883e-05
4.22,-1.4704378986505315e-05
4.2225,-1.4792804859454331e-05
4.225,-1.4900902219605589e-05
4.2275,-1.5029827456848471e-05
4.23,-1.5180546194918538e-05
4.2325,-1.5353802230262136e-05
4.235,-1.5550038684179739e-05
4.2375,-1.5769415329225233e-05
4.24,-1.6011814351462484e-05
4.2425,-1.6276714605941361e-05
4.245,-1.6563280369928358e-05
4.2475,-1.6870407479980713e-05
4.25,-1.7196702417687606e-05
4.2525,-1.7540598133365548e-05
4.255,-1.7900284125220098e-05
4.2575,-1.8273738691159669e-05
4.26,-1.8658804410861458e-05
4.2625,-1.9053027929281062e-05
4.265,-1.9453614734744139e-05
4.2675,-1.9857586514585803e-05
4.27,-2.0261691448940362e-05
4.2725,-2.0662514353797421e-05
4.275,-2.1056750174056859e-05
4.2775,-2.1441165161006142e-05
4.28,-2.1812702759034031e-05
4.2825,-2.2168649939503138e-05
4.285,-2.2506370855196393e-05
4.2875,-2.2823329578632352e-05
4.29,-2.3117013061676356e-05
4.2925,-2.3384775436073529e-05
4.295,-2.3623898594816887e-05
4.2975,-2.3831717596142114e-05
4.3,-2.4005503752005423e-05
4.3025,-2.4142710294971732e-05
4.305,-2.4241053611912385e-05
4.3075,-2.4298627008541384e-05
4.31,-2.4313981450327187e-05
4.3125,-2.4286171436121952e-05
4.315,-2.4214808834565136e-05
4.3175,-2.4100024609778136e-05
4.32,-2.3942452892786969e-05
4.3225,-2.3743245232582409e-05
4.325,-2.3503969315357464e-05
4.3275,-2.3226667511566432e-05
4.33,-2.2913797518213459e-05
4.3325,-2.2568102265133771e-05
4.335,-2.2192652211500004e-05
4.3375,-2.1790556892222281e-05
4.34,-2.1365072343088716e-05
4.3425,-2.0919611651069421e-05
4.345,-2.0457575971602475e-05
4.3475,-1.9982514338320923e-05
4.35,-1.9498127942034177e-05
4.3525,-1.9008294396629489e-05
4.355,-1.8517033558646414e-05
4.3575,-1.8028169031525252e-05
4.36,-1.7545501113252716e-05
4.3625,-1.7072778076130261e-05
4.365,-1.6613466009815157e-05
4.3675,-1.6170833666421638e-05
4.37,-1.5748027002324786e-05
4.3725,-1.5347912871690102e-05
4.375,-1.4973169119206036e-05
4.3775,-1.462607432787356e-05
4.38,-1.4308581206550767e-05
4.3825,-1.4022087434524765e-05
4.385,-1.3767767424470875e-05
4.3875,-1.3546506562279074e-05
4.39,-1.3358880232786941e-05
4.3925,-1.3205137473485181e-05
4.395,-1.3085071646520293e-05
4.3975,-1.2998073829592803e-05
4.4,-1.2943290816663538e-05
4.4025,-1.291946864188316e-05
4.405,-1.2925155852089e-05
4.4075,-1.2958861343219873e-05
4.41,-1.3018926727003148e-05
4.4125,-1.3103573907041807e-05
4.415,-1.32109789577547e-05
4.4175,-1.3339076354246544e-05
4.42,-1.3485582439201666e-05
4.4225,-1.3647941083222943e-05
4.425,-1.3823388850529548e-05
4.4275,-1.4009052838459164e-05
4.43,-1.4202050792213465e-05
4.4325,-1.4399555279173327e-05
4.435,-1.4599094327987391e-05
4.4375,-1.479844479620669e-05
4.44,-1.4995578575194703e-05
4.4425,-1.518907386039292e-05
4.445,-1.5377697008135313e-05
4.4475,-1.5560539162282681e-05
4.45,-1.5736875887851838e-05
4.4525,-1.590610506634536e-05
4.455,-1.6067792537277261e-05
4.4575,-1.6221710779386553e-05
4.46,-1.6367834288800511e-05
4.4625,-1.6506394458022318e-05
4.465,-1.6637803656994865e-05
4.4675,-1.6762694094503183e-05
4.47,-1.6881777769686495e-05
4.4725,-1.6995906471141756e-05
4.475,-1.710611004805122e-05
4.4775,-1.7213651952574693e-05
4.48,-1.7319973598479016e-05
4.4825,-1.7426682111894283e-05
4.485,-1.7535392489597857e-05
4.4875,-1.764757568569157e-05
4.49,-1.7764474719289047e-05
4.4925,-1.7887091712340962e-05
4.495,-1.8016275001254975e-05
4.4975,-1.8152833873948087e-05
4.5,-1.8297544629359079e-05
4.5025,-1.8451055253820592e-05
4.505,-1.861381270709042e-05
4.5075,-1.8785921945283145e-05
4.51,-1.8967189945267187e-05
4.5125,-1.9157115231780267e-05
4.515,-1.93549601896059e-05
4.5175,-1.9559973318534775e-05
4.52,-1.9771244168492981e-05
4.5225,-1.9987726399184974e-05
4.525,-2.0208160832573923e-05
4.5275,-2.0431069894645574e-05
4.53,-2.0654746517035731e-05
4.5325,-2.0877322353228857e-05
4.535,-2.1096937263087213e-05
4.5375,-2.1311788569259956e-05
4.54,-2.1520127922768662e-05
4.5425,-2.1720333473969611e-05
4.545,-2.1910843928074598e-05
4.5475,-2.2090083422551301e-05
4.55,-2.2256395931229478e-05
4.5525,-2.2407980115450233e-05
4.555,-2.254283260539372e-05
4.5575,-2.2658821739553355e-05
4.56,-2.2753746980181181e-05
4.5625,-2.2825538037892738e-05
4.565,-2.2872407877404615e-05
4.5675,-2.2892894431571251e-05
4.57,-2.2885877499836935e-05
4.5725,-2.2850553112527662e-05
4.575,-2.2786406924445002e-05
4.5775,-2.269326959912717e-05
4.58,-2.2571250625437482e-05
4.5825,-2.2420778704535623e-05
4.585,-2.2242484938602717e-05
4.5875,-2.2037258008119304e-05
4.59,-2.1806145067195995e-05
4.5925,-2.1550464346855626e-05
4.595,-2.1271803481501554e-05
4.5975,-2.0971987098734564e-05
4.6,-2.0653123759987617e-05
4.6025,-2.031754076664416e-05
4.605,-1.9967706412792981e-05
4.6075,-1.9606186866643485e-05
4.61,-1.9235584106532288e-05
4.6125,-1.8858525992322019e-05
4.615,-1.8477727298415015e-05
4.6175,-1.8095945081293073e-05
4.62,-1.7715954619912716e-05
4.6225,-1.7340590540478633e-05
4.625,-1.6972690238245401e-05
4.6275,-1.6614953957288421e-05
4.63,-1.6269988862161869e-05
4.6325,-1.5940102565092727e-05
4.635,-1.5627443968823881e-05
4.6375,-1.5333858658269806e-05
4.64,-1.506103828419514e-05
4.6425,-1.4810317374928911e-05
4.645,-1.4582933159565091e-05
4.6475,-1.4379958419946216e-05
4.65,-1.4202143665910459e-05
4.6525,-1.4049884704923957e-05
4.655,-1.3923188021271413e-05
4.6575,-1.3821661050608223e-05
4.66,-1.3744556971480088e-05
4.6625,-1.3690851206788768e-05
4.665,-1.365934374669969e-05
4.6675,-1.3648682925696691e-05
4.67,-1.3657461101043339e-05
4.6725,-1.3684196485269263e-05
4.675,-1.3727297777718139e-05
4.6775,-1.3785195928830236e-05
4.68,-1.3856107026139278e-05
4.6825,-1.3938160083134951e-05
4.685,-1.4029377655619126e-05
4.6875,-1.4127763105956038e-05
4.69,-1.423131414529544e-05
4.6925,-1.4338106103356247e-05
4.695,-1.4446286455150031e-05
4.6975,-1.4554227612209635e-05
4.7,-1.4660521439023635e-05
4.7025,-1.4764048885226003e-05
4.705,-1.4863998711685132e-05
4.7075,-1.4959890706612626e-05
4.71,-1.5051588978479264e-05
4.7125,-1.5139254372831574e-05
4.715,-1.5223262022947774e-05
4.7175,-1.5304075585070945e-05
4.72,-1.5382233239770433e-05
4.7225,-1.5458298019869437e-05
4.725,-1.5532904114206942e-05
4.7275,-1.5606773384106325e-05
4.73,-1.5680745038111119e-05
4.7325,-1.5755779936377629e-05
4.735,-1.5832969814837748e-05
4.7375,-1.5913591302355714e-05
4.74,-1.5999091394564687e-05
4.7425,-1.6091064475924612e-05
4.745,-1.6191193537764267e-05
4.7475,-1.6301125338868433e-05
4.75,-1.6422338610195933e-05
4.7525,-1.6555978114314728e-05
4.755,-1.6702889503118355e-05
4.7575,-1.6863624373644334e-05
4.76,-1.7038594865123328e-05
4.7625,-1.7228083075266557e-05
4.765,-1.7432200210787529e-05
4.7675,-1.7650896137095809e-05
4.77,-1.7883803687699549e-05
4.7725,-1.8130401062961627e-05
4.775,-1.8389958588059275e-05
4.7775,-1.8661504033743785e-05
4.78,-1.8943861090428607e-05
4.7825,-1.9235551284977125e-05
4.785,-1.9534867880600041e-05
4.7875,-1.9839856698191639e-05
4.79,-2.0148304948757283e-05
4.7925,-2.0457873712298322e-05
4.795,-2.076619343574484e-05
4.7975,-2.1070846653371936e-05
4.8,-2.1369446278158286e-05
4.8025,-2.1659766622192062e-05
4.805,-2.1939513755620739e-05
4.8075,-2.2206553005103079e-05
4.81,-2.2458659869173948e-05
4.8125,-2.2693549604345312e-05
4.815,-2.2908961171300047e-05
4.8175,-2.3102578436076737e-05
4.82,-2.3272184235879967e-05
4.8225,-2.3415628667420115e-05
4.825,-2.3531034308175349e-05
4.8275,-2.3616793539017298e-05
4.83,-2.3671616820622205e-05
4.8325,-2.3694535528171661e-05
4.835,-2.3684900670096619e-05
4.8375,-2.3642356922173649e-05
4.84,-2.3566853072370581e-05
4.8425,-2.3458671331577492e-05
4.845,-2.3318422842588413e-05
4.8475,-2.3147072351972717e-05
4.85,-2.2945870969699294e-05
4.8525,-2.2716365044239388e-05
4.855,-2.2460243813439875e-05
4.8575,-2.2179407018183953e-05
4.86,-2.1875831286792338e-05
4.8625,-2.1551637408288878e-05
4.865,-2.1209120975586146e-05
4.8675,-2.085068249413683e-05
4.87,-2.047880887357795e-05
4.8725,-2.0096129274209385e-05
4.875,-1.9705266056901549e-05
4.8775,-1.9308907829289335e-05
4.88,-1.8909640079489999e-05
4.8825,-1.8510064820311418e-05
4.885,-1.8112806528957124e-05
4.8875,-1.7720381574108519e-05
4.89,-1.7335231987876306e-05
4.8925,-1.6959717807448776e-05
4.895,-1.6596044262250974e-05
4.8975,-1.624621082304982e-05
4.9,-1.5912101846397035e-05
4.9025,-1.5595286566765172e-05
4.905,-1.5296995287409364e-05
4.9075,-1.5018257918677304e-05
4.91,-1.4759592004480813e-05
4.9125,-1.4521440251132185e-05
4.915,-1.4303977148309336e-05
4.9175,-1.4107125493421531e-05
4.92,-1.3930659902377412e-05
4.9225,-1.3774189050657504e-05
4.925,-1.3637195816490012e-05
4.9275,-1.3519027156956399e-05
4.93,-1.3419008172452029e-05
4.9325,-1.3336333684315099e-05
4.935,-1.3270047983018749e-05
4.9375,-1.3219027310614302e-05
4.94,-1.3182029174492016e-05
4.9425,-1.3157731801176538e-05
4.945,-1.3144756234237918e-05
4.9475,-1.3141713011412675e-05
4.95,-1.3147258265016088e-05
4.9525,-1.3160124591316013e-05
4.955,-1.317916018207695e-05
4.9575,-1.3203397129077746e-05
4.96,-1.3232150231740406e-05
4.9625,-1.3265071516705201e-05
4.965,-1.3302149323647699e-05
4.9675,-1.3343750479521349e-05
4.97,-1.3390408244613705e-05
4.9725,-1.3442728678585886e-05
4.975,-1.3501349018057224e-05
4.9775,-1.3566837733823489e-05
4.98,-1.3639772405887171e-05
4.9825,-1.3720791879506386e-05
4.985,-1.3810640289408377e-05
4.9875,-1.3910170750479905e-05
4.99,-1.4020339490044405e-05
4.9925,-1.41421126841282e-05
4.995,-1.4276479533011984e-05
4.9975,-1.4424435080222764e-05
5.0,-1.45869294834553e-05
5.0025,-1.4764818037932213e-05
5.005,-1.4958888965033951e-05
5.0075,-1.516969637264785e-05
5.01,-1.5397663122198755e-05
5.0125,-1.5643014697668259e-05
5.015,-1.5905785513783011e-05
5.0175,-1.6185907474782831e-05
5.02,-1.648321807382785e-05
5.0225,-1.6797395363906075e-05
5.025,-1.7127857307552416e-05
5.0275,-1.7473778601839567e-05
5.03,-1.7833936296287782e-05
5.0325,-1.8206794401182322e-05
5.035,-1.8590452641070675e-05
5.0375,-1.8982823963095889e-05
5.04,-1.9381478497245197e-05
5.0425,-1.9783820269049136e-05
5.045,-2.0187209797109415e-05
5.0475,-2.0588997373233705e-05
5.05,-2.0986367847234686e-05
5.0525,-2.1376544187060692e-05
5.055,-2.1756657521323975e-05
5.0575,-2.2123787190933292e-05
5.06,-2.2475109734725871e-05
5.0625,-2.2807924392899751e-05
5.065,-2.3119581786355135e-05
5.0675,-2.3407632887716133e-05
5.07,-2.3669723281084825e-05
5.0725,-2.3903484936667548e-05
5.075,-2.4106730785623709e-05
5.0775,-2.4277391782052043e-05
5.08,-2.4413596810385466e-05
5.0825,-2.4513705392878569e-05
5.085,-2.4576360792900509e-05
5.0875,-2.4600539673775373e-05
5.09,-2.4585545280762135e-05
5.0925,-2.4531018808439126e-05
5.095,-2.4436927676521011e-05
5.0975,-2.4303600017392303e-05
5.1,-2.4131685397714329e-05
5.1025,-2.3922160469930084e-05
5.105,-2.367635255287947e-05
5.1075,-2.3395910852466231e-05
5.11,-2.3082700001886927e-05
5.1125,-2.2739156863648214e-05
5.115,-2.2367909895393945e-05
5.1175,-2.1972082972816401e-05
5.12,-2.155508689164161e-05
5.1225,-2.1120516011308716e-05
5.125,-2.0672141523893212e-05
5.1275,-2.0213719681653686e-05
5.13,-1.9748939289997542e-05
5.1325,-1.9281447576425602e-05
5.135,-1.8814632120903872e-05
5.1375,-1.8351767606157739e-05
5.14,-1.7895968738358934e-05
5.1425,-1.7450252574349914e-05
5.145,-1.701754062307232e-05
5.1475,-1.6600626193205718e-05
5.15,-1.6202211035114614e-05
5.1525,-1.5824771038707527e-05
5.155,-1.5470619128450797e-05
5.1575,-1.5141559710358301e-05
5.16,-1.4839161009374007e-05
5.1625,-1.4564541146489842e-05
5.165,-1.4318442042348181e-05
5.1675,-1.410130623126259e-05
5.17,-1.3913255373711014e-05
5.1725,-1.3754074421357176e-05
5.175,-1.3623303806722719e-05
5.1775,-1.3520173143878344e-05
5.18,-1.3443657462885425e-05
5.1825,-1.3392555578695833e-05
5.185,-1.3365471118134999e-05
5.1875,-1.3360779102060835e-05
5.19,-1.3376587235097214e-05
5.1925,-1.3410748279361657e-05
5.195,-1.3460948106774805e-05
5.1975,-1.3524652902328737e-05
5.2,-1.3599351075744114e-05
5.2025,-1.3682630775675274e-05
5.205,-1.3772272842820168e-05
5.2075,-1.3866239215035803e-05
5.21,-1.3962682272569287e-05
5.2125,-1.4059925181621874e-05
5.215,-1.4156485488090425e-05
5.2175,-1.4251108679930137e-05
5.22,-1.4342705954837766e-05
5.2225,-1.4430382849568468e-05
5.225,-1.4513490437554339e-05
5.2275,-1.4591680717222776e-05
5.23,-1.466506041987061e-05
5.2325,-1.473399417230071e-05
5.235,-1.4799097041887762e-05
5.2375,-1.4861208985581264e-05
5.24,-1.4921341775034714e-05
5.2425,-1.4980601743130304e-05
5.245,-1.5040153530338774e-05
5.2475,-1.5101210939109389e-05
5.25,-1.5165017890565953e-05
5.2525,-1.5232807595357385e-05
5.255,-1.530596445176652e-05
5.2575,-1.538603197621446e-05
5.26,-1.5474660108134232e-05
5.2625,-1.5573587837982353e-05
5.265,-1.56845035012371e-05
5.2675,-1.5808976024644591e-05
5.27,-1.5948360151305335e-05
5.2725,-1.6103783330909335e-05
5.275,-1.6276078991828247e-05
5.2775,-1.6465805989149102e-05
5.28,-1.6673171085131116e-05
5.2825,-1.6898105611657515e-05
5.285,-1.7140174408397848e-05
5.2875,-1.7398791917175565e-05
5.29,-1.7673039903676682e-05
5.2925,-1.796170559163284e-05
5.295,-1.8263351147164129e-05
5.2975,-1.8576152347559213e-05
5.3,-1.8898091817805323e-05
5.3025,-1.922697052938295e-05
5.305,-1.9560297899451149e-05
5.3075,-1.9895493993513953e-05
5.31,-2.0229848805093018e-05
5.3125,-2.0560593368545423e-05
5.315,-2.0884875265857054e-05
5.3175,-2.1199747217813392e-05
5.32,-2.1502328658924442e-05
5.3225,-2.1789917079095875e-05
5.325,-2.2059960961192181e-05
5.3275,-2.2310095391502824e-05
5.33,-2.2538170399104454e-05
5.3325,-2.27420747637724e-05
5.335,-2.2919768672112136e-05
5.3375,-2.3069280834640826e-05
5.34,-2.3188771442907563e-05
5.3425,-2.3276590331140903e-05
5.345,-2.3331357010210603e-05
5.3475,-2.3352032766552278e-05
5.35,-2.3337992499821417e-05
5.3525,-2.3289029446635356e-05
5.355,-2.3205313832722768e-05
5.3575,-2.3087357211946743e-05
5.36,-2.2935881141357981e-05
5.3625,-2.2751884761992131e-05
5.365,-2.2536559370279394e-05
5.3675,-2.2291382044119008e-05
5.37,-2.2018147171402789e-05
5.3725,-2.171909688541925e-05
5.375,-2.1396760882424317e-05
5.3775,-2.1054008439504072e-05
5.38,-2.0694048450587088e-05
5.3825,-2.0320140785157263e-05
5.385,-1.9935565263863723e-05
5.3875,-1.9543612057945707e-05
5.39,-1.9147438258757672e-05
5.3925,-1.8750101333584873e-05
5.395,-1.83545396832617e-05
5.3975,-1.7963760390322855e-05
5.4,-1.7580775613689927e-05
5.4025,-1.7208548604143289e-05
5.405,-1.6850011127440423e-05
5.4075,-1.6507838350088053e-05
5.41,-1.6184362443597534e-05
5.4125,-1.5881457433373677e-05
5.415,-1.5600841097738187e-05
5.4175,-1.5343779826026614e-05
5.42,-1.5111343797352899e-05
5.4225,-1.4904284293876536e-05
5.425,-1.4723068460679116e-05
5.4275,-1.4567824557284855e-05
5.43,-1.4438407717880053e-05
5.4325,-1.4334328390161765e-05
5.435,-1.4254920586720376e-05
5.4375,-1.4199343892299937e-05
5.44,-1.416657755611635e-05
5.4425,-1.4155389506239426e-05
5.445,-1.4164232596573096e-05
5.4475,-1.4191249855790066e-05
5.45,-1.4234279145199387e-05
5.4525,-1.4290971244249773e-05
5.455,-1.435895723172188e-05
5.4575,-1.4435792758063667e-05
5.46,-1.4519095827727483e-05
5.4625,-1.4606451623637678e-05
5.465,-1.4695523033083142e-05
5.4675,-1.4784066488982945e-05
5.47,-1.4870105899793419e-05
5.4725,-1.4952050201415429e-05
5.475,-1.5028746553751513e-05
5.4775,-1.509945595909029e-05
5.48,-1.5163718248303708e-05
5.4825,-1.5221254702658015e-05
5.485,-1.5271938617236093e-05
5.4875,-1.5315850335171855e-05
5.49,-1.5353290504531713e-05
5.4925,-1.5384905654942906e-05
5.495,-1.5411461357191585e-05
5.4975,-1.5433954573006495e-05
5.5,-1.5453584908345299e-05
5.5025,-1.5471672701723733e-05
5.505,-1.5489667335261866e-05
5.5075,-1.5509052666518373e-05
5.51,-1.5531359134182588e-05
5.5125,-1.5558169165374955e-05
5.515,-1.5591104736228503e-05
5.5175,-1.5631836986501239e-05
5.52,-1.5682055503721556e-05
5.5225,-1.574348314440426e-05
5.525,-1.5817843152758262e-05
5.5275,-1.5906863908881583e-05
5.53,-1.6012048062282197e-05
5.5325,-1.6134776700705259e-05
5.535,-1.6276084624494808e-05
5.5375,-1.6436686023428633e-05
5.54,-1.6616864476983407e-05
5.5425,-1.681655285283659e-05
5.545,-1.7035248271387256e-05
5.5475,-1.7272202538667604e-05
5.55,-1.7526388820126711e-05
5.5525,-1.7796534783038762e-05
5.555,-1.8081249222182115e-05
5.5575,-1.8378862876620923e-05
5.56,-1.8687357602477238e-05
5.5625,-1.900449537708123e-05
5.565,-1.9327863563130702e-05
5.5675,-1.9654926541012325e-05
5.57,-1.9983053219003076e-05
5.5725,-2.0309356638712399e-05
5.575,-2.0630828707305317e-05
5.5775,-2.0944480981369694e-05
5.58,-2.1247259046441194e-05
5.5825,-2.1536276357780422e-05
5.585,-2.1808716668254118e-05
5.5875,-2.2061839079755663e-05
5.59,-2.2293081662712211e-05
5.5925,-2.2499951512624659e-05
5.595,-2.2680098128488414e-05
5.5975,-2.2831302886942197e-05
5.6,-2.2951554744577946e-05
5.6025,-2.3039142872129852e-05
5.605,-2.3092772282567965e-05
5.6075,-2.3111561618408798e-05
5.61,-2.3095056866878429e-05
5.6125,-2.3043158562838687e-05
5.615,-2.2956053952797493e-05
5.6175,-2.2834192673043886e-05
5.62,-2.2678246806931296e-05
5.6225,-2.2489227835578597e-05
5.625,-2.2268497828083879e-05
5.6275,-2.2017801800467576e-05
5.63,-2.1739305243433194e-05
5.6325,-2.1435584592543909e-05
5.635,-2.1109494898583449e-05
5.6375,-2.0764128765583723e-05
5.64,-2.0402749652769547e-05
5.6425,-2.0028680803697162e-05
5.645,-1.9645204637017861e-05
5.6475,-1.925555619531079e-05
5.65,-1.8862870036704319e-05
5.6525,-1.8470068548691365e-05
5.655,-1.8080150834799386e-05
5.6575,-1.7695902737866331e-05
5.66,-1.7320239664738932e-05
5.6625,-1.695583061989701e-05
5.665,-1.6605267602512484e-05
5.6675,-1.62707843416712e-05
5.67,-1.5954462979109406e-05
5.6725,-1.5657923398939773e-05
5.675,-1.5382574446215296e-05
5.6775,-1.5129447366271154e-05
5.68,-1.4899309780007472e-05
5.6825,-1.4692646644889154e-05
5.685,-1.4509612120354934e-05
5.6875,-1.4350099886155951e-05
5.69,-1.421377150286815e-05
5.6925,-1.4100094173578529e-05
5.695,-1.4008434109636361e-05
5.6975,-1.3938007835365326e-05
5.7,-1.3887864747684962e-05
5.7025,-1.3856800615850772e-05
5.705,-1.3843294737198958e-05
5.7075,-1.3845577745082981e-05
5.71,-1.3861724150407822e-05
5.7125,-1.3889810102900735e-05
5.715,-1.392790507296153e-05
5.7175,-1.3974145751522663e-05
5.72,-1.4026673963944607e-05
5.7225,-1.4083598162242567e-05
5.725,-1.4143066726912871e-05
5.7275,-1.4203387323158014e-05
5.73,-1.4263164436949963e-05
5.7325,-1.4321420706552695e-05
5.735,-1.4377614193569808e-05
5.7375,-1.443154723449678e-05
5.74,-1.4483294388349791e-05
5.7425,-1.4533106924278626e-05
5.745,-1.4581339727265486e-05
5.7475,-1.4628463120458439e-05
5.75,-1.4675098844820835e-05
5.7525,-1.4722114165338813e-05
5.755,-1.4770511036062381e-05
5.7575,-1.482146622422147e-05
5.76,-1.4876345113420407e-05
5.7625,-1.4936622747002765e-05
5.765,-1.5003764572833415e-05
5.7675,-1.5079222899744681e-05
5.77,-1.5164382696448955e-05
5.7725,-1.5260615197449474e-05
5.775,-1.5369192645916094e-05
5.7775,-1.5491368287173505e-05
5.78,-1.5628355486432774e-05
5.7825,-1.5781388821867966e-05
5.785,-1.5951598566419029e-05
5.7875,-1.6140062008357119e-05
5.79,-1.6347570047118099e-05
5.7925,-1.6574619917498669e-05
5.795,-1.6821235802600973e-05
5.7975,-1.7087027000435227e-05
5.8,-1.7371148369335149e-05
5.8025,-1.7672463698881097e-05
5.805,-1.7989511128553555e-05
5.8075,-1.8320664606317192e-05
5.81,-1.8664050929443245e-05
5.8125,-1.9017608183003936e-05
5.815,-1.9378959699990941e-05
5.8175,-1.9745456692961424e-05
5.82,-2.0114348084085167e-05
5.8225,-2.0482803705238214e-05
5.825,-2.0847836995653259e-05
5.8275,-2.1206516956199554e-05
5.83,-2.155580329993624e-05
5.8325,-2.1892609802111875e-05
5.835,-2.2213739790704667e-05
5.8375,-2.2516084570893494e-05
5.84,-2.2796581576867221e-05
5.8425,-2.3052379477647153e-05
5.845,-2.328088337908147e-05
5.8475,-2.3479638956017378e-05
5.85,-2.3646510351382933e-05
5.8525,-2.3779532739136653e-05
5.855,-2.387699078457219e-05
5.8575,-2.3937371957924942e-05
5.86,-2.3959439020488358e-05
5.8625,-2.394230517132578e-05
5.865,-2.3885467603141228e-05
5.8675,-2.3788817651351035e-05
5.87,-2.3652652511247461e-05
5.8725,-2.3477563630436789e-05
5.875,-2.3264521578631162e-05
5.8775,-2.3014763378101692e-05
5.88,-2.2729931169137933e-05
5.8825,-2.2412023307751764e-05
5.885,-2.2063439198495591e-05
5.8875,-2.1687100562899436e-05
5.89,-2.1286154038219238e-05
5.8925,-2.0864083812284927e-05
5.895,-2.042460359378008e-05
5.8975,-1.9971405219983594e-05
5.9,-1.950832538247673e-05
5.9025,-1.9039065423807666e-05
5.905,-1.8567312924201817e-05
5.9075,-1.809661938232677e-05
5.91,-1.7630491024497692e-05
5.9125,-1.7172346753951877e-05
5.915,-1.6725617940593802e-05
5.9175,-1.6293593469987517e-05
5.92,-1.5879447763137577e-05
5.9225,-1.5486077735370269e-05
5.925,-1.5116086200722015e-05
5.9275,-1.4771539809676547e-05
5.93,-1.4454276905632368e-05
5.9325,-1.416566045215131e-05
5.935,-1.3906639665713105e-05
5.9375,-1.3678000569839537e-05
5.94,-1.3480109517430782e-05
5.9425,-1.3312972259113782e-05
5.945,-1.3176272768170835e-05
5.9475,-1.3069400765048194e-05
5.95,-1.2991499000748772e-05
5.9525,-1.2941428471812945e-05
5.955,-1.2917809170844789e-05
5.9575,-1.2919092322715754e-05
5.96,-1.2943445812601382e-05
5.9625,-1.2988847922514545e-05
5.965,-1.305294405423931e-05
5.9675,-1.3133229749906372e-05
5.97,-1.322713197383378e-05
5.9725,-1.3332122453810999e-05
5.975,-1.3445709622442733e-05
5.9775,-1.3565500872905593e-05
5.98,-1.3689190922923781e-05
5.9825,-1.3814593873822737e-05
5.985,-1.39396452524439e-05
5.9875,-1.4062605308694768e-05
5.99,-1.418203494606374e-05
5.9925,-1.429691341012489e-05
5.995,-1.440661692949674e-05
5.9975,-1.4510817583703091e-05
6.0,-1.4609426219605103e-05
6.0025,-1.4702579227519876e-05
6.005,-1.4790527889990513e-05
6.0075,-1.4873713279388876e-05
6.01,-1.4952750288912835e-05
6.0125,-1.5028436758413243e-05
6.015,-1.5101782832268823e-05
6.0175,-1.5174024474182664e-05
6.02,-1.5246680269673484e-05
6.0225,-1.5321361416462043e-05
6.025,-1.5399765555998263e-05
6.0275,-1.5483638511994184e-05
6.03,-1.5574667936341921e-05
6.0325,-1.5674550005926829e-05
6.035,-1.5784847312194932e-05
6.0375,-1.5907191475199291e-05
6.04,-1.6043111365330798e-05
6.0425,-1.6194079844620019e-05
6.045,-1.6361402105432611e-05
6.0475,-1.6546208161314541e-05
6.05,-1.6749377372107035e-05
6.0525,-1.6971396411933055e-05
6.055,-1.721233105857063e-05
6.0575,-1.7471883815596754e-05
6.06,-1.7749309133397871e-05
6.0625,-1.8043564449574191e-05
6.065,-1.8353288325914602e-05
6.0675,-1.8676805023519256e-05
6.07,-1.9012168526824637e-05
6.0725,-1.9357104052617831e-05
6.075,-1.9708988954715735e-05
6.0775,-2.0065200733126808e-05
6.08,-2.0422983414918884e-05
6.0825,-2.0779437419505533e-05
6.085,-2.1131623298287008e-05
6.0875,-2.1476485470884385e-05
6.09,-2.1810762401774328e-05
6.0925,-2.2131222327230961e-05
6.095,-2.2434643082114384e-05
6.0975,-2.2717853348763671e-05
6.1,-2.297787675927821e-05
6.1025,-2.3211898173265477e-05
6.105,-2.3417291946429081e-05
6.1075,-2.3591756392821104e-05
6.11,-2.3733132436361185e-05
6.1125,-2.3839549481412309e-05
6.115,-2.3909341360323673e-05
6.1175,-2.3941139049174837e-05
6.12,-2.3933950974267116e-05
6.1225,-2.3887188182690917e-05
6.125,-2.3800709624400978e-05
6.1275,-2.3674829822911209e-05
6.13,-2.3510246217364633e-05
6.1325,-2.3307994835171604e-05
6.135,-2.3069437508850396e-05
6.1375,-2.279629474928294e-05
6.14,-2.2490608809767577e-05
6.1425,-2.215485598627606e-05
6.145,-2.1791784084752443e-05
6.1475,-2.1404643255080949e-05
6.15,-2.0996829190260799e-05
6.1525,-2.0571920502975005e-05
6.155,-2.013352053172408e-05
6.1575,-1.9685257065310758e-05
6.16,-1.9230785398859932e-05
6.1625,-1.8773729150232039e-05
6.165,-1.8317616914384609e-05
6.1675,-1.7865842038605941e-05
6.17,-1.742181341165426e-05
6.1725,-1.6988764823116762e-05
6.175,-1.6569855207110996e-05
6.1775,-1.6168127575860884e-05
6.18,-1.5786400590861719e-05
6.1825,-1.5427101746544031e-05
6.185,-1.5092357372404321e-05
6.1875,-1.478388413679448e-05
6.19,-1.4502949221000054e-05
6.1925,-1.4250587289900609e-05
6.195,-1.4027462367110387e-05
6.1975,-1.3833881686194135e-05
6.2,-1.3669841323897741e-05
6.2025,-1.3534982551575694e-05
6.205,-1.3428605458275517e-05
6.2075,-1.3349701658174693e-05
6.21,-1.3296964308185416e-05
6.2125,-1.3268889281642911e-05
6.215,-1.3263687888930123e-05
6.2175,-1.3279496724127019e-05
6.22,-1.3314227120096564e-05
6.2225,-1.33655256810296e-05
6.225,-1.3430950534581e-05
6.2275,-1.3508021601059437e-05
6.23,-1.3594294718060195e-05
6.2325,-1.3687307443399255e-05
6.235,-1.3784703475086364e-05
6.2375,-1.388415950317319e-05
6.24,-1.398342209666162e-05
6.2425,-1.4080425583533371e-05
6.245,-1.41733780306856e-05
6.2475,-1.4260878693480794e-05
6.25,-1.4341989459844455e-05
6.2525,-1.4416171597422211e-05
6.255,-1.4483285359983969e-05
6.2575,-1.4543462536144674e-05
6.26,-1.4597083067720235e-05
6.2625,-1.4644674429338358e-05
6.265,-1.4686960581943831e-05
6.2675,-1.4724898939366257e-05
6.27,-1.4759446756071833e-05
6.2725,-1.4791881627802468e-05
6.275,-1.4823638559451303e-05
6.2775,-1.4856343776569032e-05
6.28,-1.4891776588721742e-05
6.2825,-1.4931806210382262e-05
6.285,-1.4978348699629514e-05
6.2875,-1.5033285547596746e-05
6.29,-1.5098477871719426e-05
6.2925,-1.5175740206130701e-05
6.295,-1.5266815828422239e-05
6.2975,-1.5373378251217362e-05
6.3,-1.5496974338863679e-05
6.3025,-1.5639026013988561e-05
6.305,-1.5800752286032799e-05
6.3075,-1.5983072610925196e-05
6.31,-1.6186580349052009e-05
6.3125,-1.6411550569770997e-05
6.315,-1.6657806842582146e-05
6.3175,-1.6924888434795685e-05
6.32,-1.7211913352527112e-05
6.3225,-1.7517716001345726e-05
6.325,-1.7840760582132098e-05
6.3275,-1.8179251609260977e-05
6.33,-1.8530977148782055e-05
6.3325,-1.8893306644577078e-05
6.335,-1.9263645031870461e-05
6.3375,-1.9639178609994761e-05
6.34,-2.0017083998640727e-05
6.3425,-2.0394410100060364e-05
6.345,-2.0768154473186441e-05
6.3475,-2.1135177840364651e-05
6.35,-2.1492249165377001e-05
6.3525,-2.1836023075863681e-05
6.355,-2.2163302508585433e-05
6.3575,-2.2470877836402195e-05
6.36,-2.2755751807993391e-05
6.3625,-2.301508471852934e-05
6.365,-2.324630062356211e-05
6.3675,-2.3446879170785024e-05
6.37,-2.3614548991002101e-05
6.3725,-2.37471965121148e-05
6.375,-2.3842983963795045e-05
6.3775,-2.3900459687103834e-05
6.38,-2.391859276329076e-05
6.3825,-2.3896791215808891e-05
6.385,-2.3834868465843683e-05
6.3875,-2.3732969178101782e-05
6.39,-2.3591666404471433e-05
6.3925,-2.341184353970671e-05
6.395,-2.3194850717694157e-05
6.3975,-2.2942382928506177e-05
6.4,-2.2656712928202392e-05
6.4025,-2.2340504700265873e-05
6.405,-2.199668459054112e-05
6.4075,-2.1628496351059971e-05
6.41,-2.1239345530889949e-05
6.4125,-2.0832685013146711e-05
6.415,-2.0412110733828354e-05
6.4175,-1.9981246858014296e-05
6.42,-1.9543741503090638e-05
6.4225,-1.9103148264648155e-05
6.425,-1.8663001577682552e-05
6.4275,-1.8226683838186514e-05
6.43,-1.779749557168007e-05
6.4325,-1.7378778757906464e-05
6.435,-1.6973645043727377e-05
6.4375,-1.6585067139219404e-05
6.44,-1.6215619685174593e-05
6.4425,-1.5867575011738056e-05
6.445,-1.5542692446085681e-05
6.4475,-1.5242487759136822e-05
6.45,-1.4968090335458394e-05
6.4525,-1.4720309633165458e-05
6.455,-1.4499641519318239e-05
6.4575,-1.4306211418467211e-05
6.46,-1.413982321134176e-05
6.4625,-1.3999881082962324e-05
6.465,-1.3885527357913382e-05
6.4675,-1.3795607746609346e-05
6.47,-1.3728794737818039e-05
6.4725,-1.3683604519632406e-05
6.475,-1.3658387713080566e-05
6.4775,-1.3651174028300084e-05
6.48,-1.3659919485719049e-05
6.4825,-1.3682402408427098e-05
6.485,-1.3716295220887852e-05
6.4875,-1.3759331631885962e-05
6.49,-1.3809344076511889e-05
6.4925,-1.3864191472664068e-05
6.495,-1.3921800351293494e-05
6.4975,-1.3980171132256368e-05
6.5,-1.4037423419573219e-05
6.5025,-1.4091967726771004e-05
6.505,-1.4142548446390859e-05
6.5075,-1.4188356324810987e-05
6.51,-1.4228995309425024e-05
6.5125,-1.4264428200011965e-05
6.515,-1.4294913831831631e-05
6.5175,-1.4320952908581891e-05
6.52,-1.4343255971120237e-05
6.5225,-1.4362663783069067e-05
6.525,-1.4380163577218822e-05
6.5275,-1.4396977920247306e-05
6.53,-1.4414361562252158e-05
6.5325,-1.4433740771490608e-05
6.535,-1.445677228291137e-05
6.5375,-1.4485261247610949e-05
6.54,-1.4521109887677883e-05
6.5425,-1.4566291275207579e-05
6.545,-1.4622803004612481e-05
6.5475,-1.4692535546585549e-05
6.55,-1.4777284220815544e-05
6.5525,-1.4878761232387345e-05
6.555,-1.499846489178912e-05
6.5575,-1.5137816302769718e-05
6.56,-1.5298066550555063e-05
6.5625,-1.5480238900576487e-05
6.565,-1.5685077520965375e-05
6.5675,-1.5913009910178579e-05
6.57,-1.6164049627998288e-05
6.5725,-1.6437788235790975e-05
6.575,-1.6733366044474158e-05
6.5775,-1.7049568578112976e-05
6.58,-1.7384885251531254e-05
6.5825,-1.7737476352906976e-05
6.585,-1.8105226266098323e-05
6.5875,-1.8485531565438053e-05
6.59,-1.8875511485259818e-05
6.5925,-1.9272141068990786e-05
6.595,-1.9672405891388836e-05
6.5975,-2.0073151664939128e-05
6.6,-2.0471180621049317e-05
6.6025,-2.0863024073445291e-05
6.605,-2.1245344745306528e-05
6.6075,-2.1614659720536413e-05
6.61,-2.1967646663851419e-05
6.6125,-2.2300949283095937e-05
6.615,-2.2611315407437321e-05
6.6175,-2.2895723465210588e-05
6.62,-2.3151374881206504e-05
6.6225,-2.337560405319878e-05
6.625,-2.3566007590514356e-05
6.6275,-2.3720292975877997e-05
6.63,-2.3836511020129411e-05
6.6325,-2.3913047844835e-05
6.635,-2.3948707328564818e-05
6.6375,-2.3942709939837927e-05
6.64,-2.3894751342450365e-05
6.6425,-2.3804943299515286e-05
6.645,-2.3673771836342454e-05
6.6475,-2.350206611426259e-05
6.65,-2.329100085303971e-05
6.6525,-2.3042151203285756e-05
6.655,-2.2757599062436009e-05
6.6575,-2.2439806036501887e-05
6.66,-2.2091674201681363e-05
6.6625,-2.1716449393880199e-05
6.665,-2.1317665791919429e-05
6.6675,-2.0898832862697912e-05
6.67,-2.0463767475165238e-05
6.6725,-2.0016278687225271e-05
6.675,-1.9560206980340333e-05
6.6775,-1.9099538262589273e-05
6.68,-1.8638133657609394e-05
6.6825,-1.8179683808953665e-05
6.685,-1.7727854107526825e-05
6.6875,-1.7286224030755796e-05
6.69,-1.6858176010279377e-05
6.6925,-1.6447010931610564e-05
6.695,-1.605581194980544e-05
6.6975,-1.5687252120311777e-05
6.7,-1.5343669785376889e-05
6.7025,-1.5026913576777481e-05
6.705,-1.4738539341794477e-05
6.7075,-1.4479708990584923e-05
6.71,-1.4251242127494295e-05
6.7125,-1.4053543934352831e-05
6.715,-1.3886658495524549e-05
6.7175,-1.3750201598708822e-05
6.72,-1.3643430642073459e-05
6.7225,-1.356524571450943e-05
6.725,-1.3514269372352633e-05
6.7275,-1.3488933233813327e-05
6.73,-1.3487491763164608e-05
6.7325,-1.3508003986557094e-05
6.735,-1.3548315222120616e-05
6.7375,-1.3605956402733119e-05
6.74,-1.3678386262964038e-05
6.7425,-1.3762918923544475e-05
6.745,-1.3856883973977514e-05
6.7475,-1.3957743022779936e-05
6.75,-1.4062945431761262e-05
6.7525,-1.4170054106814086e-05
6.755,-1.4276677178265587e-05
6.7575,-1.438062351368152e-05
6.76,-1.447996780835284e-05
6.7625,-1.4573173306811015e-05
6.765,-1.4659229700202049e-05
6.7675,-1.4737554509858042e-05
6.77,-1.4807968536790075e-05
6.7725,-1.4870599731420167e-05
6.775,-1.4925857603748725e-05
6.7775,-1.4974297134843214e-05
6.78,-1.5016614500517657e-05
6.7825,-1.5053684103803285e-05
6.785,-1.5086633971856841e-05
6.7875,-1.5116655547619596e-05
6.79,-1.5145202434126895e-05
6.7925,-1.5173911265234856e-05
6.795,-1.5204609806367248e-05
6.7975,-1.5239232964515281e-05
6.8,-1.5279761024071232e-05
6.8025,-1.5328167303693156e-05
6.805,-1.5386375013031355e-05
6.8075,-1.5456237669268969e-05
6.81,-1.5539526353543723e-05
6.8125,-1.5637934115568617e-05
6.815,-1.5753054537500123e-05
6.8175,-1.5886337600661392e-05
6.82,-1.6039070682323503e-05
6.8225,-1.6212226168736327e-05
6.825,-1.6406514434274654e-05
6.8275,-1.6622163741633477e-05
6.83,-1.685908053131558e-05
6.8325,-1.71166277761393e-05
6.835,-1.7393945051801011e-05
6.8375,-1.7689764038212644e-05
6.84,-1.8002520971664214e-05
6.8425,-1.833031563377262e-05
6.845,-1.8670691709735072e-05
6.8475,-1.9021105526768841e-05
6.85,-1.9378727423469143e-05
6.8525,-1.9740645199531332e-05
6.855,-2.010384109845144e-05
6.8575,-2.0465240501251158e-05
6.86,-2.0821584516016605e-05
6.8625,-2.1169584685726985e-05
6.865,-2.1505807386517277e-05
6.8675,-2.1826889398974063e-05
6.87,-2.2129603033768009e-05
6.8725,-2.2410915023284191e-05
6.875,-2.266782963368634e-05
6.8775,-2.2897466613941297e-05
6.88,-2.3097207653025586e-05
6.8825,-2.326449016118935e-05
6.885,-2.3396889141712776e-05
6.8875,-2.3492311314900255e-05
6.89,-2.3549038973656795e-05
6.8925,-2.356578141075402e-05
6.895,-2.3541708180371892e-05
6.8975,-2.3476453894380357e-05
6.9,-2.3370112728606677e-05
6.9025,-2.3223157321940676e-05
6.905,-2.3036401506136451e-05
6.9075,-2.2811147659217849e-05
6.91,-2.2548976101519983e-05
6.9125,-2.2252046468114194e-05
6.915,-2.1922940314158309e-05
6.9175,-2.1564719255433294e-05
6.92,-2.1180698486092794e-05
6.9225,-2.0774489223183917e-05
6.925,-2.0349868662875258e-05
6.9275,-1.9910658407666696e-05
6.93,-1.9460723843411486e-05
6.9325,-1.900417022481702e-05
6.935,-1.8544830686836582e-05
6.9375,-1.8086700884395802e-05
6.94,-1.7633448621481349e-05
6.9425,-1.7188687091314971e-05
6.945,-1.6756004298908387e-05
6.9475,-1.6338742404622097e-05
6.95,-1.5940266097554893e-05
6.9525,-1.5563597955855119e-05
6.955,-1.5211435855231832e-05
6.9575,-1.4885993726871732e-05
6.96,-1.4589142039041401e-05
6.9625,-1.4322274607772347e-05
6.965,-1.4086472632273798e-05
6.9675,-1.3882403487734655e-05
6.97,-1.3710332454483665e-05
6.9725,-1.3570198799652579e-05
6.975,-1.3461440870721766e-05
6.9775,-1.3383157167524943e-05
6.98,-1.3334056736090011e-05
6.9825,-1.3312597036890775e-05
6.985,-1.331702395752792e-05
6.9875,-1.3345445668195373e-05
6.99,-1.3395749700233432e-05
6.9925,-1.346557154764977e-05
6.995,-1.3552320760113188e-05
6.9975,-1.365324416159335e-05
7.0,-1.3765483801580037e-05
