Physical Time (s),enth_flux_pressure_left Monitor (kg-m/s^3)
0.0025,4.646141187150189e-06
0.005,9.536967923174595e-05
0.0075,0.00054288849545468124
0.01,0.0014261984987629225
0.0125,0.0024209204981111114
0.015,0.0030191069365979538
0.0175,0.0023210768080930535
0.02,0.00042404804806221079
0.0225,-0.0015914534566119271
0.025,-0.0027122987015039393
0.0275,-0.0027648663456032187
0.03,-0.0022166569891902011
0.0325,-0.0015068510327394303
0.035,-0.00087966222991770469
0.0375,-0.00041731038903521079
0.04,-0.00011568640332561193
0.0425,5.6050382456290251e-05
0.045,0.00013204360373802733
0.0475,0.00014672584842056845
0.05,0.00013500405546454695
0.0525,0.00012619308147444926
0.055,0.00014031979147491417
0.0575,0.00018210942737588226
0.06,0.00023795429263702466
0.0625,0.00028147948221057904
0.065,0.00028604089030257601
0.0675,0.00023950329624624567
0.07,0.00014944531216278263
0.0725,4.1323704863513365e-05
0.075,-4.7925105484567085e-05
0.0775,-8.3287322563901795e-05
0.08,-4.4822398074228046e-05
0.0825,6.5242999410784297e-05
0.085,0.00022415632408762584
0.0875,0.00039472812398502202
0.09,0.00053663845229721062
0.0925,0.0006153467111601694
0.095,0.00061097304169901393
0.0975,0.00052500539340507007
0.1,0.00037309965188924999
0.1025,0.00018162698854744087
0.105,-1.7409380849130582e-05
0.1075,-0.00019386217903712621
0.11,-0.00032535820313107141
0.1125,-0.00040055551108623586
0.115,-0.00041956958263830176
0.1175,-0.00039103064483845282
0.12,-0.00032919648041495025
0.1225,-0.00024998801278728689
0.125,-0.00016779913281271782
0.1275,-9.3852431907954126e-05
0.13,-3.5045904828732475e-05
0.1325,6.161140541881374e-06
0.135,3.0653548747902633e-05
0.1375,4.1383328414481082e-05
0.14,4.223372956616177e-05
0.1425,3.7291788032606664e-05
0.145,3.0230642061108755e-05
0.1475,2.3796578980464538e-05
0.15,1.9668871816934998e-05
0.1525,1.8585501935453259e-05
0.155,2.0590824668651463e-05
0.1575,2.5322559911060952e-05
0.16,3.2126652997624733e-05
0.1625,4.0260396717009061e-05
0.165,4.9002761669687963e-05
0.1675,5.7694130274258788e-05
0.17,6.5513561992424583e-05
0.1725,7.1643952081505382e-05
0.175,7.5273091748666616e-05
0.1775,7.5860486175311132e-05
0.18,7.3295286792684472e-05
0.1825,6.7923734934478136e-05
0.185,6.0547977229573848e-05
0.1875,5.2262510812301998e-05
0.19,4.4240507712226783e-05
0.1925,3.7501331137011555e-05
0.195,3.276480595600058e-05
0.1975,3.0294317851610973e-05
0.2,2.9841620242880867e-05
0.2025,3.0704331579330713e-05
0.205,3.1873492247082184e-05
0.2075,3.2259258822849394e-05
0.21,3.0969084198050402e-05
0.2125,2.7438271714358977e-05
0.215,2.1517323136555143e-05
0.2175,1.3535399891296803e-05
0.22,4.1739394601421571e-06
0.2225,-5.5905242317733059e-06
0.225,-1.4739426547363517e-05
0.2275,-2.2369673420164093e-05
0.23,-2.7773767617227594e-05
0.2325,-3.0530501011629855e-05
0.235,-3.0539686561854e-05
0.2375,-2.7996954185990286e-05
0.24,-2.3008244693050304e-05
0.2425,-1.6701379353450272e-05
0.245,-9.6633751372914636e-06
0.2475,-2.5143721585832165e-06
0.25,4.4401293781992947e-06
0.2525,1.1054721637606062e-05
0.255,1.712048293315256e-05
0.2575,2.2768524582325556e-05
0.26,2.8078832358618185e-05
0.2625,3.3260111552780946e-05
0.265,3.8406778794748408e-05
0.2675,4.3554012193421779e-05
0.27,4.8589441722125449e-05
0.2725,5.3022660177133414e-05
0.275,5.6568876965762695e-05
0.2775,5.8942773578801079e-05
0.28,6.0191747620750796e-05
0.2825,6.0027111844874799e-05
0.285,5.8418639658148276e-05
0.2875,5.5172013185616667e-05
0.29,5.0375731873283783e-05
0.2925,4.4358938111322386e-05
0.295,3.7472106479157905e-05
0.2975,3.0014295234118427e-05
0.3,2.2128740362739576e-05
0.3025,1.4347598517685915e-05
0.305,7.1880474995217122e-06
0.3075,8.7609887403659533e-07
0.31,-4.2273703164912002e-06
0.3125,-7.9310091106989193e-06
0.315,-1.0352709718819049e-05
0.3175,-1.1544091763425387e-05
0.32,-1.1660510533596896e-05
0.3225,-1.0874545292675954e-05
0.325,-9.2330257908301932e-06
0.3275,-6.7693083278551543e-06
0.33,-3.5131465812007982e-06
0.3325,5.0843690889951683e-07
0.335,5.4623641759973539e-06
0.3375,1.12038857859064e-05
0.34,1.7370816668110722e-05
0.3425,2.3800294219845203e-05
0.345,3.0247338672903737e-05
0.3475,3.6364130397561001e-05
0.35,4.2175057389096617e-05
0.3525,4.745070894947061e-05
0.355,5.1976971000662977e-05
0.3575,5.5575847633916503e-05
0.36,5.81222422905216e-05
0.3625,5.9547151806791026e-05
0.365,5.9822247104315665e-05
0.3675,5.8947466223613572e-05
0.37,5.6950602333616017e-05
0.3725,5.3872464733722237e-05
0.375,4.9850260379500132e-05
0.3775,4.4939678064960907e-05
0.38,3.9242399030227861e-05
0.3825,3.2852581829201819e-05
0.385,2.583991024955818e-05
0.3875,1.8261199404970062e-05
0.39,1.0183929789811947e-05
0.3925,1.7031562105936854e-06
0.395,-7.0538538594594374e-06
0.3975,-1.5924873990548389e-05
0.4,-2.4711224842546197e-05
0.4025,-3.3173672736207482e-05
0.405,-4.1181205934775821e-05
0.4075,-4.8390257168853225e-05
0.41,-5.4424806591665765e-05
0.4125,-5.8989420542208655e-05
0.415,-6.1607558754600756e-05
0.4175,-6.2063272624120075e-05
0.42,-6.0152972869481389e-05
0.4225,-5.5783044228488613e-05
0.425,-4.9104402623662359e-05
0.4275,-4.0310771444913177e-05
0.43,-2.9967139242777315e-05
0.4325,-1.8251856646182991e-05
0.435,-5.1939328359279866e-06
0.4375,8.4399705053931009e-06
0.44,2.2408582103057542e-05
0.4425,3.6260070027895167e-05
0.445,4.9529050889293545e-05
0.4475,6.1666649476467333e-05
0.45,7.243691026741305e-05
0.4525,8.1730069812185999e-05
0.455,8.948192108804162e-05
0.4575,9.5631409561023787e-05
0.46,9.9985884949528613e-05
0.4625,0.00010280067617608759
0.465,0.00010426191758202999
0.4675,0.00010442679881813422
0.47,0.00010332688201346158
0.4725,0.00010099117380993831
0.475,9.7484461705518873e-05
0.4775,9.2796688732957761e-05
0.48,8.6997720001221113e-05
0.4825,8.054936269758131e-05
0.485,7.3770559292008208e-05
0.4875,6.6915768686016863e-05
0.49,6.0078661256462215e-05
0.4925,5.3334408904707987e-05
0.495,4.6733373667842112e-05
0.4975,4.0290659578832939e-05
0.5,3.4035805248736332e-05
0.5025,2.7944108277615547e-05
0.505,2.2036110729277513e-05
0.5075,1.6297221101177497e-05
0.51,1.0699561775164441e-05
0.5125,5.2120597097328604e-06
0.515,-1.8312012840512586e-07
0.5175,-5.5258300925028614e-06
0.52,-1.0823558184202418e-05
0.5225,-1.6062574516102758e-05
0.525,-2.1203537987119866e-05
0.5275,-2.6176353805260244e-05
0.53,-3.0852572686636383e-05
0.5325,-3.4954349508483493e-05
0.535,-3.8273289368983545e-05
0.5375,-4.0447622505234027e-05
0.54,-4.1627190346955591e-05
0.5425,-4.1658898577684191e-05
0.545,-4.0424803356817746e-05
0.5475,-3.7831955111220539e-05
0.55,-3.3776392226081485e-05
0.5525,-2.831289772058031e-05
0.555,-2.1591899155182931e-05
0.5575,-1.3791278773055435e-05
0.56,-5.152973328871482e-06
0.5625,4.0144474767530808e-06
0.565,1.336805068253377e-05
0.5675,2.2567643020247172e-05
0.57,3.1298141892752062e-05
0.5725,3.9284447184036849e-05
0.575,4.6298269038517182e-05
0.5775,5.2164046202692806e-05
0.58,5.6762070050248503e-05
0.5825,6.0041866644678401e-05
0.585,6.2024137693777442e-05
0.5875,6.2790929194882632e-05
0.59,6.2473793470270401e-05
0.5925,6.1233285035002791e-05
0.595,5.9240591290909527e-05
0.5975,5.666300712208282e-05
0.6,5.3658498377984261e-05
0.6025,5.0372086106420034e-05
0.605,4.6931933470987643e-05
0.6075,4.3447700558629763e-05
0.61,4.0005887811400345e-05
0.6125,3.6669301608223704e-05
0.615,3.3478883764908653e-05
0.6175,3.0456755503903559e-05
0.62,2.7610669241864354e-05
0.6225,2.4938998941932656e-05
0.625,2.2438019846493756e-05
0.6275,2.0097870497444771e-05
0.63,1.7910034102972023e-05
0.6325,1.5868054523298072e-05
0.635,1.3970428506572426e-05
0.6375,1.2220080729407693e-05
0.64,1.0625475428093714e-05
0.6425,9.2011750511865881e-06
0.645,7.9678599911380865e-06
0.6475,6.9526361848145028e-06
0.65,6.1828042177997904e-06
0.6525,5.684286196989732e-06
0.655,5.4755560988252739e-06
0.6575,5.5644723588442756e-06
0.66,5.9483771425258795e-06
0.6625,6.6167753045395482e-06
0.665,7.5534944349502411e-06
0.6675,8.737284276105893e-06
0.67,1.014116353626554e-05
0.6725,1.1732364910113105e-05
0.675,1.3473752340355739e-05
0.6775,1.5323996183843263e-05
0.68,1.7237831396123653e-05
0.6825,1.9167999242244234e-05
0.685,2.1069591756271193e-05
0.6875,2.2893121801169962e-05
0.69,2.4600484718971576e-05
0.6925,2.6160146463634735e-05
0.695,2.7548527295059654e-05
0.6975,2.8750664641777319e-05
0.7,2.9759730436211622e-05
0.7025,3.0576111599385386e-05
0.705,3.1206515669951285e-05
0.7075,3.1662947814505262e-05
0.71,3.1961620841648939e-05
0.7125,3.2121554048701367e-05
0.715,3.2163083826509011e-05
0.7175,3.2105728967142067e-05
0.72,3.1965190626083633e-05
0.7225,3.1753689815290154e-05
0.725,3.1478061714889979e-05
0.7275,3.1138463401149388e-05
0.73,3.0728677565921834e-05
0.7325,3.0239204198704701e-05
0.735,2.9656097629367263e-05
0.7375,2.8955603698421422e-05
0.74,2.8112576221724315e-05
0.7425,2.7106767288364106e-05
0.745,2.5924485991098897e-05
0.7475,2.4560583726335848e-05
0.75,2.3020833366517341e-05
0.7525,2.1322238624041557e-05
0.755,1.9491741239000233e-05
0.7575,1.7565103885809513e-05
0.76,1.5587110494429451e-05
0.7625,1.3612817380544079e-05
0.765,1.1708310728806262e-05
0.7675,9.947266461787034e-06
0.77,8.4074350515657354e-06
0.7725,7.1601262560472439e-06
0.775,6.2716097779945298e-06
0.7775,5.799328094242836e-06
0.78,5.7869669734353768e-06
0.7825,6.2640327194984936e-06
0.785,7.2456210105805703e-06
0.7875,8.7309063914947771e-06
0.79,1.0704163699432967e-05
0.7925,1.3136218314162806e-05
0.795,1.5980488178031548e-05
0.7975,1.9173792416049577e-05
0.8,2.2635102702185619e-05
0.8025,2.6267961324147606e-05
0.805,2.9965107377788375e-05
0.8075,3.3613914173414368e-05
0.81,3.7101890402138586e-05
0.8125,4.03229122347539e-05
0.815,4.3181171321480716e-05
0.8175,4.5597330449626772e-05
0.82,4.7510048587608123e-05
0.8225,4.8878485349683798e-05
0.825,4.9683115101490491e-05
0.8275,4.9925428940959114e-05
0.83,4.9626397236948497e-05
0.8325,4.8824571651532004e-05
0.835,4.7573861666796712e-05
0.8375,4.5940198877885498e-05
0.84,4.3999081432757188e-05
0.8425,4.1833666188975652e-05
0.845,3.9531464940311875e-05
0.8475,3.7179167871374602e-05
0.85,3.4864074427118897e-05
0.8525,3.2665078837141174e-05
0.855,3.0648784352133477e-05
0.8575,2.8867720333012554e-05
0.86,2.7359063703947757e-05
0.8625,2.6142487458204086e-05
0.865,2.5220105637800745e-05
0.8675,2.4578082087136785e-05
0.87,2.418813155949706e-05
0.8725,2.4009824700453795e-05
0.875,2.3990721454333384e-05
0.8775,2.4071813413870596e-05
0.88,2.4187672692531097e-05
0.8825,2.4269611700563887e-05
0.885,2.4248632945465004e-05
0.8875,2.4058570025661986e-05
0.89,2.3641624941756472e-05
0.8925,2.2951230456337062e-05
0.895,2.1950865721855492e-05
0.8975,2.0618223362314997e-05
0.9,1.8948948896895604e-05
0.9025,1.6954150385910661e-05
0.905,1.4659331901442815e-05
0.9075,1.2105300441039894e-05
0.91,9.3452442048887846e-06
0.9125,6.4448716596997522e-06
0.915,3.4840105753449215e-06
0.9175,5.5378956378155988e-07
0.92,-2.2418905983877277e-06
0.9225,-4.7975389337365747e-06
0.925,-7.0180246854186851e-06
0.9275,-8.8237318413749363e-06
0.93,-1.0150327867569458e-05
0.9325,-1.0947204600044034e-05
0.935,-1.1176765401693431e-05
0.9375,-1.0814660337719135e-05
0.94,-9.850112086037975e-06
0.9425,-8.286356612781153e-06
0.945,-6.1411904078301476e-06
0.9475,-3.4475365744183084e-06
0.95,-2.5217338386667501e-07
0.9525,3.3851371357867451e-06
0.955,7.3935155181424246e-06
0.9575,1.1693550098094529e-05
0.96,1.6200123223154967e-05
0.9625,2.0825000609971114e-05
0.965,2.5480742860480489e-05
0.9675,3.0083683745194459e-05
0.97,3.4553531600655232e-05
0.9725,3.8814356421804219e-05
0.975,4.2796536243466273e-05
0.9775,4.6438601121349236e-05
0.98,4.9688861130950512e-05
0.9825,5.2503429740099688e-05
0.985,5.4849358775556718e-05
0.9875,5.6704330708828999e-05
0.99,5.8056180319578104e-05
0.9925,5.8902017720173642e-05
0.995,5.924686604862126e-05
0.9975,5.9102598961190525e-05
1.0,5.8487170845268269e-05
1.0025,5.7423933254537163e-05
1.005,5.5941075759315256e-05
1.0075,5.4070618729066899e-05
1.01,5.1847451556665168e-05
1.0125,4.9309029041444242e-05
1.015,4.6494463847354432e-05
1.0175,4.3445735765841233e-05
1.02,4.0203244573808743e-05
1.0225,3.6809335361347395e-05
1.025,3.3308138295508902e-05
1.0275,2.9744362983429445e-05
1.03,2.61637324044153e-05
1.0325,2.2611441014654087e-05
1.035,1.9132415266429864e-05
1.0375,1.5772924583003581e-05
1.04,1.2577035739555265e-05
1.0425,9.5910829710203251e-06
1.045,6.8587786487899293e-06
1.0475,4.4212015162723085e-06
1.05,2.316351056776929e-06
1.0525,5.7807525147917006e-07
1.055,-7.647174528922851e-07
1.0575,-1.6890075452615337e-06
1.06,-2.1781503235317936e-06
1.0625,-2.2224513677318134e-06
1.065,-1.8195787144386411e-06
1.0675,-9.7498375711267469e-07
1.07,2.9795994950789327e-07
1.0725,1.9776479409666435e-06
1.075,4.034128025080394e-06
1.0775,6.429762359633159e-06
1.08,9.1190403808088773e-06
1.0825,1.2050329134246816e-05
1.085,1.5164992313299396e-05
1.0875,1.8399336434216743e-05
1.09,2.1686286507783199e-05
1.0925,2.4957390890059675e-05
1.095,2.8144358543383372e-05
1.0975,3.1181452247095152e-05
1.1,3.4008763324785077e-05
1.1025,3.6573879472591125e-05
1.105,3.8832903579765999e-05
1.1075,4.07510193846387e-05
1.11,4.2302516063803638e-05
1.1125,4.3469507397665435e-05
1.115,4.4241984258114348e-05
1.1175,4.4618039246924394e-05
1.12,4.4603556826508906e-05
1.1225,4.4212639953434852e-05
1.125,4.346725660661986e-05
1.1275,4.2395876324740803e-05
1.13,4.1033006070867013e-05
1.1325,3.9418153502272004e-05
1.135,3.7594590434342781e-05
1.1375,3.5608039778599931e-05
1.14,3.3505263877633325e-05
1.1425,3.1334010003383262e-05
1.145,2.9140830923532053e-05
1.1475,2.697049994967767e-05
1.15,2.4865266006276935e-05
1.1525,2.2864067715867747e-05
1.155,2.1001420732756812e-05
1.1575,1.930743758837484e-05
1.16,1.7807922461358331e-05
1.1625,1.6523391311961832e-05
1.165,1.5468788124010008e-05
1.1675,1.4653644470377909e-05
1.17,1.4082043276273592e-05
1.1725,1.3752670821341248e-05
1.175,1.3658992122362519e-05
1.1775,1.3789524666321165e-05
1.18,1.4128578599821024e-05
1.1825,1.465797367149775e-05
1.185,1.5358853845317778e-05
1.1875,1.6210919736281922e-05
1.19,1.7190545860384416e-05
1.1925,1.8270903487173835e-05
1.195,1.9423498914232963e-05
1.1975,2.061899345788502e-05
1.2,2.1828571861281753e-05
1.2025,2.3024795889340572e-05
1.205,2.418186907434283e-05
1.2075,2.5275593158001297e-05
1.21,2.6283458285610154e-05
1.2125,2.7185266784668126e-05
1.215,2.7963055696307134e-05
1.2175,2.86018663373573e-05
1.22,2.9090339130627261e-05
1.2225,2.9420967185111676e-05
1.225,2.959001996823758e-05
1.2275,2.9596991919082766e-05
1.23,2.9444074256479825e-05
1.2325,2.913583881121868e-05
1.235,2.8679058364425314e-05
1.2375,2.8082311791268381e-05
1.24,2.73559212207788e-05
1.2425,2.6511819137927624e-05
1.245,2.5563481246949638e-05
1.2475,2.4525465248317739e-05
1.25,2.341340479941375e-05
1.2525,2.2244403237559269e-05
1.255,2.1035603086852702e-05
1.2575,1.9803983526048425e-05
1.26,1.8566704978511489e-05
1.2625,1.7339804731928143e-05
1.265,1.6139474985961379e-05
1.2675,1.4980728449828651e-05
1.27,1.3877749176461945e-05
1.2725,1.2842652343030885e-05
1.275,1.1889196000112092e-05
1.2775,1.1029960032262484e-05
1.28,1.0276473029473702e-05
1.2825,9.6392874255618774e-06
1.285,9.1275753730805189e-06
1.2875,8.7489565443358997e-06
1.29,8.5092545808345993e-06
1.2925,8.4130167531733782e-06
1.295,8.4635188707818372e-06
1.2975,8.6626408780054762e-06
1.3,9.0108013627161078e-06
1.3025,9.506626833465359e-06
1.305,1.0146680792217004e-05
1.3075,1.092555209700779e-05
1.31,1.183603529899423e-05
1.3125,1.2869487360117666e-05
1.315,1.4015859442262472e-05
1.3175,1.526385558574153e-05
1.32,1.6600915066383287e-05
1.3225,1.801342100154203e-05
1.325,1.9487118531110547e-05
1.3275,2.1006963439960696e-05
1.33,2.2557328442865039e-05
1.3325,2.4122538743495999e-05
1.335,2.568383217069862e-05
1.3375,2.7227612620609165e-05
1.34,2.8739028841030933e-05
1.3425,3.0202960975101831e-05
1.345,3.1606168410898747e-05
1.3475,3.2934688982508219e-05
1.35,3.4177315940258284e-05
1.3525,3.5320400560877403e-05
1.355,3.635330887969564e-05
1.3575,3.7267509808966521e-05
1.36,3.8056154307834342e-05
1.3625,3.8714102055017705e-05
1.365,3.923776353439076e-05
1.3675,3.9624302341475076e-05
1.37,3.9871873859172488e-05
1.3725,3.997941907791805e-05
1.375,3.9946732040258482e-05
1.3775,3.9774513139856279e-05
1.38,3.9464233912491238e-05
1.3825,3.901803026416508e-05
1.385,3.8438686898551805e-05
1.3875,3.7729667848252873e-05
1.39,3.6895131771031097e-05
1.3925,3.5940081275256543e-05
1.395,3.4870468709296205e-05
1.3975,3.3693119132041001e-05
1.4,3.2416443626060409e-05
1.4025,3.1048547501869008e-05
1.405,2.9599063492034888e-05
1.4075,2.8079724035820777e-05
1.41,2.650262943990512e-05
1.4125,2.4881082872832065e-05
1.415,2.322928722941831e-05
1.4175,2.1561870782859074e-05
1.42,1.9895138422902781e-05
1.4225,1.8245970275428151e-05
1.425,1.6631504484782711e-05
1.4275,1.5068445196973171e-05
1.43,1.357366938715153e-05
1.4325,1.2163324581061723e-05
1.435,1.085224973403544e-05
1.4375,9.6536476722374567e-06
1.44,8.5799513299817628e-06
1.4425,7.6420080713939618e-06
1.445,6.8490259711833592e-06
1.4475,6.2084827418854289e-06
1.45,5.7262624358252285e-06
1.4525,5.4069159395602845e-06
1.455,5.2534952254089438e-06
1.4575,5.2671838386692223e-06
1.46,5.4468454661424867e-06
1.4625,5.7892250745408582e-06
1.465,6.2890711978845701e-06
1.4675,6.939531681323256e-06
1.47,7.7324910887165263e-06
1.4725,8.6580706328809638e-06
1.475,9.7048584650000623e-06
1.4775,1.0860069300109973e-05
1.48,1.2109531862237705e-05
1.4825,1.3437985620642358e-05
1.485,1.4829242096756819e-05
1.4875,1.626734351924892e-05
1.49,1.7735421468551871e-05
1.4925,1.9215858084039453e-05
1.495,2.0691764654796091e-05
1.4975,2.2146629255396827e-05
1.5,2.3564472622670797e-05
1.5025,2.4929815271731281e-05
1.505,2.6227693724569514e-05
1.5075,2.7443473944417767e-05
1.51,2.8563765938627367e-05
1.5125,2.9574869400120365e-05
1.515,3.0464291967045374e-05
1.5175,3.1220642134096346e-05
1.52,3.1833885552684457e-05
1.5225,3.2295463315004175e-05
1.525,3.259831526959037e-05
1.5275,3.2736825744222585e-05
1.53,3.2706958837436893e-05
1.5325,3.2506630939866105e-05
1.535,3.2136287618412965e-05
1.5375,3.1599251806027886e-05
1.54,3.0901308955732574e-05
1.5425,3.0050305786489129e-05
1.545,2.9056116669035917e-05
1.5475,2.7930292451141746e-05
1.55,2.6686871686794521e-05
1.5525,2.5340939330471517e-05
1.555,2.3909932199666801e-05
1.5575,2.2413087023982777e-05
1.56,2.0872967162268424e-05
1.5625,1.9309463504082386e-05
1.565,1.7744105896247847e-05
1.5675,1.6199262393415127e-05
1.57,1.4696380868849086e-05
1.5725,1.3255740748355695e-05
1.575,1.1896256937839951e-05
1.5775,1.0638058424361966e-05
1.58,9.4988070255486114e-06
1.5825,8.4948621608759665e-06
1.585,7.6412567773298645e-06
1.5875,6.9510044148486187e-06
1.59,6.4347909592546229e-06
1.5925,6.1004272114241371e-06
1.595,5.952272870544243e-06
1.5975,5.991446629402181e-06
1.6,6.2161878831630683e-06
1.6025,6.6216347599554945e-06
1.605,7.200585355045742e-06
1.6075,7.9430109815728017e-06
1.61,8.8359619919818057e-06
1.6125,9.8640699073283484e-06
1.615,1.1010121499277659e-05
1.6175,1.2255625411426635e-05
1.62,1.358025451262116e-05
1.6225,1.4962436908971838e-05
1.625,1.6380506290374929e-05
1.6275,1.781269841503699e-05
1.63,1.9237015292203646e-05
1.6325,2.0632672353154104e-05
1.635,2.1979428153369957e-05
1.6375,2.3258353717308986e-05
1.64,2.4452151943623484e-05
1.6425,2.5545575623655834e-05
1.645,2.6525810221023375e-05
1.6475,2.7381763570347329e-05
1.65,2.8104427862041709e-05
1.6525,2.8686788365188306e-05
1.655,2.912428203923529e-05
1.6575,2.9415282582105826e-05
1.66,2.9561342061889234e-05
1.6625,2.9566692289824978e-05
1.665,2.9438072878904126e-05
1.6675,2.9184200498913849e-05
1.67,2.8815966129468278e-05
1.6725,2.8346329237152023e-05
1.675,2.7790004532118722e-05
1.6775,2.7162821413186423e-05
1.68,2.6480904491578651e-05
1.6825,2.5760561672787681e-05
1.685,2.5018195893804921e-05
1.6875,2.4270289869051542e-05
1.69,2.3533538643687691e-05
1.6925,2.2824210017865542e-05
1.695,2.2157675494839207e-05
1.6975,2.1547551048967116e-05
1.7,2.100628832788461e-05
1.7025,2.0544030343619888e-05
1.705,2.0168548642935571e-05
1.7075,1.9885103020215633e-05
1.71,1.969632363697008e-05
1.7125,1.9602447813010577e-05
1.715,1.9601653488251364e-05
1.7175,1.9689946287872995e-05
1.72,1.9862501449160096e-05
1.7225,2.011342073088673e-05
1.725,2.0434778953199064e-05
1.7275,2.0816887610912628e-05
1.73,2.1243277613301067e-05
1.7325,2.1706236493746839e-05
1.735,2.2191494168467368e-05
1.7375,2.2684337399393894e-05
1.74,2.3170557948380853e-05
1.7425,2.3636912277947563e-05
1.745,2.4070570963051535e-05
1.7475,2.4458126477373308e-05
1.75,2.4786966306424806e-05
1.7525,2.5047011273340828e-05
1.755,2.523101485866596e-05
1.7575,2.5333340404752722e-05
1.76,2.5347721912893342e-05
1.7625,2.5269176833358989e-05
1.765,2.5094129978335885e-05
1.7675,2.482055394356445e-05
1.77,2.4448271361375828e-05
1.7725,2.3978626521752887e-05
1.775,2.341416668287123e-05
1.7775,2.2758617373639924e-05
1.78,2.2017479143220322e-05
1.7825,2.1198639821864607e-05
1.785,2.0310637175917813e-05
1.7875,1.9364054256222907e-05
1.79,1.8370767448452121e-05
1.7925,1.7342505046449375e-05
1.795,1.6290973882580382e-05
1.7975,1.5227422259647067e-05
1.8,1.4163057945476606e-05
1.8025,1.3109993292233151e-05
1.805,1.2079524547594995e-05
1.8075,1.1083640342414413e-05
1.81,1.0133799926684909e-05
1.8125,9.2408684787862551e-06
1.815,8.4154038444721759e-06
1.8175,7.6675816402566793e-06
1.82,7.0073969227176729e-06
1.8225,6.4437757609648478e-06
1.825,5.9842081908112328e-06
1.8275,5.6344278761270504e-06
1.83,5.3987419420596256e-06
1.8325,5.280014547836117e-06
1.835,5.279862099011844e-06
1.8375,5.3987667799983467e-06
1.84,5.6361190844397544e-06
1.8425,5.9904171625109003e-06
1.845,6.4588529940469507e-06
1.8475,7.0375998713517993e-06
1.85,7.7220013748512622e-06
1.8525,8.5064642037521683e-06
1.855,9.3842383859067332e-06
1.8575,1.0346424026899205e-05
1.86,1.1383764706677585e-05
1.8625,1.2485652754757918e-05
1.865,1.3640545250932746e-05
1.8675,1.4836284444684927e-05
1.87,1.6060698070485797e-05
1.8725,1.7301265166959431e-05
1.875,1.8546171679906079e-05
1.8775,1.9782963425504666e-05
1.88,2.0999517648725513e-05
1.8825,2.2184995829531496e-05
1.885,2.3327199400753513e-05
1.8875,2.4414541015047835e-05
1.89,2.5436579933042386e-05
1.8925,2.6383488125430397e-05
1.895,2.7246615177457738e-05
1.8975,2.8018654435324422e-05
1.9,2.8693316843295637e-05
1.9025,2.9265395982949913e-05
1.905,2.9731097974981586e-05
1.9075,3.0087604238256569e-05
1.91,3.0333871547478466e-05
1.9125,3.0470359352580026e-05
1.915,3.049885352084112e-05
1.9175,3.0422286079222297e-05
1.92,3.0244277756160042e-05
1.9225,2.9969229977187607e-05
1.925,2.9601773578066638e-05
1.9275,2.9147207165957793e-05
1.93,2.8612723086522909e-05
1.9325,2.8005798446202648e-05
1.935,2.7334608948651848e-05
1.9375,2.6607777124776928e-05
1.94,2.583375890782348e-05
1.9425,2.5020930582108843e-05
1.945,2.4177531667382011e-05
1.9475,2.3312040909632069e-05
1.95,2.2433488250915369e-05
1.9525,2.1551676829112336e-05
1.955,2.0675186119801226e-05
1.9575,1.9812633699890234e-05
1.96,1.8971496533061004e-05
1.9625,1.8158864986550422e-05
1.965,1.7381776146768049e-05
1.9675,1.6647465405382783e-05
1.97,1.596286662160392e-05
1.9725,1.5333804195393326e-05
1.975,1.4765413085221291e-05
1.9775,1.4257474396057281e-05
1.98,1.3817318956067934e-05
1.9825,1.3447874188250985e-05
1.985,1.3152288403782036e-05
1.9875,1.2932940653023793e-05
1.99,1.2791579251329726e-05
1.9925,1.2728590255935509e-05
1.995,1.2742649369162837e-05
1.9975,1.2830614495210213e-05
2.0,1.2988803078635344e-05
2.0025,1.3214281830571254e-05
2.005,1.3505137758446808e-05
2.0075,1.3859210584863797e-05
2.01,1.4273281558028778e-05
2.0125,1.4737177175506892e-05
2.015,1.52502596022277e-05
2.0175,1.5805164442803323e-05
2.02,1.6394759401491332e-05
2.0225,1.7012235401544556e-05
2.025,1.7651058922568164e-05
2.0275,1.8304810347572247e-05
2.03,1.8966464675377604e-05
2.0325,1.9628656656103329e-05
2.035,2.0284997391404152e-05
2.0375,2.0929396412294668e-05
2.04,2.1555629078512114e-05
2.0425,2.2156586564353779e-05
2.045,2.2723445172285844e-05
2.0475,2.3247936157846379e-05
2.05,2.3721625908061151e-05
2.0525,2.4136961681037149e-05
2.055,2.4487579439754571e-05
2.0575,2.4768638160093292e-05
2.06,2.4976615284784537e-05
2.0625,2.5108778011875797e-05
2.065,2.516311972640777e-05
2.0675,2.5138442450573215e-05
2.07,2.5034725932266062e-05
2.0725,2.4852092989585801e-05
2.075,2.4591480463174524e-05
2.0775,2.4254434970148599e-05
2.08,2.3843660830256519e-05
2.0825,2.3362292504046833e-05
2.085,2.2814326590704237e-05
2.0875,2.2204882596733535e-05
2.09,2.1540474151655934e-05
2.0925,2.0828582883075029e-05
2.095,2.0077107048770623e-05
2.0975,1.9294399889038497e-05
2.1,1.8489764788274443e-05
2.1025,1.767269929707161e-05
2.105,1.6851622606945538e-05
2.1075,1.603491610344221e-05
2.11,1.5232952648169195e-05
2.1125,1.4454691252656702e-05
2.115,1.3708558258766923e-05
2.1175,1.3003350801999155e-05
2.12,1.2346101765363714e-05
2.1225,1.1744676766673618e-05
2.125,1.1206944191408102e-05
2.1275,1.0740399432522975e-05
2.13,1.0350539702331118e-05
2.1325,1.0041921334560508e-05
2.135,9.8181153292956366e-06
2.1375,9.6814658885137631e-06
2.14,9.6325379575440273e-06
2.1425,9.6709801007913181e-06
2.145,9.7950923223936962e-06
2.1475,1.0002405781476703e-05
2.15,1.0289959434627367e-05
2.1525,1.0653942923853521e-05
2.155,1.1089906868627637e-05
2.1575,1.1592011096124514e-05
2.16,1.2157062036124033e-05
2.1625,1.2774775169699829e-05
2.165,1.3436409038833066e-05
2.1675,1.4132846244555079e-05
2.17,1.4854690623919773e-05
2.1725,1.5592457046246562e-05
2.175,1.6336939381099475e-05
2.1775,1.7078275664708814e-05
2.18,1.7806521123112028e-05
2.1825,1.8515722356130967e-05
2.185,1.9202216676630004e-05
2.1875,1.98631532717267e-05
2.19,2.0494309635135793e-05
2.1925,2.1089411712047329e-05
2.195,2.1641298668221114e-05
2.1975,2.2139091069028271e-05
2.2,2.2581832898884695e-05
2.2025,2.2965610255219731e-05
2.205,2.3287233815893529e-05
2.2075,2.3544995899131561e-05
2.21,2.3738215242081383e-05
2.2125,2.3867899659319841e-05
2.215,2.3938076278128704e-05
2.2175,2.3953969903658946e-05
2.22,2.3920238627285786e-05
2.2225,2.3840870642150519e-05
2.225,2.3718693456845863e-05
2.2275,2.3557328208734196e-05
2.23,2.3361054563321365e-05
2.2325,2.3135137858695306e-05
2.235,2.2886698672855794e-05
2.2375,2.2623209946674154e-05
2.24,2.235270055871761e-05
2.2425,2.208298619818839e-05
2.245,2.1821289008891566e-05
2.2475,2.1572727590880939e-05
2.25,2.1342827545357354e-05
2.2525,2.1136364002171204e-05
2.255,2.0955830697262325e-05
2.2575,2.0803422846082331e-05
2.26,2.068019918767569e-05
2.2625,2.0586825388830809e-05
2.265,2.0523214113463443e-05
2.2675,2.0489356085334165e-05
2.27,2.0484456829543844e-05
2.2725,2.0507887934810801e-05
2.275,2.0558778910384341e-05
2.2775,2.0635816470959047e-05
2.28,2.0736376697621737e-05
2.2825,2.0856514314565476e-05
2.285,2.0990795239251519e-05
2.2875,2.1130367361432909e-05
2.29,2.1270921183033856e-05
2.2925,2.1405118019408715e-05
2.295,2.1526416935594729e-05
2.2975,2.1628776958721715e-05
2.3,2.1707059001094331e-05
2.3025,2.1755935864881641e-05
2.305,2.1769988599658873e-05
2.3075,2.1745139597524142e-05
2.31,2.1678077989650106e-05
2.3125,2.1566999359542707e-05
2.315,2.1410907536713612e-05
2.3175,2.1208893477009451e-05
2.32,2.0959919168349903e-05
2.3225,2.0663003606350995e-05
2.325,2.0316230151017317e-05
2.3275,1.992091506647447e-05
2.33,1.947880355743809e-05
2.3325,1.8993455493876296e-05
2.335,1.8469352285603462e-05
2.3375,1.7910817469686537e-05
2.34,1.7324818500413282e-05
2.3425,1.6720032117771261e-05
2.345,1.6105754329874913e-05
2.3475,1.5489403101808321e-05
2.35,1.4876052589904292e-05
2.3525,1.4269520845807969e-05
2.355,1.3678837124952979e-05
2.3575,1.3106342140335257e-05
2.36,1.2560177533711475e-05
2.3625,1.2050008658361254e-05
2.365,1.1584959753408777e-05
2.3675,1.117511453005793e-05
2.37,1.0828388540207678e-05
2.3725,1.0550051989671595e-05
2.375,1.0343135777917544e-05
2.3775,1.0209904613352112e-05
2.38,1.0152902963616158e-05
2.3825,1.0174436642399191e-05
2.385,1.0275791423351981e-05
2.3875,1.045680203121703e-05
2.39,1.0716492072111785e-05
2.3925,1.1052838351095835e-05
2.395,1.1462766764000737e-05
2.3975,1.1942397231593586e-05
2.4,1.2487164921538449e-05
2.4025,1.3091823809251856e-05
2.405,1.3750522536738639e-05
2.4075,1.4456681473262813e-05
2.41,1.5203627441168554e-05
2.4125,1.5983987135871687e-05
2.415,1.6790989072025416e-05
2.4175,1.7616891995916561e-05
2.42,1.8459247815393807e-05
2.4225,1.9304782283110459e-05
2.425,2.0144689791967498e-05
2.4275,2.0970125873066569e-05
2.43,2.1772489702541919e-05
2.4325,2.2543522453452243e-05
2.435,2.3275271401571728e-05
2.4375,2.3959197492977462e-05
2.44,2.4587277055565922e-05
2.4425,2.5153367175003856e-05
2.445,2.5654010747665862e-05
2.4475,2.6087023168653949e-05
2.45,2.6450631988915772e-05
2.4525,2.6742687683532449e-05
2.455,2.6961069827955309e-05
2.4575,2.7103981017587844e-05
2.46,2.7170142076444206e-05
2.4625,2.7159048953795623e-05
2.465,2.7071010229069337e-05
2.4675,2.6907205124802715e-05
2.47,2.6669674506864304e-05
2.4725,2.6361240300922509e-05
2.475,2.5985408426260249e-05
2.4775,2.5546326133456371e-05
2.48,2.5048699916670314e-05
2.4825,2.4498030802841233e-05
2.485,2.3900500416732274e-05
2.4875,2.3267900900217981e-05
2.49,2.2601881170703294e-05
2.4925,2.1909570655593481e-05
2.495,2.1198593855805334e-05
2.4975,2.0476050360428506e-05
2.5,1.9748565128263025e-05
2.5025,1.9022687311105902e-05
2.505,1.8305342808282915e-05
2.5075,1.7604366861566976e-05
2.51,1.6927295888280392e-05
2.5125,1.6282353443784339e-05
2.515,1.5673499384189881e-05
2.5175,1.5105074253983335e-05
2.52,1.4576782946724778e-05
2.5225,1.4094962960007109e-05
2.525,1.3662653707839635e-05
2.5275,1.3283178047031523e-05
2.53,1.2960423548285645e-05
2.5325,1.2698384009173478e-05
2.535,1.2500670522276649e-05
2.5375,1.2369689438557239e-05
2.54,1.2306204961213482e-05
2.5425,1.2309449959819872e-05
2.545,1.2377597946257338e-05
2.5475,1.2508184158356533e-05
2.55,1.2698207157044302e-05
2.5525,1.2944022438822291e-05
2.555,1.3241423139056197e-05
2.5575,1.3585542785073133e-05
2.56,1.39709806947946e-05
2.5625,1.4391247115948986e-05
2.565,1.4840204895653631e-05
2.5675,1.53116101518784e-05
2.57,1.5799656223911916e-05
2.5725,1.6299108308681347e-05
2.575,1.6805154058209578e-05
2.5775,1.731316009116455e-05
2.58,1.7818441020551375e-05
2.5825,1.8316294908139872e-05
2.585,1.8801864309585126e-05
2.5875,1.9270282929282294e-05
2.59,1.9716736450467286e-05
2.5925,2.0136897856228048e-05
2.595,2.0526412259533775e-05
2.5975,2.0881069008283753e-05
2.6,2.1196927356307653e-05
2.6025,2.1470396096684209e-05
2.605,2.169837809975492e-05
2.6075,2.1878517835068892e-05
2.61,2.2009176232698511e-05
2.6125,2.2089372819919608e-05
2.615,2.211894805492509e-05
2.6175,2.2098480984185854e-05
2.62,2.2029259874146245e-05
2.6225,2.1913330245694711e-05
2.625,2.1753305829310834e-05
2.6275,2.1552711491151937e-05
2.63,2.1315258275880553e-05
2.6325,2.1044943062194902e-05
2.635,2.074577698310829e-05
2.6375,2.0421889476377609e-05
2.64,2.0077481463427812e-05
2.6425,1.9717068873417214e-05
2.645,1.9345373085429909e-05
2.6475,1.8967767521126959e-05
2.65,1.8588781199875136e-05
2.6525,1.8213319177149612e-05
2.655,1.7846269284557894e-05
2.6575,1.7492396279042886e-05
2.66,1.7156465073680169e-05
2.6625,1.6843181132096573e-05
2.665,1.6556838041529125e-05
2.6675,1.6301305166790843e-05
2.67,1.6079921883427729e-05
2.6725,1.5895573886074387e-05
2.675,1.5750602631126089e-05
2.6775,1.5646793559556993e-05
2.68,1.5585497404910148e-05
2.6825,1.5567466668251946e-05
2.685,1.5593251204954419e-05
2.6875,1.5662710004945411e-05
2.69,1.5774826762691567e-05
2.6925,1.5927737232162625e-05
2.695,1.6119158495733844e-05
2.6975,1.6346345406093514e-05
2.7,1.6606093060709112e-05
2.7025,1.6894824789394678e-05
2.705,1.7208905042835057e-05
2.7075,1.7544512231930229e-05
2.71,1.7897751399082178e-05
2.7125,1.8264346610283955e-05
2.715,1.8639936138808096e-05
2.7175,1.9020396938838004e-05
2.72,1.9401754431965551e-05
2.7225,1.9780107780969419e-05
2.725,2.0151387395009915e-05
2.7275,2.051135301667261e-05
2.73,2.0855487474306197e-05
2.7325,2.1179060614481941e-05
2.735,2.1477653418311691e-05
2.7375,2.1746910487414563e-05
2.74,2.1982906126036482e-05
2.7425,2.2182255652206658e-05
2.745,2.2341856149247663e-05
2.7475,2.2459447401733113e-05
2.75,2.2533490030628552e-05
2.7525,2.2563164809363646e-05
2.755,2.2548434530253523e-05
2.7575,2.2490028645251478e-05
2.76,2.2389185778642604e-05
2.7625,2.2247937435925979e-05
2.765,2.2068702078558524e-05
2.7675,2.1854195144418363e-05
2.77,2.1607360700821992e-05
2.7725,2.1331542533409985e-05
2.775,2.1030373361024084e-05
2.7775,2.0707751916731593e-05
2.78,2.0367823472215137e-05
2.7825,2.0014720804821695e-05
2.785,1.9652842381919632e-05
2.7875,1.9286441572486609e-05
2.79,1.8919858931958175e-05
2.7925,1.8557335249259802e-05
2.795,1.8203015456230644e-05
2.7975,1.7860957412027166e-05
2.8,1.7534889076435681e-05
2.8025,1.7228250299374378e-05
2.805,1.6944018456992271e-05
2.8075,1.6684814370969302e-05
2.81,1.645300873591897e-05
2.8125,1.6250497755363899e-05
2.815,1.6078436208821116e-05
2.8175,1.5937685277357676e-05
2.82,1.5828484535132101e-05
2.8225,1.5750448394247571e-05
2.825,1.5702614338181749e-05
2.8275,1.5683435316116933e-05
2.83,1.5690938616931148e-05
2.8325,1.5722753234400528e-05
2.835,1.5776346838898953e-05
2.8375,1.5849084442989192e-05
2.84,1.5935578086115065e-05
2.8425,1.6035819451726481e-05
2.845,1.6146907715171834e-05
2.8475,1.6265722333735294e-05
2.85,1.6389284741650866e-05
2.8525,1.6514720456961926e-05
2.855,1.663863556548382e-05
2.8575,1.675631256280186e-05
2.86,1.6862669588304157e-05
2.8625,1.6953305192885746e-05
2.865,1.7025502799040562e-05
2.8675,1.7077583404753211e-05
2.87,1.7109516363978626e-05
2.8725,1.7118349715748911e-05
2.875,1.7103781692447298e-05
2.8775,1.706622096020751e-05
2.88,1.7005931670951187e-05
2.8825,1.6922597977242462e-05
2.885,1.6815974835933978e-05
2.8875,1.6686937554076413e-05
2.89,1.6537978446746589e-05
2.8925,1.6372141017490767e-05
2.895,1.6192296993364773e-05
2.8975,1.6001404091158336e-05
2.9,1.5802894097795125e-05
2.9025,1.5600565025165232e-05
2.905,1.539829184604883e-05
2.9075,1.5200444525068861e-05
2.91,1.501165938585692e-05
2.9125,1.4837722298862205e-05
2.915,1.4685117504805681e-05
2.9175,1.456032168567654e-05
2.92,1.4469355364298482e-05
2.9225,1.4416965110407069e-05
2.925,1.4407390340482453e-05
2.9275,1.4443553078255373e-05
2.93,1.4528061018671319e-05
2.9325,1.4663055882427471e-05
2.935,1.4850037619115661e-05
2.9375,1.5089577270225634e-05
2.94,1.5381563788527586e-05
2.9425,1.5724786545859213e-05
2.945,1.6117036845233324e-05
2.9475,1.6555479026602456e-05
2.95,1.7036816191999946e-05
2.9525,1.7557318496165959e-05
2.955,1.8112821594604916e-05
2.9575,1.8698742191841503e-05
2.96,1.9310139588610496e-05
2.9625,1.9941333563111564e-05
2.965,2.0587021605582362e-05
2.9675,2.124196339420912e-05
2.97,2.190079305308574e-05
2.9725,2.2557914181855183e-05
2.975,2.3207334783056505e-05
2.9775,2.3842727429644484e-05
2.98,2.4457359431010603e-05
2.9825,2.5044702768331382e-05
2.985,2.5598253082527741e-05
2.9875,2.6111282007637831e-05
2.99,2.6577066463936541e-05
2.9925,2.6989141632064545e-05
2.995,2.7341540441101845e-05
2.9975,2.7628913364451885e-05
3.0,2.78466515202022e-05
3.0025,2.7991219582175905e-05
3.005,2.8060091062678935e-05
3.0075,2.8051782011771124e-05
3.01,2.7965737151149015e-05
3.0125,2.7802121295390177e-05
3.015,2.7561848450323798e-05
3.0175,2.7246591306650951e-05
3.02,2.685874434463538e-05
3.0225,2.6401308146657666e-05
3.025,2.5877653584626622e-05
3.0275,2.5292390404847821e-05
3.03,2.4650563653448534e-05
3.0325,2.3957613901166865e-05
3.035,2.3219454576783654e-05
3.0375,2.2442543999023399e-05
3.04,2.1633468563300005e-05
3.0425,2.0799067130621966e-05
3.045,1.9946457509463774e-05
3.0475,1.90825922799877e-05
3.05,1.8215251674121648e-05
3.0525,1.7352191193178862e-05
3.055,1.6500886206637975e-05
3.0575,1.566870667306344e-05
3.06,1.4863883111769254e-05
3.0625,1.4092561381165525e-05
3.065,1.3361634617007141e-05
3.0675,1.2677442893024908e-05
3.07,1.2045409521682389e-05
3.0725,1.1470467703935619e-05
3.075,1.0956826236928057e-05
3.0775,1.0508016483264743e-05
3.08,1.0126872159941135e-05
3.0825,9.8153505273145701e-06
3.085,9.5746243540922663e-06
3.0875,9.405011685002462e-06
3.09,9.3058812823241703e-06
3.0925,9.2757792424383862e-06
3.095,9.3124062712310532e-06
3.0975,9.4131657851160391e-06
3.1,9.5751621828807835e-06
3.1025,9.7951136337474975e-06
3.105,1.0069252358372073e-05
3.1075,1.0393291279302428e-05
3.11,1.0762555146207549e-05
3.1125,1.1171948339112431e-05
3.115,1.161642026387667e-05
3.1175,1.2090289522097837e-05
3.12,1.2587476002477224e-05
3.1225,1.3101849289717484e-05
3.125,1.3627060615829076e-05
3.1275,1.415684100226676e-05
3.13,1.4684983217390143e-05
3.1325,1.5205652071976162e-05
3.135,1.5713430532298228e-05
3.1375,1.6203479286929603e-05
3.14,1.667149467156204e-05
3.1425,1.7113848664850353e-05
3.145,1.7526665888552324e-05
3.1475,1.7907966144906127e-05
3.15,1.8256016606240318e-05
3.1525,1.85693750772394e-05
3.155,1.8847014280611088e-05
3.1575,1.9088466257981827e-05
3.16,1.9293614194652324e-05
3.1625,1.9463215445925558e-05
3.165,1.959850472149231e-05
3.1675,1.9700594544037003e-05
3.17,1.9771234093279779e-05
3.1725,1.9812753842192065e-05
3.175,1.982789355092773e-05
3.1775,1.9819665377932081e-05
3.18,1.9791164807607253e-05
3.1825,1.9746003305908604e-05
3.185,1.9687939098929808e-05
3.1875,1.9620691953276475e-05
3.19,1.954796642781106e-05
3.1925,1.9473659706523931e-05
3.195,1.9401363256898638e-05
3.1975,1.9334518881854023e-05
3.2,1.9276448653950989e-05
3.2025,1.9230134671770667e-05
3.205,1.9198239577716537e-05
3.2075,1.918310886372459e-05
3.21,1.918662886448947e-05
3.2125,1.9209880025041593e-05
3.215,1.9254378196234372e-05
3.2175,1.9320972491546759e-05
3.22,1.9409654175565182e-05
3.2225,1.9519766551607516e-05
3.225,1.9650114782548297e-05
3.2275,1.9799264265807823e-05
3.23,1.996573248235941e-05
3.2325,2.014807050024566e-05
3.235,2.0344756875056065e-05
3.2375,2.0554066838849112e-05
3.24,2.0774123591295965e-05
3.2425,2.10028687253984e-05
3.245,2.1237905105729233e-05
3.2475,2.1476421697666589e-05
3.25,2.171521643378716e-05
3.2525,2.1950704410398424e-05
3.255,2.2179134748251584e-05
3.2575,2.239660743378906e-05
3.26,2.2599134990280159e-05
3.2625,2.2782875814549786e-05
3.265,2.2944404924236607e-05
3.2675,2.3080630780195996e-05
3.27,2.3188890102886961e-05
3.2725,2.3266932203123641e-05
3.275,2.3313053490360377e-05
3.2775,2.3326076207603853e-05
3.28,2.3305364769427088e-05
3.2825,2.3250760872179192e-05
3.285,2.3162485913835596e-05
3.2875,2.3041048515094596e-05
3.29,2.2887175354503029e-05
3.2925,2.2701821738146019e-05
3.295,2.2486161072489247e-05
3.2975,2.2241675564555126e-05
3.3,2.1970111229566408e-05
3.3025,2.1673483246778691e-05
3.305,2.1354057003602291e-05
3.3075,2.1014309472439783e-05
3.31,2.0656842221213903e-05
3.3125,2.0284391159396765e-05
3.315,1.9899864402652023e-05
3.3175,1.9506283402681876e-05
3.32,1.9106741935036049e-05
3.3225,1.870440223377562e-05
3.325,1.830253445214167e-05
3.3275,1.7904410295979934e-05
3.33,1.7513279321920889e-05
3.3325,1.7132297018903848e-05
3.335,1.6764406715047333e-05
3.3375,1.641233427704397e-05
3.34,1.6078511816946932e-05
3.3425,1.5765046568893085e-05
3.345,1.5473574811144554e-05
3.3475,1.5205203900871731e-05
3.35,1.4960614879604405e-05
3.3525,1.4740115791501915e-05
3.355,1.4543809686565507e-05
3.3575,1.4371745080147202e-05
3.36,1.4223922467442087e-05
3.3625,1.4100314917704846e-05
3.365,1.4000713866652587e-05
3.3675,1.3924709103322692e-05
3.37,1.3871604644262379e-05
3.3725,1.3840422898394785e-05
3.375,1.3829923667281422e-05
3.3775,1.38385683728796e-05
3.38,1.3864461416000095e-05
3.3825,1.3905367352107182e-05
3.385,1.3958829740502158e-05
3.3875,1.4022299935912897e-05
3.39,1.409331833117465e-05
3.3925,1.4169546209481925e-05
3.395,1.4248909240715071e-05
3.3975,1.4329676788441651e-05
3.4,1.4410408726894228e-05
3.4025,1.4489974278485437e-05
3.405,1.4567479671534875e-05
3.4075,1.4642252914437763e-05
3.41,1.4713769682574568e-05
3.4125,1.4781615855471767e-05
3.415,1.4845438869124435e-05
3.4175,1.4904935062396685e-05
3.42,1.495997470260163e-05
3.4225,1.5010505838403211e-05
3.425,1.5056720414327324e-05
3.4275,1.5099118424314838e-05
3.43,1.5138533052358231e-05
3.4325,1.5176268638478453e-05
3.435,1.5213970889176201e-05
3.4375,1.5253491590319422e-05
3.44,1.5296744187110665e-05
3.4425,1.5345625807833766e-05
3.445,1.5402072070274356e-05
3.4475,1.5467959531165792e-05
3.45,1.5545215326295918e-05
3.4525,1.5635806343475824e-05
3.455,1.5741577082156235e-05
3.4575,1.5864129785792732e-05
3.46,1.6004724278831905e-05
3.4625,1.6164212531571762e-05
3.465,1.6343063491325718e-05
3.4675,1.6541583373308421e-05
3.47,1.6760025666520994e-05
3.4725,1.6998664426642403e-05
3.475,1.7257727491304029e-05
3.4775,1.7537349037323097e-05
3.48,1.7837336783462475e-05
3.4825,1.8157056736257933e-05
3.485,1.8495337687339813e-05
3.4875,1.8850816987437179e-05
3.49,1.9221810157543907e-05
3.4925,1.9606476151376321e-05
3.495,2.000297155265992e-05
3.4975,2.0409338914033726e-05
3.5,2.0823399543844116e-05
3.5025,2.1243036665491169e-05
3.505,2.166570161201272e-05
3.5075,2.2088865657199374e-05
3.51,2.2509517852634507e-05
3.5125,2.2924255421929863e-05
3.515,2.3329325291941176e-05
3.5175,2.3720578859390038e-05
3.52,2.4093837519149842e-05
3.5225,2.4444810058479637e-05
3.525,2.4769478372110912e-05
3.5275,2.5064152897168406e-05
3.53,2.5325422252082274e-05
3.5325,2.5550306672581041e-05
3.535,2.5736134613445437e-05
3.5375,2.588059738521718e-05
3.54,2.5981689324144444e-05
3.5425,2.6037843188396368e-05
3.545,2.604801272268077e-05
3.5475,2.6011637924658782e-05
3.55,2.5928651020266673e-05
3.5525,2.5799423170127627e-05
3.555,2.5624602510353642e-05
3.5575,2.5405262683108919e-05
3.56,2.5142742475983206e-05
3.5625,2.4838670146399834e-05
3.565,2.4494992742180555e-05
3.5675,2.4113909196301238e-05
3.57,2.3697767110820538e-05
3.5725,2.3249149028126625e-05
3.575,2.2770915865927867e-05
3.5775,2.2266169324568533e-05
3.58,2.1738205701925465e-05
3.5825,2.1190543620383516e-05
3.585,2.0626832034492396e-05
3.5875,2.0051022872527211e-05
3.59,1.9467210823559197e-05
3.5925,1.8879456755731172e-05
3.595,1.8291916917363808e-05
3.5975,1.7708431165758472e-05
3.6,1.7132671792495362e-05
3.6025,1.6568093676756041e-05
3.605,1.6018012683984232e-05
3.6075,1.5485519838651273e-05
3.61,1.4973459103688941e-05
3.6125,1.4484388002417583e-05
3.615,1.4020585386448873e-05
3.6175,1.3584126236667801e-05
3.62,1.3176898589652422e-05
3.6225,1.2800590154875467e-05
3.625,1.2456807083678805e-05
3.6275,1.214701846176218e-05
3.63,1.1872731586335802e-05
3.6325,1.1635167421322943e-05
3.635,1.1435300713484961e-05
3.6375,1.1273829102730388e-05
3.64,1.1150669578474046e-05
3.6425,1.1065482946264096e-05
3.645,1.1017436335189413e-05
3.6475,1.1005143052513846e-05
3.65,1.102696049271037e-05
3.6525,1.1081034376733825e-05
3.655,1.1165369275478569e-05
3.6575,1.1277965690782282e-05
3.66,1.1416973321790556e-05
3.6625,1.1580610725881375e-05
3.665,1.1767046411525545e-05
3.6675,1.1974925946412956e-05
3.67,1.2203099410895174e-05
3.6725,1.2450104168379583e-05
3.675,1.2714455742998536e-05
3.6775,1.2994605552114387e-05
3.68,1.328872429206485e-05
3.6825,1.3594801273836679e-05
3.685,1.3910935869121647e-05
3.6875,1.4235200995214469e-05
3.69,1.4565916056751559e-05
3.6925,1.490173402409538e-05
3.695,1.524149632856144e-05
3.6975,1.5584199884702128e-05
3.7,1.5928823771633624e-05
3.7025,1.6274272054621829e-05
3.705,1.6619271483992189e-05
3.7075,1.6962599186469353e-05
3.71,1.7303054874477209e-05
3.7125,1.7639638560549884e-05
3.715,1.7971467566111487e-05
3.7175,1.8297942862916449e-05
3.72,1.8618469853991973e-05
3.7225,1.8932334456227295e-05
3.725,1.9238642009847629e-05
3.7275,1.9536304915057322e-05
3.73,1.9824308237854097e-05
3.7325,2.0101703113257601e-05
3.735,2.0367697650008235e-05
3.7375,2.0621802258419922e-05
3.74,2.0863546814723743e-05
3.7425,2.1092496942779997e-05
3.745,2.1308152144111881e-05
3.7475,2.151001766545762e-05
3.75,2.1697496061560385e-05
3.7525,2.1870037768501968e-05
3.755,2.2027300571965579e-05
3.7575,2.2169188997284871e-05
3.76,2.2295763583001806e-05
3.7625,2.2407317377557697e-05
3.765,2.2504120058210078e-05
3.7675,2.2586456182486524e-05
3.77,2.2654406855180497e-05
3.7725,2.2707726133456716e-05
3.775,2.2745895990537257e-05
3.7775,2.2768175262579619e-05
3.78,2.2773742505933515e-05
3.7825,2.276183343886631e-05
3.785,2.2731844826825636e-05
3.7875,2.2683403825350634e-05
3.79,2.2616406073595127e-05
3.7925,2.2530955866582178e-05
3.795,2.2427322543422174e-05
3.7975,2.2305891510507037e-05
3.8,2.2167181235282061e-05
3.8025,2.2011868537269249e-05
3.805,2.1840803596533068e-05
3.8075,2.1655087850482699e-05
3.81,2.1455982369834605e-05
3.8125,2.1244945786851836e-05
3.815,2.1023488779399301e-05
3.8175,2.0793094603371759e-05
3.82,2.0555240980911023e-05
3.8225,2.0311367807032914e-05
3.825,2.0062841065896005e-05
3.8275,1.9811029704498298e-05
3.83,1.9557218678866589e-05
3.8325,1.9302703124698106e-05
3.835,1.9048794259748582e-05
3.8375,1.8796812201114728e-05
3.84,1.8548191712098669e-05
3.8425,1.8304345701873005e-05
3.845,1.8066718647466937e-05
3.8475,1.7836715332124542e-05
3.85,1.7615684793010078e-05
3.8525,1.7404896642572525e-05
3.855,1.7205410293795716e-05
3.8575,1.7018021069405774e-05
3.86,1.6843338369126122e-05
3.8625,1.6681734862737714e-05
3.865,1.6533388828364572e-05
3.8675,1.6398246217027274e-05
3.87,1.62760527860005e-05
3.8725,1.6166375747564906e-05
3.875,1.6068616763147271e-05
3.8775,1.5982173766092075e-05
3.88,1.5906376193929364e-05
3.8825,1.5840603920232146e-05
3.885,1.5784190868880281e-05
3.8875,1.573648944439954e-05
3.89,1.5696743782584229e-05
3.8925,1.5664251423517813e-05
3.895,1.5638351088419657e-05
3.8975,1.5618372917040769e-05
3.9,1.5603546806432198e-05
3.9025,1.5593006117784987e-05
3.905,1.5585698598253397e-05
3.9075,1.5580482123110691e-05
3.91,1.5576192306253154e-05
3.9125,1.5571728228866793e-05
3.915,1.5566107257187127e-05
3.9175,1.5558556275704237e-05
3.92,1.5548565013295063e-05
3.9225,1.5535947489495248e-05
3.925,1.5520815301935119e-05
3.9275,1.5503538302460851e-05
3.93,1.5484649825273845e-05
3.9325,1.5464772827904499e-05
3.935,1.5444572359537806e-05
3.9375,1.5424785220511598e-05
3.94,1.5406216101878211e-05
3.9425,1.5389690994461555e-05
3.945,1.5375954153760431e-05
3.9475,1.5365842007181914e-05
3.95,1.5360238816903124e-05
3.9525,1.5360286294216102e-05
3.955,1.5367301732079782e-05
3.9575,1.5382708930451455e-05
3.96,1.540793948679374e-05
3.9625,1.5444327956411529e-05
3.965,1.5493086185087017e-05
3.9675,1.5555251267856022e-05
3.97,1.5631697527757647e-05
3.9725,1.5723156040678417e-05
3.975,1.5830185464864931e-05
3.9775,1.5953244727847594e-05
3.98,1.6092664998305717e-05
3.9825,1.624856801898245e-05
3.985,1.6420805655191061e-05
3.9875,1.6608990543223028e-05
3.99,1.6812405032542103e-05
3.9925,1.703019278888775e-05
3.995,1.7261344213385967e-05
3.9975,1.7504742696865692e-05
4.0,1.775915626916332e-05
4.0025,1.8023146412992793e-05
4.005,1.8295030260169787e-05
4.0075,1.857283218811834e-05
4.01,1.8854306468788636e-05
4.0125,1.9137072553571939e-05
4.015,1.9418896768447345e-05
4.0175,1.9697652339249762e-05
4.02,1.9971505620471875e-05
4.0225,2.0238776520244107e-05
4.025,2.049802086057218e-05
4.0275,2.0747676514547476e-05
4.03,2.098612582240041e-05
4.0325,2.1211634682889087e-05
4.035,2.1422176284234849e-05
4.0375,2.1615688525939973e-05
4.04,2.1790178549149671e-05
4.0425,2.1943818256391182e-05
4.045,2.20749508849505e-05
4.0475,2.2182271658978697e-05
4.05,2.2264831443031464e-05
4.0525,2.232196259082584e-05
4.055,2.2353253615321277e-05
4.0575,2.2358563866950011e-05
4.06,2.2338033911851133e-05
4.0625,2.229205268300388e-05
4.065,2.2221281887166949e-05
4.0675,2.212667297328565e-05
4.07,2.2009435296730152e-05
4.0725,2.1870959452205011e-05
4.075,2.1712761546668532e-05
4.0775,2.1536348317607415e-05
4.08,2.1343263229868406e-05
4.0825,2.1135095815129387e-05
4.085,2.0913501206315659e-05
4.0875,2.0680212715808196e-05
4.09,2.0437034371456257e-05
4.0925,2.0185858127781064e-05
4.095,1.9928649015557368e-05
4.0975,1.9667383189818262e-05
4.1,1.9404063326023396e-05
4.1025,1.9140621632042363e-05
4.105,1.8878916702626932e-05
4.1075,1.8620720798289109e-05
4.11,1.8367724523203899e-05
4.1125,1.812153046634223e-05
4.115,1.7883570594540863e-05
4.1175,1.7655027556378071e-05
4.12,1.7436892615197337e-05
4.1225,1.7229819518379174e-05
4.125,1.7034256836179243e-05
4.1275,1.6850357364199657e-05
4.13,1.667819710632865e-05
4.1325,1.6517623302323652e-05
4.135,1.636825414671119e-05
4.1375,1.6229636018486904e-05
4.14,1.6101239730552088e-05
4.1425,1.5982537144012317e-05
4.145,1.58729797105617e-05
4.1475,1.5772029400627421e-05
4.15,1.567911106225285e-05
4.1525,1.5593669463109363e-05
4.155,1.5515152563031865e-05
4.1575,1.5442934618502784e-05
4.16,1.5376317843921497e-05
4.1625,1.5314490591720324e-05
4.165,1.5256490930487837e-05
4.1675,1.5201252784387053e-05
4.17,1.5147750116327897e-05
4.1725,1.50949839431617e-05
4.175,1.5042171422308912e-05
4.1775,1.4988839393481708e-05
4.18,1.4934868406044509e-05
4.1825,1.4880517732229343e-05
4.185,1.4826392272332382e-05
4.1875,1.4773340308377915e-05
4.19,1.4722376484745413e-05
4.1925,1.4674622107870283e-05
4.195,1.4631281240690305e-05
4.1975,1.4593530685871362e-05
4.2,1.4562513490167908e-05
4.2025,1.4539672816257193e-05
4.205,1.4526337634970729e-05
4.2075,1.4523788221445653e-05
4.21,1.4533268708842926e-05
4.2125,1.4556047193070109e-05
4.215,1.4593400518011988e-05
4.2175,1.4646632564172716e-05
4.22,1.471708079732876e-05
4.2225,1.4806071925908504e-05
4.225,1.4914856975039881e-05
4.2275,1.5044600547089624e-05
4.23,1.519627447533524e-05
4.2325,1.5370630368767561e-05
4.235,1.5568108273456746e-05
4.2375,1.5788869561022812e-05
4.24,1.6032798031594154e-05
4.2425,1.629937293304305e-05
4.245,1.6587747098868903e-05
4.2475,1.6896815595644273e-05
4.25,1.7225173581524078e-05
4.2525,1.7571242408925495e-05
4.255,1.7933203742329163e-05
4.2575,1.8309024014360874e-05
4.26,1.8696532415417464e-05
4.2625,1.9093257143703867e-05
4.265,1.9496392285194021e-05
4.2675,1.9902934413433334e-05
4.27,2.0309613909135345e-05
4.2725,2.0712994499296839e-05
4.275,2.1109747886394322e-05
4.2775,2.1496622904620116e-05
4.28,2.1870544039422367e-05
4.2825,2.2228781441629129e-05
4.285,2.2568676784877799e-05
4.2875,2.2887683165957378e-05
4.29,2.318327371136934e-05
4.2925,2.3452781616712073e-05
4.295,2.3693467341312481e-05
4.2975,2.390264772665299e-05
4.3,2.4077579061148359e-05
4.3025,2.4215696971664916e-05
4.305,2.4314705064871963e-05
4.3075,2.4372677930078106e-05
4.31,2.4388162423654459e-05
4.3125,2.4360199767218698e-05
4.315,2.4288402771181995e-05
4.3175,2.4172896188057627e-05
4.32,2.40143294695889e-05
4.3225,2.3813854868898977e-05
4.325,2.3573049358223186e-05
4.3275,2.3293965452488594e-05
4.33,2.2979082568510238e-05
4.3325,2.2631157951335009e-05
4.335,2.2253281647082194e-05
4.3375,2.1848580280753629e-05
4.34,2.1420337244621574e-05
4.3425,2.097198517492892e-05
4.345,2.0506942063145351e-05
4.3475,2.0028794861811925e-05
4.35,1.954126066964896e-05
4.3525,1.9048243405501075e-05
4.355,1.8553786129695822e-05
4.3575,1.8061741318555555e-05
4.36,1.7575934355869124e-05
4.3625,1.7100141311918458e-05
4.365,1.6637848240845423e-05
4.3675,1.6192348599839364e-05
4.37,1.5766803266763985e-05
4.3725,1.536410083318605e-05
4.375,1.4986936367066297e-05
4.3775,1.4637605554986569e-05
4.38,1.4318071049953688e-05
4.3825,1.4029736556987588e-05
4.385,1.3773787181524197e-05
4.3875,1.3551119204140182e-05
4.39,1.3362305183392887e-05
4.3925,1.320759299108715e-05
4.395,1.3086782137670353e-05
4.3975,1.2999252997897604e-05
4.4,1.2944149018575178e-05
4.4025,1.2920204812296329e-05
4.405,1.2925962095476768e-05
4.4075,1.2959917557535525e-05
4.41,1.3020398817788418e-05
4.4125,1.3105621890128491e-05
4.415,1.321374746081597e-05
4.4175,1.3342699256555647e-05
4.42,1.3490172572531146e-05
4.4225,1.3653600015235884e-05
4.425,1.3830200117180478e-05
4.4275,1.4017080564436493e-05
4.43,1.4211337219765843e-05
4.4325,1.4410124593982945e-05
4.435,1.4610952117304246e-05
4.4375,1.481158535952379e-05
4.44,1.5009983252064209e-05
4.4425,1.5204718446362212e-05
4.445,1.5394548543278616e-05
4.4475,1.5578553376302696e-05
4.45,1.5756004128066788e-05
4.4525,1.5926297450963958e-05
4.455,1.6089001900667237e-05
4.4575,1.6243883533724698e-05
4.46,1.6390913025752439e-05
4.4625,1.6530326159567161e-05
4.465,1.6662540894220768e-05
4.4675,1.6788194510001983e-05
4.47,1.6907994685859367e-05
4.4725,1.7022803942229338e-05
4.475,1.7133659900203912e-05
4.4775,1.7241835017473226e-05
4.48,1.7348783416895677e-05
4.4825,1.745612129748136e-05
4.485,1.7565477195174653e-05
4.4875,1.7678328540287155e-05
4.49,1.7795924245764979e-05
4.4925,1.7919270114677176e-05
4.495,1.8049226137443582e-05
4.4975,1.8186610603983186e-05
4.5,1.8332200360793921e-05
4.5025,1.8486654763320594e-05
4.505,1.865041486145975e-05
4.5075,1.8823595711339049e-05
4.51,1.9005997514995628e-05
4.5125,1.919711900808159e-05
4.515,1.9396218087182064e-05
4.5175,1.9602539311214712e-05
4.52,1.981516422475232e-05
4.5225,2.0033040566182167e-05
4.525,2.0254904275883224e-05
4.5275,2.0479267621323565e-05
4.53,2.0704406648033874e-05
4.5325,2.0928449767647666e-05
4.535,2.1149518962692407e-05
4.5375,2.1365803468878686e-05
4.54,2.1575540646635838e-05
4.5425,2.1777097845036203e-05
4.545,2.1968906407684132e-05
4.5475,2.21493788210832e-05
4.55,2.2316847525105883e-05
4.5525,2.2469500464442604e-05
4.555,2.2605311819504365e-05
4.5575,2.2722140425603278e-05
4.56,2.2817770864103336e-05
4.5625,2.2890118054346422e-05
4.565,2.2937382773040539e-05
4.5675,2.295808995373924e-05
4.57,2.2951111651776408e-05
4.5725,2.2915637496320815e-05
4.575,2.2851155049568669e-05
4.5775,2.2757490275061566e-05
4.58,2.263475615122198e-05
4.5825,2.2483377704974191e-05
4.585,2.2303989111262794e-05
4.5875,2.2097487654468254e-05
4.59,2.18649273937123e-05
4.5925,2.1607631764593993e-05
4.595,2.132720504692666e-05
4.5975,2.1025481275099369e-05
4.6,2.0704586153998237e-05
4.6025,2.0366859623108225e-05
4.605,2.0014785512329249e-05
4.6075,1.9650950386067275e-05
4.61,1.9277970733425252e-05
4.6125,1.8898488966833163e-05
4.615,1.8515241405444539e-05
4.6175,1.813100623840841e-05
4.62,1.7748577528474276e-05
4.6225,1.7370805970622881e-05
4.625,1.7000547267609343e-05
4.6275,1.6640520446213378e-05
4.63,1.6293346003478644e-05
4.6325,1.5961352543637026e-05
4.635,1.5646699707030884e-05
4.6375,1.5351248335696681e-05
4.64,1.5076695627426282e-05
4.6425,1.4824391057615952e-05
4.645,1.4595579674481401e-05
4.6475,1.439133612588053e-05
4.65,1.4212421006712564e-05
4.6525,1.4059232735401676e-05
4.655,1.3931774229163542e-05
4.6575,1.3829652762073633e-05
4.66,1.375211321688399e-05
4.6625,1.3698127287812011e-05
4.665,1.3666483611504117e-05
4.6675,1.36558248833245e-05
4.67,1.3664728196703132e-05
4.6725,1.3691707462260124e-05
4.675,1.3735161572043591e-05
4.6775,1.3793504152389925e-05
4.68,1.3864947954791292e-05
4.6825,1.3947600519356813e-05
4.685,1.4039473724712787e-05
4.6875,1.4138556686351331e-05
4.69,1.4242832933716588e-05
4.6925,1.4350365253583197e-05
4.695,1.4459291828708712e-05
4.6975,1.456797392086845e-05
4.7,1.467499146298004e-05
4.7025,1.4779220906052694e-05
4.705,1.4879841280824998e-05
4.7075,1.4976367155624219e-05
4.71,1.5068669768117163e-05
4.7125,1.5156901921124193e-05
4.715,1.5241440935069502e-05
4.7175,1.5322759179578265e-05
4.72,1.54013949492742e-05
4.7225,1.5477914817741987e-05
4.725,1.5552956772897596e-05
4.7275,1.5627247886927881e-05
4.73,1.5701635797611775e-05
4.7325,1.5777085265579358e-05
4.735,1.5854695418057823e-05
4.7375,1.5935752368491143e-05
4.74,1.6021713317372703e-05
4.7425,1.6114180871090165e-05
4.745,1.6214852544270942e-05
4.7475,1.6325386058437934e-05
4.75,1.6447273093285765e-05
4.7525,1.6581657690776836e-05
4.755,1.6729400163523915e-05
4.7575,1.68910508865061e-05
4.76,1.7067031842121389e-05
4.7625,1.7257622578446439e-05
4.765,1.7462938577295064e-05
4.7675,1.7682930759024898e-05
4.77,1.7917230029790844e-05
4.7725,1.8165314924256069e-05
4.775,1.8426442739962628e-05
4.7775,1.8699641913350604e-05
4.78,1.8983725542712994e-05
4.7825,1.9277210140431533e-05
4.785,1.9578375299252187e-05
4.7875,1.9885254347991443e-05
4.79,2.0195623980231362e-05
4.7925,2.0507130599711335e-05
4.795,2.0817389164493946e-05
4.7975,2.1123967358399304e-05
4.8,2.1424460111493966e-05
4.8025,2.1716630524840635e-05
4.805,2.1998166809547825e-05
4.8075,2.2266920479463867e-05
4.81,2.2520657808531077e-05
4.8125,2.2757076539580838e-05
4.815,2.2973896412735035e-05
4.8175,2.3168786500109505e-05
4.82,2.3339517192670582e-05
4.8225,2.3483923931295917e-05
4.825,2.3600115982884929e-05
4.8275,2.3686471809345126e-05
4.83,2.3741693128728866e-05
4.8325,2.3764813112236099e-05
4.835,2.3755169029164308e-05
4.8375,2.3712402092825581e-05
4.84,2.3636459904560109e-05
4.8425,2.3527629775141108e-05
4.845,2.3386525395125327e-05
4.8475,2.3214117167369077e-05
4.85,2.3011664006622493e-05
4.8525,2.2780719456335791e-05
4.855,2.2522991325178123e-05
4.8575,2.2240385551741348e-05
4.86,2.1934888302549187e-05
4.8625,2.1608637400741773e-05
4.865,2.1263943507550798e-05
4.8675,2.0903222686861084e-05
4.87,2.0528978982611378e-05
4.8725,2.014385610061644e-05
4.875,1.975049657220857e-05
4.8775,1.9351606680016471e-05
4.88,1.8949789312878395e-05
4.8825,1.8547666500319806e-05
4.885,1.8147877275969426e-05
4.8875,1.77529553776354e-05
4.89,1.7365361823322494e-05
4.8925,1.6987466645171142e-05
4.895,1.6621495702286204e-05
4.8975,1.6269458726753492e-05
4.9,1.5933255372619134e-05
4.9025,1.561446166645499e-05
4.905,1.5314319251249287e-05
4.9075,1.5033858313530486e-05
4.91,1.4773605944116547e-05
4.9125,1.4534004442538643e-05
4.915,1.431522937515119e-05
4.9175,1.4117206071681233e-05
4.92,1.3939701020840508e-05
4.9225,1.3782328695188226e-05
4.925,1.3644561322747435e-05
4.9275,1.3525741834366578e-05
4.93,1.3425189996780678e-05
4.9325,1.3342097761639088e-05
4.935,1.3275496316926982e-05
4.9375,1.3224259745651751e-05
4.94,1.3187136274280708e-05
4.9425,1.3162791632618179e-05
4.945,1.314983392733344e-05
4.9475,1.3146868683117874e-05
4.95,1.3152542649729939e-05
4.9525,1.3165576507631747e-05
4.955,1.3184810572854278e-05
4.9575,1.3209275770973792e-05
4.96,1.3238272857146926e-05
4.9625,1.3271454539865552e-05
4.965,1.3308810728167339e-05
4.9675,1.3350704092315471e-05
4.97,1.3397676544758245e-05
4.9725,1.345033279132583e-05
4.975,1.3509319511002209e-05
4.9775,1.3575208992271625e-05
4.98,1.3648579343009359e-05
4.9825,1.37300739137419e-05
4.985,1.3820438649289521e-05
4.9875,1.3920537977481928e-05
4.99,1.4031331767646147e-05
4.9925,1.4153798646671675e-05
4.995,1.428892933945584e-05
4.9975,1.4437719561891589e-05
5.0,1.4601132379709775e-05
5.0025,1.4780032715664542e-05
5.005,1.4975205461793451e-05
5.0075,1.5187220714768197e-05
5.01,1.5416499362630005e-05
5.0125,1.5663266142196066e-05
5.015,1.5927559811234822e-05
5.0175,1.6209313312214138e-05
5.02,1.6508367354332777e-05
5.0225,1.6824396232859281e-05
5.025,1.7156812997927697e-05
5.0275,1.7504790829458838e-05
5.03,1.7867100048254536e-05
5.0325,1.8242199111425968e-05
5.035,1.8628168434668463e-05
5.0375,1.9022913993714672e-05
5.04,1.9423991895182651e-05
5.0425,1.9828790787715909e-05
5.045,2.0234654770753529e-05
5.0475,2.063891217209911e-05
5.05,2.1038736811544853e-05
5.0525,2.143133452239796e-05
5.055,2.1813818867974299e-05
5.0575,2.218324775868837e-05
5.06,2.2536780595241388e-05
5.0625,2.2871701640932497e-05
5.065,2.3185344197983215e-05
5.0675,2.3475241021499181e-05
5.07,2.3739027903147438e-05
5.0725,2.3974317688557431e-05
5.075,2.4178908391400354e-05
5.0775,2.4350713385505073e-05
5.08,2.448785430466489e-05
5.0825,2.4588669775327924e-05
5.085,2.4651802333906072e-05
5.0875,2.467621453076368e-05
5.09,2.4661203714672023e-05
5.0925,2.4606410393392041e-05
5.095,2.451180043850513e-05
5.0975,2.4377703246039832e-05
5.1,2.4204771034901078e-05
5.1025,2.3993985958944065e-05
5.105,2.3746680920862602e-05
5.1075,2.3464517048807463e-05
5.11,2.3149369942741684e-05
5.1125,2.2803689394896779e-05
5.115,2.2430117284322561e-05
5.1175,2.2031808951287738e-05
5.12,2.1612189077428203e-05
5.1225,2.1174881424971548e-05
5.125,2.0723679370163924e-05
5.1275,2.026236256862486e-05
5.13,1.9794644630090542e-05
5.1325,1.932419618986274e-05
5.135,1.8854426979108773e-05
5.1375,1.8388630131558746e-05
5.14,1.792994329066148e-05
5.1425,1.7481406642057403e-05
5.145,1.7045955284689226e-05
5.1475,1.6626406574370904e-05
5.15,1.6225478229174429e-05
5.1525,1.5845664279367903e-05
5.155,1.5489287428366759e-05
5.1575,1.5158170089653362e-05
5.16,1.4853890094757919e-05
5.1625,1.4577567554965691e-05
5.165,1.4329951762405434e-05
5.1675,1.4111490218587773e-05
5.17,1.3922299936581234e-05
5.1725,1.3762169471336258e-05
5.175,1.363063113500401e-05
5.1775,1.3526914702163963e-05
5.18,1.3449985298154222e-05
5.1825,1.3398636625002546e-05
5.185,1.3371463048708959e-05
5.1875,1.3366825543233526e-05
5.19,1.3382819534318861e-05
5.1925,1.3417285756408465e-05
5.195,1.3467891254852867e-05
5.1975,1.3532085235853135e-05
5.2,1.3607339443435139e-05
5.2025,1.3691223154778049e-05
5.205,1.3781508178554004e-05
5.2075,1.3876145289832236e-05
5.21,1.3973263439783629e-05
5.2125,1.4071180235340444e-05
5.215,1.4168405562427512e-05
5.2175,1.4263676303401892e-05
5.22,1.4355899348679585e-05
5.2225,1.4444165699910044e-05
5.225,1.4527820446721852e-05
5.2275,1.4606519597209563e-05
5.23,1.4680367347731869e-05
5.2325,1.4749733488078623e-05
5.235,1.4815231344295852e-05
5.2375,1.4877714966008221e-05
5.24,1.4938191279586268e-05
5.2425,1.4997779655689314e-05
5.245,1.505765513097232e-05
5.2475,1.5119036920593544e-05
5.25,1.5183177087183171e-05
5.2525,1.5251316607569143e-05
5.255,1.532484956124523e-05
5.2575,1.5405329580834892e-05
5.26,1.5494418131304508e-05
5.2625,1.559386730619521e-05
5.265,1.5705376861714716e-05
5.2675,1.5830530026937747e-05
5.27,1.5970682310241101e-05
5.2725,1.6126974702351712e-05
5.275,1.6300249604920096e-05
5.2775,1.64910669537108e-05
5.28,1.6699638804535718e-05
5.2825,1.6925890421240041e-05
5.285,1.7169388041495625e-05
5.2875,1.7429545656787236e-05
5.29,1.7705434378341057e-05
5.2925,1.7995838189947415e-05
5.295,1.829930815013014e-05
5.2975,1.8614011550737561e-05
5.3,1.8937919111553645e-05
5.3025,1.9268818137185046e-05
5.305,1.9604199671832166e-05
5.3075,1.994147069995275e-05
5.31,2.0277901335692032e-05
5.3125,2.0610707833267972e-05
5.315,2.0937022771417049e-05
5.3175,2.1253874699438051e-05
5.32,2.1558370398169722e-05
5.3225,2.1847783723798359e-05
5.325,2.2119553322747338e-05
5.3275,2.2371293453881048e-05
5.33,2.260083642690524e-05
5.3325,2.2806065818433147e-05
5.335,2.2984921693301971e-05
5.3375,2.3135419695565717e-05
5.34,2.3255709957890396e-05
5.3425,2.3344131580547712e-05
5.345,2.3399294427549111e-05
5.3475,2.3420151898018082e-05
5.35,2.340607104487816e-05
5.3525,2.3356842601053307e-05
5.355,2.3272642255863103e-05
5.3575,2.3153981494663308e-05
5.36,2.3001588704251545e-05
5.3625,2.2816462526887162e-05
5.365,2.2599805150812939e-05
5.3675,2.2353102814377313e-05
5.37,2.2078161008740311e-05
5.3725,2.1777238917120271e-05
5.375,2.1452877120254694e-05
5.3775,2.1107963068291243e-05
5.38,2.0745729377245835e-05
5.3825,2.0369454228491867e-05
5.385,1.998244761805187e-05
5.3875,1.958801164053595e-05
5.39,1.9189327349628512e-05
5.3925,1.8789466428254031e-05
5.395,1.8391394981056191e-05
5.3975,1.799813956822859e-05
5.4,1.7612732355732404e-05
5.4025,1.7238150346892203e-05
5.405,1.6877350446101447e-05
5.4075,1.6533022162040983e-05
5.41,1.6207510085939025e-05
5.4125,1.5902705686766426e-05
5.415,1.5620334391810163e-05
5.4175,1.5361674542080677e-05
5.42,1.512779662240706e-05
5.4225,1.4919464045412462e-05
5.425,1.4737142830957846e-05
5.4275,1.4580965622433739e-05
5.43,1.4450777661975629e-05
5.4325,1.4346094707362916e-05
5.435,1.4266246417060837e-05
5.4375,1.4210383626071684e-05
5.44,1.4177479416634262e-05
5.4425,1.4166293255067055e-05
5.445,1.4175267870343009e-05
5.4475,1.4202537379187742e-05
5.45,1.4245918562290194e-05
5.4525,1.4303049119390543e-05
5.455,1.4371551092232007e-05
5.4575,1.4448957979222184e-05
5.46,1.4532868031022501e-05
5.4625,1.462085719938624e-05
5.465,1.4710571837992966e-05
5.4675,1.4799747515293346e-05
5.47,1.4886397892500275e-05
5.4725,1.4968921786737143e-05
5.475,1.5046164048868485e-05
5.4775,1.5117374569539036e-05
5.48,1.5182087061211638e-05
5.4825,1.5240022749779169e-05
5.485,1.5291053298323552e-05
5.4875,1.5335259833548691e-05
5.49,1.5372949804337452e-05
5.4925,1.5404765295045329e-05
5.495,1.5431482425952768e-05
5.4975,1.5454098541976687e-05
5.5,1.547382417398407e-05
5.5025,1.5491990969818524e-05
5.505,1.5510051813446497e-05
5.5075,1.5529503716490726e-05
5.51,1.5551886787554861e-05
5.5125,1.5578797306170947e-05
5.515,1.5611868476767566e-05
5.5175,1.5652774434849723e-05
5.52,1.5703224851504341e-05
5.5225,1.5764951215373853e-05
5.525,1.5839685875499216e-05
5.5275,1.5929174695908817e-05
5.53,1.6034930872776959e-05
5.5325,1.6158339521910112e-05
5.535,1.630044555393188e-05
5.5375,1.6461969096034422e-05
5.54,1.6643196237727395e-05
5.5425,1.6844057031744483e-05
5.545,1.7064052084230833e-05
5.5475,1.7302422518759388e-05
5.55,1.7558138884451184e-05
5.5525,1.782992111133576e-05
5.555,1.8116366932893111e-05
5.5575,1.8415800103788066e-05
5.56,1.8726187040641764e-05
5.5625,1.904527885188905e-05
5.565,1.9370647461539717e-05
5.5675,1.9699741200737277e-05
5.57,2.0029910234525337e-05
5.5725,2.0358249416247581e-05
5.575,2.0681734647954643e-05
5.5775,2.0997358849164114e-05
5.58,2.1302050614951243e-05
5.5825,2.159290136897114e-05
5.585,2.1867077595052859e-05
5.5875,2.2121819794916827e-05
5.59,2.2354546188940745e-05
5.5925,2.2562750524775742e-05
5.595,2.2744067158853163e-05
5.5975,2.2896259329255172e-05
5.6,2.3017303130982352e-05
5.6025,2.3105485424332807e-05
5.605,2.3159490879367908e-05
5.6075,2.3178439949722975e-05
5.61,2.3161869400510619e-05
5.6125,2.3109680400544708e-05
5.615,2.3022060802938606e-05
5.6175,2.2899462796728615e-05
5.62,2.2742564861771757e-05
5.6225,2.2552378272819091e-05
5.625,2.2330277233363827e-05
5.6275,2.2078017684744451e-05
5.63,2.1797778090863501e-05
5.6325,2.1492149224003045e-05
5.635,2.1164006777917125e-05
5.6375,2.0816463596542786e-05
5.64,2.0452803643440349e-05
5.6425,2.0076369013572414e-05
5.645,1.9690463684725107e-05
5.6475,1.9298354999967743e-05
5.65,1.8903185772053473e-05
5.6525,1.8507901049693131e-05
5.655,1.8115518847576446e-05
5.6575,1.7728846087619102e-05
5.66,1.735081786546926e-05
5.6625,1.6984111682107544e-05
5.665,1.6631345127481156e-05
5.6675,1.6294760914210313e-05
5.67,1.5976454130123217e-05
5.6725,1.5678063997722609e-05
5.675,1.540100004785706e-05
5.6775,1.51463029747354e-05
5.68,1.4914748714471833e-05
5.6825,1.4706827854164294e-05
5.685,1.4522689605209241e-05
5.6875,1.4362226316135655e-05
5.69,1.422509508591982e-05
5.6925,1.4110768202154784e-05
5.695,1.4018601908782192e-05
5.6975,1.3947804656859388e-05
5.7,1.3897422096425265e-05
5.7025,1.3866241510968297e-05
5.705,1.3852737631624015e-05
5.7075,1.3855126165096445e-05
5.71,1.3871462341334539e-05
5.7125,1.3899812440857332e-05
5.715,1.3938235945055641e-05
5.7175,1.3984854148461529e-05
5.72,1.4037793087101606e-05
5.7225,1.4095157265595836e-05
5.725,1.415507894782387e-05
5.7275,1.4215848226305863e-05
5.73,1.4276062824662839e-05
5.7325,1.4334738984705008e-05
5.735,1.4391331098038396e-05
5.7375,1.4445639570438397e-05
5.74,1.4497741918848501e-05
5.7425,1.4547884094881496e-05
5.745,1.4596426278740583e-05
5.7475,1.4643841251178827e-05
5.75,1.4690757487996871e-05
5.7525,1.4738047384541749e-05
5.755,1.4786714253944359e-05
5.7575,1.4837945210409298e-05
5.76,1.4893116795222507e-05
5.7625,1.4953705308834634e-05
5.765,1.5021194715697509e-05
5.7675,1.5097043934182004e-05
5.77,1.5182647938115352e-05
5.7725,1.5279387509049152e-05
5.775,1.5388547292805706e-05
5.7775,1.5511383435367232e-05
5.78,1.5649121184585464e-05
5.7825,1.5803003023500095e-05
5.785,1.597416991993925e-05
5.7875,1.6163701339488141e-05
5.79,1.637239976852003e-05
5.7925,1.6600760415227198e-05
5.795,1.684881224108061e-05
5.7975,1.7116159856746245e-05
5.8,1.7401960347977585e-05
5.8025,1.7705068009754797e-05
5.805,1.8024012897755684e-05
5.8075,1.8357157120174131e-05
5.81,1.8702619774231253e-05
5.8125,1.9058320699617276e-05
5.815,1.9421877335534716e-05
5.8175,1.9790621914942944e-05
5.82,2.0161786555617078e-05
5.8225,2.0532523715976452e-05
5.825,2.0899828521492984e-05
5.8275,2.126075202447581e-05
5.83,2.1612229194005065e-05
5.8325,2.1951160027800456e-05
5.835,2.2274327929200285e-05
5.8375,2.2578600716336923e-05
5.84,2.286089599711634e-05
5.8425,2.3118343720194632e-05
5.845,2.3348337811733272e-05
5.8475,2.3548407012444224e-05
5.85,2.3716394695456705e-05
5.8525,2.3850325573308524e-05
5.855,2.3948469397751132e-05
5.8575,2.40093062366625e-05
5.86,2.4031590298090926e-05
5.8625,2.4014424936233456e-05
5.865,2.3957305177638613e-05
5.8675,2.3860120821567996e-05
5.87,2.3723171771486364e-05
5.8725,2.3547046137578878e-05
5.875,2.3332720035600513e-05
5.8775,2.3081443124444512e-05
5.88,2.2794862181339895e-05
5.8825,2.2474987901139916e-05
5.885,2.2124241658370649e-05
5.8875,2.1745563503195741e-05
5.89,2.1342114580002329e-05
5.8925,2.0917404174287967e-05
5.895,2.0475169672538697e-05
5.8975,2.0019129541243129e-05
5.9,1.9553142523655727e-05
5.9025,1.9080928278308401e-05
5.905,1.8606206841702557e-05
5.9075,1.8132550291486703e-05
5.91,1.7663484391391683e-05
5.9125,1.7202456564577122e-05
5.915,1.6752917580478316e-05
5.9175,1.6318177805554394e-05
5.92,1.5901432302251972e-05
5.9225,1.5505599903646126e-05
5.925,1.5133294262108269e-05
5.9275,1.4786597710552736e-05
5.93,1.446736059125263e-05
5.9325,1.4176954093070243e-05
5.935,1.3916342526870774e-05
5.9375,1.368630488992466e-05
5.94,1.3487209594308534e-05
5.9425,1.3319069048317678e-05
5.945,1.3181563806441185e-05
5.9475,1.30740766639756e-05
5.95,1.2995744760059134e-05
5.9525,1.2945424227592957e-05
5.955,1.2921725792869734e-05
5.9575,1.2923087383434976e-05
5.96,1.2947668289119196e-05
5.9625,1.2993427519680092e-05
5.965,1.3058000259479435e-05
5.9675,1.3138862362836649e-05
5.97,1.3233421461311338e-05
5.9725,1.3339140972727241e-05
5.975,1.3453510387000097e-05
5.9775,1.357411566834069e-05
5.98,1.369863906267039e-05
5.9825,1.3824880645458177e-05
5.985,1.3950764356010779e-05
5.9875,1.4074536507163946e-05
5.99,1.4194748928645171e-05
5.9925,1.4310373027583754e-05
5.995,1.4420780474437353e-05
5.9975,1.4525643842047077e-05
6.0,1.4624870603467259e-05
6.0025,1.4718594819405863e-05
6.005,1.4807074974770565e-05
6.0075,1.4890755095979282e-05
6.01,1.49702506745769e-05
6.0125,1.5046362368514372e-05
6.015,1.5120111645064801e-05
6.0175,1.519274271977536e-05
6.02,1.5265778281182214e-05
6.0225,1.5340845930778109e-05
6.025,1.5419654630002254e-05
6.0275,1.5503956305725686e-05
6.03,1.559545329769939e-05
6.0325,1.569585416493714e-05
6.035,1.5806731726750122e-05
6.0375,1.5929726261853462e-05
6.04,1.6066379398821345e-05
6.0425,1.6218177196802607e-05
6.045,1.6386427693043225e-05
6.0475,1.6572275328863014e-05
6.05,1.6776599519802417e-05
6.0525,1.6999894342175706e-05
6.055,1.7242226839564014e-05
6.0575,1.7503295943970852e-05
6.06,1.7782355380574795e-05
6.0625,1.8078354250261888e-05
6.065,1.8389926450299912e-05
6.0675,1.8715383224104109e-05
6.07,1.905277020897988e-05
6.0725,1.939979899562165e-05
6.075,1.9753833567725911e-05
6.0775,2.0112229946599003e-05
6.08,2.0472215192972792e-05
6.0825,2.0830874815044178e-05
6.085,2.1185254099236858e-05
6.0875,2.1532275508266639e-05
6.09,2.186864826776964e-05
6.0925,2.2191129016981104e-05
6.095,2.2496478349517887e-05
6.0975,2.2781498799484651e-05
6.1,2.3043196773354524e-05
6.1025,2.3278736133646861e-05
6.105,2.3485478789994108e-05
6.1075,2.3661101484081856e-05
6.11,2.380343056857185e-05
6.1125,2.3910588452784371e-05
6.115,2.3980892283423185e-05
6.1175,2.4012965655103246e-05
6.12,2.4005807050819082e-05
6.1225,2.3958822526046629e-05
6.125,2.3871871070532943e-05
6.1275,2.3745267776116026e-05
6.13,2.3579710142510381e-05
6.1325,2.3376243571517391e-05
6.135,2.3136240455665121e-05
6.1375,2.2861426316017505e-05
6.14,2.2553858492541296e-05
6.1425,2.2216032536802163e-05
6.145,2.1850710402789975e-05
6.1475,2.1461159826617439e-05
6.15,2.1050801236030204e-05
6.1525,2.0623235945534715e-05
6.155,2.018209006923273e-05
6.1575,1.9731015064228495e-05
6.16,1.9273689981240806e-05
6.1625,1.88137619554665e-05
6.165,1.8354785543097063e-05
6.1675,1.7900173349853702e-05
6.17,1.7453353740715543e-05
6.1725,1.7017583876887926e-05
6.175,1.6596044141150765e-05
6.1775,1.6191794246175042e-05
6.18,1.5807680521041387e-05
6.1825,1.5446139782250649e-05
6.185,1.5109312136874597e-05
6.1875,1.4798927846262607e-05
6.19,1.4516256225568218e-05
6.1925,1.4262344142903502e-05
6.195,1.4037857568447671e-05
6.1975,1.384310543570005e-05
6.2,1.3678083899122442e-05
6.2025,1.3542437247010568e-05
6.205,1.3435455128813071e-05
6.2075,1.335612221367417e-05
6.21,1.3303123132100962e-05
6.2125,1.3274944174823105e-05
6.215,1.3269785096345863e-05
6.2175,1.3285772779392034e-05
6.22,1.3320802015933745e-05
6.2225,1.3372503596042202e-05
6.225,1.3438422338425899e-05
6.2275,1.351606148683835e-05
6.23,1.3602957806345114e-05
6.2325,1.3696633255220853e-05
6.235,1.3794715964855355e-05
6.2375,1.3894869920022284e-05
6.24,1.3994827173465393e-05
6.2425,1.4092502134406122e-05
6.245,1.4186093368926774e-05
6.2475,1.4274190791131929e-05
6.25,1.4355853016624754e-05
6.2525,1.4430539610768885e-05
6.255,1.4498101155312895e-05
6.2575,1.4558672718839627e-05
6.26,1.4612633586563343e-05
6.2625,1.4660526605560801e-05
6.265,1.4703067941892311e-05
6.2675,1.4741223765233461e-05
6.27,1.4775957598012272e-05
6.2725,1.4808560472915242e-05
6.275,1.4840465112356021e-05
6.2775,1.4873313669053801e-05
6.28,1.490890282603931e-05
6.2825,1.4949105245258448e-05
6.285,1.4995850364574049e-05
6.2875,1.505103883431698e-05
6.29,1.5116541349300576e-05
6.2925,1.5194184891010441e-05
6.295,1.5285727061294644e-05
6.2975,1.5392849720891781e-05
6.3,1.5517107060497739e-05
6.3025,1.5659930658050591e-05
6.305,1.5822553010627232e-05
6.3075,1.6005898200538587e-05
6.31,1.6210564178131376e-05
6.3125,1.6436825745005254e-05
6.315,1.668451507879608e-05
6.3175,1.6953157309528114e-05
6.32,1.724186944049243e-05
6.3225,1.7549482455850082e-05
6.325,1.7874454203707819e-05
6.3275,1.8214972910097424e-05
6.33,1.8568816693335405e-05
6.3325,1.8933338228332392e-05
6.335,1.9305927021351568e-05
6.3375,1.9683748845676154e-05
6.34,2.0063963656205425e-05
6.3425,2.0443605012380863e-05
6.345,2.0819655456245065e-05
6.3475,2.1188950423434511e-05
6.35,2.1548244477992088e-05
6.3525,2.1894160361435384e-05
6.355,2.2223492310805455e-05
6.3575,2.2533007063795796e-05
6.36,2.2819681795164718e-05
6.3625,2.3080664069553533e-05
6.365,2.3313360500569807e-05
6.3675,2.3515233990870114e-05
6.37,2.3683995918994405e-05
6.3725,2.3817518136592705e-05
6.375,2.391395656895582e-05
6.3775,2.3971846967700664e-05
6.38,2.3990147532670446e-05
6.3825,2.3968261287139123e-05
6.385,2.3906005510412864e-05
6.3875,2.3803518451281156e-05
6.39,2.3661378341449464e-05
6.3925,2.3480470555798196e-05
6.395,2.3262156210975763e-05
6.3975,2.3008141406092064e-05
6.4,2.2720712695186164e-05
6.4025,2.2402547884150419e-05
6.405,2.2056600028595258e-05
6.4075,2.1686124472785346e-05
6.41,2.1294551179977361e-05
6.4125,2.0885351869233634e-05
6.415,2.0462151432611264e-05
6.4175,2.0028591766475112e-05
6.42,1.9588350217824945e-05
6.4225,1.9145000767249525e-05
6.425,1.8702097389330549e-05
6.4275,1.8263047399704219e-05
6.43,1.7831175213652807e-05
6.4325,1.7409839623859746e-05
6.435,1.7002178015229122e-05
6.4375,1.6611182432259204e-05
6.44,1.6239437885898729e-05
6.4425,1.5889234385574276e-05
6.445,1.5562345340933219e-05
6.4475,1.5260290040419199e-05
6.45,1.4984211961267066e-05
6.4525,1.4734922400460198e-05
6.455,1.4512920650604795e-05
6.4575,1.4318336058034896e-05
6.46,1.4150968028421662e-05
6.4625,1.4010217210239549e-05
6.465,1.3895222375112709e-05
6.4675,1.3804815877384362e-05
6.47,1.3737668078634691e-05
6.4725,1.3692284345607239e-05
6.475,1.3666999304524296e-05
6.4775,1.3659835499240674e-05
6.48,1.3668731966676576e-05
6.4825,1.3691451801377006e-05
6.485,1.3725655153198746e-05
6.4875,1.3769057372397834e-05
6.49,1.3819476737470636e-05
6.4925,1.3874761028840836e-05
6.495,1.3932819891661685e-05
6.4975,1.3991640083353825e-05
6.5,1.4049325657253235e-05
6.5025,1.4104278744088076e-05
6.505,1.4155238099069057e-05
6.5075,1.4201386277509048e-05
6.51,1.4242323393392213e-05
6.5125,1.427801459352614e-05
6.515,1.4308720024656858e-05
6.5175,1.4334940054822947e-05
6.52,1.4357386980416934e-05
6.5225,1.4376909633449526e-05
6.525,1.439450441243391e-05
6.5275,1.4411401072859426e-05
6.53,1.4428859529642303e-05
6.5325,1.4448314574050498e-05
6.535,1.4471436711341278e-05
6.5375,1.4500039607530234e-05
6.54,1.4536038164672676e-05
6.5425,1.4581419345566299e-05
6.545,1.463819754821529e-05
6.5475,1.4708270520115169e-05
6.55,1.4793451423914287e-05
6.5525,1.4895458166968532e-05
6.555,1.5015804549774604e-05
6.5575,1.5155915167392422e-05
6.56,1.5317052807233015e-05
6.5625,1.5500247708742831e-05
6.565,1.5706249405224295e-05
6.5675,1.5935486382935036e-05
6.57,1.6187976190592424e-05
6.5725,1.646330886264426e-05
6.575,1.6760619625003398e-05
6.5775,1.7078687910575462e-05
6.58,1.7415994716925408e-05
6.5825,1.777069269994401e-05
6.585,1.8140648195787378e-05
6.5875,1.8523244753627432e-05
6.59,1.8915581497503928e-05
6.5925,1.9314614759399452e-05
6.595,1.9717314704188003e-05
6.5975,2.0120507836652281e-05
6.6,2.0520976965323548e-05
6.6025,2.0915229805082552e-05
6.605,2.1299914098282975e-05
6.6075,2.1671519417442823e-05
6.61,2.2026708925803846e-05
6.6125,2.2362099856366157e-05
6.615,2.2674421644357772e-05
6.6175,2.296063305625331e-05
6.62,2.3217916676921156e-05
6.6225,2.3443586886584455e-05
6.625,2.3635224035539421e-05
6.6275,2.3790522988396236e-05
6.63,2.390752116322916e-05
6.6325,2.3984591630607216e-05
6.635,2.4020532540559106e-05
6.6375,2.4014555071968746e-05
6.64,2.3966357595433347e-05
6.6425,2.3876044844126293e-05
6.645,2.3744107186404089e-05
6.6475,2.3571378473991956e-05
6.65,2.3359036984632246e-05
6.6525,2.3108673829673133e-05
6.655,2.2822377798105418e-05
6.6575,2.2502628742253217e-05
6.66,2.2152346856901356e-05
6.6625,2.1774797903689272e-05
6.665,2.1373535044648439e-05
6.6675,2.0952092853702028e-05
6.67,2.0514312664611867e-05
6.6725,2.0064028454606228e-05
6.675,1.9605105045230872e-05
6.6775,1.9141557154690309e-05
6.68,1.8677267765277264e-05
6.6825,1.8215948207269139e-05
6.685,1.776129334663997e-05
6.6875,1.7316899926028115e-05
6.69,1.6886172695884442e-05
6.6925,1.6472439808846529e-05
6.695,1.6078801413913335e-05
6.6975,1.570795044017263e-05
6.7,1.5362240066189122e-05
6.7025,1.5043521287073347e-05
6.705,1.4753374738385788e-05
6.7075,1.4492958197697493e-05
6.71,1.4263096771612625e-05
6.7125,1.4064203853678285e-05
6.715,1.3896320876230562e-05
6.7175,1.3759064051551941e-05
6.72,1.365168022587975e-05
6.7225,1.3573070213969821e-05
6.725,1.3521839273053308e-05
6.7275,1.3496411955561234e-05
6.73,1.3495031387594443e-05
6.7325,1.3515746980858704e-05
6.735,1.3556389547954619e-05
6.7375,1.361446839396618e-05
6.74,1.368742820035779e-05
6.7425,1.3772568068713813e-05
6.745,1.3867197095020236e-05
6.7475,1.3968761037223047e-05
6.75,1.4074692532078488e-05
6.7525,1.4182541393960007e-05
6.755,1.4289900217011149e-05
6.7575,1.4394560276559445e-05
6.76,1.4494582987276017e-05
6.7625,1.4588418641904254e-05
6.765,1.4675052465622222e-05
6.7675,1.4753897687251704e-05
6.77,1.4824776360679746e-05
6.7725,1.4887814569950664e-05
6.775,1.4943423873867686e-05
6.7775,1.4992165942978971e-05
6.78,1.5034741060956376e-05
6.7825,1.5072025850449511e-05
6.785,1.5105154798488505e-05
6.7875,1.5135326707838558e-05
6.79,1.5164001931869193e-05
6.7925,1.519283291279409e-05
6.795,1.5223656463794416e-05
6.7975,1.5258420389284663e-05
6.8,1.5299121957401691e-05
6.8025,1.5347744552135339e-05
6.805,1.5406222542643772e-05
6.8075,1.5476427307918117e-05
6.81,1.5560135926052491e-05
6.8125,1.5659055397422428e-05
6.815,1.5774789908728666e-05
6.8175,1.5908799386446236e-05
6.82,1.6062379945844849e-05
6.8225,1.623651154459573e-05
6.825,1.6431909699943662e-05
6.8275,1.6648805063350417e-05
6.83,1.6887104660103066e-05
6.8325,1.7146164964386991e-05
6.835,1.742512738719248e-05
6.8375,1.7722710561943138e-05
6.84,1.803734737760022e-05
6.8425,1.8367120389232053e-05
6.845,1.870956200742088e-05
6.8475,1.9062112188981237e-05
6.85,1.9421924157415127e-05
6.8525,1.9786064639115627e-05
6.855,2.0151497426923251e-05
6.8575,2.0515135111511764e-05
6.86,2.0873692824889254e-05
6.8625,2.1223864743404436e-05
6.865,2.1562195552222603e-05
6.8675,2.1885301623644851e-05
6.87,2.2189934336765438e-05
6.8725,2.247304071791226e-05
6.875,2.2731602746009005e-05
6.8775,2.2962720438091387e-05
6.88,2.3163761339627767e-05
6.8825,2.3332145204935071e-05
6.885,2.3465428451528508e-05
6.8875,2.3561506623340078e-05
6.89,2.3618650386539299e-05
6.8925,2.3635560489516575e-05
6.895,2.3611399987696395e-05
6.8975,2.3545799906925554e-05
6.9,2.3438853752629318e-05
6.9025,2.3291035461296373e-05
6.905,2.3103163356301555e-05
6.9075,2.2876538946620892e-05
6.91,2.2612764462770613e-05
6.9125,2.2314009949873499e-05
6.915,2.1982873103932862e-05
6.9175,2.1622434580558182e-05
6.92,2.1236030177963557e-05
6.9225,2.0827293919151146e-05
6.925,2.0400023980792369e-05
6.9275,1.995807207483912e-05
6.93,1.9505325757443173e-05
6.9325,1.9045916219890065e-05
6.935,1.8583702152776976e-05
6.9375,1.8122701349621998e-05
6.94,1.7666608384299925e-05
6.9425,1.7219062731241838e-05
6.945,1.6783675294880848e-05
6.9475,1.6363807328020732e-05
6.95,1.5962844916001734e-05
6.9525,1.5583830149297828e-05
6.955,1.5229478195051322e-05
6.9575,1.4902016775313147e-05
6.96,1.4603324815183851e-05
6.9625,1.433481090139846e-05
6.965,1.4097560135812879e-05
6.9675,1.3892243961577736e-05
6.97,1.3719132873129559e-05
6.9725,1.3578156517765511e-05
6.975,1.3468761523293164e-05
6.9775,1.3390031479548422e-05
6.98,1.3340672961550629e-05
6.9825,1.3319130563635962e-05
6.985,1.3323642046376525e-05
6.9875,1.3352303170862011e-05
6.99,1.340298226756717e-05
6.9925,1.3473308256249114e-05
6.995,1.3560664847437186e-05
6.9975,1.3662284005476179e-05
7.0,1.3775288681321651e-05
