Physical Time (s),ep_left Monitor (kg-m/s^3)
0.0025,2.1492100715868528e-10
0.005,8.7195906993430838e-08
0.0075,2.8255020888709263e-06
0.01,1.8994667054052011e-05
0.0125,5.4542637001900386e-05
0.015,8.6654705882213738e-05
0.0175,5.6989739809069243e-05
0.02,7.0530259666324562e-06
0.0225,6.1615474120104497e-06
0.025,2.9875539100490568e-05
0.0275,3.8705347317053769e-05
0.03,2.8946201548881521e-05
0.0325,1.3666558282855227e-05
0.035,3.6576406554150962e-06
0.0375,2.5858036538646617e-07
0.04,5.0844713658092131e-07
0.0425,1.7589755886150594e-06
0.045,2.522075694825914e-06
0.0475,2.3339630247173202e-06
0.05,1.4809609773605761e-06
0.0525,5.5591891938139052e-07
0.055,-7.2362190401621364e-09
0.0575,-1.6098098063459821e-07
0.06,-1.1320875144005629e-07
0.0625,-3.9988195879519407e-08
0.065,3.790656074612379e-08
0.0675,1.614302405994389e-07
0.07,3.141605707283629e-07
0.0725,4.1785592494689384e-07
0.075,4.0824546789910058e-07
0.0775,2.8994539227304624e-07
0.08,1.2528789957778635e-07
0.0825,-1.5196410760990339e-08
0.085,-9.1479521712993218e-08
0.0875,-9.9520152869628321e-08
0.09,-5.6598958459817569e-08
0.0925,1.0961987247583232e-08
0.095,7.0987430644814469e-08
0.0975,8.8315474441421141e-08
0.1,3.5078813748830087e-08
0.1025,-9.4983098928746595e-08
0.105,-2.7872393065498767e-07
0.1075,-4.6914763747519442e-07
0.11,-6.1328494464703358e-07
0.1125,-6.751253501022418e-07
0.115,-6.4594829544335843e-07
0.1175,-5.4177470826192143e-07
0.12,-3.9333820373870357e-07
0.1225,-2.3436358882102581e-07
0.125,-9.2399586102309047e-08
0.1275,1.4655012143787787e-08
0.13,8.0426960039990672e-08
0.1325,1.0732752182942449e-07
0.135,1.0235953610279929e-07
0.1375,7.5493279216307921e-08
0.14,3.859835948766906e-08
0.1425,3.8251333833406311e-09
0.145,-1.9406686220215158e-08
0.1475,-2.7085789562526178e-08
0.15,-2.0639782319657166e-08
0.1525,-4.6257288835748962e-09
0.155,1.6420456042809195e-08
0.1575,4.0334345870359325e-08
0.16,6.7607712109072942e-08
0.1625,9.9947812814194111e-08
0.165,1.3799928908837175e-07
0.1675,1.7967464420986152e-07
0.17,2.1996179299089594e-07
0.1725,2.5246646275676842e-07
0.175,2.7179306687618574e-07
0.1775,2.7557033483033631e-07
0.18,2.6516751155019608e-07
0.1825,2.4490837445872527e-07
0.185,2.2037212718853169e-07
0.1875,1.9661161860025538e-07
0.19,1.7698259224649063e-07
0.1925,1.6275450120139063e-07
0.195,1.5339736365447441e-07
0.1975,1.4714231939237433e-07
0.2,1.4159770016366727e-07
0.2025,1.3426016879685256e-07
0.205,1.2293306802256479e-07
0.2075,1.0613677301304173e-07
0.21,8.3481694773814342e-08
0.2125,5.5890407099866832e-08
0.215,2.5566326492414342e-08
0.2175,-4.278483438167277e-09
0.22,-2.9963749254746203e-08
0.2225,-4.799065061704988e-08
0.225,-5.5688188611515558e-08
0.2275,-5.1744026575469544e-08
0.23,-3.6483820168563169e-08
0.2325,-1.181358401986219e-08
0.235,1.9111534218381227e-08
0.2375,5.2440713637775328e-08
0.24,8.5423004230472237e-08
0.2425,1.1326325397252627e-07
0.245,1.3442059727586582e-07
0.2475,1.4785705781100897e-07
0.25,1.5405156783920162e-07
0.2525,1.5466181998478546e-07
0.255,1.5179233801060379e-07
0.2575,1.4750576529302426e-07
0.26,1.4390903621140364e-07
0.2625,1.4300759509583465e-07
0.265,1.4628920833643104e-07
0.2675,1.5438600747987356e-07
0.27,1.6706010000823894e-07
0.2725,1.8266972710007233e-07
0.275,1.9964717351810282e-07
0.2775,2.1609866780873021e-07
0.28,2.3090439318132237e-07
0.2825,2.4198348497770852e-07
0.285,2.4813763595470851e-07
0.2875,2.481163391292408e-07
0.29,2.4188227190882514e-07
0.2925,2.304431284028858e-07
0.295,2.1463951369895629e-07
0.2975,1.9521243584089771e-07
0.3,1.7258670067906502e-07
0.3025,1.4885832526959564e-07
0.305,1.2595318302665323e-07
0.3075,1.0493911243539556e-07
0.31,8.7412287194504319e-08
0.3125,7.4297647679069343e-08
0.315,6.5611724192288043e-08
0.3175,6.1539313119820702e-08
0.32,6.1897360564059354e-08
0.3225,6.6434587986224743e-08
0.325,7.4936333194171841e-08
0.3275,8.6954649329631101e-08
0.33,1.0188966445778154e-07
0.3325,1.1916521379179577e-07
0.335,1.3924064344533977e-07
0.3375,1.6160501100841152e-07
0.34,1.8491950558851719e-07
0.3425,2.0897131054035764e-07
0.345,2.3318747665655778e-07
0.3475,2.5633680021705491e-07
0.35,2.7993743527224191e-07
0.3525,3.0371832112936334e-07
0.355,3.2732946024021124e-07
0.3575,3.5040583815672075e-07
0.36,3.7258752076261371e-07
0.3625,3.9347030764115703e-07
0.365,4.1251620914894281e-07
0.3675,4.2903884573283663e-07
0.37,4.4229902103441874e-07
0.3725,4.5196335745431441e-07
0.375,4.5694621189882397e-07
0.3775,4.5701430243008815e-07
0.38,4.5190207760473905e-07
0.3825,4.4141353642451936e-07
0.385,4.2533627850009447e-07
0.3875,4.0351883547684081e-07
0.39,3.7598961011736381e-07
0.3925,3.4304508956977722e-07
0.395,3.0524288996078428e-07
0.3975,2.6339714739131722e-07
0.4,2.1858398785921233e-07
0.4025,1.721415399272813e-07
0.405,1.2465151340902361e-07
0.4075,7.7969566652516374e-08
0.41,3.4112449395417706e-08
0.4125,-5.6069296975540452e-09
0.415,-3.8425905473475617e-08
0.4175,-6.3901704364375677e-08
0.42,-8.1660625099015249e-08
0.4225,-9.0927543584834933e-08
0.425,-9.2375815779950767e-08
0.4275,-8.6690308878202922e-08
0.43,-7.4852642403288361e-08
0.4325,-5.7586920218178216e-08
0.435,-3.5238470395149974e-08
0.4375,-9.6671876174596851e-09
0.44,1.8239636591819498e-08
0.4425,4.703624093990728e-08
0.445,7.5100995194038837e-08
0.4475,1.0059470497701991e-07
0.45,1.2232603641265063e-07
0.4525,1.3932234608932409e-07
0.455,1.5071289224093605e-07
0.4575,1.5578650781296777e-07
0.46,1.545174785151712e-07
0.4625,1.4757735936765698e-07
0.465,1.3526350788570633e-07
0.4675,1.183038025948308e-07
0.47,9.7501804206917257e-08
0.4725,7.3825496094715251e-08
0.475,4.8498246441322093e-08
0.4775,2.2522229637636713e-08
0.48,-2.6218520175035547e-09
0.4825,-2.4319831281538483e-08
0.485,-4.0910605952945892e-08
0.4875,-5.1282707601182792e-08
0.49,-5.4881826379366177e-08
0.4925,-5.1372635284703886e-08
0.495,-4.0803448084448174e-08
0.4975,-2.404245896521576e-08
0.5,-1.7871056145374407e-09
0.5025,2.4209740617563602e-08
0.505,5.2839241890523313e-08
0.5075,8.2308905150267707e-08
0.51,1.1068694429456655e-07
0.5125,1.3612289013503667e-07
0.515,1.5742953690663544e-07
0.5175,1.7325827163725368e-07
0.52,1.8259934667509338e-07
0.5225,1.8534484888017745e-07
0.525,1.8189390295452986e-07
0.5275,1.731325375802184e-07
0.53,1.6035707334216088e-07
0.5325,1.4535112943685844e-07
0.535,1.2994780740249259e-07
0.5375,1.1627183279509409e-07
0.54,1.0514809535776481e-07
0.5425,9.7927390872513325e-08
0.545,9.5623285637914141e-08
0.5475,9.9021815620348391e-08
0.55,1.0871684922943818e-07
0.5525,1.2447703957831933e-07
0.555,1.4556875469627869e-07
0.5575,1.711841031705749e-07
0.56,2.0024625176540689e-07
0.5625,2.3142077909945727e-07
0.565,2.6325155769059868e-07
0.5675,2.9433471259597435e-07
0.57,3.2339983436523206e-07
0.5725,3.493344856760606e-07
0.575,3.7117587333727203e-07
0.5775,3.88119625911696e-07
0.58,3.9956826568545546e-07
0.5825,4.0518988799726213e-07
0.585,4.0495713686531169e-07
0.5875,3.9914939967054772e-07
0.59,3.8831752031889263e-07
0.5925,3.7320956318195035e-07
0.595,3.5469706317807746e-07
0.5975,3.337314206615461e-07
0.6,3.1133216262613896e-07
0.6025,2.8856379754128692e-07
0.605,2.6645693317238683e-07
0.6075,2.4596300492951448e-07
0.61,2.2786609207340536e-07
0.6125,2.1273535632644001e-07
0.615,2.0090154032698352e-07
0.6175,1.9245546424831007e-07
0.62,1.8727058047949375e-07
0.6225,1.8503891675250985e-07
0.625,1.8531668891959193e-07
0.6275,1.875716741235538e-07
0.63,1.9123082475579408e-07
0.6325,1.9572860365166483e-07
0.635,2.0054333026781253e-07
0.6375,2.0523423262087122e-07
0.64,2.0945680726058144e-07
0.6425,2.1297571096217214e-07
0.645,2.1566313115539914e-07
0.6475,2.1749043360214059e-07
0.65,2.1851755243953798e-07
0.6525,2.1888233125966742e-07
0.655,2.187836010811624e-07
0.6575,2.1845832167821304e-07
0.66,2.1815662844550639e-07
0.6625,2.1812061766326726e-07
0.665,2.1856911195796478e-07
0.6675,2.1968533794084026e-07
0.67,2.2160493070474003e-07
0.6725,2.2440585227653378e-07
0.675,2.2809920106466895e-07
0.6775,2.3262326303713584e-07
0.68,2.3784349898655958e-07
0.6825,2.4356198439642507e-07
0.685,2.4953450304461409e-07
0.6875,2.5549420153480417e-07
0.69,2.6117918152629149e-07
0.6925,2.6635049382127795e-07
0.695,2.708064627854419e-07
0.6975,2.7439078702132152e-07
0.7,2.7699609429218356e-07
0.7025,2.7856390378826892e-07
0.705,2.7908348913068483e-07
0.7075,2.785893543397852e-07
0.71,2.7715644956233454e-07
0.7125,2.7489322291052366e-07
0.715,2.7193069833107825e-07
0.7175,2.6841179159761906e-07
0.72,2.6447681318183508e-07
0.7225,2.6024950672192171e-07
0.725,2.5582456104588049e-07
0.7275,2.5126512985854641e-07
0.73,2.4660268298425412e-07
0.7325,2.4184408678037712e-07
0.735,2.3692952974103046e-07
0.7375,2.3169768056838525e-07
0.74,2.2597415123914946e-07
0.7425,2.1960757936941251e-07
0.745,2.1246679845237835e-07
0.7475,2.0445318615247294e-07
0.75,1.9551847993103949e-07
0.7525,1.8566659046241764e-07
0.755,1.7494639961804029e-07
0.7575,1.6345004144613055e-07
0.76,1.5132422538849072e-07
0.7625,1.3878419945575136e-07
0.765,1.2612135730213993e-07
0.7675,1.1368121679078788e-07
0.77,1.0183169754488859e-07
0.7725,9.0930087446224096e-08
0.775,8.1298753954371897e-08
0.7775,7.3212093786961239e-08
0.78,6.6889112739453735e-08
0.7825,6.2489704874829932e-08
0.785,6.0112491532944008e-08
0.7875,5.9794243440484311e-08
0.79,6.1510302108917396e-08
0.7925,6.5174336234870219e-08
0.795,7.0634492273108761e-08
0.7975,7.7675395216955369e-08
0.8,8.6015719243873075e-08
0.8025,9.5314433821927246e-08
0.805,1.0518880191882785e-07
0.8075,1.1523721752770106e-07
0.81,1.2506431837474339e-07
0.8125,1.3430642885397354e-07
0.815,1.4265218990065211e-07
0.8175,1.4986637628214724e-07
0.82,1.5579946668205618e-07
0.8225,1.6039459372728544e-07
0.825,1.6368810211604611e-07
0.8275,1.6580552524528321e-07
0.83,1.6695309337118645e-07
0.8325,1.6740788518833973e-07
0.835,1.6750586218621651e-07
0.8375,1.6762859883999407e-07
0.84,1.6818881397290989e-07
0.8425,1.6961437132410831e-07
0.845,1.7233019415661726e-07
0.8475,1.7673683188773529e-07
0.85,1.8318894135614168e-07
0.8525,1.9197678373257951e-07
0.855,2.0330131447111335e-07
0.8575,2.1727194477060114e-07
0.86,2.3389174550378954e-07
0.8625,2.5306400835174869e-07
0.865,2.7459595405466997e-07
0.8675,2.9820696150635376e-07
0.87,3.2354174076906585e-07
0.8725,3.5017261428630394e-07
0.875,3.7761125530792083e-07
0.8775,4.0531596877891622e-07
0.88,4.3271043514537293e-07
0.8825,4.5920095974687079e-07
0.885,4.8420034840693173e-07
0.8875,5.0714709874349147e-07
0.89,5.2753598815381984e-07
0.8925,5.4493716445095165e-07
0.895,5.5902115347413753e-07
0.8975,5.6956762066398498e-07
0.9,5.7646551256094984e-07
0.9025,5.7971379997143902e-07
0.905,5.7941104074301956e-07
0.9075,5.7574376000570209e-07
0.91,5.6897129626438072e-07
0.9125,5.594140784054621e-07
0.915,5.4745064408901591e-07
0.9175,5.3352042892570287e-07
0.92,5.1812328676595045e-07
0.9225,5.0178807893766405e-07
0.925,4.8502186097140969e-07
0.9275,4.6827020684455543e-07
0.93,4.5190533284521461e-07
0.9325,4.3622920815665945e-07
0.935,4.2148056407183111e-07
0.9375,4.0784005956878372e-07
0.94,3.9543637880978022e-07
0.9425,3.843495595146485e-07
0.945,3.7461365447114578e-07
0.9475,3.6621796747682623e-07
0.95,3.5910835156188597e-07
0.9525,3.5319067194408132e-07
0.955,3.4833935531455685e-07
0.9575,3.4440838681666668e-07
0.96,3.4124277916941546e-07
0.9625,3.3868574859884372e-07
0.965,3.3659059064990175e-07
0.9675,3.3482126320250795e-07
0.97,3.3325172797167603e-07
0.9725,3.3176826226403394e-07
0.975,3.3027532270237252e-07
0.9775,3.286947454879558e-07
0.98,3.2696723465188349e-07
0.9825,3.2504834691337257e-07
0.985,3.2290974420465957e-07
0.9875,3.2053711370181655e-07
0.99,3.1792694805274578e-07
0.9925,3.1508261219187439e-07
0.995,3.1201078947715621e-07
0.9975,3.0871945168461427e-07
1.0,3.0521585635629025e-07
1.0025,3.0150359022721145e-07
1.005,2.9758127113162987e-07
1.0075,2.9343936910724602e-07
1.01,2.8906017133809527e-07
1.0125,2.844202610919738e-07
1.015,2.7949238511775912e-07
1.0175,2.7425085441500701e-07
1.02,2.6867254435017343e-07
1.0225,2.6274374564967879e-07
1.025,2.564653262534167e-07
1.0275,2.498571829401309e-07
1.03,2.4296224406086312e-07
1.0325,2.3584903940682362e-07
1.035,2.2861166876382358e-07
1.0375,2.2137001787844293e-07
1.04,2.1426631150674666e-07
1.0425,2.0746291962784992e-07
1.045,2.0113355758110316e-07
1.0475,1.9545977382755937e-07
1.05,1.9062213165624285e-07
1.0525,1.8679222288310764e-07
1.055,1.8412525575352987e-07
1.0575,1.8275266005680016e-07
1.06,1.827770056173131e-07
1.0625,1.8426821190326703e-07
1.065,1.8725991299209324e-07
1.0675,1.9174691443286211e-07
1.07,1.9768404480102959e-07
1.0725,2.0498491717370192e-07
1.075,2.135226525894766e-07
1.0775,2.2313502882961688e-07
1.08,2.3362514826955594e-07
1.0825,2.4477083137705718e-07
1.085,2.563225837384203e-07
1.0875,2.6801311280371811e-07
1.09,2.7956602934629915e-07
1.0925,2.9070528686466387e-07
1.095,3.0116547724466774e-07
1.0975,3.1070249081704118e-07
1.1,3.1910162927811583e-07
1.1025,3.2618539625741089e-07
1.105,3.3181791951225417e-07
1.1075,3.3590551755286194e-07
1.11,3.3839615011371928e-07
1.1125,3.3927858034911505e-07
1.115,3.3858096147009428e-07
1.1175,3.3637163075851385e-07
1.12,3.3275786001186973e-07
1.1225,3.2788308340838593e-07
1.125,3.2192163928259441e-07
1.1275,3.1507313893932923e-07
1.13,3.0755659218939954e-07
1.1325,2.9960395166706353e-07
1.135,2.9145326211569777e-07
1.1375,2.8334105469615029e-07
1.14,2.7549523286351733e-07
1.1425,2.6812909003598968e-07
1.145,2.6143771764946417e-07
1.1475,2.5559479413129133e-07
1.15,2.5074969554417097e-07
1.1525,2.4702480785047123e-07
1.155,2.4451373915886465e-07
1.1575,2.4328082843061131e-07
1.16,2.4336191517852161e-07
1.1625,2.4476505541571673e-07
1.165,2.4747225805011303e-07
1.1675,2.5144313299157469e-07
1.17,2.5661712434383193e-07
1.1725,2.6291582309751474e-07
1.175,2.7024568016137066e-07
1.1775,2.7850215013733673e-07
1.18,2.8757822362920127e-07
1.1825,2.9738061254530105e-07
1.185,3.0783550109781629e-07
1.1875,3.1886394279132999e-07
1.19,3.303607592130875e-07
1.1925,3.4220081744593239e-07
1.195,3.5425364241809061e-07
1.1975,3.6639240778893822e-07
1.2,3.7849660754535235e-07
1.2025,3.9045262676661183e-07
1.205,4.0215286466074901e-07
1.2075,4.1349246644963651e-07
1.21,4.243688511436021e-07
1.2125,4.3468727195721244e-07
1.215,4.4435922525075292e-07
1.2175,4.5330807381262829e-07
1.22,4.6147403808780963e-07
1.2225,4.6881391646280964e-07
1.225,4.752997335769231e-07
1.2275,4.8091346078819522e-07
1.23,4.8564281783166528e-07
1.2325,4.8948026790198403e-07
1.235,4.9242243713463389e-07
1.2375,4.9447014227859792e-07
1.24,4.9562736944737489e-07
1.2425,4.9590218934397054e-07
1.245,4.9530811432544429e-07
1.2475,4.938642936469119e-07
1.25,4.9159478288457674e-07
1.2525,4.885264100504092e-07
1.255,4.8468809899651268e-07
1.2575,4.8010872248747545e-07
1.26,4.7481905829503659e-07
1.2625,4.6884941371906306e-07
1.265,4.622294062858535e-07
1.2675,4.5498408208705926e-07
1.27,4.4713677120083162e-07
1.2725,4.3871226955742086e-07
1.275,4.2973784511496487e-07
1.2775,4.2024768643753888e-07
1.28,4.1027957591343529e-07
1.2825,3.9987374839998731e-07
1.285,3.8906925674807142e-07
1.2875,3.7790628972834416e-07
1.29,3.6642511092854338e-07
1.2925,3.5467035314823796e-07
1.295,3.4269192949584056e-07
1.2975,3.3054360782753674e-07
1.3,3.1828038451886346e-07
1.3025,3.0595594650309255e-07
1.305,2.9361898352683376e-07
1.3075,2.8131309333438729e-07
1.31,2.6907883986579811e-07
1.3125,2.5695269998877743e-07
1.315,2.4496779715983539e-07
1.3175,2.3315212365396361e-07
1.32,2.2152875349974311e-07
1.3225,2.101166228493408e-07
1.325,1.9893437538614968e-07
1.3275,1.8800278979709786e-07
1.33,1.7734545778155933e-07
1.3325,1.6698745518652403e-07
1.335,1.5695549193785251e-07
1.3375,1.4728077671777436e-07
1.34,1.3800045951744453e-07
1.3425,1.2915567569906292e-07
1.345,1.2079700024121883e-07
1.3475,1.1297482183424704e-07
1.35,1.0574027219742694e-07
1.3525,9.9146107141118267e-08
1.355,9.3246908662114867e-08
1.3575,8.8097456815265252e-08
1.36,8.375181085293766e-08
1.3625,8.0261621527615231e-08
1.365,7.7674684232876506e-08
1.3675,7.6028086881990518e-08
1.37,7.5347668773485521e-08
1.3725,7.5645854899899305e-08
1.375,7.6922871602312385e-08
1.3775,7.9168685831566848e-08
1.38,8.2364101184777397e-08
1.3825,8.6480019230091451e-08
1.385,9.1476905927427192e-08
1.3875,9.7303484685434695e-08
1.39,1.0389718351767625e-07
1.3925,1.1118433421255022e-07
1.395,1.1908233134685384e-07
1.3975,1.2750118081267633e-07
1.4,1.3634214610075885e-07
1.4025,1.4550501923977575e-07
1.405,1.548894953850841e-07
1.4075,1.643965514093135e-07
1.41,1.7393204459288915e-07
1.4125,1.8340638180707912e-07
1.415,1.9273616524427033e-07
1.4175,2.0184236864681985e-07
1.42,2.1066169627061164e-07
1.4225,2.19144216898961e-07
1.425,2.2724342986684842e-07
1.4275,2.3492408815231539e-07
1.43,2.4215960340784513e-07
1.4325,2.4893043215987384e-07
1.435,2.552230265438879e-07
1.4375,2.6102919978783515e-07
1.44,2.6635162507730469e-07
1.4425,2.7120062177234505e-07
1.445,2.7559108863026411e-07
1.4475,2.7953977628577961e-07
1.45,2.8306447185909561e-07
1.4525,2.8618505179249566e-07
1.455,2.8892307856505766e-07
1.4575,2.9130062262288304e-07
1.46,2.9333773801087464e-07
1.4625,2.9505502348064175e-07
1.465,2.9647540743957503e-07
1.4675,2.9762653757749979e-07
1.47,2.9854071788099302e-07
1.4725,2.9924961849918285e-07
1.475,2.997846629665561e-07
1.4775,3.0017714285773996e-07
1.48,3.0045683376412963e-07
1.4825,3.0065191699424547e-07
1.485,3.007893146697169e-07
1.4875,3.0089743578856926e-07
1.49,3.0100515969489321e-07
1.4925,3.0114017653913998e-07
1.495,3.0132944720193177e-07
1.4975,3.0159754085388552e-07
1.5,3.0196569001360841e-07
1.5025,3.0245074131505925e-07
1.505,3.0306409574828229e-07
1.5075,3.0380988593736533e-07
1.51,3.0468648297872958e-07
1.5125,3.0568537495284296e-07
1.515,3.0679235926406452e-07
1.5175,3.0798735112650661e-07
1.52,3.092458938500708e-07
1.5225,3.1054012405686153e-07
1.525,3.1183795920529995e-07
1.5275,3.1310135199827073e-07
1.53,3.1428683324657906e-07
1.5325,3.1534858910632714e-07
1.535,3.1624329073567284e-07
1.5375,3.169326526540158e-07
1.54,3.1738057161731698e-07
1.5425,3.1755226161427028e-07
1.545,3.1741509742075366e-07
1.5475,3.1694082453191435e-07
1.55,3.1611170738171618e-07
1.5525,3.149217041165789e-07
1.555,3.1337747815988427e-07
1.5575,3.1149702058973377e-07
1.56,3.0931880477284607e-07
1.5625,3.0687103545497633e-07
1.565,3.0419272879763073e-07
1.5675,3.0132854999686989e-07
1.57,2.9832172532364271e-07
1.5725,2.9521198039054465e-07
1.575,2.9203440436883514e-07
1.5775,2.8883559993450541e-07
1.58,2.8565794056111515e-07
1.5825,2.8254453534036381e-07
1.585,2.7953866864734277e-07
1.5875,2.7667987583463507e-07
1.59,2.740014248834988e-07
1.5925,2.7152627734504971e-07
1.595,2.6926399991010854e-07
1.5975,2.6721312624627687e-07
1.6,2.6536468560487739e-07
1.6025,2.6370368180981985e-07
1.605,2.622085639188544e-07
1.6075,2.6085008566986012e-07
1.61,2.5959068919793447e-07
1.6125,2.5838718675696167e-07
1.615,2.5719207387711341e-07
1.6175,2.5595991941980186e-07
1.62,2.5464017996438526e-07
1.6225,2.5317931287090381e-07
1.625,2.5152295479216203e-07
1.6275,2.4961988249873197e-07
1.63,2.4742333801729071e-07
1.6325,2.4489115358444788e-07
1.635,2.4198445325185504e-07
1.6375,2.3866892592428836e-07
1.64,2.3491695862796745e-07
1.6425,2.3071001148944737e-07
1.645,2.2603789226587497e-07
1.6475,2.2089938906465337e-07
1.65,2.1529794048211937e-07
1.6525,2.0924352096815167e-07
1.655,2.0275572819611654e-07
1.6575,1.9586664155688563e-07
1.66,1.886224665791303e-07
1.6625,1.8107907160877888e-07
1.665,1.7329904406201993e-07
1.6675,1.6535150172428189e-07
1.67,1.5731139750646708e-07
1.6725,1.492617122749039e-07
1.675,1.4129171688090057e-07
1.6775,1.3349257111026762e-07
1.68,1.2595133218662412e-07
1.6825,1.1875180221196131e-07
1.685,1.1197687528116231e-07
1.6875,1.0571076488807114e-07
1.69,1.0003839916670088e-07
1.6925,9.5042003752904236e-08
1.695,9.0798115071992186e-08
1.6975,8.7372547888931348e-08
1.7,8.4824738660818189e-08
1.7025,8.3201991672708749e-08
1.705,8.2538161016111251e-08
1.7075,8.2852720372567029e-08
1.71,8.415037375327528e-08
1.7125,8.6431008221701084e-08
1.715,8.9674136842265558e-08
1.7175,9.3853327436543558e-08
1.72,9.8942483408520621e-08
1.7225,1.0491470531509795e-07
1.725,1.1173261745451449e-07
1.7275,1.1935162172886973e-07
1.73,1.2768393605402683e-07
1.7325,1.3670415148309838e-07
1.735,1.4633533648202151e-07
1.7375,1.5649794125082374e-07
1.74,1.6711663114302139e-07
1.7425,1.7812010969170956e-07
1.745,1.8943356191777356e-07
1.7475,2.0097172383758843e-07
1.75,2.1264764304393223e-07
1.7525,2.2439113072180506e-07
1.755,2.3614790264260959e-07
1.7575,2.4786606239357271e-07
1.76,2.5947784820667495e-07
1.7625,2.7091507651022827e-07
1.765,2.8211311106707997e-07
1.7675,2.9301369337641165e-07
1.77,3.0356559006356135e-07
1.7725,3.1372151133349779e-07
1.775,3.2343669004276675e-07
1.7775,3.3266793987436391e-07
1.78,3.4137847714637728e-07
1.7825,3.4954535762608911e-07
1.785,3.5715048336961648e-07
1.7875,3.6418454181160291e-07
1.79,3.7064747277833433e-07
1.7925,3.7653809843817802e-07
1.795,3.8185459472433285e-07
1.7975,3.865928469047003e-07
1.8,3.9075018791594053e-07
1.8025,3.9432803794139267e-07
1.805,3.9733080672825525e-07
1.8075,3.9976227102741894e-07
1.81,4.0162529260850354e-07
1.8125,4.0292535248292646e-07
1.815,4.0367103331989205e-07
1.8175,4.0387876215577751e-07
1.82,4.0357245587622887e-07
1.8225,4.0277891305114632e-07
1.825,4.015238259651327e-07
1.8275,3.9983088209531871e-07
1.83,3.9772353134239225e-07
1.8325,3.9522564579419414e-07
1.835,3.923616805520487e-07
1.8375,3.8915596948918293e-07
1.84,3.8563391167147387e-07
1.8425,3.8182181271083409e-07
1.845,3.7774587042074673e-07
1.8475,3.7343275358634279e-07
1.85,3.6891207696704296e-07
1.8525,3.642157506963559e-07
1.855,3.5937518759768825e-07
1.8575,3.5441359397766239e-07
1.86,3.4935470964115404e-07
1.8625,3.4421936515188017e-07
1.865,3.390247500351065e-07
1.8675,3.3378942688483111e-07
1.87,3.285312960036931e-07
1.8725,3.2326847720095983e-07
1.875,3.1802372849326832e-07
1.8775,3.1281361582647799e-07
1.88,3.0765258723381084e-07
1.8825,3.0255980165044602e-07
1.885,2.9754255960698325e-07
1.8875,2.9261028958854646e-07
1.89,2.8777354502455663e-07
1.8925,2.8304398143090738e-07
1.895,2.7843595492060092e-07
1.8975,2.7396513944745268e-07
1.9,2.6964580675692274e-07
1.9025,2.6549015483881462e-07
1.905,2.6150970932658845e-07
1.9075,2.5771607115674085e-07
1.91,2.5412173674130185e-07
1.9125,2.5073994813665268e-07
1.915,2.475823450992409e-07
1.9175,2.4465835712599334e-07
1.92,2.4197351758772148e-07
1.9225,2.395286318980772e-07
1.925,2.3731902137757569e-07
1.9275,2.3533873629509681e-07
1.93,2.3358316621287391e-07
1.9325,2.3205007195068652e-07
1.935,2.3073594849374337e-07
1.9375,2.2963402138873741e-07
1.94,2.2873071431199191e-07
1.9425,2.2800715912338647e-07
1.945,2.2744116500842845e-07
1.9475,2.2701215315155703e-07
1.95,2.2670365421363646e-07
1.9525,2.265037038520011e-07
1.955,2.2639293077604438e-07
1.9575,2.2635065510190156e-07
1.96,2.2635005688199561e-07
1.9625,2.2636468288143976e-07
1.965,2.2637201547998047e-07
1.9675,2.2635437370756407e-07
1.97,2.2630097711785185e-07
1.9725,2.2619991061952293e-07
1.975,2.2603738757257241e-07
1.9775,2.2579284284781219e-07
1.98,2.2546242577111261e-07
1.9825,2.2504057335566561e-07
1.985,2.2453026610736402e-07
1.9875,2.2393547892304466e-07
1.99,2.2326042714302007e-07
1.9925,2.2250774223701921e-07
1.995,2.2167762409621505e-07
1.9975,2.2076757233072276e-07
2.0,2.1978095579779391e-07
2.0025,2.187358341044787e-07
2.005,2.1766391603491324e-07
2.0075,2.1659905990359653e-07
2.01,2.1556901607587506e-07
2.0125,2.1458264259665666e-07
2.015,2.1365904504405699e-07
2.0175,2.1280957579496531e-07
2.02,2.1204947871565121e-07
2.0225,2.1140077016183564e-07
2.025,2.1089000628928261e-07
2.0275,2.1054313511021118e-07
2.03,2.1038102861269618e-07
2.0325,2.1042309616960846e-07
2.035,2.1069850738558238e-07
2.0375,2.1123792131578241e-07
2.04,2.1206653142180783e-07
2.0425,2.1319623789721328e-07
2.045,2.1462381061297342e-07
2.0475,2.1634123149199391e-07
2.05,2.1833901906451876e-07
2.0525,2.2060958779318553e-07
2.055,2.2314677537641293e-07
2.0575,2.2594665493854733e-07
2.06,2.2900407344441786e-07
2.0625,2.3231114591731161e-07
2.065,2.3585650671495756e-07
2.0675,2.3962326164762021e-07
2.07,2.4359365368869363e-07
2.0725,2.4774616454381049e-07
2.075,2.5205888425500903e-07
2.0775,2.56508735787743e-07
2.08,2.6107085221843181e-07
2.0825,2.6571985126369921e-07
2.085,2.7043018743117022e-07
2.0875,2.7517923032161758e-07
2.09,2.7994814351263514e-07
2.0925,2.8471916819951858e-07
2.095,2.8947448118301959e-07
2.0975,2.9419610568403864e-07
2.1,2.9886612344648408e-07
2.1025,3.0346798455595341e-07
2.105,3.079787160324972e-07
2.1075,3.1237590123635491e-07
2.11,3.1665059813925006e-07
2.1125,3.2079344479175833e-07
2.115,3.2479043875402956e-07
2.1175,3.2863242642174364e-07
2.12,3.3230494578662406e-07
2.1225,3.3579668715378675e-07
2.125,3.3910497450664514e-07
2.1275,3.4222916070231868e-07
2.13,3.4516187149081913e-07
2.1325,3.4789342461824311e-07
2.135,3.5041533984436301e-07
2.1375,3.5271634073389646e-07
2.14,3.5478046888280432e-07
2.1425,3.5659446414842335e-07
2.145,3.5814308602287701e-07
2.1475,3.5941544085451723e-07
2.15,3.6040588430034648e-07
2.1525,3.611093192668077e-07
2.155,3.6152001259055414e-07
2.1575,3.6162761234480235e-07
2.16,3.6142528740684758e-07
2.1625,3.6089670651150533e-07
2.165,3.6002596768670667e-07
2.1675,3.5879901750074311e-07
2.17,3.5720331984488881e-07
2.1725,3.5522902310604338e-07
2.175,3.5286573407215497e-07
2.1775,3.5009694692101966e-07
2.18,3.4691132393762366e-07
2.1825,3.4331962416938265e-07
2.185,3.3935428648891786e-07
2.1875,3.3504749899051218e-07
2.19,3.3041084084371023e-07
2.1925,3.2543698663192269e-07
2.195,3.2011205964137899e-07
2.1975,3.1442757256036483e-07
2.2,3.0838067837934115e-07
2.2025,3.0197974016160067e-07
2.205,2.9523821250596048e-07
2.2075,2.8817124468807083e-07
2.21,2.8079829756441378e-07
2.2125,2.7314906022440524e-07
2.215,2.6527063457060731e-07
2.2175,2.5722161488930873e-07
2.22,2.490508774213842e-07
2.2225,2.407906760346798e-07
2.225,2.3246451031788528e-07
2.2275,2.2410306506715198e-07
2.23,2.1574689387405533e-07
2.2325,2.0744502914430698e-07
2.235,1.9925324471116939e-07
2.2375,1.9122724009998077e-07
2.24,1.8342337713888562e-07
2.2425,1.7589375006235517e-07
2.245,1.686853600346462e-07
2.2475,1.6182303109734398e-07
2.25,1.5534603064203909e-07
2.2525,1.4928971993918158e-07
2.255,1.4368002723715574e-07
2.2575,1.3854155998303564e-07
2.26,1.3389296316298697e-07
2.2625,1.297518543275845e-07
2.265,1.2613039385330899e-07
2.2675,1.2303916150537199e-07
2.27,1.204844839258331e-07
2.2725,1.1847335461444273e-07
2.275,1.1701158179158829e-07
2.2775,1.1610100359107036e-07
2.28,1.1573423907073883e-07
2.2825,1.1589465055042036e-07
2.285,1.1655638602341535e-07
2.2875,1.1767436724160477e-07
2.29,1.1922511252447496e-07
2.2925,1.2117396714797285e-07
2.295,1.2348720868455979e-07
2.2975,1.261328744338741e-07
2.3,1.2908085564490004e-07
2.3025,1.3229727899674087e-07
2.305,1.3574219235060447e-07
2.3075,1.3938114055509476e-07
2.31,1.4318454022651847e-07
2.3125,1.4713071609727384e-07
2.315,1.5119701293242042e-07
2.3175,1.5535439635248586e-07
2.32,1.5956518252410067e-07
2.3225,1.6378787124883977e-07
2.325,1.6798762030713166e-07
2.3275,1.7212210899664841e-07
2.33,1.7616254740276214e-07
2.3325,1.800882569192624e-07
2.335,1.8387965982057416e-07
2.3375,1.8751489275704144e-07
2.34,1.9098959082934191e-07
2.3425,1.9431505132267117e-07
2.345,1.9750510487666735e-07
2.3475,2.0055397166599634e-07
2.35,2.0343504521516664e-07
2.3525,2.0611738763274459e-07
2.355,2.0858681417986107e-07
2.3575,2.1085515336423144e-07
2.36,2.1294240026350054e-07
2.3625,2.1487104537470233e-07
2.365,2.1666671761768273e-07
2.3675,2.1835528986588686e-07
2.37,2.1995414870260419e-07
2.3725,2.2146483380367445e-07
2.375,2.2288010933206436e-07
2.3775,2.2420010782758616e-07
2.38,2.2543745972473863e-07
2.3825,2.2660898773705299e-07
2.385,2.2772730707156906e-07
2.3875,2.2879858713849348e-07
2.39,2.2982837316110139e-07
2.3925,2.30822455554736e-07
2.395,2.3178674135368668e-07
2.3975,2.3272765348191326e-07
2.4,2.3365189020269202e-07
2.4025,2.3456588533616569e-07
2.405,2.3547548116520706e-07
2.4075,2.3638561030818494e-07
2.41,2.3730325450561142e-07
2.4125,2.3823751964516358e-07
2.415,2.3919652989109034e-07
2.4175,2.4018468184907288e-07
2.42,2.4120837473076265e-07
2.4225,2.4226018465292802e-07
2.425,2.4333226280485245e-07
2.4275,2.4441662498963094e-07
2.43,2.4550804298715461e-07
2.4325,2.4660398789271e-07
2.435,2.4770005893655144e-07
2.4375,2.4878346877550061e-07
2.44,2.4984121463629822e-07
2.4425,2.5087385499989087e-07
2.445,2.5189759613893007e-07
2.4475,2.5293052191345623e-07
2.45,2.5398108151701992e-07
2.4525,2.5504476661855001e-07
2.455,2.5610930039310358e-07
2.4575,2.5715942646386996e-07
2.46,2.581794121663905e-07
2.4625,2.591538850656063e-07
2.465,2.6006704438648223e-07
2.4675,2.6090267916200044e-07
2.47,2.6164490737556045e-07
2.4725,2.6227898749554426e-07
2.475,2.627916054250823e-07
2.4775,2.6317073847228325e-07
2.48,2.6340602037019381e-07
2.4825,2.6348951155974194e-07
2.485,2.6341546632523014e-07
2.4875,2.6319063295543186e-07
2.49,2.6279675882251795e-07
2.4925,2.6222828943213448e-07
2.495,2.6148083460178932e-07
2.4975,2.6054560466375125e-07
2.5,2.5940974973055073e-07
2.5025,2.5806037710915381e-07
2.505,2.564914702666866e-07
2.5075,2.5470732436014794e-07
2.51,2.527159606040705e-07
2.5125,2.5052107581357735e-07
2.515,2.4811974149261429e-07
2.5175,2.4550594043076037e-07
2.52,2.4266486768085128e-07
2.5225,2.396063733483165e-07
2.525,2.3634071993510246e-07
2.5275,2.3288316887974706e-07
2.53,2.2925467865541728e-07
2.5325,2.2547896751621363e-07
2.535,2.2158002501076705e-07
2.5375,2.1757656870372885e-07
2.54,2.134804834963484e-07
2.5425,2.0929867401631979e-07
2.545,2.0503885621391666e-07
2.5475,2.0071269350221545e-07
2.55,1.9633479289106096e-07
2.5525,1.9192118512494075e-07
2.555,1.8748872565151093e-07
2.5575,1.8305333686413623e-07
2.56,1.7862996889900958e-07
2.5625,1.742321204110859e-07
2.565,1.6987252504690339e-07
2.5675,1.6556719798892964e-07
2.57,1.6133483431841532e-07
2.5725,1.5719837452515935e-07
2.575,1.5318287943637228e-07
2.5775,1.4931252215639711e-07
2.58,1.456095056049739e-07
2.5825,1.4209292167418849e-07
2.585,1.3877905379954196e-07
2.5875,1.356813812034438e-07
2.59,1.3281292481887826e-07
2.5925,1.3018609731547486e-07
2.595,1.2781247958941049e-07
2.5975,1.2570186416862653e-07
2.6,1.2386279887916618e-07
2.6025,1.2230251190172735e-07
2.605,1.2102660833602405e-07
2.6075,1.2004056851474476e-07
2.61,1.1935042478452858e-07
2.6125,1.1896172153045507e-07
2.615,1.1887884851698007e-07
2.6175,1.1910527676148789e-07
2.62,1.1964305294984288e-07
2.6225,1.2049363575360052e-07
2.625,1.2165762843902439e-07
2.6275,1.2313627411981653e-07
2.63,1.2492873889778832e-07
2.6325,1.2703070853849113e-07
2.635,1.2943606488453077e-07
2.6375,1.3213632921077699e-07
2.64,1.3512223860492406e-07
2.6425,1.3838371113447766e-07
2.645,1.4191018877797326e-07
2.6475,1.456910556570957e-07
2.65,1.4971291425977618e-07
2.6525,1.5396144385516889e-07
2.655,1.5842172259224465e-07
2.6575,1.6307949261643782e-07
2.66,1.6792064300638826e-07
2.6625,1.7293202660341618e-07
2.665,1.7809960935391434e-07
2.6675,1.8340805907341737e-07
2.67,1.8884008490190388e-07
2.6725,1.9437739705916594e-07
2.675,2.0000115967563235e-07
2.6775,2.0569164701871271e-07
2.68,2.1142914095885372e-07
2.6825,2.171928671724004e-07
2.685,2.2296212384906559e-07
2.6875,2.2871672278430451e-07
2.69,2.3443599995363354e-07
2.6925,2.4009937734159124e-07
2.695,2.4568551093915592e-07
2.6975,2.5117208177482008e-07
2.7,2.5653824775250559e-07
2.7025,2.6176403884350057e-07
2.705,2.6683361316722547e-07
2.7075,2.7173180219684584e-07
2.71,2.7644483151673436e-07
2.7125,2.8095917704702724e-07
2.715,2.852610292730736e-07
2.7175,2.8933873006644986e-07
2.72,2.9318127827818967e-07
2.7225,2.9677779393473895e-07
2.725,3.0011608812070237e-07
2.7275,3.0318298579881742e-07
2.73,3.059638656987249e-07
2.7325,3.0844337245731105e-07
2.735,3.106087495031828e-07
2.7375,3.1244835982406184e-07
2.74,3.1395325355980452e-07
2.7425,3.1511686731240507e-07
2.745,3.1593540099640816e-07
2.7475,3.164080184113674e-07
2.75,3.1653654862628941e-07
2.7525,3.1632548751241328e-07
2.755,3.1578247616429122e-07
2.7575,3.1491794169765785e-07
2.76,3.1374455241311035e-07
2.7625,3.1227650508493259e-07
2.765,3.1052888237826065e-07
2.7675,3.085177339195316e-07
2.77,3.0625973126971749e-07
2.7725,3.0377379407909766e-07
2.775,3.0108093225393999e-07
2.7775,2.9820404147906193e-07
2.78,2.9516787204025262e-07
2.7825,2.9199716558339098e-07
2.785,2.8871865417169548e-07
2.7875,2.8535851719593611e-07
2.79,2.8194325059846105e-07
2.7925,2.784985960209017e-07
2.795,2.7504977404680147e-07
2.7975,2.7162192942144379e-07
2.8,2.6823812186419075e-07
2.8025,2.6492004647650101e-07
2.805,2.6168677144331327e-07
2.8075,2.5855622304439016e-07
2.81,2.5554539938752908e-07
2.8125,2.5266980330509875e-07
2.815,2.4994153452315543e-07
2.8175,2.4737168195655381e-07
2.82,2.449690032626289e-07
2.8225,2.4273972039005142e-07
2.825,2.4068778797748908e-07
2.8275,2.3881367743411116e-07
2.83,2.3711587490988532e-07
2.8325,2.3559082822832336e-07
2.835,2.3423489068217787e-07
2.8375,2.3304366678686609e-07
2.84,2.319975520201745e-07
2.8425,2.3110519754085312e-07
2.845,2.3035820333968258e-07
2.8475,2.2974512542472935e-07
2.85,2.2925466789832048e-07
2.8525,2.2887568870082383e-07
2.855,2.2859100612418954e-07
2.8575,2.2837035070737508e-07
2.86,2.2817900820377307e-07
2.8625,2.2799109642959666e-07
2.865,2.2779406278474505e-07
2.8675,2.2757899908969695e-07
2.87,2.2734536694944048e-07
2.8725,2.2705992602570353e-07
2.875,2.2670851282307388e-07
2.8775,2.2628192625184612e-07
2.88,2.2576936182564801e-07
2.8825,2.2515503431476107e-07
2.885,2.2442325450951138e-07
2.8875,2.2356724137487879e-07
2.89,2.2259019954512215e-07
2.8925,2.2149401342490244e-07
2.895,2.2027369213302356e-07
2.8975,2.1892361107866159e-07
2.9,2.1744579462144512e-07
2.9025,2.1584921251554321e-07
2.905,2.14146386549018e-07
2.9075,2.1235397710787414e-07
2.91,2.1049140055222988e-07
2.9125,2.0858415571327291e-07
2.915,2.0666144021336075e-07
2.9175,2.0475214609944803e-07
2.92,2.0288294271886242e-07
2.9225,2.0107511549440512e-07
2.925,1.9934763558448592e-07
2.9275,1.9771759152264942e-07
2.93,1.9620196013424206e-07
2.9325,1.9481888750750297e-07
2.935,1.935872575418081e-07
2.9375,1.9252516923404742e-07
2.94,1.9164909621776778e-07
2.9425,1.909732122853131e-07
2.945,1.9051022357465118e-07
2.9475,1.9027198859923238e-07
2.95,1.9026984976299352e-07
2.9525,1.9051379487084754e-07
2.955,1.9101104352494558e-07
2.9575,1.9176518286388051e-07
2.96,1.9277738611874306e-07
2.9625,1.9404400681466907e-07
2.965,1.9556200225251976e-07
2.9675,1.9733009428753092e-07
2.97,1.9934744894235814e-07
2.9725,2.016118448949129e-07
2.975,2.0411874754245937e-07
2.9775,2.0686153842096461e-07
2.98,2.0983141520585766e-07
2.9825,2.1301848886772605e-07
2.985,2.1641154269491284e-07
2.9875,2.1999560037589208e-07
2.99,2.2375190680189039e-07
2.9925,2.27659313809436e-07
2.995,2.3169496046243359e-07
2.9975,2.3583491476492279e-07
3.0,2.4005428072787574e-07
3.0025,2.4432976919663386e-07
3.005,2.4863928899025229e-07
3.0075,2.5296135738502556e-07
3.01,2.5727608077480714e-07
3.0125,2.615630140476627e-07
3.015,2.6580243731964759e-07
3.0175,2.6997571994840465e-07
3.02,2.7406503883435341e-07
3.0225,2.7805276550878961e-07
3.025,2.8192094291437593e-07
3.0275,2.8565412814268578e-07
3.03,2.8923841107578242e-07
3.0325,2.9266050923125399e-07
3.035,2.959073895147674e-07
3.0375,2.9896700500878598e-07
3.04,3.0182844837947413e-07
3.0425,3.044826355209906e-07
3.045,3.0692165245478402e-07
3.0475,3.0913754414993051e-07
3.05,3.1112627847244396e-07
3.0525,3.1288551155162757e-07
3.055,3.1441396281665807e-07
3.0575,3.1571038603138404e-07
3.06,3.1677469131708294e-07
3.0625,3.1760745373066213e-07
3.065,3.1820939555788826e-07
3.0675,3.1858184084095796e-07
3.07,3.1872571374829152e-07
3.0725,3.1864263174888672e-07
3.075,3.1833514128437615e-07
3.0775,3.1780615136943969e-07
3.08,3.1705901975963503e-07
3.0825,3.1609781725483775e-07
3.085,3.1492757065714166e-07
3.0875,3.1355411580611622e-07
3.09,3.1198300529985301e-07
3.0925,3.1021934802267539e-07
3.095,3.082671936012561e-07
3.0975,3.0613292218022157e-07
3.1,3.0382482248137899e-07
3.1025,3.0135181783910944e-07
3.105,2.9872189803147767e-07
3.1075,2.9594202397968632e-07
3.11,2.9301817213990904e-07
3.1125,2.899569979761575e-07
3.115,2.8676567390667285e-07
3.1175,2.8345002389391918e-07
3.12,2.8001521467488196e-07
3.1225,2.7646457535879093e-07
3.125,2.7280104431900164e-07
3.1275,2.690265046103516e-07
3.13,2.6514293552054628e-07
3.1325,2.6115348685349567e-07
3.135,2.5706437690071725e-07
3.1375,2.5288372226277495e-07
3.14,2.486205951836e-07
3.1425,2.4428667007144402e-07
3.145,2.3989330992775243e-07
3.1475,2.3545523519821179e-07
3.15,2.3098742068376787e-07
3.1525,2.2650386394340029e-07
3.155,2.2201909608868946e-07
3.1575,2.1754735404364265e-07
3.16,2.1310206793687636e-07
3.1625,2.0869945879592391e-07
3.165,2.0435533036955252e-07
3.1675,2.0008564983058979e-07
3.17,1.959074543053366e-07
3.1725,1.9183966224377322e-07
3.175,1.8790101570245709e-07
3.1775,1.841085564419545e-07
3.18,1.8047890890559458e-07
3.1825,1.7702872992768498e-07
3.185,1.7377423703257386e-07
3.1875,1.7073009040574596e-07
3.19,1.6790971414713499e-07
3.1925,1.6532509785777387e-07
3.195,1.6298687023795176e-07
3.1975,1.6090403729862141e-07
3.2,1.5908382070170928e-07
3.2025,1.5753085583977646e-07
3.205,1.5624735980920841e-07
3.2075,1.5523461521131202e-07
3.21,1.5449093275761543e-07
3.2125,1.5401402600937036e-07
3.215,1.5379927845389956e-07
3.2175,1.5383991682856627e-07
3.22,1.5412626696953067e-07
3.2225,1.5464573036508416e-07
3.225,1.553834662045807e-07
3.2275,1.5632491145570019e-07
3.23,1.5745684252969914e-07
3.2325,1.5876731170093951e-07
3.235,1.6024463484082402e-07
3.2375,1.6187638945496993e-07
3.24,1.6364947068302047e-07
3.2425,1.6555075377335334e-07
3.245,1.6756586622275338e-07
3.2475,1.6967845471296719e-07
3.25,1.7187023535047348e-07
3.2525,1.7412109872143439e-07
3.255,1.7641052926631509e-07
3.2575,1.7871770747766977e-07
3.26,1.8102139303358858e-07
3.2625,1.8330209437532216e-07
3.265,1.8554330197018835e-07
3.2675,1.8773062691205024e-07
3.27,1.898521774607876e-07
3.2725,1.9189738104836629e-07
3.275,1.9385859618802213e-07
3.2775,1.9573035477918014e-07
3.28,1.9750945006047923e-07
3.2825,1.9919443695739549e-07
3.285,2.0078481052789953e-07
3.2875,2.0228044272252964e-07
3.29,2.0368150791395564e-07
3.2925,2.0498878499322874e-07
3.295,2.0620404353881601e-07
3.2975,2.0733003291197025e-07
3.3,2.0837132405714123e-07
3.3025,2.0933391009152628e-07
3.305,2.1022491150348635e-07
3.3075,2.1105217357941529e-07
3.31,2.1182419689214187e-07
3.3125,2.1255042562359358e-07
3.315,2.1324064215225255e-07
3.3175,2.139048835358713e-07
3.32,2.1455258175399042e-07
3.3225,2.1519287021343914e-07
3.325,2.1583448116733856e-07
3.3275,2.1648591833653807e-07
3.33,2.171551530347646e-07
3.3325,2.1784959479253174e-07
3.335,2.185762232739821e-07
3.3375,2.1934150157762191e-07
3.34,2.2015123587971476e-07
3.3425,2.2101005313976202e-07
3.345,2.2192066838011721e-07
3.3475,2.2288377093593261e-07
3.35,2.2389808475544796e-07
3.3525,2.2496080542891618e-07
3.355,2.2606877910518871e-07
3.3575,2.2721924385839499e-07
3.36,2.2841035968723203e-07
3.3625,2.2964013507584735e-07
3.365,2.3090567945870449e-07
3.3675,2.3220257191466901e-07
3.37,2.3352448182232523e-07
3.3725,2.3486390493254299e-07
3.375,2.3621193688665856e-07
3.3775,2.3755808497445566e-07
3.38,2.3888933869103375e-07
3.3825,2.4019027914506142e-07
3.385,2.4144390152940675e-07
3.3875,2.4263265150566054e-07
3.39,2.4373985088703241e-07
3.3925,2.4474953592833675e-07
3.395,2.456474829069131e-07
3.3975,2.4642153249481129e-07
3.4,2.4706087423481954e-07
3.4025,2.4755619179848046e-07
3.405,2.4789917621929335e-07
3.4075,2.4808253821550247e-07
3.41,2.4809963937047052e-07
3.4125,2.4794404950794184e-07
3.415,2.4760931713818145e-07
3.4175,2.4708895341519748e-07
3.42,2.4637732743212286e-07
3.4225,2.4546966379789549e-07
3.425,2.4436260386103146e-07
3.4275,2.4305440128065021e-07
3.43,2.4154574959586727e-07
3.4325,2.3983991613137404e-07
3.435,2.37942294804135e-07
3.4375,2.3585932762003504e-07
3.44,2.3359828367573736e-07
3.4425,2.3116569266502893e-07
3.445,2.2856992771329961e-07
3.4475,2.2582045649609545e-07
3.45,2.2292907146848989e-07
3.4525,2.1990844046335534e-07
3.455,2.1677240127280599e-07
3.4575,2.1353453221241149e-07
3.46,2.1020748748585944e-07
3.4625,2.0680261939945425e-07
3.465,2.033313148557083e-07
3.4675,1.9980560448285555e-07
3.47,1.9623931154881843e-07
3.4725,1.9264789721061936e-07
3.475,1.8904796454793321e-07
3.4775,1.8545527109933671e-07
3.48,1.8188496813671478e-07
3.4825,1.7835055080483026e-07
3.485,1.7486246389802794e-07
3.4875,1.7143229869976496e-07
3.49,1.6807060155559184e-07
3.4925,1.6478988428299623e-07
3.495,1.6160365380618281e-07
3.4975,1.5852567403162615e-07
3.5,1.5556916585150083e-07
3.5025,1.5274715379707207e-07
3.505,1.500711562742806e-07
3.5075,1.4755271036946929e-07
3.51,1.4520069971858215e-07
3.5125,1.4302158524161763e-07
3.515,1.4101911971959383e-07
3.5175,1.3919490960066715e-07
3.52,1.375486802322362e-07
3.5225,1.3608050371865866e-07
3.525,1.3479086169835924e-07
3.5275,1.33681072784022e-07
3.53,1.3275323890148884e-07
3.5325,1.3200944033350208e-07
3.535,1.3145212285894577e-07
3.5375,1.3108361808425392e-07
3.54,1.3090546733257705e-07
3.5425,1.3091961739497149e-07
3.545,1.3112821576665613e-07
3.5475,1.3153337948322056e-07
3.55,1.3213700822650179e-07
3.5525,1.3293975932095942e-07
3.555,1.3394152702391028e-07
3.5575,1.3514094235355717e-07
3.56,1.3653660204194657e-07
3.5625,1.3812643060607394e-07
3.565,1.3990716401990143e-07
3.5675,1.4187511785835647e-07
3.57,1.4402551457081419e-07
3.5725,1.4635246809082347e-07
3.575,1.4884930108836435e-07
3.5775,1.515090585502536e-07
3.58,1.5432395272579343e-07
3.5825,1.5728501380883389e-07
3.585,1.6038285810453371e-07
3.5875,1.636077958090501e-07
3.59,1.6695032326937204e-07
3.5925,1.7040096811367093e-07
3.595,1.7394854122170311e-07
3.5975,1.7758145488806255e-07
3.6,1.8128691348273472e-07
3.6025,1.8505222103158156e-07
3.605,1.8886426503663912e-07
3.6075,1.9271056032634708e-07
3.61,1.9657810546964227e-07
3.6125,2.0045371938435183e-07
3.615,2.0432377715874489e-07
3.6175,2.0817435730878609e-07
3.62,2.1199189792374079e-07
3.6225,2.1576290660263353e-07
3.625,2.194752978684558e-07
3.6275,2.2311776334170483e-07
3.63,2.2668038593268151e-07
3.6325,2.3015409282685286e-07
3.635,2.3353016897764863e-07
3.6375,2.3679911985390359e-07
3.64,2.3995061354819652e-07
3.6425,2.4297297850551097e-07
3.645,2.4585287065572032e-07
3.6475,2.4857790786461677e-07
3.65,2.5113616282535024e-07
3.6525,2.535176318556858e-07
3.655,2.5571291189146462e-07
3.6575,2.5771460409342881e-07
3.66,2.595172225858836e-07
3.6625,2.6111757659146706e-07
3.665,2.6251496561445141e-07
3.6675,2.6371098152596408e-07
3.67,2.647089057733506e-07
3.6725,2.6551315024314133e-07
3.675,2.6612870918365055e-07
3.6775,2.6656050299609862e-07
3.68,2.6681301239207536e-07
3.6825,2.6689041826288706e-07
3.685,2.6679746392662857e-07
3.6875,2.6653966889181464e-07
3.69,2.6612484215818308e-07
3.6925,2.6556354650337289e-07
3.695,2.6486696954021403e-07
3.6975,2.6404717069416726e-07
3.7,2.6311552373319209e-07
3.7025,2.620823419915788e-07
3.705,2.6095750987534867e-07
3.7075,2.5975102673765494e-07
3.71,2.5847394112545676e-07
3.7125,2.5713761723730514e-07
3.715,2.5575434011636344e-07
3.7175,2.5433680415061362e-07
3.72,2.5289712454219955e-07
3.7225,2.5144553929025226e-07
3.725,2.4998943708136604e-07
3.7275,2.4853392617802702e-07
3.73,2.4708510534243944e-07
3.7325,2.4564778530287568e-07
3.735,2.4422748641785713e-07
3.7375,2.4283039728561794e-07
3.74,2.4146152410681045e-07
3.7425,2.4012462850357068e-07
3.745,2.3882213099786804e-07
3.7475,2.3755571782813241e-07
3.75,2.3632542805420567e-07
3.7525,2.3513085866144639e-07
3.755,2.3397214939140308e-07
3.7575,2.3284973503556828e-07
3.76,2.3176455729703827e-07
3.7625,2.3071769741584212e-07
3.765,2.2970900168795829e-07
3.7675,2.287378738318938e-07
3.77,2.2780149799006226e-07
3.7725,2.2689411364260581e-07
3.775,2.2600815840778348e-07
3.7775,2.2513422259777949e-07
3.78,2.2426300290978544e-07
3.7825,2.2338564660095079e-07
3.785,2.2249439778996266e-07
3.7875,2.2158307227041244e-07
3.79,2.2064709902143157e-07
3.7925,2.1968297286409134e-07
3.795,2.1868811677887809e-07
3.7975,2.1766044990492942e-07
3.8,2.1659861627017437e-07
3.8025,2.1550225848558901e-07
3.805,2.1437171878850185e-07
3.8075,2.1320887332097996e-07
3.81,2.1201657788441755e-07
3.8125,2.1079890588928587e-07
3.815,2.0956035468794104e-07
3.8175,2.0830567448474009e-07
3.82,2.0704024541645793e-07
3.8225,2.0577014569654491e-07
3.825,2.0450192728747191e-07
3.8275,2.0324282648225304e-07
3.83,2.0200006551352556e-07
3.8325,2.0078112805157617e-07
3.835,1.9959381867391642e-07
3.8375,1.984463860248988e-07
3.84,1.9734792765720342e-07
3.8425,1.9630745692413322e-07
3.845,1.9533400729607909e-07
3.8475,1.9443639258774348e-07
3.85,1.9362334989215774e-07
3.8525,1.9290342398172092e-07
3.855,1.9228441469344536e-07
3.8575,1.9177313802748818e-07
3.86,1.9137585124282682e-07
3.8625,1.9109833934491692e-07
3.865,1.9094595163136383e-07
3.8675,1.9092310454612137e-07
3.87,1.9103344967100595e-07
3.8725,1.9127977215122309e-07
3.875,1.9166416048956775e-07
3.8775,1.9218839125843549e-07
3.88,1.92854050912446e-07
3.8825,1.9366283548373116e-07
3.885,1.9461584442328268e-07
3.8875,1.9571365903258571e-07
3.89,1.9695576335112924e-07
3.8925,1.9834150481565132e-07
3.895,1.9986996185173125e-07
3.8975,2.0153973461765174e-07
3.9,2.0334739760056887e-07
3.9025,2.0528804216505898e-07
3.905,2.0735410677317925e-07
3.9075,2.0953627331468869e-07
3.91,2.1182419171321737e-07
3.9125,2.1420727146081947e-07
3.915,2.1667481151788161e-07
3.9175,2.192160744132309e-07
3.92,2.2182084945803915e-07
3.9225,2.2448035586154773e-07
3.925,2.271856383457324e-07
3.9275,2.299294103385335e-07
3.93,2.3270465644000758e-07
3.9325,2.3550382369400285e-07
3.935,2.3831950767747965e-07
3.9375,2.4114435772510385e-07
3.94,2.4397099709373886e-07
3.9425,2.4679172848156732e-07
3.945,2.495972132114035e-07
3.9475,2.5237821864547217e-07
3.95,2.5512574447708623e-07
3.9525,2.578320703689663e-07
3.955,2.6049119417983183e-07
3.9575,2.6309786654371485e-07
3.96,2.6564716611150918e-07
3.9625,2.68133209762842e-07
3.965,2.7055032940628917e-07
3.9675,2.7289271302773641e-07
3.97,2.7515486083980561e-07
3.9725,2.773322072635891e-07
3.975,2.7942002575401198e-07
3.9775,2.8141448970039461e-07
3.98,2.8331184136945763e-07
3.9825,2.8510796273364187e-07
3.985,2.8679777761144962e-07
3.9875,2.8837582129904114e-07
3.99,2.8983559168944194e-07
3.9925,2.91171321281641e-07
3.995,2.9237757809950999e-07
3.9975,2.934494678168215e-07
4.0,2.9438243229381985e-07
4.0025,2.951716346437702e-07
4.005,2.9581166987720587e-07
4.0075,2.9629635254537601e-07
4.01,2.9661878181112959e-07
4.0125,2.967725276404228e-07
4.015,2.9675273525854328e-07
4.0175,2.9655637152294731e-07
4.02,2.9618292229876865e-07
4.0225,2.9563320816515136e-07
4.025,2.9490958240235722e-07
4.0275,2.9401370794407049e-07
4.03,2.92946361690064e-07
4.0325,2.9170766208030417e-07
4.035,2.9029623392558196e-07
4.0375,2.8871006810227868e-07
4.04,2.8694811460422052e-07
4.0425,2.8501029183806534e-07
4.045,2.8289717416323859e-07
4.0475,2.806119789028738e-07
4.05,2.7816024739974099e-07
4.0525,2.7554785619525322e-07
4.055,2.7278285457578919e-07
4.0575,2.6987374639772422e-07
4.06,2.6683060173026138e-07
4.0625,2.6366504013448949e-07
4.065,2.6038885884267941e-07
4.0675,2.5701557042833951e-07
4.07,2.5355952664953343e-07
4.0725,2.5003511850574644e-07
4.075,2.4645768383760839e-07
4.0775,2.4284136982554283e-07
4.08,2.3920073001931788e-07
4.0825,2.3555089712410432e-07
4.085,2.3190755674579336e-07
4.0875,2.2828665487156842e-07
4.09,2.2470420424319761e-07
4.0925,2.2117631318068739e-07
4.095,2.1771894746758549e-07
4.0975,2.1434743196328881e-07
4.1,2.1107685944856173e-07
4.1025,2.0792091762625563e-07
4.105,2.048921076147178e-07
4.1075,2.0200166153872778e-07
4.11,1.9925979601084785e-07
4.1125,1.9667590806249024e-07
4.115,1.9425821232141498e-07
4.1175,1.9201337117854725e-07
4.12,1.8994738576082312e-07
4.1225,1.880643027876068e-07
4.125,1.8636727529277316e-07
4.1275,1.8485799174685086e-07
4.13,1.8353728845969724e-07
4.1325,1.8240426032504348e-07
4.135,1.8145615856325105e-07
4.1375,1.8068935098398238e-07
4.14,1.8009952650715077e-07
4.1425,1.7968210342408545e-07
4.145,1.7943184547857661e-07
4.1475,1.7934277091705894e-07
4.15,1.7940789493075646e-07
4.1525,1.7961981605290442e-07
4.155,1.7997076500385674e-07
4.1575,1.8045198286447346e-07
4.16,1.8105355349040277e-07
4.1625,1.8176404429041651e-07
4.165,1.8257028422518024e-07
4.1675,1.8345780560164928e-07
4.17,1.8441172049505096e-07
4.1725,1.8541697417382377e-07
4.175,1.8645918387284092e-07
4.1775,1.8752537619759219e-07
4.18,1.886045919444053e-07
4.1825,1.8968785574651576e-07
4.185,1.9076749850362566e-07
4.1875,1.9183778832193319e-07
4.19,1.92894227762885e-07
4.1925,1.9393275966356624e-07
4.195,1.9494992285049788e-07
4.1975,1.9594284757264798e-07
4.2,1.9690925286680997e-07
4.2025,1.9784828704528224e-07
4.205,1.9875885549541024e-07
4.2075,1.9963981216611045e-07
4.21,2.0049022556071677e-07
4.2125,2.0131028808791009e-07
4.215,2.0210138636279399e-07
4.2175,2.0286615337998151e-07
4.22,2.0360880436318762e-07
4.2225,2.0433464578105183e-07
4.225,2.0504968490984893e-07
4.2275,2.057606348440595e-07
4.23,2.0647438483072332e-07
4.2325,2.0719770225738325e-07
4.235,2.079365906624788e-07
4.2375,2.0869646347963211e-07
4.24,2.0948224283612578e-07
4.2425,2.1029749158783597e-07
4.245,2.1114489641488923e-07
4.2475,2.120269137101322e-07
4.25,2.1294557867222685e-07
4.2525,2.1390300785345704e-07
4.255,2.1490103304740969e-07
4.2575,2.1594100135975659e-07
4.26,2.1702378950715092e-07
4.2625,2.1814862797035163e-07
4.265,2.1931286550017477e-07
4.2675,2.2051262625301732e-07
4.27,2.2174265625712752e-07
4.2725,2.2299677284856638e-07
4.275,2.2426880127016277e-07
4.2775,2.2555276424553156e-07
4.28,2.2684330351999104e-07
4.2825,2.2813611580192169e-07
4.285,2.2942650609858406e-07
4.2875,2.3070923598680647e-07
4.29,2.3197794473304481e-07
4.2925,2.3322433212894828e-07
4.295,2.3443874333990558e-07
4.2975,2.3561052974412489e-07
4.3,2.3672745899268701e-07
4.3025,2.3777699196017838e-07
4.305,2.3874684399850232e-07
4.3075,2.396255018546236e-07
4.31,2.4040262211478047e-07
4.3125,2.4106940883620818e-07
4.315,2.4161859143561352e-07
4.3175,2.4204466683275949e-07
4.32,2.4234344877331022e-07
4.3225,2.4251209250805538e-07
4.325,2.4254929168638455e-07
4.3275,2.4245510703497029e-07
4.33,2.4223081800787785e-07
4.3325,2.4187859166914159e-07
4.335,2.4140095305674707e-07
4.3375,2.4079959931113438e-07
4.34,2.4007693412618092e-07
4.3425,2.3923478978102236e-07
4.345,2.3827528803599167e-07
4.3475,2.3720166020582408e-07
4.35,2.3601836368412375e-07
4.3525,2.3473127226400116e-07
4.355,2.3334716470157313e-07
4.3575,2.3187294569131739e-07
4.36,2.3031590897767075e-07
4.3625,2.286833854121151e-07
4.365,2.269817698585797e-07
4.3675,2.252173736531375e-07
4.37,2.2339649176059422e-07
4.3725,2.2152506663557487e-07
4.375,2.1960918766083095e-07
4.3775,2.1765407913219944e-07
4.38,2.1566477914872124e-07
4.3825,2.1364567185388791e-07
4.385,2.116015973010388e-07
4.3875,2.0953773128029457e-07
4.39,2.0745916195740204e-07
4.3925,2.0537036494086571e-07
4.395,2.0327469807792908e-07
4.3975,2.0117456064512345e-07
4.4,1.9907141675011538e-07
4.4025,1.9696710302637663e-07
4.405,1.9486320251001903e-07
4.4075,1.9276242736879905e-07
4.41,1.9066701234957517e-07
4.4125,1.8857977337304057e-07
4.415,1.8650316649112866e-07
4.4175,1.8443966086368923e-07
4.42,1.8239023931560802e-07
4.4225,1.8035495473533542e-07
4.425,1.7833247096084434e-07
4.4275,1.763205628632426e-07
4.43,1.7431702877740266e-07
4.4325,1.7231974722265736e-07
4.435,1.70328624521685e-07
4.4375,1.6834451704178698e-07
4.44,1.663677222497165e-07
4.4425,1.644028890952333e-07
4.445,1.6245548417972286e-07
4.4475,1.6053145349184996e-07
4.45,1.586374675609851e-07
4.4525,1.5678088493098485e-07
4.455,1.5496899916926216e-07
4.4575,1.5320926662751691e-07
4.46,1.5150995019038692e-07
4.4625,1.498797167386861e-07
4.465,1.4832785457256971e-07
4.4675,1.4686299747175907e-07
4.47,1.4549414189727283e-07
4.4725,1.4423025589771774e-07
4.475,1.4308084625131836e-07
4.4775,1.4205596520306055e-07
4.48,1.4116698960037552e-07
4.4825,1.4042542597117549e-07
4.485,1.3984204420391634e-07
4.4875,1.3942614966476078e-07
4.49,1.3918525613473622e-07
4.4925,1.3912505757886612e-07
4.495,1.3925061007773332e-07
4.4975,1.3956680678176695e-07
4.5,1.4007841133827486e-07
4.5025,1.4078895836628316e-07
4.505,1.4170032604320606e-07
4.5075,1.4281200667002195e-07
4.51,1.4412163763152559e-07
4.5125,1.4562490918062837e-07
4.515,1.4731621868482433e-07
4.5175,1.4919033874476016e-07
4.52,1.5124075397039538e-07
4.5225,1.5345981869542313e-07
4.525,1.5583804059318552e-07
4.5275,1.5836408228437194e-07
4.53,1.6102489786125169e-07
4.5325,1.6380642248084647e-07
4.535,1.6669474951117945e-07
4.5375,1.6967646262202571e-07
4.54,1.7273801870368009e-07
4.5425,1.7586689867262484e-07
4.545,1.7905032550539536e-07
4.5475,1.8227512428127453e-07
4.55,1.8552709150197833e-07
4.5525,1.8879123295453038e-07
4.555,1.9205029329718329e-07
4.5575,1.9528670636524231e-07
4.56,1.9848157524650259e-07
4.5625,2.0161644910917483e-07
4.565,2.0467489304828832e-07
4.5675,2.0764175339792399e-07
4.57,2.1050320976919502e-07
4.5725,2.132478647686326e-07
4.575,2.1586490948094832e-07
4.5775,2.1834540639830205e-07
4.58,2.206822480863064e-07
4.5825,2.228690274779493e-07
4.585,2.2490096510558908e-07
4.5875,2.2677390570435632e-07
4.59,2.2848517105188708e-07
4.5925,2.3003306353327878e-07
4.595,2.3141736711197082e-07
4.5975,2.3263979713070952e-07
4.6,2.3370334823566807e-07
4.6025,2.3461202626590363e-07
4.605,2.3537091467875792e-07
4.6075,2.3598563186579167e-07
4.61,2.3646241731113454e-07
4.6125,2.3680796685658816e-07
4.615,2.3702943662453573e-07
4.6175,2.3713478453995107e-07
4.62,2.3713257316414553e-07
4.6225,2.3703175012136412e-07
4.625,2.3684134197536454e-07
4.6275,2.3657016749466089e-07
4.63,2.3622670924836707e-07
4.6325,2.3581880154541769e-07
4.635,2.3535380497506514e-07
4.6375,2.3483865780438061e-07
4.64,2.3428022091989799e-07
4.6425,2.3368500668016975e-07
4.645,2.330600032979849e-07
4.6475,2.3241233010473264e-07
4.65,2.3174842599295348e-07
4.6525,2.3107350086231901e-07
4.655,2.3039111463997114e-07
4.6575,2.2970318607965489e-07
4.66,2.2901042983679132e-07
4.6625,2.2831285040492974e-07
4.665,2.276101927927871e-07
4.6675,2.2690229238262887e-07
4.67,2.2618884434537316e-07
4.6725,2.2546961373253113e-07
4.675,2.2474438989585908e-07
4.6775,2.2401220969586684e-07
4.68,2.2327131878029644e-07
4.6825,2.225188133495779e-07
4.685,2.2175098610558542e-07
4.6875,2.2096302735971246e-07
4.69,2.2014980856529302e-07
4.6925,2.1930598623148433e-07
4.695,2.1842683287850091e-07
4.6975,2.1750795274372201e-07
4.7,2.1654599940297609e-07
4.7025,2.1553833923142043e-07
4.705,2.1448403172025174e-07
4.7075,2.1338335145126122e-07
4.71,2.122381782607293e-07
4.7125,2.1105198284481543e-07
4.715,2.0982857316595464e-07
4.7175,2.0857201823144983e-07
4.72,2.0728574226271183e-07
4.7225,2.059727469674104e-07
4.725,2.0463624555548145e-07
4.7275,2.0327965123253983e-07
4.73,2.019069766178779e-07
4.7325,2.0052269284856652e-07
4.735,1.9913258559630687e-07
4.7375,1.9774334725237224e-07
4.74,1.9636332722784222e-07
4.7425,1.9500212301564474e-07
4.745,1.9367001778578846e-07
4.7475,1.9237760840777054e-07
4.75,1.9113472843261781e-07
4.7525,1.8994968187355163e-07
4.755,1.888293740244741e-07
4.7575,1.8778018168398315e-07
4.76,1.8680811392416477e-07
4.7625,1.8591921183082861e-07
4.765,1.8511932405705552e-07
4.7675,1.8441336387169298e-07
4.77,1.8380550989371687e-07
4.7725,1.8329907155702684e-07
4.775,1.8289716967978574e-07
4.7775,1.8260216464177354e-07
4.78,1.8241538840314916e-07
4.7825,1.8233703466041276e-07
4.785,1.8236605466199605e-07
4.7875,1.8249972265817461e-07
4.79,1.8273410790980541e-07
4.7925,1.8306459055821621e-07
4.795,1.8348628421253103e-07
4.7975,1.8399446127956447e-07
4.8,1.8458463024963939e-07
4.8025,1.8525304623436489e-07
4.805,1.8599577992060817e-07
4.8075,1.8680902896846236e-07
4.81,1.8768821208836532e-07
4.8125,1.8862782857097731e-07
4.815,1.8962175483355897e-07
4.8175,1.9066301279678466e-07
4.82,1.9174444940707433e-07
4.8225,1.928586127230252e-07
4.825,1.9399893854773695e-07
4.8275,1.9515970076516489e-07
4.83,1.9633610890716536e-07
4.8325,1.9752437089319546e-07
4.835,1.9872130517893221e-07
4.8375,1.9992456409890244e-07
4.84,2.0113294714903372e-07
4.8425,2.0234605959484157e-07
4.845,2.0356486527121595e-07
4.8475,2.0479152877248373e-07
4.85,2.0602903826857043e-07
4.8525,2.0728051891997489e-07
4.855,2.0854924625190219e-07
4.8575,2.0983839367817108e-07
4.86,2.1115125124477152e-07
4.8625,2.1249108503248701e-07
4.865,2.1386129649303456e-07
4.8675,2.1526561470388059e-07
4.87,2.1670785473943177e-07
4.8725,2.1819168672602706e-07
4.875,2.1972056405571991e-07
4.8775,2.2129723978476384e-07
4.88,2.2292410245889002e-07
4.8825,2.2460312365765362e-07
4.885,2.2633561495068005e-07
4.8875,2.2812259521926189e-07
4.89,2.2996431539341013e-07
4.8925,2.3185981383151469e-07
4.895,2.3380750684264072e-07
4.8975,2.3580556237369689e-07
4.9,2.3785093069610699e-07
4.9025,2.3994000718575521e-07
4.905,2.420677244358138e-07
4.9075,2.4422723607047869e-07
4.91,2.4641138081297563e-07
4.9125,2.4861169822777353e-07
4.915,2.5081929788998732e-07
4.9175,2.5302500624394742e-07
4.92,2.5521825900068881e-07
4.9225,2.5738788459098003e-07
4.925,2.5952249538861753e-07
4.9275,2.6161161085543487e-07
4.93,2.6364474345952808e-07
4.9325,2.6561075922430598e-07
4.935,2.674981551263651e-07
4.9375,2.6929478066780324e-07
4.94,2.7098802143530658e-07
4.9425,2.7256451266611132e-07
4.945,2.7401133050570404e-07
4.9475,2.7531571896047425e-07
4.95,2.7646551152362217e-07
4.9525,2.774493485129199e-07
4.955,2.7825696891663107e-07
4.9575,2.7887955831769919e-07
4.96,2.7931015404577785e-07
4.9625,2.7954424814439083e-07
4.965,2.7957971458674617e-07
4.9675,2.794171843997644e-07
4.97,2.7905891235483246e-07
4.9725,2.7850834599446454e-07
4.975,2.7776915658710288e-07
4.9775,2.768453864904742e-07
4.98,2.7574107145129701e-07
4.9825,2.744614792710857e-07
4.985,2.7301324122707184e-07
4.9875,2.7140493335223797e-07
4.99,2.6964634127424015e-07
4.9925,2.6774823453679437e-07
4.995,2.657224931217195e-07
4.9975,2.6358165963575674e-07
5.0,2.6133919735857481e-07
5.0025,2.590091444133236e-07
5.005,2.5660520673734212e-07
5.0075,2.5414139325805467e-07
5.01,2.5163094661665087e-07
5.0125,2.490871079942107e-07
5.015,2.4652361748154506e-07
5.0175,2.4395455330407282e-07
5.02,2.4139428913405484e-07
5.0225,2.3885718284487244e-07
5.025,2.363571162738719e-07
5.0275,2.3390609244401967e-07
5.03,2.3151500654931486e-07
5.0325,2.2919262460433227e-07
5.035,2.2694651964816192e-07
5.0375,2.2478251904847391e-07
5.04,2.227048079973693e-07
5.0425,2.207159133858165e-07
5.045,2.1881788092696298e-07
5.0475,2.1701211992436522e-07
5.05,2.1529985929811178e-07
5.0525,2.1368123399234602e-07
5.055,2.1215559181356533e-07
5.0575,2.1072104023914229e-07
5.06,2.0937528843853616e-07
5.0625,2.0811608225945889e-07
5.065,2.0694100284230932e-07
5.0675,2.0584740490886028e-07
5.07,2.0483180819420868e-07
5.0725,2.0389005185441506e-07
5.075,2.0301673814611639e-07
5.0775,2.0220600459412571e-07
5.08,2.0145173594944263e-07
5.0825,2.007481437646784e-07
5.085,2.0008982777869205e-07
5.0875,1.9947215963184573e-07
5.09,1.9889132485258939e-07
5.0925,1.9834403307363515e-07
5.095,1.9782765058648102e-07
5.0975,1.9734045108157212e-07
5.1,1.9688133159154495e-07
5.1025,1.9644987229544197e-07
5.105,1.9604626926740354e-07
5.1075,1.9567114926339637e-07
5.11,1.9532558050636098e-07
5.1125,1.950120092980421e-07
5.115,1.9473388340074034e-07
5.1175,1.9449639789745333e-07
5.12,1.9430597210121308e-07
5.1225,1.941695564078736e-07
5.125,1.9409388995036386e-07
5.1275,1.9408497976828515e-07
5.13,1.9414806502634169e-07
5.1325,1.9428724864097998e-07
5.135,1.9450561418281902e-07
5.1375,1.9480519865482673e-07
5.14,1.9518745303734337e-07
5.1425,1.9565374592055833e-07
5.145,1.9620565881951743e-07
5.1475,1.9684513671996424e-07
5.15,1.9757395684999173e-07
5.1525,1.9839367344231574e-07
5.155,1.9930485703085003e-07
5.1575,2.0030747266381889e-07
5.16,2.0140002016463982e-07
5.1625,2.0257988632941383e-07
5.165,2.0384285959468283e-07
5.1675,2.0518407384507719e-07
5.17,2.0659802649013116e-07
5.1725,2.0807866624921909e-07
5.175,2.0961933503290087e-07
5.1775,2.1121300300263995e-07
5.18,2.1285240611513748e-07
5.1825,2.1452997384858006e-07
5.185,2.1623771364865899e-07
5.1875,2.1796753714876749e-07
5.19,2.1970971108049032e-07
5.1925,2.2145374917538512e-07
5.195,2.231882030277164e-07
5.1975,2.2490033159102374e-07
5.2,2.2657829578823906e-07
5.2025,2.2821033228519027e-07
5.205,2.2978612693321307e-07
5.2075,2.3129617589748917e-07
5.21,2.3273167321183947e-07
5.2125,2.3408445645911209e-07
5.215,2.3534706570407061e-07
5.2175,2.3651311433879591e-07
5.22,2.3757645921892748e-07
5.2225,2.3853157681222397e-07
5.225,2.3937392913206526e-07
5.2275,2.4010033668935272e-07
5.23,2.407099184143608e-07
5.2325,2.4120309591592163e-07
5.235,2.415814129135252e-07
5.2375,2.4184740686080509e-07
5.24,2.4200431948695995e-07
5.2425,2.4205593696708183e-07
5.245,2.4200631303940074e-07
5.2475,2.4185963637823819e-07
5.25,2.41620411844767e-07
5.2525,2.4129341492364073e-07
5.255,2.4088487201997141e-07
5.2575,2.4040260690590919e-07
5.26,2.398560048565745e-07
5.2625,2.3925539089587556e-07
5.265,2.3861130044239164e-07
5.2675,2.3793367747280554e-07
5.27,2.3723177983348085e-07
5.2725,2.3651387362611136e-07
5.275,2.3578747111284565e-07
5.2775,2.3505902949903207e-07
5.28,2.3433417563750575e-07
5.2825,2.3361754305380415e-07
5.285,2.3291331674327477e-07
5.2875,2.3222490392023718e-07
5.29,2.3155565716416458e-07
5.2925,2.3090761327265312e-07
5.295,2.3028116974393011e-07
5.2975,2.2967538683324764e-07
5.3,2.290881004674159e-07
5.3025,2.2851532666351074e-07
5.305,2.2795231367799114e-07
5.3075,2.2739368510557871e-07
5.31,2.2683282780589331e-07
5.3125,2.2626290807297213e-07
5.315,2.2567602679828994e-07
5.3175,2.2506387031650595e-07
5.32,2.2441846201261881e-07
5.3225,2.2373222799456892e-07
5.325,2.2299833541460015e-07
5.3275,2.2221082737380584e-07
5.33,2.213636473182786e-07
5.3325,2.2045056373437685e-07
5.335,2.1946500292988618e-07
5.3375,2.1840025027521093e-07
5.34,2.1724962718868216e-07
5.3425,2.1600693472083158e-07
5.345,2.146667829947695e-07
5.3475,2.1322517134040355e-07
5.35,2.1167964231375021e-07
5.3525,2.1002974113955259e-07
5.355,2.0827661804015222e-07
5.3575,2.0642319406347658e-07
5.36,2.0447288693504935e-07
5.3625,2.0243061375616341e-07
5.365,2.003016956291587e-07
5.3675,1.9809264985566151e-07
5.37,1.9581118532125928e-07
5.3725,1.9346729851347597e-07
5.375,1.9107191890824415e-07
5.3775,1.8863784289812288e-07
5.38,1.8617964183749359e-07
5.3825,1.8371177501863809e-07
5.385,1.8124859952072556e-07
5.3875,1.7880416410057627e-07
5.39,1.763915655341147e-07
5.3925,1.740231642640448e-07
5.395,1.7171082607065438e-07
5.3975,1.694670746194395e-07
5.4,1.6730492138331648e-07
5.4025,1.6523744193384588e-07
5.405,1.6327778604220123e-07
5.4075,1.6143767354332809e-07
5.41,1.5972705365969805e-07
5.4125,1.5815355587556049e-07
5.415,1.567242479338995e-07
5.4175,1.5544434411465192e-07
5.42,1.5431844723540943e-07
5.4225,1.5335002687440627e-07
5.425,1.5254134310861518e-07
5.4275,1.5189318827744526e-07
5.43,1.5140517852619294e-07
5.4325,1.5107580043871305e-07
5.435,1.5090310284200627e-07
5.4375,1.5088493037059015e-07
5.44,1.5101871710749088e-07
5.4425,1.5130115717926817e-07
5.445,1.5172725685330173e-07
5.4475,1.5229039001804147e-07
5.45,1.5298195283393927e-07
5.4525,1.5379215438671282e-07
5.455,1.5471105138569422e-07
5.4575,1.5572776684996609e-07
5.46,1.568314207601338e-07
5.4625,1.5801004404163868e-07
5.465,1.5925153546952538e-07
5.4675,1.6054352085249085e-07
5.47,1.6187489733068207e-07
5.4725,1.6323637271440892e-07
5.475,1.6462053625514354e-07
5.4775,1.660215467104627e-07
5.48,1.6743400058776891e-07
5.4825,1.688526488565342e-07
5.485,1.7027209859671744e-07
5.4875,1.7168757824297323e-07
5.49,1.7309472904794415e-07
5.4925,1.7449026056603624e-07
5.495,1.7587128678378355e-07
5.4975,1.7723580310245733e-07
5.5,1.7858232296999937e-07
5.5025,1.7990987788694027e-07
5.505,1.8121835541420784e-07
5.5075,1.8250807968772286e-07
5.51,1.8377962699483987e-07
5.5125,1.8503441339179165e-07
5.515,1.8627436355342235e-07
5.5175,1.8750189113131254e-07
5.52,1.8871994534969048e-07
5.5225,1.8993200469724456e-07
5.525,1.9114177343305094e-07
5.5275,1.923538632633885e-07
5.53,1.9357238507874055e-07
5.5325,1.9480158607674262e-07
5.535,1.960447520641929e-07
5.5375,1.9730421577874721e-07
5.54,1.9858062704618531e-07
5.5425,1.9987357288034947e-07
5.545,2.0118122438012517e-07
5.5475,2.0250124079203554e-07
5.55,2.0383092096164674e-07
5.5525,2.0516734399250313e-07
5.555,2.0650760120632563e-07
5.5575,2.0784786090316849e-07
5.56,2.0918269752874305e-07
5.5625,2.1050568071010199e-07
5.565,2.1180974765998615e-07
5.5675,2.1308734608104582e-07
5.57,2.1433062958956634e-07
5.5725,2.1553055979666912e-07
5.575,2.1667757800169722e-07
5.5775,2.1776216978100161e-07
5.58,2.1877463472413701e-07
5.5825,2.1970594040307504e-07
5.585,2.2054733050134223e-07
5.5875,2.212905143621564e-07
5.59,2.2192780779902118e-07
5.5925,2.2245183638526153e-07
5.595,2.2285567759340917e-07
5.5975,2.2313277289723885e-07
5.6,2.2327717500375071e-07
5.6025,2.2328399150194127e-07
5.605,2.2314982469635646e-07
5.6075,2.2287304447803349e-07
5.61,2.2245369431035421e-07
5.6125,2.2189321074348622e-07
5.615,2.2119382273471794e-07
5.6175,2.2035864688328938e-07
5.62,2.1939138928303062e-07
5.6225,2.1829701256085183e-07
5.625,2.1708182242779058e-07
5.6275,2.1575364021874833e-07
5.63,2.1432212128155597e-07
5.6325,2.1279872670373486e-07
5.635,2.1119607257126875e-07
5.6375,2.0952776050522815e-07
5.64,2.0780793394866094e-07
5.6425,2.0605075587265967e-07
5.645,2.0426978665228054e-07
5.6475,2.024779732793719e-07
5.65,2.0068729530375471e-07
5.6525,1.9890867369064052e-07
5.655,1.971533797727131e-07
5.6575,1.9543196158923012e-07
5.66,1.937557808356911e-07
5.6625,1.921351620663033e-07
5.665,1.9058011657712397e-07
5.6675,1.8909890916683508e-07
5.67,1.8769907271343816e-07
5.6725,1.8638617069030474e-07
5.675,1.8516480600000271e-07
5.6775,1.8403802755831879e-07
5.68,1.8300791406609774e-07
5.6825,1.8207533197322694e-07
5.685,1.8123972059841972e-07
5.6875,1.8049957839668989e-07
5.69,1.7985273799623877e-07
5.6925,1.7929663001368644e-07
5.695,1.7882865629549942e-07
5.6975,1.7844594284360819e-07
5.7,1.7814498328490324e-07
5.7025,1.7792088971399919e-07
5.705,1.7776706185036305e-07
5.7075,1.7767535458103712e-07
5.71,1.776368050205901e-07
5.7125,1.7764268210015729e-07
5.715,1.7768423057863503e-07
5.7175,1.7775285044225118e-07
5.72,1.7783945771761626e-07
5.7225,1.7793430913586331e-07
5.725,1.780273547965668e-07
5.7275,1.7810944205263594e-07
5.73,1.7817319649743832e-07
5.7325,1.7821371625837921e-07
5.735,1.782285703980071e-07
5.7375,1.7821679428070908e-07
5.74,1.7817851007803293e-07
5.7425,1.7811416921222811e-07
5.745,1.7802449607956806e-07
5.7475,1.7791051705082233e-07
5.75,1.7777383132126867e-07
5.7525,1.7761711495351768e-07
5.755,1.7744378469100683e-07
5.7575,1.7725839862997591e-07
5.76,1.7706674826585701e-07
5.7625,1.7687558735911639e-07
5.765,1.7669228463449984e-07
5.7675,1.7652471706717893e-07
5.77,1.7638120743167984e-07
5.7725,1.762708470046257e-07
5.775,1.7620258765316068e-07
5.7775,1.7618560917687374e-07
5.78,1.7622930659714579e-07
5.7825,1.7634341119567312e-07
5.785,1.7653782493657308e-07
5.7875,1.7682256802192652e-07
5.79,1.7720689240357114e-07
5.7925,1.7769886418919549e-07
5.795,1.7830457211442662e-07
5.7975,1.7902816687678678e-07
5.8,1.7987196107406549e-07
5.8025,1.8083740054618433e-07
5.805,1.8192487063069275e-07
5.8075,1.831344257760981e-07
5.81,1.8446538919664557e-07
5.8125,1.8591602196652196e-07
5.815,1.8748291418239541e-07
5.8175,1.8916082763754316e-07
5.82,1.9094369983693813e-07
5.8225,1.9282471188148378e-07
5.825,1.9479579883349755e-07
5.8275,1.9684855340438016e-07
5.83,1.9897321887575971e-07
5.8325,2.0115920666208996e-07
5.835,2.033944873158788e-07
5.8375,2.0566694671402448e-07
5.84,2.0796381520264521e-07
5.8425,2.1027252508359283e-07
5.845,2.1258109780543603e-07
5.8475,2.1487691004984682e-07
5.85,2.1714869566969933e-07
5.8525,2.1938468639241623e-07
5.855,2.2157380851886529e-07
5.8575,2.237052356460705e-07
5.86,2.2576794630563863e-07
5.8625,2.277518423641248e-07
5.865,2.2964823561995315e-07
5.8675,2.3144906545721904e-07
5.87,2.331474392173757e-07
5.8725,2.347381219622369e-07
5.875,2.3621626946010025e-07
5.8775,2.3757884725649345e-07
5.88,2.3882402550996556e-07
5.8825,2.3995170710305434e-07
5.885,2.4096342972509144e-07
5.8875,2.4186217189892214e-07
5.89,2.4265264165123733e-07
5.8925,2.4334069897549301e-07
5.895,2.43933141845758e-07
5.8975,2.4443721415918924e-07
5.9,2.4486001628150324e-07
5.9025,2.452084174677365e-07
5.905,2.4548885142306238e-07
5.9075,2.4570733767372119e-07
5.91,2.4586975864489604e-07
5.9125,2.4598216162001482e-07
5.915,2.4605106228577991e-07
5.9175,2.4608342437216412e-07
5.92,2.460862532809708e-07
5.9225,2.4606590196174359e-07
5.925,2.4602767634746454e-07
5.9275,2.4597568055039463e-07
5.93,2.4591285123784079e-07
5.9325,2.45841036875697e-07
5.935,2.4576157511781974e-07
5.9375,2.4567510736345797e-07
5.94,2.4558128070921115e-07
5.9425,2.4547871934208575e-07
5.945,2.4536523374473942e-07
5.9475,2.452380567805671e-07
5.95,2.450939971427741e-07
5.9525,2.4492991549800547e-07
5.955,2.4474264802616864e-07
5.9575,2.4452896986290841e-07
5.96,2.4428507276117927e-07
5.9625,2.4400611669721814e-07
5.965,2.436862200653779e-07
5.9675,2.4331845894749868e-07
5.97,2.4289582891539691e-07
5.9725,2.4241183093996298e-07
5.975,2.4186003527257165e-07
5.9775,2.4123459480950371e-07
5.98,2.4052978364476254e-07
5.9825,2.3974002516586645e-07
5.985,2.3886054443912049e-07
5.9875,2.378874416551e-07
5.99,2.3681919513041456e-07
5.9925,2.3565604500734307e-07
5.995,2.3440015754551492e-07
5.9975,2.3305513159093652e-07
6.0,2.3162561759832171e-07
6.0025,2.3011639018041408e-07
6.005,2.2853314684619372e-07
6.0075,2.268812563021896e-07
6.01,2.2516717133467291e-07
6.0125,2.2339763315036769e-07
6.015,2.2158003286858659e-07
6.0175,2.197243011001446e-07
6.02,2.1784072907410807e-07
6.0225,2.1594137400893945e-07
6.025,2.1403877835563704e-07
6.0275,2.1214566183659177e-07
6.03,2.1027621788311755e-07
6.0325,2.0844406625869589e-07
6.035,2.0666222241221558e-07
6.0375,2.0494392882815485e-07
6.04,2.0330253363263007e-07
6.0425,2.0175046018534192e-07
6.045,2.0030044753247455e-07
6.0475,1.9896424389692058e-07
6.05,1.9775263800055237e-07
6.0525,1.9667498909154387e-07
6.055,1.9573887550266146e-07
6.0575,1.9494964265741121e-07
6.06,1.9431147317407596e-07
6.0625,1.938267390394159e-07
6.065,1.9349676991979759e-07
6.0675,1.9332197079478852e-07
6.07,1.933011291572409e-07
6.0725,1.9343128605569071e-07
6.075,1.9370751996482972e-07
6.0775,1.9412441459967986e-07
6.08,1.9467563521325006e-07
6.0825,1.9535366706138757e-07
6.085,1.9615038813497237e-07
6.0875,1.9705621794874168e-07
6.09,1.9805991719630256e-07
6.0925,1.9914961477170494e-07
6.095,2.0031311765644448e-07
6.0975,2.0153770065184615e-07
6.1,2.0281083103268284e-07
6.1025,2.0411986787029014e-07
6.105,2.054522903251022e-07
6.1075,2.067964647479504e-07
6.11,2.0814059760798887e-07
6.1125,2.0947371777951893e-07
6.115,2.1078474708576301e-07
6.1175,2.120632424661444e-07
6.12,2.132998718497724e-07
6.1225,2.1448615150933335e-07
6.125,2.1561522605242394e-07
6.1275,2.1668167936864476e-07
6.13,2.1768157352137143e-07
6.1325,2.1861228002970143e-07
6.135,2.1947236380977841e-07
6.1375,2.2026153683439929e-07
6.14,2.2098093166172406e-07
6.1425,2.216329894405845e-07
6.145,2.2222200495884895e-07
6.1475,2.2275352077121774e-07
6.15,2.2323406661758715e-07
6.1525,2.2367090137102958e-07
6.155,2.2407147801072593e-07
6.1575,2.2444337693958271e-07
6.16,2.2479421780892757e-07
6.1625,2.2513143046666277e-07
6.165,2.2546212987397919e-07
6.1675,2.257931076973976e-07
6.17,2.2613093166388025e-07
6.1725,2.2648247740668089e-07
6.175,2.2685487117453319e-07
6.1775,2.2725524406052558e-07
6.18,2.2768997655999367e-07
6.1825,2.2816435828302773e-07
6.185,2.2868203244815051e-07
6.1875,2.292448459379099e-07
6.19,2.2985401091038103e-07
6.1925,2.3050944328987549e-07
6.195,2.3121036212127236e-07
6.1975,2.3195497275332288e-07
6.2,2.3274055185200407e-07
6.2025,2.3356319932955132e-07
6.205,2.3441800926859389e-07
6.2075,2.3529897235943218e-07
6.21,2.3619980804039199e-07
6.2125,2.3711357710839448e-07
6.215,2.3803348168523747e-07
6.2175,2.3895190456263838e-07
6.22,2.398602531944785e-07
6.2225,2.4074886317166032e-07
6.225,2.4160733930481062e-07
6.2275,2.424247759416554e-07
6.23,2.4319079648868255e-07
6.2325,2.4389470023252192e-07
6.235,2.4452584355512283e-07
6.2375,2.4507322252984499e-07
6.24,2.4552577359127121e-07
6.2425,2.4587301397415479e-07
6.245,2.4610585411737306e-07
6.2475,2.4621736179588507e-07
6.25,2.4620302409730347e-07
6.2525,2.460604853778492e-07
6.255,2.4578895766551734e-07
6.2575,2.4538877716341199e-07
6.26,2.4486105608829911e-07
6.2625,2.4420714519459598e-07
6.265,2.4342918502911116e-07
6.2675,2.4252954651195003e-07
6.27,2.4151081569954936e-07
6.2725,2.4037709500329849e-07
6.275,2.3913367948290545e-07
6.2775,2.3778737341575279e-07
6.28,2.3634615278394179e-07
6.2825,2.3481943004608998e-07
6.285,2.3321744500917018e-07
6.2875,2.3155173088532157e-07
6.29,2.2983352388759286e-07
6.2925,2.2807459191406669e-07
6.295,2.2628652137703978e-07
6.2975,2.2448059380703652e-07
6.3,2.2266854976030969e-07
6.3025,2.2086181563831408e-07
6.305,2.1907136686518862e-07
6.3075,2.1730784167624425e-07
6.31,2.1558061041154267e-07
6.3125,2.138976551742163e-07
6.315,2.1226574454443477e-07
6.3175,2.1069039109986937e-07
6.32,2.0917606656688188e-07
6.3225,2.0772633607003966e-07
6.325,2.0634419332794725e-07
6.3275,2.05030888129884e-07
6.33,2.0378597944192411e-07
6.3325,2.0260733966881483e-07
6.335,2.0149215307490226e-07
6.3375,2.0043750753052839e-07
6.34,1.9943935556854147e-07
6.3425,1.9849422274879911e-07
6.345,1.9759732170612377e-07
6.3475,1.9674276972705765e-07
6.35,1.9592432308459909e-07
6.3525,1.9513469118111361e-07
6.355,1.9436613086234694e-07
6.3575,1.9361120818330093e-07
6.36,1.9286235310864432e-07
6.3625,1.9211261013731869e-07
6.365,1.9135517909296046e-07
6.3675,1.905838804891868e-07
6.37,1.8979249293880473e-07
6.3725,1.8897536776226842e-07
6.375,1.8812761287405324e-07
6.3775,1.8724533580794257e-07
6.38,1.8632611385530752e-07
6.3825,1.8536915426726529e-07
6.385,1.8437485049563129e-07
6.3875,1.8334450128912979e-07
6.39,1.8228090902274003e-07
6.3925,1.8118756461945087e-07
6.395,1.8006993303209002e-07
6.3975,1.7893438322749944e-07
6.4,1.7778944443731107e-07
6.4025,1.7664461663239622e-07
6.405,1.7551003208328748e-07
6.4075,1.7439655716362096e-07
6.41,1.7331527520909189e-07
6.4125,1.7227728164775785e-07
6.415,1.7129400169065621e-07
6.4175,1.7037668001207328e-07
6.42,1.6953621929747076e-07
6.4225,1.6878256029101482e-07
6.425,1.6812479047067801e-07
6.4275,1.6757122041651605e-07
6.43,1.6712989502183898e-07
6.4325,1.668088615479553e-07
6.435,1.6661568985162241e-07
6.4375,1.665569423107018e-07
6.44,1.6663754963409804e-07
6.4425,1.6686050271733007e-07
6.445,1.6722688614648802e-07
6.4475,1.6773645415044313e-07
6.45,1.6838786704888982e-07
6.4525,1.6917865565411376e-07
6.455,1.7010510274909402e-07
6.4575,1.7116237795814e-07
6.46,1.7234399619417493e-07
6.4625,1.736424539576422e-07
6.465,1.7504848344112708e-07
6.4675,1.7655275525801356e-07
6.47,1.7814525705405525e-07
6.4725,1.798158977826635e-07
6.475,1.8155381029501587e-07
6.4775,1.8334701109281111e-07
6.48,1.8518201614215145e-07
6.4825,1.8704465452053177e-07
6.485,1.889198199147246e-07
6.4875,1.9079332479925043e-07
6.49,1.9265147398218035e-07
6.4925,1.9448025328279931e-07
6.495,1.9626574056238012e-07
6.4975,1.9799398646463955e-07
6.5,1.9965074777823458e-07
6.5025,2.0122393218524385e-07
6.505,2.0270257301235376e-07
6.5075,2.0407840005678697e-07
6.51,2.05345540633299e-07
6.5125,2.0649947693157865e-07
6.515,2.0753740512592042e-07
6.5175,2.0845722234586302e-07
6.52,2.0925787536639983e-07
6.5225,2.0993833829935049e-07
6.525,2.1049825241243236e-07
6.5275,2.1093814755770892e-07
6.53,2.1125896745783937e-07
6.5325,2.1146297937836633e-07
6.535,2.1155449665434112e-07
6.5375,2.1153953048061829e-07
6.54,2.1142571334008446e-07
6.5425,2.1122219017115895e-07
6.545,2.1093895913800127e-07
6.5475,2.1058653570002544e-07
6.55,2.1017522756517595e-07
6.5525,2.0971515777164141e-07
6.555,2.0921659450189494e-07
6.5575,2.0868972526085518e-07
6.56,2.0814481675452327e-07
6.5625,2.0759211842427174e-07
6.565,2.070414173539413e-07
6.5675,2.0650152240421399e-07
6.57,2.0597982437510792e-07
6.5725,2.0548241745757672e-07
6.575,2.0501376106812714e-07
6.5775,2.045773478752157e-07
6.58,2.0417592808067636e-07
6.5825,2.0381189174813995e-07
6.585,2.0348594339885046e-07
6.5875,2.0319690616886784e-07
6.59,2.0294167125679481e-07
6.5925,2.0271678845405063e-07
6.595,2.0251826883806219e-07
6.5975,2.0234166141453034e-07
6.6,2.0218188915985383e-07
6.6025,2.020325360731206e-07
6.605,2.0188681184190272e-07
6.6075,2.0173724164782599e-07
6.61,2.0157627659789067e-07
6.6125,2.0139580560126477e-07
6.615,2.0118786495749801e-07
6.6175,2.0094452296056468e-07
6.62,2.0065809839052796e-07
6.6225,2.0032099063253099e-07
6.625,1.999256257710168e-07
6.6275,1.9946491148970865e-07
6.63,1.989322099079084e-07
6.6325,1.9832190435089998e-07
6.635,1.9762960475353019e-07
6.6375,1.9685231480283376e-07
6.64,1.9598851033934161e-07
6.6425,1.9503754554932974e-07
6.645,1.9400034843578411e-07
6.6475,1.9287892249885222e-07
6.65,1.9167653052321658e-07
6.6525,1.9039804966647377e-07
6.655,1.8905027500563296e-07
6.6575,1.8764129235121976e-07
6.66,1.8618061290430374e-07
6.6625,1.8467872984382042e-07
6.665,1.8314691642224222e-07
6.6675,1.8159622854716082e-07
6.67,1.8003891038667814e-07
6.6725,1.7848723891012954e-07
6.675,1.7695367257529918e-07
6.6775,1.7545096090765418e-07
6.68,1.7399104038780069e-07
6.6825,1.7258485649471247e-07
6.685,1.712431811359772e-07
6.6875,1.6997659480657889e-07
6.69,1.687954315213446e-07
6.6925,1.6770991565778437e-07
6.695,1.667293426298293e-07
6.6975,1.6586135780491596e-07
6.7,1.6511211626603158e-07
6.7025,1.6448582735166808e-07
6.705,1.6398574015794637e-07
6.7075,1.6361385948165561e-07
6.71,1.6337105003578191e-07
6.7125,1.6325690517663688e-07
6.715,1.6326959119501399e-07
6.7175,1.6340585263293438e-07
6.72,1.636610747425418e-07
6.7225,1.6402946819362093e-07
6.725,1.6450470364269116e-07
6.7275,1.6508028740297844e-07
6.73,1.6574943733751535e-07
6.7325,1.6650510770249118e-07
6.735,1.6733886145392259e-07
6.7375,1.6824076626355817e-07
6.74,1.6920022548939984e-07
6.7425,1.7020570839296228e-07
6.745,1.7124612256156073e-07
6.7475,1.7231122350782209e-07
6.75,1.7339025220556368e-07
6.7525,1.7447260891855126e-07
6.755,1.7554706765793322e-07
6.7575,1.7660301422904362e-07
6.76,1.7763077988340063e-07
6.7625,1.7862248748811355e-07
6.765,1.7957309610295433e-07
6.7675,1.8047943842160478e-07
6.77,1.8134021055452661e-07
6.7725,1.821553379634245e-07
6.775,1.8292579778389777e-07
6.7775,1.8365259134949806e-07
6.78,1.8433661334272908e-07
6.7825,1.8497910017197217e-07
6.785,1.8558192655642854e-07
6.7875,1.8614722247137054e-07
6.79,1.8667855572950612e-07
6.7925,1.8718086660767788e-07
6.795,1.8766074900221445e-07
6.7975,1.881260515563854e-07
6.8,1.8858545137525819e-07
6.8025,1.8904809996341731e-07
6.805,1.8952321452613971e-07
6.8075,1.9001992981350334e-07
6.81,1.9054705849034284e-07
6.8125,1.9111335691950852e-07
6.815,1.9172750515507809e-07
6.8175,1.9239801786071998e-07
6.82,1.9313321248760268e-07
6.8225,1.9394034922761607e-07
6.825,1.9482576163807247e-07
6.8275,1.9579366804153622e-07
6.83,1.9684713521342001e-07
6.8325,1.979868258297137e-07
6.835,1.9921299874211142e-07
6.8375,2.0052466535282695e-07
6.84,2.0191997114258614e-07
6.8425,2.0339552750978875e-07
6.845,2.0494499914725033e-07
6.8475,2.0656169197852844e-07
6.85,2.0823740215836807e-07
6.8525,2.0996349221484376e-07
6.855,2.1173068920788572e-07
6.8575,2.1352917026963437e-07
6.86,2.15347705191083e-07
6.8625,2.1717445689742362e-07
6.865,2.1899652657391113e-07
6.8675,2.2080105580452161e-07
6.87,2.2257534256395278e-07
6.8725,2.2430713734007067e-07
6.875,2.2598359315233078e-07
6.8775,2.2759162137620938e-07
6.88,2.2911861956961848e-07
6.8825,2.3055205181482353e-07
6.885,2.3187922499175522e-07
6.8875,2.3308868144015428e-07
6.89,2.3417021792231136e-07
6.8925,2.3511518342166499e-07
6.895,2.3591641563084222e-07
6.8975,2.3656883699592773e-07
6.9,2.3706836525790027e-07
6.9025,2.3741271239850136e-07
6.905,2.3760108852917596e-07
6.9075,2.3763429081474163e-07
6.91,2.375149371645158e-07
6.9125,2.3724758835984566e-07
6.915,2.368386851287302e-07
6.9175,2.3629640081073029e-07
6.92,2.3562989633790611e-07
6.9225,2.3484930344223797e-07
6.925,2.3396555418590662e-07
6.9275,2.3299013479995192e-07
6.93,2.319351799927875e-07
6.9325,2.3081376166008729e-07
6.935,2.2963844029548087e-07
6.9375,2.284219333026188e-07
6.94,2.2717596746527018e-07
6.9425,2.2591225610627338e-07
6.945,2.2464291962292394e-07
6.9475,2.2337995785065844e-07
6.95,2.2213584527934021e-07
6.9525,2.2092203706498492e-07
6.955,2.1974871612424676e-07
6.9575,2.1862420862256739e-07
6.96,2.1755544242528104e-07
6.9625,2.1654801531590424e-07
6.965,2.1560673408438504e-07
6.9675,2.1473528462924113e-07
6.97,2.1393612126257686e-07
6.9725,2.1321065167385668e-07
6.975,2.1255853164657832e-07
6.9775,2.1197837211482828e-07
6.98,2.1146751915709973e-07
6.9825,2.1102290268052801e-07
6.985,2.1064108781408708e-07
6.9875,2.1031850813690547e-07
6.99,2.1005092795670829e-07
6.9925,2.0983286484180628e-07
6.995,2.0965711686067288e-07
6.9975,2.0951553490412473e-07
7.0,2.0939934435015157e-07
