Physical Time (s),etp_left Monitor (kg-m/s^3)
0.0025,4.1891051873033664e-10
0.005,8.9953109028050631e-08
0.0075,2.8202825355454149e-06
0.01,1.8859816433492413e-05
0.0125,5.4006315467487546e-05
0.015,8.5564799941718412e-05
0.0175,5.5897218182410734e-05
0.02,6.5578512057509932e-06
0.0225,6.0453067140813016e-06
0.025,2.966581694891242e-05
0.0275,3.833014365334224e-05
0.03,2.8589304238308314e-05
0.0325,1.3458436595037006e-05
0.035,3.5819338687485256e-06
0.0375,2.4635395107312141e-07
0.04,5.1175489397471594e-07
0.0425,1.7570852914450682e-06
0.045,2.5112288664319793e-06
0.0475,2.3192862214891e-06
0.05,1.4693072631504706e-06
0.0525,5.5059885160475361e-07
0.055,-7.5966393369320337e-09
0.0575,-1.597229934142384e-07
0.06,-1.1242514875968521e-07
0.0625,-3.9752561949233522e-08
0.065,3.8174327838950218e-08
0.0675,1.6173360759855548e-07
0.07,3.1398359326100322e-07
0.0725,4.1682428281859039e-07
0.075,4.0635153797856546e-07
0.0775,2.8721422908725851e-07
0.08,1.2148808529944367e-07
0.0825,-2.0350373626914452e-08
0.085,-9.7817467803169526e-08
0.0875,-1.0614841963162163e-07
0.09,-6.2205684303874142e-08
0.0925,7.4250530986065554e-09
0.095,6.9737409247420401e-08
0.0975,8.8641186751837263e-08
0.1,3.5703223213318379e-08
0.1025,-9.5357643988218438e-08
0.105,-2.8098813020409854e-07
0.1075,-4.736277401175642e-07
0.11,-6.1983470299210224e-07
0.1125,-6.833324100833036e-07
0.115,-6.5530855454278105e-07
0.1175,-5.5177896241331214e-07
0.12,-4.0347454766609694e-07
0.1225,-2.441202113673473e-07
0.125,-1.0128272064569692e-07
0.1275,7.0594502907668183e-09
0.13,7.4379934235794445e-08
0.1325,1.0289116457534541e-07
0.135,9.9403611619669399e-08
0.1375,7.3745237152046321e-08
0.14,3.7704911528570986e-08
0.1425,3.3983076333504256e-09
0.145,-1.9762330112249314e-08
0.1475,-2.7750013540137023e-08
0.15,-2.1943697099244257e-08
0.1525,-6.8089810527101379e-09
0.155,1.3247694033888864e-08
0.1575,3.6201362363082636e-08
0.16,6.2654702750990084e-08
0.1625,9.4365587769426912e-08
0.165,1.3196166836978961e-07
0.1675,1.7329159176044123e-07
0.17,2.132706035331611e-07
0.1725,2.4545759977903246e-07
0.175,2.6445091104336977e-07
0.1775,2.6790515684183166e-07
0.18,2.572244316103883e-07
0.1825,2.367539338136036e-07
0.185,2.1207005160795598e-07
0.1875,1.8820114059576032e-07
0.19,1.6846811951431913e-07
0.1925,1.5410756298697422e-07
0.195,1.4456653185049426e-07
0.1975,1.3806553235597021e-07
0.2,1.3221344847824312e-07
0.2025,1.2451626232402705e-07
0.205,1.1279360525469433e-07
0.2075,9.5588088043574006e-08
0.21,7.2536768944446701e-08
0.2125,4.4590204734406235e-08
0.215,1.3976938141272384e-08
0.2175,-1.6072981464869937e-08
0.22,-4.187137296357869e-08
0.2225,-5.9923009111144718e-08
0.225,-6.7571028312108439e-08
0.2275,-6.3525066118411192e-08
0.23,-4.8137463739924025e-08
0.2325,-2.3342565739325035e-08
0.235,7.6770161216900141e-09
0.2375,4.1046102082201247e-08
0.24,7.3990666767575483e-08
0.2425,1.0170312332488032e-07
0.245,1.2263892779259085e-07
0.2475,1.3576614720955982e-07
0.25,1.4157837932968415e-07
0.2525,1.4175326840985564e-07
0.255,1.3841576970141993e-07
0.2575,1.3364845344348965e-07
0.26,1.2957393316036151e-07
0.2625,1.2820905513057955e-07
0.265,1.3104683073144216e-07
0.2675,1.3872322249679068e-07
0.27,1.5100424474696723e-07
0.2725,1.6625606077066666e-07
0.275,1.8291529820640011e-07
0.2775,1.9908722980227115e-07
0.28,2.1364170901888037e-07
0.2825,2.2448546453180485e-07
0.285,2.3040591959323438e-07
0.2875,2.3014128542403658e-07
0.29,2.236460615812483e-07
0.2925,2.1192339116391906e-07
0.295,1.9581425203809962e-07
0.2975,1.760649360535172e-07
0.3,1.5310931050560909e-07
0.3025,1.2905196217132999e-07
0.305,1.05824007783408e-07
0.3075,8.4495265595729837e-08
0.31,6.6661653722292473e-08
0.3125,5.324875243035194e-08
0.315,4.4276901125885353e-08
0.3175,3.9937318220129984e-08
0.32,4.0053232816099843e-08
0.3225,4.4374413540877772e-08
0.325,5.2684464824648354e-08
0.3275,6.4532274740378701e-08
0.33,7.9314707773442607e-08
0.3325,9.6452246797857379e-08
0.335,1.1639818680040047e-07
0.3375,1.386343837355504e-07
0.34,1.6181620409433834e-07
0.3425,1.857243082552351e-07
0.345,2.0977835169593208e-07
0.3475,2.3274214921550315e-07
0.35,2.5612333606672822e-07
0.3525,2.7963971620484095e-07
0.355,3.0293145359122964e-07
0.3575,3.2562571258497736e-07
0.36,3.4735721532545755e-07
0.3625,3.677199046784469e-07
0.365,3.8617912749630539e-07
0.3675,4.0205831137784118e-07
0.37,4.1463415354239207e-07
0.3725,4.2359010565442867e-07
0.375,4.2786709676457295e-07
0.3775,4.2725290305170333e-07
0.38,4.2150227574092863e-07
0.3825,4.1043791021607753e-07
0.385,3.9386449696152481e-07
0.3875,3.7164531160558611e-07
0.39,3.4381963470294498e-07
0.3925,3.1068981959677501e-07
0.395,2.7281434975945124e-07
0.3975,2.3100389795507721e-07
0.4,1.8632717464442277e-07
0.4025,1.4011106903298753e-07
0.405,9.2926501640324468e-08
0.4075,4.6613595067689966e-08
0.41,3.1700041433038754e-09
0.4125,-3.6111853874543183e-08
0.415,-6.8495032064048836e-08
0.4175,-9.3558981875875208e-08
0.42,-1.1094979435643042e-07
0.4225,-1.199082302160176e-07
0.425,-1.2111706960304238e-07
0.4275,-1.1526897855160068e-07
0.43,-1.0334842636527575e-07
0.4325,-8.6083490803937494e-08
0.435,-6.3830976747937745e-08
0.4375,-3.8454573711262733e-08
0.44,-1.0844127442613518e-08
0.4425,1.7555029420647494e-08
0.445,4.5126107901401273e-08
0.4475,7.0040742752916419e-08
0.45,9.112059076003109e-08
0.4525,1.074055818299436e-07
0.455,1.1803600468854824e-07
0.4575,1.2230995083295104e-07
0.46,1.2021599355801641e-07
0.4625,1.1243364463461996e-07
0.465,9.9258736816849137e-08
0.4675,8.1418762619805222e-08
0.47,5.9719045862698317e-08
0.4725,3.5131319810462887e-08
0.475,8.8833477432759862e-09
0.4775,-1.8020006934604276e-08
0.48,-4.4093382246895035e-08
0.4825,-6.6712270026034533e-08
0.485,-8.4204644752184194e-08
0.4875,-9.5447838586942498e-08
0.49,-9.9878381101217534e-08
0.4925,-9.715130251862274e-08
0.495,-8.7304290650491093e-08
0.4975,-7.1194809252202279e-08
0.5,-4.9512386626167277e-08
0.5025,-2.4004070030485629e-08
0.505,4.2240343580627483e-09
0.5075,3.3381173156329107e-08
0.51,6.1536608660994798e-08
0.5125,8.6839692847251293e-08
0.515,1.0810173317058015e-07
0.5175,1.2397085678949688e-07
0.52,1.3343095330317044e-07
0.5225,1.3636643544336495e-07
0.525,1.3316774693055566e-07
0.5275,1.2471117776907936e-07
0.53,1.1228229613293911e-07
0.5325,9.7651232325366928e-08
0.535,8.2637165461662209e-08
0.5375,6.9347328559086377e-08
0.54,5.8600320780991368e-08
0.5425,5.1740678473338763e-08
0.545,4.9775606459415327e-08
0.5475,5.3486191578121054e-08
0.55,6.3456273965231042e-08
0.5525,7.9443039862318465e-08
0.555,1.0070355841492273e-07
0.5575,1.2642406730698748e-07
0.56,1.5552495819810374e-07
0.5625,1.8667158215179289e-07
0.565,2.184088149258114e-07
0.5675,2.4933343236694752e-07
0.57,2.7817450342190148e-07
0.5725,3.0381837624657745e-07
0.575,3.253015935332814e-07
0.5775,3.4182079651501287e-07
0.58,3.5278157929740081e-07
0.5825,3.5785682925233047e-07
0.585,3.570250684560685e-07
0.5875,3.5057206317067916e-07
0.59,3.3905545113254534e-07
0.5925,3.2323034746845009e-07
0.595,3.0397579103990312e-07
0.5975,2.8225142658613961e-07
0.6,2.5908609141737912e-07
0.6025,2.3555481719325381e-07
0.605,2.1269979409346875e-07
0.6075,1.9148478580786324e-07
0.61,1.7270637688060258e-07
0.6125,1.5694575195729412e-07
0.615,1.445444582531626e-07
0.6175,1.3560211098275685e-07
0.62,1.2999819622655367e-07
0.6225,1.2742741924016288e-07
0.625,1.2744506615271198e-07
0.6275,1.2951443512378909e-07
0.63,1.330548559942302e-07
0.6325,1.3749065585808338e-07
0.635,1.42288248742724e-07
0.6375,1.4699398821651497e-07
0.64,1.5125025909659089e-07
0.6425,1.5480903995389547e-07
0.645,1.575308290022183e-07
0.6475,1.5937676647842365e-07
0.65,1.6039849247582774e-07
0.6525,1.6072784064915756e-07
0.655,1.6056018447749098e-07
0.6575,1.6013160881084503e-07
0.66,1.596937192164011e-07
0.6625,1.5949196324795045e-07
0.665,1.5974986128906218e-07
0.6675,1.6065617820609367e-07
0.67,1.6235247522253737e-07
0.6725,1.649226137139655e-07
0.675,1.6838318339532069e-07
0.6775,1.7267722698638639e-07
0.68,1.7767395561751439e-07
0.6825,1.8317793247284552e-07
0.685,1.8894593341742519e-07
0.6875,1.9471040890232379e-07
0.69,2.0020704095722704e-07
0.6925,2.0519282295135114e-07
0.695,2.0946063890524747e-07
0.6975,2.1284778392803702e-07
0.7,2.1524003473491636e-07
0.7025,2.1657216708481617e-07
0.705,2.1682735409458454e-07
0.7075,2.1603510168707674e-07
0.71,2.1426687839795506e-07
0.7125,2.1162949792934689e-07
0.715,2.0825442424149617e-07
0.7175,2.0428723969082782e-07
0.72,1.9987315182749099e-07
0.7225,1.9514292256827959e-07
0.725,1.9020011835797709e-07
0.7275,1.8511830273993292e-07
0.73,1.7994038919907547e-07
0.7325,1.7468499709709591e-07
0.735,1.6930322477479719e-07
0.7375,1.6364304496778314e-07
0.74,1.575380321814627e-07
0.7425,1.5084339798996328e-07
0.745,1.434325920525642e-07
0.7475,1.3520908190199589e-07
0.75,1.2612389886451912e-07
0.7525,1.1617757580090998e-07
0.755,1.0541340202184349e-07
0.7575,9.3916247289021923e-08
0.76,8.1824259946726229e-08
0.7625,6.9343021873049628e-08
0.765,5.6753277811459407e-08
0.7675,4.4389263953787748e-08
0.77,3.2607582477855863e-08
0.7725,2.1754883975699695e-08
0.775,1.2144203455615283e-08
0.7775,4.0423266497247629e-09
0.78,-2.337436288698332e-09
0.7825,-6.8389563592418683e-09
0.785,-9.3655427999955257e-09
0.7875,-9.8806781120110637e-09
0.79,-8.4077809025842375e-09
0.7925,-5.0306393012039147e-09
0.795,1.0255704540859463e-10
0.7975,6.7810194284582863e-09
0.8,1.4728744415964537e-08
0.8025,2.3610494024555481e-08
0.805,3.3049484168903752e-08
0.8075,4.2649893443511047e-08
0.81,5.2021676775088249e-08
0.8125,6.080574208530302e-08
0.815,6.8694388080504934e-08
0.8175,7.5454969688931339e-08
0.82,8.0939426210743562e-08
0.8225,8.5091279793636278e-08
0.825,8.7946331828138867e-08
0.8275,8.9628817144707889e-08
0.83,9.0343134099355827e-08
0.8325,9.0364202249923893e-08
0.835,9.0025692496581413e-08
0.8375,8.9706961736116909e-08
0.84,8.981874948572941e-08
0.8425,9.0787323340119315e-08
0.845,9.3036579575746277e-08
0.8475,9.6966685817920947e-08
0.85,1.0293267474577297e-07
0.8525,1.1122597582170105e-07
0.855,1.2204950777764469e-07
0.8575,1.355154000017905e-07
0.86,1.5163014591101124e-07
0.8625,1.7030103317472659e-07
0.865,1.913397150469041e-07
0.8675,2.1447030301317631e-07
0.87,2.3934240815167149e-07
0.8725,2.6553331186512649e-07
0.875,2.925595839613979e-07
0.8775,3.1988425589590903e-07
0.88,3.4693543164208232e-07
0.8825,3.7312340166947652e-07
0.885,3.9786439328804048e-07
0.8875,4.2059964508243386e-07
0.89,4.4082590521488949e-07
0.8925,4.5811444305922093e-07
0.895,4.7213600448399791e-07
0.8975,4.826695589362854e-07
0.9,4.8960245467652135e-07
0.9025,4.9293124202123333e-07
0.905,4.9275133627704144e-07
0.9075,4.8924552944830849e-07
0.91,4.8266896498447857e-07
0.9125,4.7333751057818267e-07
0.915,4.6162485374761187e-07
0.9175,4.4796528220081398e-07
0.92,4.3285325451614584e-07
0.9225,4.1681211812885784e-07
0.925,4.0034349336221131e-07
0.9275,3.8388776257711395e-07
0.93,3.6781223788818914e-07
0.9325,3.5241429038768255e-07
0.935,3.3792827005895511e-07
0.9375,3.2453063562827179e-07
0.94,3.1234601068268425e-07
0.9425,3.0145051222182474e-07
0.945,2.9187438416221502e-07
0.9475,2.8360334844979085e-07
0.95,2.7657994393471717e-07
0.9525,2.707070536747947e-07
0.955,2.6585647292701264e-07
0.9575,2.6187987163849282e-07
0.96,2.5862021017837634e-07
0.9625,2.5591891881527956e-07
0.965,2.5362772214360599e-07
0.9675,2.516092632415389e-07
0.97,2.4973657254984325e-07
0.9725,2.4789548395486592e-07
0.975,2.4599059736648838e-07
0.9775,2.4394454881339053e-07
0.98,2.4169956043521288e-07
0.9825,2.3921344696467157e-07
0.985,2.3646090296338762e-07
0.9875,2.3343142077769005e-07
0.99,2.3012609484369085e-07
0.9925,2.2655364789138017e-07
0.995,2.2272689974596509e-07
0.9975,2.1866072182899424e-07
1.0,2.1436998582544836e-07
1.0025,2.0986652628254527e-07
1.005,2.0515774397128607e-07
1.0075,2.0024324823289086e-07
1.01,1.9511460260176309e-07
1.0125,1.8975761879647383e-07
1.015,1.8415393504407655e-07
1.0175,1.7828623903484684e-07
1.02,1.7213900591749391e-07
1.0225,1.6570515339113124e-07
1.025,1.5899101091434547e-07
1.0275,1.5202062432513523e-07
1.03,1.4483964215680929e-07
1.0325,1.3751781611835999e-07
1.035,1.3014893939829212e-07
1.0375,1.228510665409124e-07
1.04,1.1576311507498033e-07
1.0425,1.0904277444904525e-07
1.045,1.0285783823670112e-07
1.0475,9.7382844047398186e-08
1.05,9.2790424530626637e-08
1.0525,8.9243522058008193e-08
1.055,8.6888182997840177e-08
1.0575,8.5846377370925552e-08
1.06,8.6211181629609673e-08
1.0625,8.8043169017638714e-08
1.065,9.1366898473436599e-08
1.0675,9.616853491655124e-08
1.07,1.0239485081302428e-07
1.0725,1.0995216961134646e-07
1.075,1.1870715714703618e-07
1.0775,1.284920344945814e-07
1.08,1.391053477441835e-07
1.0825,1.5032140041784181e-07
1.085,1.6188824170177458e-07
1.0875,1.7353721628219015e-07
1.09,1.8499167680223571e-07
1.0925,1.9597640131138732e-07
1.095,2.0622784456584808e-07
1.0975,2.1550472891643384e-07
1.1,2.2359606820608719e-07
1.1025,2.3032884489167565e-07
1.105,2.3557228805069707e-07
1.1075,2.3923831746560295e-07
1.11,2.4128083504317095e-07
1.1125,2.4169480938064201e-07
1.115,2.4051472165957699e-07
1.1175,2.3781529029374653e-07
1.12,2.3371010785180694e-07
1.1225,2.2834875274554766e-07
1.125,2.2191143748498653e-07
1.1275,2.1460328615781705e-07
1.13,2.0664835984150218e-07
1.1325,1.9828311064058461e-07
1.135,1.8974944659038865e-07
1.1375,1.8128706124901332e-07
1.14,1.7312627746655129e-07
1.1425,1.6548204143731926e-07
1.145,1.5855031502324309e-07
1.1475,1.5250485747783724e-07
1.15,1.4749437140335808e-07
1.1525,1.436398763638964e-07
1.155,1.4103300379633477e-07
1.1575,1.3973559790905103e-07
1.16,1.3978058064365942e-07
1.1625,1.4117276978316907e-07
1.165,1.4389070824030624e-07
1.1675,1.4789039241016297e-07
1.17,1.5310757612407036e-07
1.1725,1.5946014978877604e-07
1.175,1.6685090772676432e-07
1.1775,1.7517174899407965e-07
1.18,1.8431227401849134e-07
1.1825,1.9417602773661066e-07
1.185,2.0468627619723795e-07
1.1875,2.1576140020139158e-07
1.19,2.2729380696823982e-07
1.1925,2.3915625588340052e-07
1.195,2.512165179866547e-07
1.1975,2.6334638313722643e-07
1.2,2.7542432221337233e-07
1.2025,2.8733605023104988e-07
1.205,2.9897367531980155e-07
1.2075,3.1023249088995706e-07
1.21,3.2101055727423533e-07
1.2125,3.3121426633281479e-07
1.215,3.4075670294289372e-07
1.2175,3.4956316965430619e-07
1.22,3.575760496421088e-07
1.2225,3.6475442745189414e-07
1.225,3.7107270516720083e-07
1.2275,3.7651534676371783e-07
1.23,3.8107272226181787e-07
1.2325,3.8474011069427767e-07
1.235,3.8751709358891189e-07
1.2375,3.8940753310521e-07
1.24,3.9041849685858613e-07
1.2425,3.9056110109885578e-07
1.245,3.8985177635070515e-07
1.2475,3.8831234477866399e-07
1.25,3.8596920402182717e-07
1.2525,3.8285116317951868e-07
1.255,3.7898875848136441e-07
1.2575,3.744120798065371e-07
1.26,3.6915267347735373e-07
1.2625,3.6324113836206435e-07
1.265,3.5670691910623044e-07
1.2675,3.4957448863112647e-07
1.27,3.4186623055983267e-07
1.2725,3.3360562534910293e-07
1.275,3.2481823271480762e-07
1.2775,3.155360943772887e-07
1.28,3.0579447164385103e-07
1.2825,2.9563077499708754e-07
1.285,2.8508108100992089e-07
1.2875,2.7418251217398061e-07
1.29,2.6297220784836379e-07
1.2925,2.5149163931727668e-07
1.295,2.3978752777358829e-07
1.2975,2.2791044859609432e-07
1.3,2.1591225572103887e-07
1.3025,2.0384361730135807e-07
1.305,1.9175038221661858e-07
1.3075,1.7967356211729783e-07
1.31,1.6765138509074983e-07
1.3125,1.5571824329241256e-07
1.315,1.4390540286974017e-07
1.3175,1.3223923357787568e-07
1.32,1.2074142738212771e-07
1.3225,1.0942978368618278e-07
1.325,9.8322031941632212e-08
1.3275,8.743822996261213e-08
1.33,7.68014362358839e-08
1.3325,6.6436403717259883e-08
1.335,5.636973911557623e-08
1.3375,4.6632773435792895e-08
1.34,3.7262985843386768e-08
1.3425,2.830202203361724e-08
1.345,1.980114133748275e-08
1.3475,1.1811619055132436e-08
1.35,4.3857299050451998e-09
1.3525,-2.4224163439394458e-09
1.355,-8.5566270400232153e-09
1.3575,-1.396033701247197e-08
1.36,-1.8577477710747392e-08
1.3625,-2.2354216353549728e-08
1.365,-2.5240389578293065e-08
1.3675,-2.7196367019330237e-08
1.37,-2.8193570687585764e-08
1.3725,-2.8216644051298049e-08
1.375,-2.7262298463428668e-08
1.3775,-2.5337446762656548e-08
1.38,-2.2458154471878562e-08
1.3825,-1.8650381596219544e-08
1.385,-1.3950512227731235e-08
1.3875,-8.4066687994784104e-09
1.39,-2.0783093591184129e-09
1.3925,4.9639409807034463e-09
1.395,1.2640375480550858e-08
1.3975,2.0863705944889833e-08
1.4,2.9537676577780088e-08
1.4025,3.8564287264269518e-08
1.405,4.784512716378241e-08
1.4075,5.7282712358854784e-08
1.41,6.6784052234309286e-08
1.4125,7.6260350711151718e-08
1.415,8.5628673365427308e-08
1.4175,9.4810123725919567e-08
1.42,1.0374113699321521e-07
1.4225,1.1237111568916844e-07
1.425,1.2065248251185279e-07
1.4275,1.2854852736380359e-07
1.43,1.3603085465805742e-07
1.4325,1.4307780284234224e-07
1.435,1.4967344216698467e-07
1.4375,1.558069833126851e-07
1.44,1.6147828444800942e-07
1.4425,1.6669466416640502e-07
1.445,1.7146788663702759e-07
1.4475,1.7581147293221908e-07
1.45,1.7973995371627889e-07
1.4525,1.8326989690590361e-07
1.455,1.8641950712708981e-07
1.4575,1.8920748712004133e-07
1.46,1.9165058631278873e-07
1.4625,1.937661890370661e-07
1.465,1.955741236928306e-07
1.4675,1.9709903570916497e-07
1.47,1.983703598509428e-07
1.4725,1.9941710329128904e-07
1.475,2.0026828141831378e-07
1.4775,2.0095304528853218e-07
1.48,2.0149931981274197e-07
1.4825,2.0193374455784074e-07
1.485,2.022820130810173e-07
1.4875,2.0257161949837806e-07
1.49,2.0283079607940148e-07
1.4925,2.0308682665008246e-07
1.495,2.0336652521135997e-07
1.4975,2.0369459734223836e-07
1.5,2.0409271558746457e-07
1.5025,2.0457849456737249e-07
1.505,2.0516444053826543e-07
1.5075,2.0585612997168822e-07
1.51,2.0665373519520233e-07
1.5125,2.0755082934582732e-07
1.515,2.0853558540574724e-07
1.5175,2.0959054902990105e-07
1.52,2.1069414720549199e-07
1.5225,2.1182157185976272e-07
1.525,2.1294396747880035e-07
1.5275,2.1402668974401902e-07
1.53,2.1502983558478397e-07
1.5325,2.1591127069837833e-07
1.535,2.1663135689969163e-07
1.5375,2.1715542125419909e-07
1.54,2.1745083518243008e-07
1.5425,2.174861621965176e-07
1.545,2.1723198768888427e-07
1.5475,2.1666307156871635e-07
1.55,2.1576442559981924e-07
1.5525,2.1453236857077939e-07
1.555,2.1297547321621941e-07
1.5575,2.111131168924793e-07
1.56,2.0898464728131235e-07
1.5625,2.0661863860846042e-07
1.565,2.0405400711106035e-07
1.5675,2.0133488857943701e-07
1.57,1.9850357300342032e-07
1.5725,1.9559845606310034e-07
1.575,1.9265291411661818e-07
1.5775,1.8971151292962033e-07
1.58,1.8681422895028626e-07
1.5825,1.8400139463912017e-07
1.585,1.813131530715907e-07
1.5875,1.7878557953744842e-07
1.59,1.7644826754413665e-07
1.5925,1.7432040891970754e-07
1.595,1.7240783272155922e-07
1.5975,1.7070544382642467e-07
1.6,1.6920077065894816e-07
1.6025,1.6787545867652048e-07
1.605,1.6670476948803764e-07
1.6075,1.6565649854977469e-07
1.61,1.6469040568121485e-07
1.6125,1.6376092430222519e-07
1.615,1.6281846056681491e-07
1.6175,1.6181584272550162e-07
1.62,1.6070113165502712e-07
1.6225,1.5941977317668097e-07
1.625,1.5791682258632125e-07
1.6275,1.5614088188886847e-07
1.63,1.5404538452441979e-07
1.6325,1.5158869501243492e-07
1.635,1.4873279948255589e-07
1.6375,1.4544455691024439e-07
1.64,1.416977909682479e-07
1.6425,1.3747560880442877e-07
1.645,1.3276962791112286e-07
1.6475,1.2758059371983294e-07
1.65,1.2191405891637574e-07
1.6525,1.1578225208049075e-07
1.655,1.0920712128613363e-07
1.6575,1.0222309148599316e-07
1.66,9.4878629569172937e-08
1.6625,8.7231767173012778e-08
1.665,7.9347152175804373e-08
1.6675,7.129585658087382e-08
1.67,6.3154644942136607e-08
1.6725,5.5008107187227484e-08
1.675,4.6946881154475068e-08
1.6775,3.9063260870463917e-08
1.68,3.1445256544721399e-08
1.6825,2.417747212021978e-08
1.685,1.7343398437144545e-08
1.6875,1.1027552690112661e-08
1.69,5.3148251007006059e-09
1.6925,2.8707666018925873e-10
1.695,-3.9797981743937458e-09
1.6975,-7.4208571975734573e-09
1.7,-9.9777130798451732e-09
1.7025,-1.1604246840184489e-08
1.705,-1.2267890972240559e-08
1.7075,-1.1950514927308921e-08
1.71,-1.0648764183063397e-08
1.7125,-8.3640696081249472e-09
1.715,-5.1181836874453775e-09
1.7175,-9.3878965460524794e-10
1.72,4.1466559438113136e-09
1.7225,1.0109849036637656e-08
1.725,1.6912082618266526e-08
1.7275,2.4507562506271331e-08
1.73,3.2807410056180978e-08
1.7325,4.1785470554602536e-08
1.735,5.136441592109715e-08
1.7375,6.1464595475456522e-08
1.74,7.2010720281265071e-08
1.7425,8.2931613247719275e-08
1.745,9.4152759068645015e-08
1.7475,1.0558954387447959e-07
1.75,1.1715594780845003e-07
1.7525,1.2878276314478957e-07
1.755,1.4041663447074534e-07
1.7575,1.5200667386058616e-07
1.76,1.6348640831798976e-07
1.7625,1.7478925710801041e-07
1.765,1.8585244032998135e-07
1.7675,1.9661971658796996e-07
1.77,2.070419565161651e-07
1.7725,2.1707402014891749e-07
1.775,2.2667332405598029e-07
1.7775,2.3579885896194368e-07
1.78,2.4441594434993807e-07
1.7825,2.5250355210121079e-07
1.785,2.6004524667200684e-07
1.7875,2.6703305479895932e-07
1.79,2.7346797877192701e-07
1.7925,2.7934971745604445e-07
1.795,2.8467717471858485e-07
1.7975,2.8944681077833139e-07
1.8,2.9365632997638798e-07
1.8025,2.9730726123437738e-07
1.805,3.004038553310638e-07
1.8075,3.0294924319019564e-07
1.81,3.0494590143167398e-07
1.8125,3.0639847155595754e-07
1.815,3.0731436989507299e-07
1.8175,3.0770853030656003e-07
1.82,3.0760305731161638e-07
1.8225,3.0702267739517859e-07
1.825,3.0599085541829005e-07
1.8275,3.0452896603973998e-07
1.83,3.0265809038083299e-07
1.8325,3.0039970305592376e-07
1.835,2.9777585613919304e-07
1.8375,2.9480851425891689e-07
1.84,2.9152075393083382e-07
1.8425,2.8793662628611033e-07
1.845,2.8408015311024956e-07
1.8475,2.7997591458886228e-07
1.85,2.7565150923833626e-07
1.8525,2.711369111827113e-07
1.855,2.6646170308950073e-07
1.8575,2.6164743744955732e-07
1.86,2.5671646340733403e-07
1.8625,2.5168852024771884e-07
1.865,2.4657997790392762e-07
1.8675,2.4140881368562184e-07
1.87,2.3619255300645799e-07
1.8725,2.3094914058211057e-07
1.875,2.257013495823867e-07
1.8775,2.2046589748761316e-07
1.88,2.1525755339975431e-07
1.8825,2.1009602258834602e-07
1.885,2.0498938298481968e-07
1.8875,1.9994807735451394e-07
1.89,1.9498389323554549e-07
1.8925,1.9010987495675899e-07
1.895,1.8534191111939047e-07
1.8975,1.8069733451656369e-07
1.9,1.761921948472124e-07
1.9025,1.7184059639582654e-07
1.905,1.6765603976247244e-07
1.9075,1.6365214118353544e-07
1.91,1.5984342315390208e-07
1.9125,1.5624513012476962e-07
1.915,1.5287088856387135e-07
1.9175,1.4973209877911276e-07
1.92,1.4683629159633608e-07
1.9225,1.4418629446031333e-07
1.925,1.4177949353663418e-07
1.9275,1.3961200320053638e-07
1.93,1.3768116344360956e-07
1.9325,1.359864730568099e-07
1.935,1.3452593281020897e-07
1.9375,1.3329406626659073e-07
1.94,1.3227847812442676e-07
1.9425,1.3146139722576903e-07
1.945,1.3082161766718805e-07
1.9475,1.3033932693836277e-07
1.95,1.29998482332405e-07
1.9525,1.2978725705918389e-07
1.955,1.2968609887547184e-07
1.9575,1.296739249253135e-07
1.96,1.2972339657740768e-07
1.9625,1.2980743300204882e-07
1.965,1.2990271677571735e-07
1.9675,1.2999050560587451e-07
1.97,1.3005870670891142e-07
1.9725,1.3009390229431217e-07
1.975,1.3008070360914405e-07
1.9775,1.2999689548624094e-07
1.98,1.298369368824555e-07
1.9825,1.2959346986942908e-07
1.985,1.2926753215554184e-07
1.9875,1.2886104711512558e-07
1.99,1.2837612680527334e-07
1.9925,1.2781336076276856e-07
1.995,1.2717108969500424e-07
1.9975,1.2644520961461156e-07
2.0,1.2563764366942592e-07
2.0025,1.2476492597023017e-07
2.005,1.2385703623799934e-07
2.0075,1.2294600578062825e-07
2.01,1.2205787531652133e-07
2.0125,1.212001632851275e-07
2.015,1.2039095009862384e-07
2.0175,1.1964082404656252e-07
2.02,1.1896442125605793e-07
2.0225,1.1838319208243964e-07
2.025,1.1792310782872561e-07
2.0275,1.1760957847408831e-07
2.03,1.174630877746145e-07
2.0325,1.1750281715012779e-07
2.035,1.1775770029313315e-07
2.0375,1.1825812877176134e-07
2.04,1.1902913291996443e-07
2.0425,1.2008165724150908e-07
2.045,1.2141281170080449e-07
2.0475,1.2301664445708773e-07
2.05,1.2488571734661848e-07
2.0525,1.2701439384369722e-07
2.055,1.2939865827792904e-07
2.0575,1.3203620873181311e-07
2.06,1.349239680587345e-07
2.0625,1.3805607418472566e-07
2.065,1.4142249858062969e-07
2.0675,1.4500874695311824e-07
2.07,1.4879911541955075e-07
2.0725,1.5277422975717077e-07
2.075,1.5691420050739326e-07
2.0775,1.6119810895825296e-07
2.08,1.6560304462448333e-07
2.0825,1.7010550748945824e-07
2.085,1.7468162151713246e-07
2.0875,1.7931051785207425e-07
2.09,1.8397488386111882e-07
2.0925,1.8865817833219659e-07
2.095,1.9334360400556131e-07
2.0975,1.9801399768330482e-07
2.1,2.026521398961596e-07
2.1025,2.0724209405457893e-07
2.105,2.1176145722848981e-07
2.1075,2.1618814370776164e-07
2.11,2.2051323106428176e-07
2.1125,2.2472706978322499e-07
2.115,2.288151576797839e-07
2.1175,2.3276762204108609e-07
2.12,2.3656909222482091e-07
2.1225,2.4020720150142309e-07
2.125,2.436778915062934e-07
2.1275,2.4697905883211265e-07
2.13,2.5010166851499207e-07
2.1325,2.530342572151321e-07
2.135,2.5576649746440425e-07
2.1375,2.582852611211483e-07
2.14,2.605728114634537e-07
2.1425,2.6261418848898655e-07
2.145,2.6439251434368422e-07
2.1475,2.6589519660347006e-07
2.15,2.6711488890779497e-07
2.1525,2.6804467620372093e-07
2.155,2.6867704231763255e-07
2.1575,2.6900005673761692e-07
2.16,2.6900548382844298e-07
2.1625,2.6867588203176669e-07
2.165,2.6799447955652982e-07
2.1675,2.6694654160533844e-07
2.17,2.6551888574229191e-07
2.1725,2.6370121594913718e-07
2.175,2.614827990626649e-07
2.1775,2.5884703388308426e-07
2.18,2.5578272331342777e-07
2.1825,2.5230058799826455e-07
2.185,2.4843262624169614e-07
2.1875,2.4421042130102273e-07
2.19,2.3964518204109761e-07
2.1925,2.3472987955069643e-07
2.195,2.2945152456032725e-07
2.1975,2.238028225022116e-07
2.2,2.1778222303471808e-07
2.2025,2.1139931319388409e-07
2.205,2.046687013222577e-07
2.2075,1.9760666854285319e-07
2.21,1.9023381164830193e-07
2.2125,1.8258088422663697e-07
2.215,1.7469579280545086e-07
2.2175,1.6663753634325367e-07
2.22,1.5845527433050115e-07
2.2225,1.5018182826018613e-07
2.225,1.4184166477065057e-07
2.2275,1.3346660565731669e-07
2.23,1.2509818021620327e-07
2.2325,1.1678603554168132e-07
2.235,1.0858625236892428e-07
2.2375,1.0055448713540339e-07
2.24,9.2746819509879551e-08
2.2425,8.5214944721841631e-08
2.245,7.8005455963902463e-08
2.2475,7.1142818432716938e-08
2.25,6.4666048029300465e-08
2.2525,5.8610363701591071e-08
2.255,5.3001475131378584e-08
2.2575,4.786369655169472e-08
2.26,4.3215288576704651e-08
2.2625,3.9073411109337968e-08
2.265,3.5449713994433906e-08
2.2675,3.2354261924951647e-08
2.27,2.9792848643739242e-08
2.2725,2.7771855961954284e-08
2.275,2.6296391906368444e-08
2.2775,2.5367572940743202e-08
2.28,2.4977399401343643e-08
2.2825,2.5108835699409829e-08
2.285,2.5735887226069639e-08
2.2875,2.6813583390532634e-08
2.29,2.8318765185657398e-08
2.2925,3.0217155551728706e-08
2.295,3.2475513222784898e-08
2.2975,3.5062318770120319e-08
2.3,3.7947894471583081e-08
2.3025,4.1098825771222787e-08
2.305,4.4475763865637544e-08
2.3075,4.8044926089201279e-08
2.31,5.1777421034283248e-08
2.3125,5.5652136182824741e-08
2.315,5.9646972008443432e-08
2.3175,6.3733602179046545e-08
2.32,6.7875343984315657e-08
2.3225,7.2032002607573874e-08
2.325,7.6170181364555722e-08
2.3275,8.024907435357373e-08
2.33,8.4241229664969479e-08
2.3325,8.8127052927135525e-08
2.335,9.1887910912991998e-08
2.3375,9.5502825935298908e-08
2.34,9.896811011074325e-08
2.3425,1.0229531059247203e-07
2.345,1.0549817652653078e-07
2.3475,1.0857097980545738e-07
2.35,1.1148764011896291e-07
2.3525,1.1421809487444452e-07
2.355,1.1674902499758674e-07
2.3575,1.1909256561369728e-07
2.36,1.2126838528797108e-07
2.3625,1.2329804986267102e-07
2.365,1.2520590171412924e-07
2.3675,1.2701629247937886e-07
2.37,1.2874515256896066e-07
2.3725,1.3039289127689221e-07
2.375,1.3195147972055413e-07
2.3775,1.334203209547198e-07
2.38,1.3481108444430072e-07
2.3825,1.361393106800672e-07
2.385,1.3741616792785989e-07
2.3875,1.3864636371383472e-07
2.39,1.3983405028694123e-07
2.3925,1.4098369968266393e-07
2.395,1.420999478227483e-07
2.3975,1.4318797359132583e-07
2.4,1.4425324641392473e-07
2.4025,1.4530100587239002e-07
2.405,1.4633597618996515e-07
2.4075,1.4736207215781438e-07
2.41,1.4838533913217666e-07
2.4125,1.4941400936742584e-07
2.415,1.5045543104908975e-07
2.4175,1.5151337146283139e-07
2.42,1.5259380886392418e-07
2.4225,1.5368912787735451e-07
2.425,1.5479156656908048e-07
2.4275,1.5589345039375525e-07
2.43,1.5698997855043404e-07
2.4325,1.5807907542454737e-07
2.435,1.5915687082572682e-07
2.4375,1.6021130871782224e-07
2.44,1.6123046253276176e-07
2.4425,1.622157404155594e-07
2.445,1.631839928835728e-07
2.4475,1.6415379456520113e-07
2.45,1.6513415543054455e-07
2.4525,1.6612143064045618e-07
2.455,1.6710460162885023e-07
2.4575,1.6806998208742937e-07
2.46,1.690035739280417e-07
2.4625,1.698917705579507e-07
2.465,1.707204845520584e-07
2.4675,1.714751321481626e-07
2.47,1.7214136275658451e-07
2.4725,1.7270587717627128e-07
2.475,1.7315670244745513e-07
2.4775,1.7348304311034835e-07
2.48,1.73675629505024e-07
2.4825,1.7372745320595938e-07
2.485,1.7363351388741417e-07
2.4875,1.7340108053095996e-07
2.49,1.7301233530521629e-07
2.4925,1.7246205280611319e-07
2.495,1.7174606829289909e-07
2.4975,1.7085573731980987e-07
2.5,1.6977828517516207e-07
2.5025,1.6850081753174119e-07
2.505,1.6701711701370348e-07
2.5075,1.6533092009440215e-07
2.51,1.6344938019104931e-07
2.5125,1.6137520278153379e-07
2.515,1.5910452425502951e-07
2.5175,1.566305046272438e-07
2.52,1.539375962038672e-07
2.5225,1.5103481101480236e-07
2.525,1.4793134577114391e-07
2.5275,1.4464115610613081e-07
2.53,1.4118365334424413e-07
2.5325,1.3758083520903307e-07
2.535,1.3385491365698441e-07
2.5375,1.300229259195122e-07
2.54,1.2609529485622291e-07
2.5425,1.220777081643666e-07
2.545,1.1797679808204772e-07
2.5475,1.1380315824919578e-07
2.55,1.0957028050394244e-07
2.5525,1.0529304157725578e-07
2.555,1.0098714691069761e-07
2.5575,9.6667431481233765e-08
2.56,9.2347886699037456e-08
2.5625,8.8041212296477667e-08
2.565,8.3759492422865437e-08
2.5675,7.9518221439243432e-08
2.57,7.5335642630608041e-08
2.5725,7.1234257833991214e-08
2.575,6.7238710975181294e-08
2.5775,6.3372836769236129e-08
2.58,5.9658652477941954e-08
2.5825,5.6115266178518634e-08
2.585,5.2759201392037405e-08
2.5875,4.9604413506612075e-08
2.59,4.666460689842658e-08
2.5925,4.3953029553697691e-08
2.595,4.1482188802843577e-08
2.5975,3.9262908802628081e-08
2.6,3.7304884032927233e-08
2.6025,3.561659093477561e-08
2.605,3.4204982628239336e-08
2.6075,3.3076961734603779e-08
2.61,3.224001878564022e-08
2.6125,3.1701192090549313e-08
2.615,3.1466373441892174e-08
2.6175,3.1540545510680731e-08
2.62,3.1927266905889916e-08
2.6225,3.2629471592410835e-08
2.625,3.3649161501871151e-08
2.6275,3.4988898142672725e-08
2.63,3.6649074386364434e-08
2.6325,3.8626545100626372e-08
2.635,4.0916286704120932e-08
2.6375,4.3510839586721779e-08
2.64,4.640186769224808e-08
2.6425,4.9580075396492799e-08
2.645,5.3035557576234972e-08
2.6475,5.6758243164049324e-08
2.65,6.073511455349467e-08
2.6525,6.4952101931906119e-08
2.655,6.9394410191092761e-08
2.6575,7.4047790634540341e-08
2.66,7.8898000877125827e-08
2.6625,8.3931609957270286e-08
2.665,8.9134151632997013e-08
2.6675,9.4489705073970325e-08
2.67,9.9980334944345366e-08
2.6725,1.0558700052449939e-07
2.675,1.1129004069594895e-07
2.6775,1.1706883746809658e-07
2.68,1.229027289117187e-07
2.6825,1.287699111205194e-07
2.685,1.3464859658688594e-07
2.6875,1.4051747525387302e-07
2.69,1.4635474050911347e-07
2.6925,1.521386677119878e-07
2.695,1.578467992602885e-07
2.6975,1.634557646206992e-07
2.7,1.6894372970655841e-07
2.7025,1.7428977389985213e-07
2.705,1.7947713820458033e-07
2.7075,1.8448975496472933e-07
2.71,1.8931299421761809e-07
2.7125,1.9393254743343924e-07
2.715,1.9833390479699758e-07
2.7175,2.0250479978474446e-07
2.72,2.0643371899787595e-07
2.7225,2.1010939301233252e-07
2.725,2.135193638794591e-07
2.7275,2.1665038065168566e-07
2.73,2.1948792503269233e-07
2.7325,2.2201688805584532e-07
2.735,2.2422487720940639e-07
2.7375,2.261007158033221e-07
2.74,2.2763598134552758e-07
2.7425,2.2882468552101082e-07
2.745,2.2966362898711169e-07
2.7475,2.3015259833869892e-07
2.75,2.3029406828349035e-07
2.7525,2.3009319649030234e-07
2.755,2.2955828592543786e-07
2.7575,2.2870041451920282e-07
2.76,2.2753288172680302e-07
2.7625,2.2607050492952018e-07
2.765,2.2432897925144742e-07
2.7675,2.2232495992518646e-07
2.77,2.2007570334023299e-07
2.7725,2.1760066809370562e-07
2.775,2.1492133580536675e-07
2.7775,2.1206096448343329e-07
2.78,2.09044622529406e-07
2.7825,2.0589725641922351e-07
2.785,2.0264570939701954e-07
2.7875,1.9931617906994705e-07
2.79,1.9593509884835596e-07
2.7925,1.9252807044057689e-07
2.795,1.8912009934986948e-07
2.7975,1.8573603245438259e-07
2.8,1.8239856446194829e-07
2.8025,1.7912898791983238e-07
2.805,1.759459065882393e-07
2.8075,1.7286673883023643e-07
2.81,1.6990790988260161e-07
2.8125,1.6708429583511509e-07
2.815,1.6440733736639744e-07
2.8175,1.6188746397558974e-07
2.82,1.5953277958999765e-07
2.8225,1.5734885147819214e-07
2.825,1.5533898766794222e-07
2.8275,1.535030530860181e-07
2.83,1.5183898523814465e-07
2.8325,1.5034275095573894e-07
2.835,1.490102679402378e-07
2.8375,1.4783674154656277e-07
2.84,1.4680226125810922e-07
2.8425,1.4591516806867168e-07
2.845,1.4516682165091486e-07
2.8475,1.4454564768395782e-07
2.85,1.4404027487162284e-07
2.8525,1.4363962335524415e-07
2.855,1.4332673476125473e-07
2.8575,1.4307190285351612e-07
2.86,1.4284131039057114e-07
2.8625,1.4261004102971277e-07
2.865,1.4236630848873224e-07
2.8675,1.4210176483181648e-07
2.87,1.4181631129969349e-07
2.8725,1.414772905944786e-07
2.875,1.4107121473077033e-07
2.8775,1.4058965959500957e-07
2.88,1.4002276297979988e-07
2.8825,1.3935587570954461e-07
2.885,1.3857455057849401e-07
2.8875,1.3767309933771104e-07
2.89,1.3665551466956474e-07
2.8925,1.3552427078331409e-07
2.895,1.3427499987464662e-07
2.8975,1.329028764185201e-07
2.9,1.3141071398306292e-07
2.9025,1.2980816878669926e-07
2.905,1.281082835635402e-07
2.9075,1.2632798223458512e-07
2.91,1.2448664360682253e-07
2.9125,1.2260941795085112e-07
2.915,1.2072492843596203e-07
2.9175,1.1886138080188413e-07
2.92,1.1704482687752542e-07
2.9225,1.1529596870065716e-07
2.925,1.1363324010153042e-07
2.9275,1.1207316417404432e-07
2.93,1.106320616922792e-07
2.9325,1.093272826084055e-07
2.935,1.0817676966526461e-07
2.9375,1.0719756564532044e-07
2.94,1.0640503131719891e-07
2.9425,1.0581222059911634e-07
2.945,1.0543072730962967e-07
2.9475,1.0527129964888378e-07
2.95,1.0534414945264486e-07
2.9525,1.0565817525189238e-07
2.955,1.0621953719798564e-07
2.9575,1.0703085146919205e-07
2.96,1.0809243184851673e-07
2.9625,1.0939990921024957e-07
2.965,1.1094961626399358e-07
2.9675,1.1273974138041669e-07
2.97,1.1476895314683229e-07
2.9725,1.1703457588022581e-07
2.975,1.1953170999496571e-07
2.9775,1.2225348364047209e-07
2.98,1.2519097300156191e-07
2.9825,1.28334321018386e-07
2.985,1.3167251204612536e-07
2.9875,1.3519098180810569e-07
2.99,1.3887160597472808e-07
2.9925,1.4269408331923214e-07
2.995,1.4663658595233184e-07
2.9975,1.5067636634487425e-07
3.0,1.5478982253726449e-07
3.0025,1.5895503291335649e-07
3.005,1.6315128514221755e-07
3.0075,1.673585338774327e-07
3.01,1.7155832283278099e-07
3.0125,1.7573164624757491e-07
3.015,1.7986021485546395e-07
3.0175,1.8392683706147667e-07
3.02,1.8791507193834365e-07
3.0225,1.9180862760204883e-07
3.025,1.9559083066356205e-07
3.0275,1.9924744861045203e-07
3.03,2.0276568984114505e-07
3.0325,2.0613327055990197e-07
3.035,2.0933803989355962e-07
3.0375,2.1236870942800423e-07
3.04,2.1521500576947157e-07
3.0425,2.1786833886410438e-07
3.045,2.2032111937483208e-07
3.0475,2.2256559913496807e-07
3.05,2.245977693579499e-07
3.0525,2.2641511817118569e-07
3.055,2.2801602159965946e-07
3.0575,2.2939872680900327e-07
3.06,2.3056248865868365e-07
3.0625,2.3150706324834204e-07
3.065,2.3223225814300274e-07
3.0675,2.327383483682306e-07
3.07,2.3302510416428327e-07
3.0725,2.3309288549961774e-07
3.075,2.3294288945770729e-07
3.0775,2.3257659909922777e-07
3.08,2.3199588679625927e-07
3.0825,2.3120329861992309e-07
3.085,2.3020230803503425e-07
3.0875,2.2899718575538896e-07
3.09,2.2759194488398831e-07
3.0925,2.2599021122375466e-07
3.095,2.2419464345160793e-07
3.0975,2.2221028905344351e-07
3.1,2.200441453600915e-07
3.1025,2.1770391982281815e-07
3.105,2.15196501361285e-07
3.1075,2.1252786139858425e-07
3.11,2.0970313452573272e-07
3.1125,2.0672828202602886e-07
3.115,2.0360991926298526e-07
3.1175,2.0035346206503604e-07
3.12,1.9696383396465921e-07
3.1225,1.9344429317465647e-07
3.125,1.8979788420574919e-07
3.1275,1.8602677585270106e-07
3.13,1.8213340298652811e-07
3.1325,1.7812150030383225e-07
3.135,1.7399794259991119e-07
3.1375,1.6977160171944131e-07
3.14,1.6545236039136774e-07
3.1425,1.6105275688811025e-07
3.145,1.5658507843078062e-07
3.1475,1.5206503619114837e-07
3.15,1.4750864186172581e-07
3.1525,1.4293097914034103e-07
3.155,1.3834773720713896e-07
3.1575,1.3377434592391691e-07
3.16,1.2922544735062265e-07
3.1625,1.2471850493463409e-07
3.165,1.202705578413171e-07
3.1675,1.1589874869914184e-07
3.17,1.116212303067618e-07
3.1725,1.0745795022108165e-07
3.175,1.0342853930453026e-07
3.1775,9.9550845685321556e-08
3.18,9.5842211694643094e-08
3.1825,9.2319898114357716e-08
3.185,8.9000622700045106e-08
3.1875,8.5899452466796342e-08
3.19,8.303007709287315e-08
3.1925,8.0404677635284879e-08
3.195,7.8033950245321997e-08
3.1975,7.5926825919937989e-08
3.2,7.4090346338761359e-08
3.2025,7.252887646785628e-08
3.205,7.1244287317235261e-08
3.2075,7.0237436176022925e-08
3.21,6.9506156638187469e-08
3.2125,6.9047611038800186e-08
3.215,6.8856548213988945e-08
3.2175,6.8925488413209896e-08
3.22,6.9244017622740466e-08
3.2225,6.9798787589665543e-08
3.225,7.0574221178329355e-08
3.2275,7.1555062671447829e-08
3.23,7.2727353741826317e-08
3.2325,7.4078373959253047e-08
3.235,7.5595638649499538e-08
3.2375,7.7265923810418489e-08
3.24,7.9075347683211044e-08
3.2425,8.1010058187492974e-08
3.245,8.3055028153854794e-08
3.2475,8.5193359509186331e-08
3.25,8.7406357801489726e-08
3.2525,8.9673629670983863e-08
3.255,9.1974511220298236e-08
3.2575,9.4288207750486637e-08
3.26,9.6593589504432515e-08
3.2625,9.8871371533607022e-08
3.265,1.0110530954792435e-07
3.2675,1.0328131271817632e-07
3.27,1.0538781596765087e-07
3.2725,1.0741460615644587e-07
3.275,1.0935442433234855e-07
3.2775,1.1120220202685531e-07
3.28,1.129551390368895e-07
3.2825,1.1461220840948983e-07
3.285,1.1617339009109678e-07
3.2875,1.1763905697442726e-07
3.29,1.1900992333415692e-07
3.2925,1.2028731554801441e-07
3.295,1.2147360058277142e-07
3.2975,1.225720800517951e-07
3.3,1.2358783611606918e-07
3.3025,1.2452732057815662e-07
3.305,1.2539805327355909e-07
3.3075,1.2620822679028432e-07
3.31,1.2696662515458231e-07
3.3125,1.276829432654737e-07
3.315,1.2836716375236861e-07
3.3175,1.2902945288027196e-07
3.32,1.2967931071541167e-07
3.3225,1.3032586105119469e-07
3.325,1.3097777526658753e-07
3.3275,1.3164343637950764e-07
3.33,1.3233061494404887e-07
3.3325,1.3304645986937427e-07
3.335,1.3379763071817832e-07
3.3375,1.3459021191441909e-07
3.34,1.3542957970459919e-07
3.3425,1.3631988359707921e-07
3.345,1.3726332400439275e-07
3.3475,1.3826010939699015e-07
3.35,1.3930845702309603e-07
3.3525,1.40405096736674e-07
3.355,1.4154641698180109e-07
3.3575,1.4272917365215377e-07
3.36,1.4395102152560884e-07
3.3625,1.4520944265198548e-07
3.365,1.4650102349814206e-07
3.3675,1.4782086061398783e-07
3.37,1.491622081128582e-07
3.3725,1.5051722404399181e-07
3.375,1.518767181561233e-07
3.3775,1.5323004516114832e-07
3.38,1.5456410807766503e-07
3.3825,1.5586352659021216e-07
3.385,1.5711145513686551e-07
3.3875,1.5829058737951315e-07
3.39,1.5938457035250663e-07
3.3925,1.603778123423013e-07
3.395,1.612564858836638e-07
3.3975,1.6200880666787906e-07
3.4,1.626243914487818e-07
3.4025,1.6309434128292484e-07
3.405,1.6341077743837205e-07
3.4075,1.6356686050042465e-07
3.41,1.6355642811215508e-07
3.4125,1.6337353433457621e-07
3.415,1.6301229539997395e-07
3.4175,1.6246680038157618e-07
3.42,1.6173199838782981e-07
3.4225,1.6080374280324519e-07
3.425,1.5967925559986991e-07
3.4275,1.5835732645186273e-07
3.43,1.5683911723927375e-07
3.4325,1.5512827081151549e-07
3.435,1.5323046423361147e-07
3.4375,1.5115233149982375e-07
3.44,1.4890128833002339e-07
3.4425,1.4648397480216661e-07
3.445,1.4390884761998521e-07
3.4475,1.4118537933231556e-07
3.45,1.3832526121343069e-07
3.4525,1.3534095379727692e-07
3.455,1.3224598710937243e-07
3.4575,1.290535564579821e-07
3.46,1.2577589065373354e-07
3.4625,1.2242387929294089e-07
3.465,1.190084750201385e-07
3.4675,1.155412037921502e-07
3.47,1.1203530948989796e-07
3.4725,1.0850560140141075e-07
3.475,1.0496792948578329e-07
3.4775,1.0143724405997123e-07
3.48,9.7927878645175833e-08
3.4825,9.4452516650237756e-08
3.485,9.102088930382549e-08
3.4875,8.7643928923803941e-08
3.49,8.4331548402681679e-08
3.4925,8.109562186352394e-08
3.495,7.7948993155389564e-08
3.4975,7.4904735987139105e-08
3.5,7.1975435092893412e-08
3.5025,6.9173468432370533e-08
3.505,6.6509831035769328e-08
3.5075,6.3995597364055032e-08
3.51,6.1639301002833809e-08
3.5125,5.9447187690214557e-08
3.515,5.7422928964070561e-08
3.5175,5.5568192850693751e-08
3.52,5.3882878313952511e-08
3.5225,5.2367350460928695e-08
3.525,5.1022475148429562e-08
3.5275,4.9849993534228683e-08
3.53,4.88524768303469e-08
3.5325,4.8032519345183528e-08
3.535,4.7393138127008439e-08
3.5375,4.6937269344521223e-08
3.54,4.6667174367287964e-08
3.5425,4.6585538571038812e-08
3.545,4.6695252359368819e-08
3.5475,4.6999227066612933e-08
3.55,4.7500140336633274e-08
3.5525,4.819943204142216e-08
3.555,4.9097788313259485e-08
3.5575,5.0194681598432895e-08
3.56,5.1489508676740522e-08
3.5625,5.2980974986774777e-08
3.565,5.4666563185038727e-08
3.5675,5.6543315363174386e-08
3.57,5.8607140109189755e-08
3.5725,6.0852785532874366e-08
3.575,6.3274203334389586e-08
3.5775,6.5864986775604594e-08
3.58,6.8617834619390189e-08
3.5825,7.152418424316801e-08
3.585,7.4575020443004039e-08
3.5875,7.7760918785997021e-08
3.59,8.1072512177327516e-08
3.5925,8.4500389689285479e-08
3.595,8.8033330524011914e-08
3.5975,9.1659606465188021e-08
3.6,9.5366244004384183e-08
3.6025,9.9140301091823566e-08
3.605,1.0296833548250304e-07
3.6075,1.0683745707231064e-07
3.61,1.1073418612473977e-07
3.6125,1.1464481594204929e-07
3.615,1.1855517972424019e-07
3.6175,1.2245078766305981e-07
3.62,1.2631746828966773e-07
3.6225,1.301410992778224e-07
3.625,1.3390894105243672e-07
3.6275,1.3760898567835618e-07
3.63,1.4123062012935601e-07
3.6325,1.4476406385696078e-07
3.635,1.4819990069239506e-07
3.6375,1.515279624357174e-07
3.64,1.5473730001970174e-07
3.6425,1.5781571980704151e-07
3.645,1.6074947955869928e-07
3.6475,1.635258720489325e-07
3.65,1.6613270030566864e-07
3.6525,1.6855976968586926e-07
3.655,1.707974941531645e-07
3.6575,1.7283835874551693e-07
3.66,1.7467676153428779e-07
3.6625,1.7630941096672828e-07
3.665,1.7773549850564511e-07
3.6675,1.7895652455543571e-07
3.67,1.7997574850077145e-07
3.6725,1.8079756919316486e-07
3.675,1.8142701650338525e-07
3.6775,1.8186910452190489e-07
3.68,1.821284539216637e-07
3.6825,1.8220951474961683e-07
3.685,1.8211733074667817e-07
3.6875,1.8185774988973532e-07
3.69,1.8143888460086933e-07
3.6925,1.8087154447011082e-07
3.695,1.8016716574104842e-07
3.6975,1.7933802745260973e-07
3.7,1.783957107709487e-07
3.7025,1.7735075434882719e-07
3.705,1.7621328410161279e-07
3.7075,1.7499359228247476e-07
3.71,1.737029886167265e-07
3.7125,1.7235304536334335e-07
3.715,1.7095618890351112e-07
3.7175,1.695251739719202e-07
3.72,1.6807220349503355e-07
3.7225,1.666075592481614e-07
3.725,1.6513869853284555e-07
3.7275,1.6367081547753936e-07
3.73,1.6221010445220696e-07
3.7325,1.6076147332851346e-07
3.735,1.5933046041219703e-07
3.7375,1.579231894088704e-07
3.74,1.5654457630311495e-07
3.7425,1.5519827699609424e-07
3.745,1.5388663221328551e-07
3.7475,1.5261123702266631e-07
3.75,1.513720684810218e-07
3.7525,1.5016866664310183e-07
3.755,1.4900107320895006e-07
3.7575,1.4786959277640127e-07
3.76,1.4677501656030692e-07
3.7625,1.4571825171453642e-07
3.765,1.4469894961999801e-07
3.7675,1.4371634412754243e-07
3.77,1.4276754253600989e-07
3.7725,1.418467703499978e-07
3.775,1.4094651543085259e-07
3.7775,1.4005752203030312e-07
3.78,1.3917071340852662e-07
3.7825,1.3827745573773115e-07
3.785,1.3737017852837513e-07
3.7875,1.3644291183394422e-07
3.79,1.3549126579562465e-07
3.7925,1.3451187439967146e-07
3.795,1.3350230571518131e-07
3.7975,1.324606637400127e-07
3.8,1.3138575392920842e-07
3.8025,1.3027737106717391e-07
3.805,1.2913602286150247e-07
3.8075,1.2796371855169032e-07
3.81,1.2676339862027386e-07
3.8125,1.2553922350163137e-07
3.815,1.2429575733396729e-07
3.8175,1.2303777675028066e-07
3.82,1.2177070953370783e-07
3.8225,1.2050065961983302e-07
3.825,1.1923414246265094e-07
3.8275,1.1797835831058215e-07
3.83,1.1674045010617303e-07
3.8325,1.1552776821168704e-07
3.835,1.1434801204874116e-07
3.8375,1.1320927596333777e-07
3.84,1.1212045492441329e-07
3.8425,1.1109038415108488e-07
3.845,1.1012784710069715e-07
3.8475,1.0924140547052629e-07
3.85,1.0843953806208397e-07
3.8525,1.0773045752722483e-07
3.855,1.0712167865852539e-07
3.8575,1.0661969035497975e-07
3.86,1.0623041397727385e-07
3.8625,1.0595933162466635e-07
3.865,1.0581143929045191e-07
3.8675,1.0579086371671638e-07
3.87,1.0590094424457854e-07
3.8725,1.0614419434862192e-07
3.875,1.065224732501772e-07
3.8775,1.0703733118012863e-07
3.88,1.0769019273587936e-07
3.8825,1.0848256720438641e-07
3.885,1.0941542944516155e-07
3.8875,1.1048922779579283e-07
3.89,1.1170338748872289e-07
3.8925,1.1305719486138802e-07
3.895,1.1454973712267318e-07
3.8975,1.1617962120469636e-07
3.9,1.1794353213519348e-07
3.9025,1.1983671102170506e-07
3.905,1.2185186140394567e-07
3.9075,1.2398003385681876e-07
3.91,1.2621132474255922e-07
3.9125,1.2853568308445702e-07
3.915,1.3094294990249368e-07
3.9175,1.3342294777695551e-07
3.92,1.3596602374498106e-07
3.9225,1.385639167893281e-07
3.925,1.4120820285447648e-07
3.9275,1.438920925067207e-07
3.93,1.4660901668220356e-07
3.9325,1.4935176229750977e-07
3.935,1.5211321855327099e-07
3.9375,1.5488633725603954e-07
3.94,1.576638604442913e-07
3.9425,1.6043807782205909e-07
3.945,1.6320120976161804e-07
3.9475,1.6594456387567542e-07
3.95,1.6865950111085442e-07
3.9525,1.7133861669940739e-07
3.955,1.7397622203696148e-07
3.9575,1.7656727675337891e-07
3.96,1.7910692382092565e-07
3.9625,1.8158927553643702e-07
3.965,1.8400862724102726e-07
3.9675,1.8635908962176457e-07
3.97,1.8863503848533156e-07
3.9725,1.9083172583763229e-07
3.975,1.9294417657209536e-07
3.9775,1.9496824528220993e-07
3.98,1.9689978364357439e-07
3.9825,1.9873422862366114e-07
3.985,2.0046602727408105e-07
3.9875,2.0208922587893554e-07
3.99,2.0359682416514712e-07
3.9925,2.0498254361173038e-07
3.995,2.0624041204428247e-07
3.9975,2.0736496590938715e-07
4.0,2.0835105606380861e-07
4.0025,2.0919325324151401e-07
4.005,2.0988558365842841e-07
4.0075,2.1042134079990609e-07
4.01,2.1079315887893961e-07
4.0125,2.1099418532127547e-07
4.015,2.1101916159252132e-07
4.0175,2.1086464968520778e-07
4.02,2.1052972299965851e-07
4.0225,2.1001478305382767e-07
4.025,2.0932178846419009e-07
4.0275,2.0845206241775562e-07
4.03,2.0740614039815398e-07
4.0325,2.0618401346838027e-07
4.035,2.047842961084945e-07
4.0375,2.0320507681438161e-07
4.04,2.0144549069688865e-07
4.0425,1.9950570241107802e-07
4.045,1.9738656426855802e-07
4.0475,1.950915830386857e-07
4.05,1.9262659934182154e-07
4.0525,1.8999780182256777e-07
4.055,1.872135696969535e-07
4.0575,1.8428275435453458e-07
4.06,1.8121578556338108e-07
4.0625,1.7802464518516227e-07
4.065,1.7472148771320125e-07
4.0675,1.7132017254920962e-07
4.07,1.6783537887785125e-07
4.0725,1.6428181275357768e-07
4.075,1.6067512734370001e-07
4.0775,1.5702978320230316e-07
4.08,1.5336064106431623e-07
4.0825,1.4968311149600546e-07
4.085,1.4601311772833277e-07
4.0875,1.4236678518803807e-07
4.09,1.3876024077541261e-07
4.0925,1.3520965719531148e-07
4.095,1.3173101973350054e-07
4.0975,1.2833963524750821e-07
4.1,1.2505054360683794e-07
4.1025,1.2187734883674784e-07
4.105,1.1883244305823035e-07
4.1075,1.1592691739508411e-07
4.11,1.1317081842306202e-07
4.1125,1.1057333408056665e-07
4.115,1.081424429435929e-07
4.1175,1.0588454355230517e-07
4.12,1.0380536043517886e-07
4.1225,1.0190864690534029e-07
4.125,1.0019725240311233e-07
4.1275,9.8672548538108346e-08
4.13,9.7335058287635067e-08
4.1325,9.6183586066012523e-08
4.135,9.5215125871357033e-08
4.1375,9.4425830518809434e-08
4.14,9.3811203727815906e-08
4.1425,9.3366492483972036e-08
4.145,9.3086306710872231e-08
4.1475,9.2964529302815759e-08
4.15,9.2994078113400133e-08
4.1525,9.3167493781027949e-08
4.155,9.347698350031915e-08
4.1575,9.3913820949230025e-08
4.16,9.4468191454979235e-08
4.1625,9.5128843057926417e-08
4.165,9.588287566228038e-08
4.1675,9.6716193156223464e-08
4.17,9.7614359287520909e-08
4.1725,9.8562829630676469e-08
4.175,9.9547760022372167e-08
4.1775,1.0055671398511927e-07
4.18,1.0157924533803476e-07
4.1825,1.0260686276646813e-07
4.185,1.0363234755513164e-07
4.1875,1.0465039349946098e-07
4.19,1.056569085749173e-07
4.1925,1.0664823685596695e-07
4.195,1.0762131211689707e-07
4.1975,1.085736481556707e-07
4.2,1.0950332215657973e-07
4.2025,1.104098019022661e-07
4.205,1.1129227320488795e-07
4.2075,1.1214984322300475e-07
4.21,1.1298180073160511e-07
4.2125,1.1378850943712291e-07
4.215,1.1457146444336448e-07
4.2175,1.1533332346769219e-07
4.22,1.1607823580284551e-07
4.2225,1.1681135177548724e-07
4.225,1.1753843688789453e-07
4.2275,1.18265883587847e-07
4.23,1.1900019318269755e-07
4.2325,1.1974769261237201e-07
4.235,1.2051390701323949e-07
4.2375,1.213037423402812e-07
4.24,1.2212158659795065e-07
4.2425,1.2297045768416732e-07
4.245,1.2385248686950304e-07
4.2475,1.2476956210012559e-07
4.25,1.25723130928874e-07
4.2525,1.2671469713843437e-07
4.255,1.2774545122737557e-07
4.2575,1.2881608165150329e-07
4.26,1.2992680938425387e-07
4.2625,1.3107624541575952e-07
4.265,1.3226118576644698e-07
4.2675,1.3347728228359922e-07
4.27,1.3471888869253988e-07
4.2725,1.3597950676278367e-07
4.275,1.3725270360785615e-07
4.2775,1.3853228282506372e-07
4.28,1.3981268994871374e-07
4.2825,1.4108944293508132e-07
4.285,1.4235770684998031e-07
4.2875,1.4361217090941397e-07
4.29,1.448465016175251e-07
4.2925,1.4605253941432988e-07
4.295,1.4722089812671951e-07
4.2975,1.483413246608622e-07
4.3,1.4940210229851183e-07
4.3025,1.503913076248595e-07
4.305,1.5129734249968938e-07
4.3075,1.5210942566371835e-07
4.31,1.5281797844194911e-07
4.3125,1.5341497283087175e-07
4.315,1.5389390034020959e-07
4.3175,1.5425000225704231e-07
4.32,1.5447981801377939e-07
4.3225,1.5458120674348955e-07
4.325,1.5455353423387294e-07
4.3275,1.5439749805014537e-07
4.33,1.541149701941404e-07
4.3325,1.5370866538297514e-07
4.335,1.5318161729438581e-07
4.3375,1.5253600660782717e-07
4.34,1.517746850277323e-07
4.3425,1.5089988964166653e-07
4.345,1.4991408771465218e-07
4.3475,1.4882076853212466e-07
4.35,1.4762454314934214e-07
4.3525,1.4633132375909854e-07
4.355,1.4494783747982781e-07
4.3575,1.434808358858045e-07
4.36,1.4193737602687323e-07
4.3625,1.4032448497622327e-07
4.365,1.3864819302271345e-07
4.3675,1.3691438357107622e-07
4.37,1.3512885850425608e-07
4.3725,1.332970029776082e-07
4.375,1.314242945256938e-07
4.3775,1.2951530371280546e-07
4.38,1.275743860843882e-07
4.3825,1.2560521316094994e-07
4.385,1.2361187510176821e-07
4.3875,1.215987578613195e-07
4.39,1.1957013561795095e-07
4.3925,1.175296816565728e-07
4.395,1.1547999477587001e-07
4.3975,1.1342277353914835e-07
4.4,1.1135884836386012e-07
4.4025,1.092894730081235e-07
4.405,1.0721568669524272e-07
4.4075,1.0513968908828755e-07
4.41,1.03063240730051e-07
4.4125,1.0098873044346747e-07
4.415,9.8918254324042361e-08
4.4175,9.6854006884230039e-08
4.42,9.479680398035388e-08
4.4225,9.274665730093138e-08
4.425,9.0702317266361209e-08
4.4275,8.8661772725183814e-08
4.43,8.6623145724816817e-08
4.4325,8.4584729965839994e-08
4.435,8.2546902816267076e-08
4.4375,8.0511023626816044e-08
4.44,7.8477938847998455e-08
4.4425,7.6452854631082271e-08
4.445,7.4441814215519645e-08
4.4475,7.245136707359308e-08
4.45,7.0488817572176567e-08
4.4525,6.8562189766474714e-08
4.455,6.6679467784519836e-08
4.4575,6.4848817609483085e-08
4.46,6.3079207826700691e-08
4.4625,6.1379996962426916e-08
4.465,5.9761144628301758e-08
4.4675,5.8231941639974426e-08
4.47,5.6802020953383394e-08
4.4725,5.5480941093853497e-08
4.475,5.4278743984686574e-08
4.4775,5.3205923808805449e-08
4.48,5.2274188486235812e-08
4.4825,5.1495283145410847e-08
4.485,5.0880125590469665e-08
4.4875,5.0438126899216541e-08
4.49,5.0176866683510726e-08
4.4925,5.0102079703840336e-08
4.495,5.0218794666795177e-08
4.4975,5.0531788420510384e-08
4.5,5.104560125666046e-08
4.5025,5.1763462766877617e-08
4.505,5.2686883163183941e-08
4.5075,5.3814954389818877e-08
4.51,5.514489405102833e-08
4.5125,5.6671956920181686e-08
4.515,5.8390077093567068e-08
4.5175,6.0293498328996731e-08
4.52,6.237514210246191e-08
4.5225,6.4626786828552123e-08
4.525,6.7038371551199905e-08
4.5275,6.9598033274272312e-08
4.53,7.2292252547779407e-08
4.5325,7.5106530028778263e-08
4.535,7.8026536360602518e-08
4.5375,8.1038436110826989e-08
4.54,8.4128267776992944e-08
4.5425,8.7283093288615354e-08
4.545,9.0489753790100464e-08
4.5475,9.3734757110292932e-08
4.55,9.7003664670685279e-08
4.5525,1.0028135519467137e-07
4.555,1.0355057586754165e-07
4.5575,1.0679388629628403e-07
4.56,1.099926225058318e-07
4.5625,1.1312863941151236e-07
4.565,1.1618584531946699e-07
4.5675,1.1914945261844876e-07
4.57,1.2200602306229889e-07
4.5725,1.2474456059238384e-07
4.575,1.2735467387623875e-07
4.5775,1.2982785926520391e-07
4.58,1.3215745468613268e-07
4.5825,1.3433751551272115e-07
4.585,1.3636373527475407e-07
4.5875,1.3823244023117263e-07
4.59,1.3994142519882934e-07
4.5925,1.4148944873585766e-07
4.595,1.4287671059746898e-07
4.5975,1.4410528608151634e-07
4.6,1.4517846878016338e-07
4.6025,1.4610050992370786e-07
4.605,1.4687668540886725e-07
4.6075,1.4751276087325066e-07
4.61,1.4801507827108166e-07
4.6125,1.4839038874936584e-07
4.615,1.4864584497355927e-07
4.6175,1.4878933131658641e-07
4.62,1.4882926214829997e-07
4.6225,1.4877436536251854e-07
4.625,1.486333834596564e-07
4.6275,1.4841479912232051e-07
4.63,1.4812671709552794e-07
4.6325,1.4777656258997487e-07
4.635,1.4737125646351356e-07
4.6375,1.4691726658300055e-07
4.64,1.4642094747637049e-07
4.6425,1.4588826822857725e-07
4.645,1.4532563110926177e-07
4.6475,1.4473953050149959e-07
4.65,1.4413576543852554e-07
4.6525,1.4351892485880942e-07
4.655,1.4289198482698619e-07
4.6575,1.4225633755638593e-07
4.66,1.4161223151825089e-07
4.6625,1.4095925308829509e-07
4.665,1.4029676757415861e-07
4.6675,1.3962426555972714e-07
4.67,1.3894113053786655e-07
4.6725,1.3824685689422855e-07
4.675,1.3754100839484791e-07
4.6775,1.3682246018692348e-07
4.68,1.3608938549502621e-07
4.6825,1.3533890223103603e-07
4.685,1.3456743247778494e-07
4.6875,1.3377040105748493e-07
4.69,1.3294301199607466e-07
4.6925,1.3208033815300169e-07
4.695,1.3117813178497856e-07
4.6975,1.3023252214959551e-07
4.7,1.2924072388699701e-07
4.7025,1.2820068429610256e-07
4.705,1.2711205393833843e-07
4.7075,1.2597569696576947e-07
4.71,1.2479407188769701e-07
4.7125,1.2357121640290814e-07
4.715,1.2231149883872376e-07
4.7175,1.2101956085122115e-07
4.72,1.1969941547751389e-07
4.7225,1.1835467069093139e-07
4.725,1.169891410547977e-07
4.7275,1.1560681550870499e-07
4.73,1.1421224188295418e-07
4.7325,1.128103702230169e-07
4.735,1.1140738318584842e-07
4.7375,1.1001027684011086e-07
4.74,1.0862759417036664e-07
4.7425,1.0726901999974484e-07
4.745,1.059448263820569e-07
4.7475,1.046655259805802e-07
4.75,1.0344081586114377e-07
4.7525,1.0227883554516929e-07
4.755,1.0118629489330057e-07
4.7575,1.0016932965608671e-07
4.76,9.9233637669218279e-08
4.7625,9.8384868806583512e-08
4.765,9.762840628131458e-08
4.7675,9.6968643531649257e-08
4.77,9.6409199034945278e-08
4.7725,9.5952786048042177e-08
4.775,9.5601903096278056e-08
4.7775,9.5358271771388064e-08
4.78,9.5222580158516674e-08
4.7825,9.5194394223025243e-08
4.785,9.5272061934059565e-08
4.7875,9.545230267233625e-08
4.79,9.573067879169141e-08
4.7925,9.6102109256176586e-08
4.795,9.6561282042248446e-08
4.7975,9.7103075279697889e-08
4.8,9.7722627530551479e-08
4.8025,9.8415852687051709e-08
4.805,9.9178521111723355e-08
4.8075,1.0000658737318537e-07
4.81,1.0089530054750051e-07
4.8125,1.0183909164935949e-07
4.815,1.0283187453964614e-07
4.8175,1.0386681778053484e-07
4.82,1.0493700785550389e-07
4.8225,1.0603532030005657e-07
4.825,1.0715558322294554e-07
4.8275,1.0829250919702293e-07
4.83,1.0944178075379231e-07
4.8325,1.106001134968641e-07
4.835,1.1176486433894393e-07
4.8375,1.1293424836569093e-07
4.84,1.1410764012749203e-07
4.8425,1.1528522211319779e-07
4.845,1.1646851772842527e-07
4.8475,1.1766022664842332e-07
4.85,1.1886384528532067e-07
4.8525,1.2008299163633824e-07
4.855,1.2132142394936652e-07
4.8575,1.2258277892130291e-07
4.86,1.2387078358242758e-07
4.8625,1.2518910671826714e-07
4.865,1.2654149479799767e-07
4.8675,1.2793196157077993e-07
4.87,1.2936453818813831e-07
4.8725,1.3084304090117465e-07
4.875,1.3237100991435922e-07
4.8775,1.3395122865544835e-07
4.88,1.3558606076381753e-07
4.8825,1.3727739367767187e-07
4.885,1.3902639025695706e-07
4.8875,1.4083385843099089e-07
4.89,1.4269978216963103e-07
4.8925,1.4462288064978862e-07
4.895,1.4660120397143824e-07
4.8975,1.4863250604704253e-07
4.9,1.507132877453483e-07
4.9025,1.5283946957158516e-07
4.905,1.5500550682342001e-07
4.9075,1.5720407796146125e-07
4.91,1.5942755619173649e-07
4.9125,1.6166701585528584e-07
4.915,1.6391310466412706e-07
4.9175,1.6615620450655825e-07
4.92,1.6838533430400563e-07
4.9225,1.7058894468121905e-07
4.925,1.7275530283443309e-07
4.9275,1.7487361081160494e-07
4.93,1.7693308817563592e-07
4.9325,1.7892236313162726e-07
4.935,1.8082975779722429e-07
4.9375,1.8264302207219596e-07
4.94,1.8434952485380519e-07
4.9425,1.8593597075709862e-07
4.945,1.8738958654242314e-07
4.9475,1.8869783635232073e-07
4.95,1.8984883754140073e-07
4.9525,1.9083156704606503e-07
4.955,1.9163614254051597e-07
4.9575,1.9225415798390334e-07
4.96,1.9267907330329262e-07
4.9625,1.9290680518018895e-07
4.965,1.929356445438121e-07
4.9675,1.9276662278054052e-07
4.97,1.9240238350123256e-07
4.9725,1.9184676049791563e-07
4.975,1.9110382339179605e-07
4.9775,1.9017802203989713e-07
4.98,1.8907380399039083e-07
4.9825,1.8779682587162268e-07
4.985,1.8635405990303665e-07
4.9875,1.8475436061295478e-07
4.99,1.8300772866280891e-07
4.9925,1.8112508621889967e-07
4.995,1.7911840724590195e-07
4.9975,1.770002661217266e-07
5.0,1.747840941677966e-07
5.0025,1.7248383554691108e-07
5.005,1.701130490603061e-07
5.0075,1.6768555206179349e-07
5.01,1.6521435584085062e-07
5.0125,1.6271242094076606e-07
5.015,1.6019314617642075e-07
5.0175,1.5767019409346826e-07
5.02,1.5515744822825309e-07
5.0225,1.5266871380861264e-07
5.025,1.5021728152832437e-07
5.0275,1.4781455131660706e-07
5.03,1.4547081941667965e-07
5.0325,1.4319426609365957e-07
5.035,1.4099189752767317e-07
5.0375,1.3886899272976856e-07
5.04,1.3682922906058837e-07
5.0425,1.3487466434114889e-07
5.045,1.3300691408855682e-07
5.0475,1.312269869916965e-07
5.05,1.2953575266194325e-07
5.0525,1.2793303008514737e-07
5.055,1.2641791308098616e-07
5.0575,1.2498831912249203e-07
5.06,1.2364183611803619e-07
5.0625,1.2237613833823133e-07
5.065,1.2118879367825092e-07
5.0675,1.2007721043398905e-07
5.07,1.1903803453742418e-07
5.0725,1.180673258860134e-07
5.075,1.1716000717666534e-07
5.0775,1.163106281014842e-07
5.08,1.1551356434217872e-07
5.0825,1.1476358304918186e-07
5.085,1.1405589002679835e-07
5.0875,1.133865006887703e-07
5.09,1.1275227753433196e-07
5.0925,1.1215062973881655e-07
5.095,1.1157964194027267e-07
5.0975,1.1103831288140483e-07
5.1,1.1052626060031119e-07
5.1025,1.1004377370081676e-07
5.105,1.0959173997656586e-07
5.1075,1.0917145366260308e-07
5.11,1.0878461351425298e-07
5.1125,1.0843423649001946e-07
5.115,1.0812427110238437e-07
5.1175,1.078603103028593e-07
5.12,1.0764907380815693e-07
5.1225,1.0749772230898444e-07
5.125,1.0741312595642503e-07
5.1275,1.0740135923298066e-07
5.13,1.0746767488963188e-07
5.1325,1.0761613537948214e-07
5.135,1.0784973530202621e-07
5.1375,1.0817036865205744e-07
5.14,1.085792805437403e-07
5.1425,1.0907755053442072e-07
5.145,1.096663854143143e-07
5.1475,1.1034726411789895e-07
5.15,1.1112142188589304e-07
5.1525,1.1198980817658116e-07
5.155,1.1295234428262718e-07
5.1575,1.140083181176567e-07
5.16,1.1515554063338007e-07
5.1625,1.1639070882976382e-07
5.165,1.1770893188841903e-07
5.1675,1.1910467145718977e-07
5.17,1.2057176327206824e-07
5.1725,1.2210350718739821e-07
5.175,1.2369262304732924e-07
5.1775,1.2533149209267807e-07
5.18,1.2701229857193771e-07
5.1825,1.2872695965758087e-07
5.185,1.3046701979897499e-07
5.1875,1.3222399564651843e-07
5.19,1.3398784907876351e-07
5.1925,1.3574789709241095e-07
5.195,1.374926070757522e-07
5.1975,1.3920925920781239e-07
5.2,1.4088613042539808e-07
5.2025,1.4251164788127035e-07
5.205,1.4407574963295076e-07
5.2075,1.4556924434278133e-07
5.21,1.4698370125827505e-07
5.2125,1.483113933856031e-07
5.215,1.4954535490327029e-07
5.2175,1.5067974806485235e-07
5.22,1.5170903697088417e-07
5.2225,1.5262835409723329e-07
5.225,1.5343384611101515e-07
5.2275,1.5412302482038346e-07
5.23,1.5469568286487848e-07
5.2325,1.5515289158323045e-07
5.235,1.5549681748556762e-07
5.2375,1.5573059938627493e-07
5.24,1.5585805059908138e-07
5.2425,1.5588349216745254e-07
5.245,1.5581148291159024e-07
5.2475,1.5564668338067167e-07
5.25,1.5539402642028439e-07
5.2525,1.5505867246369168e-07
5.255,1.5464714989359698e-07
5.2575,1.541674824392638e-07
5.26,1.5362913836154604e-07
5.2625,1.5304241398393721e-07
5.265,1.5241771625939385e-07
5.2675,1.517647847029831e-07
5.27,1.5109260524293798e-07
5.2725,1.5040911214980883e-07
5.275,1.4972142918828003e-07
5.2775,1.4903557585643642e-07
5.28,1.4835669677792593e-07
5.2825,1.4768890294637486e-07
5.285,1.4703581499141261e-07
5.2875,1.4640023239975191e-07
5.29,1.4578485222727921e-07
5.2925,1.4519103270700718e-07
5.295,1.4461849306645791e-07
5.2975,1.4406562905928835e-07
5.3,1.4352963766123439e-07
5.3025,1.4300593184923427e-07
5.305,1.4248919855628002e-07
5.3075,1.4197354152843236e-07
5.31,1.4145188363026979e-07
5.3125,1.4091699019608297e-07
5.315,1.4036062813415982e-07
5.3175,1.397742221158883e-07
5.32,1.3914959347398659e-07
5.3225,1.3847901861470731e-07
5.325,1.3775556303551202e-07
5.3275,1.3697322252806123e-07
5.33,1.3612596010941326e-07
5.3325,1.3520765879128656e-07
5.335,1.3421196428952802e-07
5.3375,1.3313248173218208e-07
5.34,1.3196294011454085e-07
5.3425,1.3069761907117916e-07
5.345,1.2933165954198022e-07
5.3475,1.2786163374801517e-07
5.35,1.2628567959928957e-07
5.3525,1.2460395201836866e-07
5.355,1.2281822115440899e-07
5.3575,1.209320413876072e-07
5.36,1.1894947290869605e-07
5.3625,1.1687607810964963e-07
5.365,1.1471781869698525e-07
5.3675,1.124818288847486e-07
5.37,1.1017638723112724e-07
5.3725,1.0781198812978624e-07
5.375,1.0539998158200241e-07
5.3775,1.029534936832938e-07
5.38,1.0048733574028247e-07
5.3825,9.8016132906362521e-08
5.385,9.5554342826290228e-08
5.3875,9.311606396380634e-08
5.39,9.0714395660348902e-08
5.3925,8.8361651563743002e-08
5.395,8.6069585297374321e-08
5.3975,8.3850523348615221e-08
5.4,8.1717176583090698e-08
5.4025,7.9682219630138381e-08
5.405,7.7758319076955239e-08
5.4075,7.5956661212364988e-08
5.41,7.4286637661217691e-08
5.4125,7.2755314866434812e-08
5.415,7.1369185626948897e-08
5.4175,7.0132874471696491e-08
5.42,6.905037142315873e-08
5.4225,6.8124519410285963e-08
5.425,6.7356947930553855e-08
5.4275,6.674783184528739e-08
5.43,6.629619540669553e-08
5.4325,6.5999957151047135e-08
5.435,6.5856624126541817e-08
5.4375,6.5863517820719546e-08
5.44,6.6017581343939189e-08
5.4425,6.6315066970952593e-08
5.445,6.6750620113557695e-08
5.4475,6.7317361882499824e-08
5.45,6.8006542591318175e-08
5.4525,6.8808333021160319e-08
5.455,6.9712845139987524e-08
5.4575,7.0709335086095763e-08
5.46,7.1787150505319403e-08
5.4625,7.2934651352187355e-08
5.465,7.4140166937971537e-08
5.4675,7.5391839868847714e-08
5.47,7.6679137940981781e-08
5.4725,7.799336138770375e-08
5.475,7.9327694106226027e-08
5.4775,8.0676900535615682e-08
5.48,8.2036209178296344e-08
5.4825,8.3401044757487199e-08
5.485,8.4766728212591691e-08
5.4875,8.6129223490274771e-08
5.49,8.7484906996086191e-08
5.4925,8.8831209872638502e-08
5.495,9.01659321837223e-08
5.4975,9.1487716836857931e-08
5.5,9.2795685074739528e-08
5.5025,9.4089427533754242e-08
5.505,9.53693297911718e-08
5.5075,9.6636162478904869e-08
5.51,9.7890881206171027e-08
5.5125,9.9135202536676196e-08
5.515,1.0037126224752573e-07
5.5175,1.0160159577703774e-07
5.52,1.0282917527454377e-07
5.5225,1.0405741132369576e-07
5.525,1.0528984558939859e-07
5.5275,1.065308318745186e-07
5.53,1.0778413479356863e-07
5.5325,1.0905357146901872e-07
5.535,1.1034192780271867e-07
5.5375,1.1165098077111294e-07
5.54,1.1298078474800837e-07
5.5425,1.1433030467638533e-07
5.545,1.1569706015485519e-07
5.5475,1.1707803027364711e-07
5.55,1.1846980111191772e-07
5.5525,1.1986870897072014e-07
5.555,1.2127109049025191e-07
5.5575,1.2267237109712924e-07
5.56,1.2406641996282188e-07
5.5625,1.2544614940309394e-07
5.565,1.2680388840243464e-07
5.5675,1.2813152743339426e-07
5.57,1.2942071463513744e-07
5.5725,1.3066197005134675e-07
5.575,1.3184536442730107e-07
5.5775,1.3296108351033937e-07
5.58,1.339991942684979e-07
5.5825,1.3495050131485458e-07
5.585,1.3580616009216422e-07
5.5875,1.3655788061544086e-07
5.59,1.3719806554966539e-07
5.5925,1.3771952561924791e-07
5.595,1.3811561506854577e-07
5.5975,1.3838013600217935e-07
5.6,1.3850757343483614e-07
5.6025,1.3849352107669786e-07
5.605,1.3833510735440554e-07
5.6075,1.3803125288506786e-07
5.61,1.3758257299198477e-07
5.6125,1.3699110543708408e-07
5.615,1.3625971382593663e-07
5.6175,1.3539217611222295e-07
5.62,1.3439287407623376e-07
5.6225,1.3326744464793544e-07
5.625,1.3202284017058359e-07
5.6275,1.3066747684063054e-07
5.63,1.2921153792227181e-07
5.6325,1.2766694164351766e-07
5.635,1.2604668444729452e-07
5.6375,1.2436467224466035e-07
5.64,1.2263528622009777e-07
5.6425,1.2087285985403467e-07
5.645,1.1909106917837594e-07
5.6475,1.1730292599703641e-07
5.65,1.1552042621431593e-07
5.6525,1.1375444973079726e-07
5.655,1.1201615371382946e-07
5.6575,1.1031588403527536e-07
5.66,1.0866470916292356e-07
5.6625,1.0707257855962048e-07
5.665,1.0554906714030467e-07
5.6675,1.0410196197365604e-07
5.67,1.0273828918610169e-07
5.6725,1.014630847032796e-07
5.675,1.0028041096116123e-07
5.6775,9.9192765940660688e-08
5.68,9.8201668638170724e-08
5.6825,9.7307428227539033e-08
5.685,9.6508937625632634e-08
5.6875,9.5804160599241691e-08
5.69,9.5190408301854159e-08
5.6925,9.4664598997867087e-08
5.695,9.4223632306498196e-08
5.6975,9.3864149417086353e-08
5.7,9.3582205436702526e-08
5.7025,9.3372546693682985e-08
5.705,9.3228310303442042e-08
5.7075,9.3141199812753756e-08
5.71,9.3102195262408069e-08
5.7125,9.3102586731446557e-08
5.715,9.3133704795080622e-08
5.7175,9.3187108997394273e-08
5.72,9.3253957920154865e-08
5.7225,9.3324857035157394e-08
5.725,9.3390203511582409e-08
5.7275,9.3441360244189148e-08
5.73,9.3471498701485883e-08
5.7325,9.3476262309113511e-08
5.735,9.3453753269190752e-08
5.7375,9.3403537191410118e-08
5.74,9.3326279801579337e-08
5.7425,9.3223002794832882e-08
5.745,9.3095033503790026e-08
5.7475,9.2944012171275851e-08
5.75,9.277214934953339e-08
5.7525,9.2582707214764038e-08
5.755,9.2379653448096585e-08
5.7575,9.2168043259361282e-08
5.76,9.1954106558302303e-08
5.7625,9.1744979006614251e-08
5.765,9.1548350402962947e-08
5.7675,9.1372354177027285e-08
5.77,9.1225503224530113e-08
5.7725,9.1116990113772484e-08
5.775,9.1055784784313865e-08
5.7775,9.105099610261792e-08
5.78,9.1111867871330983e-08
5.7825,9.1247891716790844e-08
5.785,9.1468650351710921e-08
5.7875,9.1783766581889183e-08
5.79,9.2202033709488569e-08
5.7925,9.2731014396832166e-08
5.795,9.3376269869873758e-08
5.7975,9.4141408194084517e-08
5.8,9.502818426985906e-08
5.8025,9.6037458915825729e-08
5.805,9.7169002200170279e-08
5.8075,9.8422216330594334e-08
5.81,9.9795749899538553e-08
5.8125,1.0128719709609062e-07
5.815,1.0289251079567312e-07
5.8175,1.046058685398458e-07
5.82,1.0642067349564456e-07
5.8225,1.0832962474345006e-07
5.825,1.1032422529268861e-07
5.8275,1.1239569670270308e-07
5.83,1.1453398177422267e-07
5.8325,1.1672827130694335e-07
5.835,1.1896639893553177e-07
5.8375,1.2123618735563965e-07
5.84,1.2352487867935203e-07
5.8425,1.2581998976819574e-07
5.845,1.2810971199979744e-07
5.8475,1.3038167026147579e-07
5.85,1.3262493458308756e-07
5.8525,1.3482815555716334e-07
5.855,1.3698075392130101e-07
5.8575,1.3907246398003007e-07
5.86,1.4109288315871998e-07
5.8625,1.4303257765314447e-07
5.865,1.4488355347930101e-07
5.8675,1.4663846657888192e-07
5.87,1.4829115727663339e-07
5.8725,1.4983714696957929e-07
5.875,1.5127234999260779e-07
5.8775,1.5259447541377311e-07
5.88,1.5380240217026709e-07
5.8825,1.5489668985699718e-07
5.885,1.5587946051401153e-07
5.8875,1.5675419161942887e-07
5.89,1.5752600761316564e-07
5.8925,1.5820110232042653e-07
5.895,1.5878652891137199e-07
5.8975,1.5928971449488875e-07
5.9,1.5971787362778129e-07
5.9025,1.6007792180790999e-07
5.905,1.6037626967806727e-07
5.9075,1.6061884625671296e-07
5.91,1.6081136938100369e-07
5.9125,1.6095963876350082e-07
5.915,1.6106982768642087e-07
5.9175,1.6114845959276605e-07
5.92,1.6120200949014893e-07
5.9225,1.61236232358917e-07
5.925,1.6125579019521518e-07
5.9275,1.6126411675954747e-07
5.93,1.6126345937760809e-07
5.9325,1.6125496372769047e-07
5.935,1.6123924921782459e-07
5.9375,1.6121622713073449e-07
5.94,1.61184817269918e-07
5.9425,1.6114293505049913e-07
5.945,1.6108770503454582e-07
5.9475,1.6101570167071776e-07
5.95,1.6092310845624555e-07
5.9525,1.6080619436264687e-07
5.955,1.6066124565272245e-07
5.9575,1.6048454498124626e-07
5.96,1.6027186715096709e-07
5.9625,1.6001804968524123e-07
5.965,1.597169934412472e-07
5.9675,1.5936166370367941e-07
5.97,1.5894504270288368e-07
5.9725,1.5846069995950063e-07
5.975,1.579023565667835e-07
5.9775,1.5726440607215613e-07
5.98,1.5654145862687118e-07
5.9825,1.5572836998578562e-07
5.985,1.5482087619311338e-07
5.9875,1.5381563998274382e-07
5.99,1.5271173781565514e-07
5.9925,1.5151002232660054e-07
5.995,1.5021328265396646e-07
5.9975,1.4882575267368571e-07
6.0,1.4735274163622455e-07
6.0025,1.4579970097558745e-07
6.005,1.4417301764075796e-07
6.0075,1.4247875400110535e-07
6.01,1.4072404775417505e-07
6.0125,1.389163075233193e-07
6.015,1.3706354925946646e-07
6.0175,1.3517626859825149e-07
6.02,1.3326525143733146e-07
6.0225,1.3134297260762413e-07
6.025,1.294223157395588e-07
6.0275,1.2751626237722206e-07
6.03,1.2563917619881783e-07
6.0325,1.2380475661630777e-07
6.035,1.2202601167498509e-07
6.0375,1.2031609561319421e-07
6.04,1.1868818297986141e-07
6.0425,1.1715444768057645e-07
6.045,1.1572729669929304e-07
6.0475,1.1441807533641033e-07
6.05,1.1323710423904187e-07
6.0525,1.1219322481171225e-07
6.055,1.1129346010366404e-07
6.0575,1.1054257716020601e-07
6.06,1.0994414922042968e-07
6.0625,1.094999148539e-07
6.065,1.0921055059443504e-07
6.0675,1.0907578664417328e-07
6.07,1.0909374382354653e-07
6.0725,1.0926082256940072e-07
6.075,1.0957150335980019e-07
6.0775,1.1001980644149919e-07
6.08,1.1059887425547871e-07
6.0825,1.1130071115296924e-07
6.085,1.1211677634485449e-07
6.0875,1.1303714385812746e-07
6.09,1.1405031479735111e-07
6.0925,1.1514424214963211e-07
6.095,1.163066185810137e-07
6.0975,1.1752467921533855e-07
6.1,1.1878593070271862e-07
6.1025,1.2007785647494287e-07
6.105,1.2138814604711324e-07
6.1075,1.2270546674852782e-07
6.11,1.2401841247835178e-07
6.1125,1.2531647902827126e-07
6.115,1.2658912749710027e-07
6.1175,1.2782651273229656e-07
6.12,1.2901994909800931e-07
6.1225,1.301616290654531e-07
6.125,1.3124539422739881e-07
6.1275,1.3226653928594117e-07
6.13,1.3322184423004212e-07
6.1325,1.3410940098708754e-07
6.135,1.3492848027576232e-07
6.1375,1.3567947401852125e-07
6.14,1.3636414776972064e-07
6.1425,1.3698552011105805e-07
6.145,1.3754838478185895e-07
6.1475,1.3805870248852285e-07
6.15,1.3852334246022749e-07
6.1525,1.3894982663581206e-07
6.155,1.3934580544286704e-07
6.1575,1.3971898850828374e-07
6.16,1.4007705513495419e-07
6.1625,1.4042742382094798e-07
6.165,1.4077712958424313e-07
6.1675,1.4113280780527805e-07
6.17,1.4150079020939827e-07
6.1725,1.418876208073488e-07
6.175,1.4229999434527363e-07
6.1775,1.4274451653445766e-07
6.18,1.4322697047398957e-07
6.1825,1.4375200462748742e-07
6.185,1.4432259915893392e-07
6.1875,1.4493993047901845e-07
6.19,1.4560453076939486e-07
6.1925,1.4631562593901036e-07
6.195,1.4707173286023087e-07
6.1975,1.4787035088400102e-07
6.2,1.4870806226437452e-07
6.2025,1.4958029369538422e-07
6.205,1.5048150115005512e-07
6.2075,1.5140508357889464e-07
6.21,1.5234420995965251e-07
6.2125,1.5329143749615989e-07
6.215,1.5423950948731926e-07
6.2175,1.5518042026708061e-07
6.22,1.5610528011341177e-07
6.2225,1.5700423813711882e-07
6.225,1.5786683020448014e-07
6.2275,1.5868218671347248e-07
6.23,1.5944005630894224e-07
6.2325,1.6012994664181754e-07
6.235,1.6074150686097935e-07
6.2375,1.6126411892453798e-07
6.24,1.6168719804320131e-07
6.2425,1.6200082149566749e-07
6.245,1.621965212079542e-07
6.2475,1.6226802125065836e-07
6.25,1.6221147249012531e-07
6.2525,1.6202518418751274e-07
6.255,1.6170904090683117e-07
6.2575,1.6126406055407846e-07
6.26,1.6069204750931689e-07
6.2625,1.5999505359485549e-07
6.265,1.5917591807149629e-07
6.2675,1.582377060054099e-07
6.27,1.5718367748341243e-07
6.2725,1.5601856827369962e-07
6.275,1.5474825105253358e-07
6.2775,1.5338004066254478e-07
6.28,1.5192234254450647e-07
6.2825,1.5038491434196317e-07
6.285,1.4877824285590547e-07
6.2875,1.4711400600043985e-07
6.29,1.4540348419171506e-07
6.2925,1.4365839644254434e-07
6.295,1.4189019209379917e-07
6.2975,1.401099350242846e-07
6.3,1.3832906599441196e-07
6.3025,1.3655863328123423e-07
6.305,1.3480915882919985e-07
6.3075,1.3309076041657884e-07
6.31,1.3141223070676792e-07
6.3125,1.297809330986907e-07
6.315,1.2820298286015234e-07
6.3175,1.2668320029794747e-07
6.32,1.252253355461227e-07
6.3225,1.2383220581727215e-07
6.325,1.2250604077307682e-07
6.3275,1.2124733431473105e-07
6.33,1.200549270309509e-07
6.3325,1.1892602345417689e-07
6.335,1.1785718652144405e-07
6.3375,1.1684491851665154e-07
6.34,1.1588463001143639e-07
6.3425,1.14972352513177e-07
6.345,1.1410287546188619e-07
6.3475,1.1326997344584462e-07
6.35,1.1246713563289726e-07
6.3525,1.1168688519077902e-07
6.355,1.1092137269186308e-07
6.3575,1.1016314424705974e-07
6.36,1.0940470225540562e-07
6.3625,1.08639258817755e-07
6.365,1.0786027165353236e-07
6.3675,1.0706191935721434e-07
6.37,1.0623843289292602e-07
6.3725,1.0538469715687644e-07
6.375,1.0449641988952327e-07
6.3775,1.0357035219368907e-07
6.38,1.026047440475583e-07
6.3825,1.0159949841141558e-07
6.385,1.0055572823582576e-07
6.3875,9.9475474709354499e-08
6.39,9.8362291147410932e-08
6.3925,9.7220418686200794e-08
6.395,9.6056043256540942e-08
6.3975,9.4876206561719046e-08
6.4,9.3690041494842925e-08
6.4025,9.2507590832826e-08
6.405,9.1339459722988472e-08
6.4075,9.0196919592494009e-08
6.41,8.909140393423305e-08
6.4125,8.803428804937169e-08
6.415,8.7037205211052436e-08
6.4175,8.6111528799060421e-08
6.42,8.5268214523159671e-08
6.4225,8.4517184985929986e-08
6.425,8.3867443121154615e-08
6.4275,8.3327132295318531e-08
6.43,8.2904043947720981e-08
6.4325,8.2605870135926444e-08
6.435,8.2439733346223089e-08
6.4375,8.2411677753062321e-08
6.44,8.2526069660221385e-08
6.4425,8.2785315423409682e-08
6.445,8.3189903767573076e-08
6.4475,8.3738980933631332e-08
6.45,8.4430578823174929e-08
6.4525,8.5261583765707708e-08
6.455,8.6227620298210384e-08
6.4575,8.7323209390273499e-08
6.46,8.854123607194688e-08
6.4625,8.9873604685491053e-08
6.465,9.1310497194424122e-08
6.4675,9.2842077356413723e-08
6.47,9.4457861717157554e-08
6.4725,9.6147334542379457e-08
6.475,9.7899262637293077e-08
6.4775,9.9701383892341785e-08
6.48,1.0154004630398074e-07
6.4825,1.0340101919441204e-07
6.485,1.0526924152834014e-07
6.4875,1.0713065721279753e-07
6.49,1.0897177337522729e-07
6.4925,1.1077885506983962e-07
6.495,1.1253834482360365e-07
6.4975,1.1423674529032811e-07
6.5,1.1586034124582137e-07
6.5025,1.1739762339476554e-07
6.505,1.1883824196247733e-07
6.5075,1.201745570124357e-07
6.51,1.2140133168038313e-07
6.5125,1.2251468509559024e-07
6.515,1.2351246088674739e-07
6.5175,1.2439320652762445e-07
6.52,1.2515651717222851e-07
6.5225,1.2580201183689173e-07
6.525,1.2632997172082847e-07
6.5275,1.2674154487667756e-07
6.53,1.270382595229242e-07
6.5325,1.272229177952103e-07
6.535,1.2730029665773649e-07
6.5375,1.2727677956228898e-07
6.54,1.2716027893491027e-07
6.5425,1.2696010852206983e-07
6.545,1.2668633357769269e-07
6.5475,1.2634943773224583e-07
6.55,1.2595961319299614e-07
6.5525,1.2552678906861704e-07
6.555,1.2506096355200815e-07
6.5575,1.2457197752724403e-07
6.56,1.2406967390747497e-07
6.5625,1.2356380341720291e-07
6.565,1.2306358608731393e-07
6.5675,1.2257721036991373e-07
6.57,1.2211140872877807e-07
6.5725,1.2167158728112046e-07
6.575,1.212614999472667e-07
6.5775,1.2088391263062012e-07
6.58,1.2054082399711275e-07
6.5825,1.2023385754535057e-07
6.585,1.1996296322954693e-07
6.5875,1.1972625185878159e-07
6.59,1.1951996086131113e-07
6.5925,1.1934003691142326e-07
6.595,1.1918193379584257e-07
6.5975,1.1904069285690726e-07
6.6,1.1891079174684798e-07
6.6025,1.1878544565491374e-07
6.605,1.1865757880675429e-07
6.6075,1.185195106952108e-07
6.61,1.1836355959355831e-07
6.6125,1.1818156462099997e-07
6.615,1.1796559116295466e-07
6.6175,1.1770783235727456e-07
6.62,1.1740082912827792e-07
6.6225,1.1703731138256805e-07
6.625,1.1661013437141078e-07
6.6275,1.1611273253622146e-07
6.63,1.1553907128239997e-07
6.6325,1.1488419370798781e-07
6.635,1.1414440638072049e-07
6.6375,1.1331743799755368e-07
6.64,1.1240251462775527e-07
6.6425,1.1139976760801014e-07
6.645,1.1031092190768277e-07
6.6475,1.0913879215454142e-07
6.65,1.078874336426281e-07
6.6525,1.0656247861171094e-07
6.655,1.051714160308553e-07
6.6575,1.0372296099749728e-07
6.66,1.0222717853189005e-07
6.6625,1.006950415075436e-07
6.665,9.9138241431385051e-08
6.6675,9.7568184572149973e-08
6.67,9.5997389940004624e-08
6.6725,9.4438323887787006e-08
6.675,9.2903543214063191e-08
6.6775,9.1405808895163169e-08
6.68,8.9956986839073039e-08
6.6825,8.8567877112982396e-08
6.685,8.7249021118732075e-08
6.6875,8.601067342908236e-08
6.69,8.4862740668397835e-08
6.6925,8.3814925593329525e-08
6.695,8.2875927691060056e-08
6.6975,8.2052749867834809e-08
6.7,8.1350875416290933e-08
6.7025,8.0773826352425299e-08
6.705,8.0324145199348074e-08
6.7075,8.0003114725243964e-08
6.71,7.9810861601584105e-08
6.7125,7.9746236454085298e-08
6.715,7.9806674814462747e-08
6.7175,7.9988215853080194e-08
6.72,8.0285578430247937e-08
6.7225,8.0692353966013762e-08
6.725,8.1201636987799385e-08
6.7275,8.1806398975340002e-08
6.73,8.2499370732002229e-08
6.7325,8.3273081943939403e-08
6.735,8.411876555156502e-08
6.7375,8.5026274338155773e-08
6.74,8.5984914465019862e-08
6.7425,8.6983174525099892e-08
6.745,8.8010083013586582e-08
6.7475,8.9055595505599485e-08
6.75,9.0109240999565423e-08
6.7525,9.1160805181811015e-08
6.755,9.2199541942692872e-08
6.7575,9.3215398833770151e-08
6.76,9.4199327348737656e-08
6.7625,9.5144108351851917e-08
6.765,9.604537329924831e-08
6.7675,9.6900636484985302e-08
6.77,9.7709282208471387e-08
6.7725,9.8471936163664834e-08
6.775,9.9190280470789052e-08
6.7775,9.9866035418961141e-08
6.78,1.00500818826911e-07
6.7825,1.0109658736361179e-07
6.785,1.0165591540383556e-07
6.7875,1.0218160176002591e-07
6.79,1.0267783104150085e-07
6.7925,1.0315008059047243e-07
6.795,1.0360539821029612e-07
6.7975,1.0405199300009602e-07
6.8,1.0449880125933074e-07
6.8025,1.0495513007661323e-07
6.805,1.0543025871432335e-07
6.8075,1.0593329325194569e-07
6.81,1.0647293082487659e-07
6.8125,1.0705772456822216e-07
6.815,1.0769606803195768e-07
6.8175,1.0839610265937871e-07
6.82,1.0916569077737887e-07
6.8225,1.1001156380821256e-07
6.825,1.1093946751101778e-07
6.8275,1.1195299287907265e-07
6.83,1.1305454606140044e-07
6.8325,1.1424410560951244e-07
6.835,1.1552121698224618e-07
6.8375,1.1688414529501898e-07
6.84,1.1833027407308309e-07
6.8425,1.1985546245914765e-07
6.845,1.2145266822026513e-07
6.8475,1.231145370703676e-07
6.85,1.2483225308980032e-07
6.8525,1.2659660515078695e-07
6.855,1.2839779476353858e-07
6.8575,1.3022552941891153e-07
6.86,1.3206818384626984e-07
6.8625,1.3391361176109355e-07
6.865,1.3574868122920348e-07
6.8675,1.3756037400981026e-07
6.87,1.3933590555817269e-07
6.8725,1.4106301740126175e-07
6.875,1.4272894988104948e-07
6.8775,1.4432080941506465e-07
6.88,1.4582630291138835e-07
6.8825,1.4723331305764245e-07
6.885,1.485296581860137e-07
6.8875,1.4970446637051511e-07
6.89,1.5074817354771574e-07
6.8925,1.5165280248927488e-07
6.895,1.5241189026418198e-07
6.8975,1.5302108528667157e-07
6.9,1.5347705519667431e-07
6.9025,1.5377828118464853e-07
6.905,1.5392475107233444e-07
6.9075,1.5391802262387364e-07
6.91,1.5376144141054878e-07
6.9125,1.5346023438553425e-07
6.915,1.5302143571512143e-07
6.9175,1.5245373166485477e-07
6.92,1.5176673124144186e-07
6.9225,1.5097094896786427e-07
6.925,1.5007763798516108e-07
6.9275,1.490985334091715e-07
6.93,1.4804593370184067e-07
6.9325,1.4693298342082468e-07
6.935,1.4577222739089273e-07
6.9375,1.4457628692742486e-07
6.94,1.4335671461422954e-07
6.9425,1.4212496748920501e-07
6.945,1.4089281174874509e-07
6.9475,1.3967179099673905e-07
6.95,1.3847382753607917e-07
6.9525,1.3730975190875317e-07
6.955,1.3618907626712173e-07
6.9575,1.3511943128827981e-07
6.96,1.3410703518769527e-07
6.9625,1.3315676072029099e-07
6.965,1.3227267080445888e-07
6.9675,1.3145769241147429e-07
6.97,1.3071351762009041e-07
6.9725,1.3004080268754825e-07
6.975,1.2943847903816475e-07
6.9775,1.2890447234941794e-07
6.98,1.2843549277804525e-07
6.9825,1.2802787483340149e-07
6.985,1.2767763597972514e-07
6.9875,1.2738070940463055e-07
6.99,1.2713243253075472e-07
6.9925,1.2692699109273613e-07
6.995,1.2675696993152173e-07
6.9975,1.2661413190267361e-07
7.0,1.2648973222615261e-07
