Physical Time (s),ev_left Monitor (kg-m/s^3)
0.0025,-1.934475402101106e-13
0.005,-7.528055179356297e-11
0.0075,-3.7920307493511769e-09
0.01,-3.780652400259242e-08
0.0125,-1.5512427538960749e-07
0.015,-3.564678586903395e-07
0.0175,-4.5087069759410796e-07
0.02,-2.9492016062734547e-07
0.0225,-9.2136148581967995e-08
0.025,-3.0452504662770951e-08
0.0275,-5.1929370459973665e-08
0.03,-5.4423987987390956e-08
0.0325,-2.8059562078408682e-08
0.035,-7.0373337507131431e-09
0.0375,-7.4878573904949565e-10
0.04,-1.6501662639403234e-09
0.0425,-4.9151926219680293e-09
0.045,-8.5095873513114566e-09
0.0475,-1.0632675387752146e-08
0.05,-1.0241247025631493e-08
0.0525,-7.8162132909010567e-09
0.055,-4.8310476121120118e-09
0.0575,-2.5466749602548304e-09
0.06,-1.356693925401615e-09
0.0625,-1.0419666935569207e-09
0.065,-1.3367394418641347e-09
0.0675,-2.1274707188657639e-09
0.07,-3.2594352986363541e-09
0.0725,-4.3898685729964459e-09
0.075,-5.1171380360253698e-09
0.0775,-5.2185003668204421e-09
0.08,-4.7537693834054897e-09
0.0825,-3.9793670966058496e-09
0.085,-3.1814420994683958e-09
0.0875,-2.5544700866912146e-09
0.09,-2.1747672683795316e-09
0.0925,-2.0410928833349681e-09
0.095,-2.1283618624341935e-09
0.0975,-2.4203516805160708e-09
0.1,-2.9167598896589773e-09
0.1025,-3.6258023092032677e-09
0.105,-4.5521253428496972e-09
0.1075,-5.6836254761712803e-09
0.11,-6.9783111671764588e-09
0.1125,-8.3501464235237782e-09
0.115,-9.6611831566452192e-09
0.1175,-1.0734419267727745e-08
0.12,-1.1390126078770852e-08
0.1225,-1.149468502174588e-08
0.125,-1.1007983158016223e-08
0.1275,-1.0005712209293647e-08
0.13,-8.6659725658408661e-09
0.1325,-7.2186192566300944e-09
0.135,-5.8781068084715064e-09
0.1375,-4.7930746768926402e-09
0.14,-4.0326880817379038e-09
0.1425,-3.6055745260162069e-09
0.145,-3.4908474635444177e-09
0.1475,-3.6606122389688647e-09
0.15,-4.0853432673423603e-09
0.1525,-4.7257093846818563e-09
0.155,-5.5228993098607161e-09
0.1575,-6.3975358000157592e-09
0.16,-7.260355296366936e-09
0.1625,-8.0304532932872444e-09
0.165,-8.6524331303455321e-09
0.1675,-9.1051383214936767e-09
0.17,-9.3992936582946583e-09
0.1725,-9.5674466688318534e-09
0.175,-9.6515890513435976e-09
0.1775,-9.6928874050932885e-09
0.18,-9.7253723894216692e-09
0.1825,-9.7733711298863433e-09
0.185,-9.8516388483257924e-09
0.1875,-9.9673810846657406e-09
0.19,-1.0122618130983854e-08
0.1925,-1.0316300289004855e-08
0.195,-1.0545724724802143e-08
0.1975,-1.0806688517960485e-08
0.2,-1.1092972419343797e-08
0.2025,-1.1395324935863173e-08
0.205,-1.170062591509255e-08
0.2075,-1.1991724643825674e-08
0.21,-1.2248666731156172e-08
0.2125,-1.2451412699983054e-08
0.215,-1.2583362007716965e-08
0.2175,-1.2634849961053508e-08
0.22,-1.2605688407696688e-08
0.2225,-1.2506051423565292e-08
0.225,-1.2355552513093728e-08
0.2275,-1.2180356200880353e-08
0.23,-1.2009732513942432e-08
0.2325,-1.1872420367347906e-08
0.235,-1.1793385678384696e-08
0.2375,-1.1791170276016561e-08
0.24,-1.1880951589616491e-08
0.2425,-1.2061893167875802e-08
0.245,-1.2324288546343481e-08
0.2475,-1.265009448084269e-08
0.25,-1.301704866118596e-08
0.2525,-1.3402191712969973e-08
0.255,-1.3782327430855932e-08
0.2575,-1.4136951291488138e-08
0.26,-1.4450132116247479e-08
0.2625,-1.4714558189785957e-08
0.265,-1.4931251417985978e-08
0.2675,-1.510830947279613e-08
0.27,-1.5257464226518502e-08
0.2725,-1.5389619979671665e-08
0.275,-1.5515896538758378e-08
0.2775,-1.5647714849697836e-08
0.28,-1.5798691985261788e-08
0.2825,-1.5978137728940097e-08
0.285,-1.6190953251100876e-08
0.2875,-1.6433853489888628e-08
0.29,-1.6698738182788653e-08
0.2925,-1.6976031394890362e-08
0.295,-1.7255090424047583e-08
0.2975,-1.7523316463471116e-08
0.3,-1.7765680616580117e-08
0.3025,-1.7972346416052881e-08
0.305,-1.8141292407553056e-08
0.3075,-1.8274689993106952e-08
0.31,-1.8379507272178376e-08
0.3125,-1.8464381396312176e-08
0.315,-1.853516265588808e-08
0.3175,-1.8595876099568508e-08
0.32,-1.8649532893253498e-08
0.3225,-1.8699760225287648e-08
0.325,-1.8751181462687177e-08
0.3275,-1.8808105355186001e-08
0.33,-1.8873072630904344e-08
0.3325,-1.8946547186119491e-08
0.335,-1.9029324905185857e-08
0.3375,-1.9121642045760087e-08
0.34,-1.9221400478725849e-08
0.3425,-1.9326660793458308e-08
0.345,-1.9436461613803316e-08
0.3475,-1.9550073698197823e-08
0.35,-1.9672291449065796e-08
0.3525,-1.9809820047386046e-08
0.355,-1.9969160347925003e-08
0.3575,-2.015559427887921e-08
0.36,-2.0372940479982837e-08
0.3625,-2.0623400507838267e-08
0.365,-2.0907076977416022e-08
0.3675,-2.1221430972226558e-08
0.37,-2.1561297119392324e-08
0.3725,-2.1920093732646429e-08
0.375,-2.2289977352308977e-08
0.3775,-2.2663376332729878e-08
0.38,-2.3033037721456882e-08
0.3825,-2.3392286836860926e-08
0.385,-2.3734657256250965e-08
0.3875,-2.4053811632108611e-08
0.39,-2.4343907004572379e-08
0.3925,-2.4600092121641539e-08
0.395,-2.4818685991020258e-08
0.3975,-2.4997050935582425e-08
0.4,-2.5133558156748347e-08
0.4025,-2.5227789392761136e-08
0.405,-2.5279048447762679e-08
0.4075,-2.528890148910831e-08
0.41,-2.526202042765209e-08
0.4125,-2.5204721404503396e-08
0.415,-2.5127343859190991e-08
0.4175,-2.5040875822265878e-08
0.42,-2.4954931796442967e-08
0.4225,-2.487733536252757e-08
0.425,-2.481340673186499e-08
0.4275,-2.4768407732086905e-08
0.43,-2.474478965041459e-08
0.4325,-2.4748058393231991e-08
0.435,-2.4789111152790728e-08
0.4375,-2.4872430727324366e-08
0.44,-2.5000954677327116e-08
0.4425,-2.5174900626563754e-08
0.445,-2.5390978322123478e-08
0.4475,-2.5642572666424803e-08
0.45,-2.5921501443625643e-08
0.4525,-2.621997254342221e-08
0.455,-2.6531158147111113e-08
0.4575,-2.6849206268261506e-08
0.46,-2.7168042064329375e-08
0.4625,-2.7483826229293077e-08
0.465,-2.7794518316088678e-08
0.4675,-2.8098211315257691e-08
0.47,-2.8392347308400251e-08
0.4725,-2.8673579815268719e-08
0.475,-2.8938538323941362e-08
0.4775,-2.9183700923401006e-08
0.48,-2.940586507670761e-08
0.4825,-2.9605110228652479e-08
0.485,-2.9783305883257956e-08
0.4875,-2.9943312586333616e-08
0.49,-3.0088288252889002e-08
0.4925,-3.0221027276575192e-08
0.495,-3.0343751076660598e-08
0.4975,-3.0458354516081724e-08
0.5,-3.0566382030516016e-08
0.5025,-3.0669388400671406e-08
0.505,-3.0769111028788123e-08
0.5075,-3.086700940602439e-08
0.51,-3.0963764816573063e-08
0.5125,-3.1059223684224793e-08
0.515,-3.115282262431477e-08
0.5175,-3.1243504896983849e-08
0.52,-3.1330247038764661e-08
0.5225,-3.1412412765228096e-08
0.525,-3.148983063025719e-08
0.5275,-3.1562764461804798e-08
0.53,-3.1631896791535615e-08
0.5325,-3.1699056704996324e-08
0.535,-3.1766715427084674e-08
0.5375,-3.1838145168730161e-08
0.54,-3.1912621131567898e-08
0.5425,-3.1988910131599698e-08
0.545,-3.206716779160625e-08
0.5475,-3.2149675534659186e-08
0.55,-3.2241280598382535e-08
0.5525,-3.2346933952948826e-08
0.555,-3.2469862426894819e-08
0.5575,-3.261110335819004e-08
0.56,-3.2769918005982913e-08
0.5625,-3.2944374787141862e-08
0.565,-3.3132068069042599e-08
0.5675,-3.3330910690086517e-08
0.57,-3.3539571732351171e-08
0.5725,-3.375731857232222e-08
0.575,-3.398340589383404e-08
0.5775,-3.4216422920006506e-08
0.58,-3.445400471639495e-08
0.5825,-3.4693015490084191e-08
0.585,-3.4930029779092364e-08
0.5875,-3.5161833318217749e-08
0.59,-3.5385752307308745e-08
0.5925,-3.5599768137916015e-08
0.595,-3.58024795325928e-08
0.5975,-3.5992989779456569e-08
0.6,-3.6170805596579275e-08
0.6025,-3.6335771203712435e-08
0.605,-3.6487977581200933e-08
0.6075,-3.6627726847064646e-08
0.61,-3.6755505404658125e-08
0.6125,-3.6871971268992883e-08
0.615,-3.6977956544409285e-08
0.6175,-3.7074503368833062e-08
0.62,-3.7162922541991827e-08
0.6225,-3.7244844874349399e-08
0.625,-3.7322229049896314e-08
0.6275,-3.7397309673482907e-08
0.63,-3.747248728918072e-08
0.6325,-3.7550187903879319e-08
0.635,-3.7632716527566165e-08
0.6375,-3.772213536649923e-08
0.64,-3.7820174058349122e-08
0.6425,-3.7928171651612241e-08
0.645,-3.804703328552988e-08
0.6475,-3.8177168771435904e-08
0.65,-3.8318424311949399e-08
0.6525,-3.8470026560545032e-08
0.655,-3.8630570037694394e-08
0.6575,-3.8798067217116255e-08
0.66,-3.8970067847233167e-08
0.6625,-3.9143824557034065e-08
0.665,-3.9316469714388541e-08
0.6675,-3.9485185897430966e-08
0.67,-3.9647360873902864e-08
0.6725,-3.9800722576047994e-08
0.675,-3.9943448794516249e-08
0.6775,-4.0074249915499734e-08
0.68,-4.0192422124847365e-08
0.6825,-4.0297892909922563e-08
0.685,-4.0391267740063085e-08
0.6875,-4.0473872809584239e-08
0.69,-4.054773642186674e-08
0.6925,-4.0615546956854533e-08
0.695,-4.0680545624152548e-08
0.6975,-4.0746346133012327e-08
0.7,-4.0816707897771197e-08
0.7025,-4.089529382406205e-08
0.705,-4.0985443214184574e-08
0.7075,-4.1089979974267695e-08
0.71,-4.121106042586708e-08
0.7125,-4.1350056360121326e-08
0.715,-4.1507482481582518e-08
0.7175,-4.1682958200851142e-08
0.72,-4.1875210399465711e-08
0.7225,-4.2082118882598587e-08
0.725,-4.2300803670943257e-08
0.7275,-4.2527735248335409e-08
0.73,-4.2758886839471394e-08
0.7325,-4.2989942438480109e-08
0.735,-4.3216604562864844e-08
0.7375,-4.3434848532308164e-08
0.74,-4.3641023081210453e-08
0.7425,-4.3831925961563519e-08
0.745,-4.4004914509548407e-08
0.7475,-4.4158060030160484e-08
0.75,-4.4290295018039915e-08
0.7525,-4.4401460720788393e-08
0.755,-4.4492219631814362e-08
0.7575,-4.4563899994674064e-08
0.76,-4.461838413497157e-08
0.7625,-4.4658098303692334e-08
0.765,-4.4686050523982075e-08
0.7675,-4.4705809114012877e-08
0.77,-4.4721333489246215e-08
0.7725,-4.4736697718755854e-08
0.775,-4.4755790917414265e-08
0.7775,-4.4782077306314045e-08
0.78,-4.4818446805263564e-08
0.7825,-4.4867157310742098e-08
0.785,-4.492983229629528e-08
0.7875,-4.5007485741323685e-08
0.79,-4.5100554816681902e-08
0.7925,-4.5208933491373825e-08
0.795,-4.5332007447900644e-08
0.7975,-4.5468686732809801e-08
0.8,-4.5617440803011108e-08
0.8025,-4.577636391466451e-08
0.805,-4.5943264289742881e-08
0.8075,-4.6115771101632218e-08
0.81,-4.6291449144860172e-08
0.8125,-4.6467909205463826e-08
0.815,-4.6642907697442359e-08
0.8175,-4.6814435222691514e-08
0.82,-4.698078490957643e-08
0.8225,-4.7140590593491667e-08
0.825,-4.7292830043554796e-08
0.8275,-4.7436810158814378e-08
0.83,-4.7572138497543694e-08
0.8325,-4.7698691660260468e-08
0.835,-4.7816586844093873e-08
0.8375,-4.7926157337033274e-08
0.84,-4.8027929111575182e-08
0.8425,-4.8122596956465492e-08
0.845,-4.8211000361649962e-08
0.8475,-4.8294098609636843e-08
0.85,-4.8372943404167221e-08
0.8525,-4.8448649403865273e-08
0.855,-4.8522379673233858e-08
0.8575,-4.8595308992215352e-08
0.86,-4.8668601217530679e-08
0.8625,-4.8743394192571328e-08
0.865,-4.8820783739748248e-08
0.8675,-4.8901800023214539e-08
0.87,-4.8987384091188004e-08
0.8725,-4.9078357825923479e-08
0.875,-4.9175406639319642e-08
0.8775,-4.9279046348008895e-08
0.88,-4.9389602616111814e-08
0.8825,-4.9507198488200871e-08
0.885,-4.963174386645997e-08
0.8875,-4.9762925751984786e-08
0.89,-4.9900207484312899e-08
0.8925,-5.0042842842775405e-08
0.895,-5.0189903513945387e-08
0.8975,-5.0340317361530825e-08
0.9,-5.0492907717922767e-08
0.9025,-5.0646430560011956e-08
0.905,-5.0799596023150458e-08
0.9075,-5.0951090506021572e-08
0.91,-5.1099604772739575e-08
0.9125,-5.1243864187776605e-08
0.915,-5.1382636288708765e-08
0.9175,-5.1514790391054149e-08
0.92,-5.163931912650205e-08
0.9225,-5.1755387475363179e-08
0.925,-5.1862369953810404e-08
0.9275,-5.1959874693251975e-08
0.93,-5.2047766305253405e-08
0.9325,-5.2126186143270646e-08
0.935,-5.2195561830338506e-08
0.9375,-5.2256601358720152e-08
0.94,-5.2310267745715352e-08
0.9425,-5.2357716225476776e-08
0.945,-5.2400292160379713e-08
0.9475,-5.2439422212106268e-08
0.95,-5.2476584814414874e-08
0.9525,-5.2513262805740011e-08
0.955,-5.2550900656380336e-08
0.9575,-5.2590889153897944e-08
0.96,-5.2634566079479995e-08
0.9625,-5.268321264327901e-08
0.965,-5.2738053761366549e-08
0.9675,-5.2800225310522628e-08
0.97,-5.2870728874735229e-08
0.9725,-5.2950389339694162e-08
0.975,-5.3039803783710224e-08
0.9775,-5.3139313863275301e-08
0.98,-5.3248990214370122e-08
0.9825,-5.3368639957901011e-08
0.985,-5.3497816645750206e-08
0.9875,-5.3635835350708183e-08
0.99,-5.378179504261963e-08
0.9925,-5.3934601095893197e-08
0.995,-5.4092986848339359e-08
0.9975,-5.4255533029831739e-08
1.0,-5.4420692787058577e-08
1.0025,-5.458682363047974e-08
1.005,-5.4752223165041876e-08
1.0075,-5.491516911597635e-08
1.01,-5.5073964601393627e-08
1.0125,-5.5226985477180425e-08
1.015,-5.5372723849177592e-08
1.0175,-5.5509811811071523e-08
1.02,-5.5637069469980972e-08
1.0225,-5.5753528497762226e-08
1.025,-5.5858444228819114e-08
1.0275,-5.595131039695476e-08
1.03,-5.6031869800215097e-08
1.0325,-5.6100119946274412e-08
1.035,-5.6156308248023558e-08
1.0375,-5.6200923613089568e-08
1.04,-5.6234687451641716e-08
1.0425,-5.6258527118544861e-08
1.045,-5.6273552123299656e-08
1.0475,-5.6281024889549429e-08
1.05,-5.6282332905405178e-08
1.0525,-5.6278956282872208e-08
1.055,-5.6272450143734159e-08
1.0575,-5.6264408285814332e-08
1.06,-5.625641794098131e-08
1.0625,-5.6250016288779389e-08
1.065,-5.6246702851914946e-08
1.0675,-5.6247930814749477e-08
1.07,-5.6255022576835919e-08
1.0725,-5.6269159717817343e-08
1.075,-5.629135790230537e-08
1.0775,-5.6322443668440873e-08
1.08,-5.636303066697784e-08
1.0825,-5.6413513022659036e-08
1.085,-5.6474057682844671e-08
1.0875,-5.654459850205745e-08
1.09,-5.6624834346358998e-08
1.0925,-5.6714236896333398e-08
1.095,-5.6812068747483721e-08
1.0975,-5.6917408500333287e-08
1.1,-5.7029179169524587e-08
1.1025,-5.7146178318092753e-08
1.105,-5.7267109691564554e-08
1.1075,-5.7390615416876537e-08
1.11,-5.7515308866484518e-08
1.1125,-5.7639805938485784e-08
1.115,-5.7762753326266917e-08
1.1175,-5.7882854260230494e-08
1.12,-5.7998897131457276e-08
1.1225,-5.8109779455062126e-08
1.125,-5.8214528404955061e-08
1.1275,-5.8312309906442795e-08
1.13,-5.8402436215846305e-08
1.1325,-5.8484374284949351e-08
1.135,-5.8557753038904645e-08
1.1375,-5.862236739096349e-08
1.14,-5.8678174901446192e-08
1.1425,-5.8725287038189341e-08
1.145,-5.8763961180479917e-08
1.1475,-5.879459345727712e-08
1.15,-5.881770931227403e-08
1.1525,-5.8833948915269371e-08
1.155,-5.8844046034812593e-08
1.1575,-5.8848803327215451e-08
1.16,-5.8849066638853836e-08
1.1625,-5.8845700304576921e-08
1.165,-5.8839567202943053e-08
1.1675,-5.8831512793848381e-08
1.17,-5.8822354504326496e-08
1.1725,-5.8812874178593878e-08
1.175,-5.8803813245479173e-08
1.1775,-5.8795868597321576e-08
1.18,-5.8789688269020065e-08
1.1825,-5.8785869277062143e-08
1.185,-5.8784958416445211e-08
1.1875,-5.8787448503344987e-08
1.19,-5.8793765310231705e-08
1.1925,-5.8804251583644094e-08
1.195,-5.8819157266001716e-08
1.1975,-5.8838641427735111e-08
1.2,-5.8862783737568334e-08
1.2025,-5.8891593775486087e-08
1.205,-5.8925003653445021e-08
1.2075,-5.8962841256075354e-08
1.21,-5.9004800506561298e-08
1.2125,-5.9050431046644971e-08
1.215,-5.9099155869655363e-08
1.2175,-5.9150314151513301e-08
1.22,-5.9203219887528948e-08
1.2225,-5.9257210033840296e-08
1.225,-5.9311666053763552e-08
1.2275,-5.9366005289088793e-08
1.23,-5.9419657185587419e-08
1.2325,-5.9472046693574373e-08
1.235,-5.9522593807530523e-08
1.2375,-5.9570723131229708e-08
1.24,-5.9615877260120615e-08
1.2425,-5.9657531748196071e-08
1.245,-5.9695216864794059e-08
1.2475,-5.972855250133087e-08
1.25,-5.9757269398087109e-08
1.2525,-5.9781204277953964e-08
1.255,-5.9800281273571822e-08
1.2575,-5.9814500967847397e-08
1.26,-5.9823945487648189e-08
1.2625,-5.9828785035214574e-08
1.265,-5.9829271081294572e-08
1.2675,-5.9825704216097607e-08
1.27,-5.9818410048348394e-08
1.2725,-5.9807718159953276e-08
1.275,-5.9793973643218325e-08
1.2775,-5.9777554249206878e-08
1.28,-5.9758874814850915e-08
1.2825,-5.9738362514514882e-08
1.285,-5.9716415867283123e-08
1.2875,-5.9693385201540264e-08
1.29,-5.9669566066136311e-08
1.2925,-5.9645208879231703e-08
1.295,-5.9620536342471289e-08
1.2975,-5.9595754141444206e-08
1.3,-5.9571048174427179e-08
1.3025,-5.9546571467973722e-08
1.305,-5.9522432657892794e-08
1.3075,-5.9498681704982097e-08
1.31,-5.9475312175222405e-08
1.3125,-5.9452276123796873e-08
1.315,-5.9429499235379874e-08
1.3175,-5.9406890532144825e-08
1.32,-5.9384344844702529e-08
1.3225,-5.9361742928879984e-08
1.325,-5.9338955077315104e-08
1.3275,-5.9315850291467867e-08
1.33,-5.9292307145208328e-08
1.3325,-5.9268213743053919e-08
1.335,-5.9243473789279103e-08
1.3375,-5.9217997642585105e-08
1.34,-5.9191710635952944e-08
1.3425,-5.9164568201870572e-08
1.345,-5.9136561244574773e-08
1.3475,-5.9107706684767019e-08
1.35,-5.9078030351384548e-08
1.3525,-5.9047570723178111e-08
1.355,-5.901637945755022e-08
1.3575,-5.8984522929691096e-08
1.36,-5.895208143478724e-08
1.3625,-5.8919148914945197e-08
1.365,-5.8885832616880015e-08
1.3675,-5.8852244341961178e-08
1.37,-5.8818486684577686e-08
1.3725,-5.8784640633340594e-08
1.375,-5.8750765701753908e-08
1.3775,-5.8716908718226175e-08
1.38,-5.8683108158340711e-08
1.3825,-5.8649388469618124e-08
1.385,-5.8615750781983629e-08
1.3875,-5.8582167376930123e-08
1.39,-5.8548581826828001e-08
1.3925,-5.8514916361364496e-08
1.395,-5.848108342732021e-08
1.3975,-5.8446994346049234e-08
1.4,-5.8412556514486137e-08
1.4025,-5.8377673954610367e-08
1.405,-5.8342244918150249e-08
1.4075,-5.8306162434123806e-08
1.41,-5.8269314665772229e-08
1.4125,-5.8231585507432516e-08
1.415,-5.819285371426136e-08
1.4175,-5.8152989346632396e-08
1.42,-5.8111863833765517e-08
1.4225,-5.8069343537141227e-08
1.425,-5.8025311727433571e-08
1.4275,-5.79796757796849e-08
1.43,-5.7932371640310362e-08
1.4325,-5.7883365488122863e-08
1.435,-5.7832645947534513e-08
1.4375,-5.7780215595702884e-08
1.44,-5.7726083491515121e-08
1.4425,-5.7670274593027805e-08
1.445,-5.7612841643616906e-08
1.4475,-5.7553866441865382e-08
1.45,-5.7493456253801813e-08
1.4525,-5.7431746147869307e-08
1.455,-5.7368898421886388e-08
1.4575,-5.7305100444117428e-08
1.46,-5.7240548814653734e-08
1.4625,-5.7175441103583188e-08
1.465,-5.7109976180842387e-08
1.4675,-5.704437641292543e-08
1.47,-5.6978886335515448e-08
1.4725,-5.6913756722132914e-08
1.475,-5.684923290952266e-08
1.4775,-5.6785546042631986e-08
1.48,-5.6722909521314023e-08
1.4825,-5.6661515296108182e-08
1.485,-5.6601532726021991e-08
1.4875,-5.6543105360267686e-08
1.49,-5.6486372391505557e-08
1.4925,-5.6431485879351446e-08
1.495,-5.6378600463922403e-08
1.4975,-5.6327861976076152e-08
1.5,-5.6279394792339584e-08
1.5025,-5.6233290180508747e-08
1.505,-5.6189598211189189e-08
1.5075,-5.6148328755132347e-08
1.51,-5.6109435518623655e-08
1.5125,-5.6072850624321e-08
1.515,-5.6038479832725574e-08
1.5175,-5.600619169448012e-08
1.52,-5.5975818486565582e-08
1.5225,-5.5947166518839118e-08
1.525,-5.5920022016490839e-08
1.5275,-5.5894142243636424e-08
1.53,-5.5869240921014915e-08
1.5325,-5.5844988227879462e-08
1.535,-5.5821030697732204e-08
1.5375,-5.5797006293050108e-08
1.54,-5.5772565270204519e-08
1.5425,-5.574735936622314e-08
1.545,-5.5721011418314427e-08
1.5475,-5.5693109529020932e-08
1.55,-5.5663221584766534e-08
1.5525,-5.5630932289349031e-08
1.555,-5.5595881870254702e-08
1.5575,-5.5557789419706006e-08
1.56,-5.5516407128805335e-08
1.5625,-5.5471594187193055e-08
1.565,-5.5423301468896442e-08
1.5675,-5.5371520453038166e-08
1.57,-5.5316263404623349e-08
1.5725,-5.5257563173160461e-08
1.575,-5.5195497301131941e-08
1.5775,-5.5130156063160747e-08
1.58,-5.5061686131768356e-08
1.5825,-5.4990320167605864e-08
1.585,-5.4916388179127396e-08
1.5875,-5.4840321265441385e-08
1.59,-5.4762633752299794e-08
1.5925,-5.4683888584456048e-08
1.595,-5.4604657981373661e-08
1.5975,-5.4525497269387556e-08
1.6,-5.4446939165443271e-08
1.6025,-5.4369499347163103e-08
1.605,-5.4293680044945064e-08
1.6075,-5.4219962125407741e-08
1.61,-5.4148797008815001e-08
1.6125,-5.4080597927142015e-08
1.615,-5.4015740521889817e-08
1.6175,-5.3954533316805029e-08
1.62,-5.3897230636907998e-08
1.6225,-5.3844026381971126e-08
1.625,-5.3795016362382709e-08
1.6275,-5.3750199025380411e-08
1.63,-5.370948714700069e-08
1.6325,-5.3672716825822953e-08
1.635,-5.3639651001267837e-08
1.6375,-5.36099815007306e-08
1.64,-5.3583334602037394e-08
1.6425,-5.3559283551425692e-08
1.645,-5.3537364913246103e-08
1.6475,-5.3517088086787224e-08
1.65,-5.3497932998658156e-08
1.6525,-5.3479346179820651e-08
1.655,-5.3460741478555012e-08
1.6575,-5.3441529835158851e-08
1.66,-5.3421150647017089e-08
1.6625,-5.3399091033209171e-08
1.665,-5.3374887945864566e-08
1.6675,-5.3348120580080992e-08
1.67,-5.331840984020871e-08
1.6725,-5.3285431018215687e-08
1.675,-5.3248930020655812e-08
1.6775,-5.3208726407321279e-08
1.68,-5.3164698688725364e-08
1.6825,-5.3116764317841883e-08
1.685,-5.306488611057431e-08
1.6875,-5.3009104113698253e-08
1.69,-5.2949556086114543e-08
1.6925,-5.2886479526711283e-08
1.695,-5.2820195914914378e-08
1.6975,-5.2751088225094025e-08
1.7,-5.2679576801365586e-08
1.7025,-5.2606106400971992e-08
1.705,-5.2531144493586217e-08
1.7075,-5.2455168592197066e-08
1.71,-5.2378648159569422e-08
1.7125,-5.2302005355433149e-08
1.715,-5.2225663584420178e-08
1.7175,-5.215002961340195e-08
1.72,-5.2075514368148868e-08
1.7225,-5.2002524383638639e-08
1.725,-5.1931440826376638e-08
1.7275,-5.1862613687564997e-08
1.73,-5.1796454819815848e-08
1.7325,-5.1733190855056168e-08
1.735,-5.1672910092965618e-08
1.7375,-5.1615610222594215e-08
1.74,-5.1561255811240306e-08
1.7425,-5.1509820049320133e-08
1.745,-5.1461266115483048e-08
1.7475,-5.1415486547501256e-08
1.75,-5.1372287668218827e-08
1.7525,-5.1331453927710281e-08
1.755,-5.1292810464892717e-08
1.7575,-5.1256232257506195e-08
1.76,-5.1221554142474506e-08
1.7625,-5.1188530081855886e-08
1.765,-5.1156826378001479e-08
1.7675,-5.1126053407626027e-08
1.77,-5.1095801907920285e-08
1.7725,-5.1065668869768306e-08
1.775,-5.1035271713556957e-08
1.7775,-5.1004248696983838e-08
1.78,-5.0972264894059614e-08
1.7825,-5.0939026703946602e-08
1.785,-5.0904316301398826e-08
1.7875,-5.0867965454349043e-08
1.79,-5.0829851833221051e-08
1.7925,-5.0789889587624304e-08
1.795,-5.074801298654146e-08
1.7975,-5.0704157045217665e-08
1.8,-5.0658264840209568e-08
1.8025,-5.061030143940232e-08
1.805,-5.0560260725367617e-08
1.8075,-5.0508150574906692e-08
1.81,-5.0454008256724978e-08
1.8125,-5.0397898311083914e-08
1.815,-5.0339907624206107e-08
1.8175,-5.0280157082752953e-08
1.82,-5.0218810823887766e-08
1.8225,-5.0156074080590043e-08
1.825,-5.0092174792403616e-08
1.8275,-5.0027339857248999e-08
1.83,-4.9961784737063598e-08
1.8325,-4.9895715446813907e-08
1.835,-4.9829332761775484e-08
1.8375,-4.9762828834199331e-08
1.84,-4.9696383305449236e-08
1.8425,-4.9630158488260528e-08
1.845,-4.9564299687173139e-08
1.8475,-4.9498939273726991e-08
1.85,-4.9434206666384779e-08
1.8525,-4.9370245960856348e-08
1.855,-4.9307221991102148e-08
1.8575,-4.9245316302078674e-08
1.86,-4.9184655635240054e-08
1.8625,-4.9125297737933387e-08
1.865,-4.9067254124858844e-08
1.8675,-4.9010506540028042e-08
1.87,-4.8955019385668573e-08
1.8725,-4.8900751773863898e-08
1.875,-4.8847650493281743e-08
1.8775,-4.8795678203763793e-08
1.88,-4.874480698713194e-08
1.8825,-4.8694992224456754e-08
1.885,-4.8646168995507339e-08
1.8875,-4.8598248424000966e-08
1.89,-4.8551107496574521e-08
1.8925,-4.8504603168583511e-08
1.895,-4.8458592510472995e-08
1.8975,-4.8412945702056029e-08
1.9,-4.8367542372412123e-08
1.9025,-4.832226256516867e-08
1.905,-4.8276986274217856e-08
1.9075,-4.823160387219915e-08
1.91,-4.8186031392391148e-08
1.9125,-4.8140217074567724e-08
1.915,-4.8094138919141714e-08
1.9175,-4.8047794494127967e-08
1.92,-4.8001183762728184e-08
1.9225,-4.7954289159888113e-08
1.925,-4.7907058068461748e-08
1.9275,-4.7859407630405991e-08
1.93,-4.7811255618385253e-08
1.9325,-4.7762553759725114e-08
1.935,-4.7713296666505662e-08
1.9375,-4.7663511192244089e-08
1.94,-4.7613228040074542e-08
1.9425,-4.7562450132806458e-08
1.945,-4.7511147461891875e-08
1.9475,-4.7459279755559882e-08
1.95,-4.7406831663207281e-08
1.9525,-4.7353834381304238e-08
1.955,-4.730035314489608e-08
1.9575,-4.7246463568009095e-08
1.96,-4.7192215437291296e-08
1.9625,-4.713762767391348e-08
1.965,-4.7082705253493278e-08
1.9675,-4.7027468600100653e-08
1.97,-4.6971968517165457e-08
1.9725,-4.6916279212649125e-08
1.975,-4.6860468771891398e-08
1.9775,-4.6804579285829239e-08
1.98,-4.674862849379015e-08
1.9825,-4.669263287586734e-08
1.985,-4.6636634214885395e-08
1.9875,-4.6580700155738881e-08
1.99,-4.652490997806712e-08
1.9925,-4.6469328987165161e-08
1.995,-4.6413982315399887e-08
1.9975,-4.6358833045802593e-08
2.0,-4.6303803200860234e-08
2.0025,-4.6248839454505781e-08
2.005,-4.6193979937956799e-08
2.0075,-4.6139349250293639e-08
2.01,-4.6085106679622728e-08
2.0125,-4.6031386701381007e-08
2.015,-4.5978237700705374e-08
2.0175,-4.5925649880122668e-08
2.02,-4.5873595243198185e-08
2.0225,-4.5822086163737219e-08
2.025,-4.5771226912257534e-08
2.0275,-4.5721225239419949e-08
2.03,-4.5672343105478684e-08
2.0325,-4.5624864775411782e-08
2.035,-4.5579148885210398e-08
2.0375,-4.5535626198638515e-08
2.04,-4.5494686309427691e-08
2.0425,-4.5456595373176466e-08
2.045,-4.5421451785594221e-08
2.0475,-4.5389182255314566e-08
2.05,-4.5359506928866466e-08
2.0525,-4.5332055548393627e-08
2.055,-4.5306487983670818e-08
2.0575,-4.528254459856361e-08
2.06,-4.5260041778888842e-08
2.0625,-4.5238837250215706e-08
2.065,-4.5218810897000276e-08
2.0675,-4.5199874651441883e-08
2.07,-4.5181894309558739e-08
2.0725,-4.5164709235090961e-08
2.075,-4.5148157661450995e-08
2.0775,-4.5132042348067176e-08
2.08,-4.5116195365818228e-08
2.0825,-4.5100450881886683e-08
2.085,-4.5084634099540432e-08
2.0875,-4.5068573059710831e-08
2.09,-4.5052112611500859e-08
2.0925,-4.5035132161877163e-08
2.095,-4.501754068582099e-08
2.0975,-4.4999265974652073e-08
2.1,-4.4980211334234801e-08
2.1025,-4.4960255980897689e-08
2.105,-4.4939260785403339e-08
2.1075,-4.4917080429766945e-08
2.11,-4.4893604782698913e-08
2.1125,-4.4868777834159795e-08
2.115,-4.484257408041788e-08
2.1175,-4.4814984634548654e-08
2.12,-4.4786015650295711e-08
2.1225,-4.4755715749085511e-08
2.125,-4.4724161509669041e-08
2.1275,-4.469146916280821e-08
2.13,-4.4657785740533751e-08
2.1325,-4.4623288014533373e-08
2.135,-4.4588169127501441e-08
2.1375,-4.4552616992084354e-08
2.14,-4.4516788235087065e-08
2.1425,-4.4480806354468966e-08
2.145,-4.44447759182811e-08
2.1475,-4.4408815660981381e-08
2.15,-4.4373097279668929e-08
2.1525,-4.4337849392461961e-08
2.155,-4.4303332704814524e-08
2.1575,-4.4269791851868872e-08
2.16,-4.4237395626276558e-08
2.1625,-4.420626398407051e-08
2.165,-4.4176469029361224e-08
2.1675,-4.4148056473620071e-08
2.17,-4.4121068949618951e-08
2.1725,-4.4095562217217588e-08
2.175,-4.4071578705089671e-08
2.1775,-4.4049097208126564e-08
2.18,-4.4028007738644813e-08
2.1825,-4.400822529158717e-08
2.185,-4.3989808716492283e-08
2.1875,-4.3972943913294466e-08
2.19,-4.395781565306127e-08
2.1925,-4.3944468149958425e-08
2.195,-4.3932748528819225e-08
2.1975,-4.39223653585161e-08
2.2,-4.3912977950283948e-08
2.2025,-4.3904240573154285e-08
2.205,-4.3895832087575985e-08
2.2075,-4.3887453274778246e-08
2.21,-4.3878820125859462e-08
2.2125,-4.3869683131443893e-08
2.215,-4.3859840835250162e-08
2.2175,-4.3849229209327399e-08
2.22,-4.3837868040936265e-08
2.2225,-4.3825704889358346e-08
2.225,-4.3812528067551068e-08
2.2275,-4.379800847349948e-08
2.23,-4.3781798218039949e-08
2.2325,-4.3763638479187103e-08
2.235,-4.3743398803163183e-08
2.2375,-4.3721082974356496e-08
2.24,-4.3696803276176149e-08
2.2425,-4.3670732814794319e-08
2.245,-4.3643045363337503e-08
2.2475,-4.3613890246173378e-08
2.25,-4.3583328434428262e-08
2.2525,-4.3551374814879872e-08
2.255,-4.3518067932693625e-08
2.2575,-4.3483487213395637e-08
2.26,-4.3447754332390605e-08
2.2625,-4.341103404711345e-08
2.265,-4.3373531929477762e-08
2.2675,-4.3335467178160209e-08
2.27,-4.3297064977918438e-08
2.2725,-4.3258568678795851e-08
2.275,-4.3220248479472184e-08
2.2775,-4.3182383042451831e-08
2.28,-4.314523679115453e-08
2.2825,-4.3109029458847427e-08
2.285,-4.3073920721640499e-08
2.2875,-4.304002110462642e-08
2.29,-4.3007345997640941e-08
2.2925,-4.2975883784432017e-08
2.295,-4.2945622854711445e-08
2.2975,-4.291657831317073e-08
2.3,-4.2888806294288911e-08
2.3025,-4.2862394959100386e-08
2.305,-4.2837419858136245e-08
2.3075,-4.281392200772867e-08
2.31,-4.2791924820656678e-08
2.3125,-4.2771463213586106e-08
2.315,-4.2752575738004685e-08
2.3175,-4.2735261107404822e-08
2.32,-4.2719433355477939e-08
2.3225,-4.2704903433297874e-08
2.325,-4.2691435198271121e-08
2.3275,-4.2678744090333846e-08
2.33,-4.2666563152599309e-08
2.3325,-4.2654685180757879e-08
2.335,-4.2642951068892341e-08
2.3375,-4.2631200849406152e-08
2.34,-4.261929623909935e-08
2.3425,-4.2607183797983355e-08
2.345,-4.2594909402777116e-08
2.3475,-4.2582494995476327e-08
2.35,-4.2569801437953372e-08
2.3525,-4.2556508791124813e-08
2.355,-4.2542174251122671e-08
2.3575,-4.2526497429540965e-08
2.36,-4.2509382603055215e-08
2.3625,-4.2490924690123477e-08
2.365,-4.2471351827047337e-08
2.3675,-4.2450945923252201e-08
2.37,-4.2429951550545341e-08
2.3725,-4.2408479525576316e-08
2.375,-4.2386472784251876e-08
2.3775,-4.2363780626670368e-08
2.38,-4.2340285218021068e-08
2.3825,-4.2315974540558909e-08
2.385,-4.2290929496813674e-08
2.3875,-4.2265275415657616e-08
2.39,-4.22391346646366e-08
2.3925,-4.2212614428714435e-08
2.395,-4.2185812220550562e-08
2.3975,-4.2158825015830888e-08
2.4,-4.2131755144501916e-08
2.4025,-4.2104710564275958e-08
2.405,-4.2077800151483323e-08
2.4075,-4.2051127918499865e-08
2.41,-4.2024798758045958e-08
2.4125,-4.1998928612962057e-08
2.415,-4.1973644243476644e-08
2.4175,-4.1949069176902142e-08
2.42,-4.1925267816706113e-08
2.4225,-4.1902299495827451e-08
2.425,-4.1880180865933256e-08
2.4275,-4.1858891542343992e-08
2.43,-4.1838406025244948e-08
2.4325,-4.1818731564438294e-08
2.435,-4.1799903704461238e-08
2.4375,-4.1781935516690229e-08
2.44,-4.176478777912785e-08
2.4425,-4.1748421837805307e-08
2.445,-4.1732883492302755e-08
2.4475,-4.1718323781885179e-08
2.45,-4.1704929802631456e-08
2.4525,-4.1692826711429973e-08
2.455,-4.1682018233931132e-08
2.4575,-4.1672391711810781e-08
2.46,-4.1663764447569191e-08
2.4625,-4.1655939502299726e-08
2.465,-4.1648743299639949e-08
2.4675,-4.1642034894893155e-08
2.47,-4.1635696736192425e-08
2.4725,-4.1629620880487964e-08
2.475,-4.1623699541145484e-08
2.4775,-4.1617822931151986e-08
2.48,-4.1611883375887382e-08
2.4825,-4.1605781757941316e-08
2.485,-4.1599432637335032e-08
2.4875,-4.159277949671444e-08
2.49,-4.1585753237323547e-08
2.4925,-4.1578272388703814e-08
2.495,-4.1570254108029652e-08
2.4975,-4.1561613949027583e-08
2.5,-4.1552252420920134e-08
2.5025,-4.1542050700722569e-08
2.505,-4.1530898184915482e-08
2.5075,-4.1518738933865172e-08
2.51,-4.1505585788507369e-08
2.5125,-4.149147833442272e-08
2.515,-4.1476423398641571e-08
2.5175,-4.1460367525361753e-08
2.52,-4.1443201389242699e-08
2.5225,-4.1424812548522544e-08
2.525,-4.1405145995529684e-08
2.5275,-4.1384225906378786e-08
2.53,-4.1362147196512875e-08
2.5325,-4.1339054292557882e-08
2.535,-4.1315116927918738e-08
2.5375,-4.1290497495471543e-08
2.54,-4.1265314095766478e-08
2.5425,-4.1239616950944998e-08
2.545,-4.121342109634676e-08
2.5475,-4.1186746374676569e-08
2.55,-4.1159645658893154e-08
2.5525,-4.1132210637114606e-08
2.555,-4.1104566821879375e-08
2.5575,-4.1076859673879742e-08
2.56,-4.1049233699386195e-08
2.5625,-4.1021814196433633e-08
2.565,-4.099469861480843e-08
2.5675,-4.0967972870851478e-08
2.57,-4.0941725242137562e-08
2.5725,-4.0916065682451896e-08
2.575,-4.0891134892878475e-08
2.5775,-4.0867092484789614e-08
2.58,-4.0844092954971091e-08
2.5825,-4.0822260902888044e-08
2.585,-4.0801670209382883e-08
2.5875,-4.0782345883193824e-08
2.59,-4.0764271894577619e-08
2.5925,-4.0747408610990784e-08
2.595,-4.0731712315190679e-08
2.5975,-4.0717140830230313e-08
2.6,-4.07036438063171e-08
2.6025,-4.0691155660633517e-08
2.605,-4.067958989325025e-08
2.6075,-4.06688374365935e-08
2.61,-4.0658773923938984e-08
2.6125,-4.0649264079151854e-08
2.615,-4.0640165205151487e-08
2.6175,-4.0631329283358412e-08
2.62,-4.0622603310828807e-08
2.6225,-4.0613834613369713e-08
2.625,-4.0604877027734058e-08
2.6275,-4.059559801289059e-08
2.63,-4.0585879864442149e-08
2.6325,-4.05756130714177e-08
2.635,-4.0564689202227511e-08
2.6375,-4.055299860828591e-08
2.64,-4.0540433730355747e-08
2.6425,-4.0526897455776497e-08
2.645,-4.0512310482652051e-08
2.6475,-4.0496613061471902e-08
2.65,-4.0479764406158664e-08
2.6525,-4.0461735344510594e-08
2.655,-4.0442503868277272e-08
2.6575,-4.0422056185935399e-08
2.66,-4.0400394031152751e-08
2.6625,-4.0377541676214051e-08
2.665,-4.0353555621760497e-08
2.6675,-4.0328524964319611e-08
2.67,-4.0302547765768849e-08
2.6725,-4.027573268424235e-08
2.675,-4.0248196930630176e-08
2.6775,-4.0220064177791494e-08
2.68,-4.0191462068130474e-08
2.6825,-4.0162532388118454e-08
2.685,-4.0133433634696996e-08
2.6875,-4.0104341055181754e-08
2.69,-4.007544379221396e-08
2.6925,-4.0046940885547723e-08
2.695,-4.0019030763449866e-08
2.6975,-3.9991899285055474e-08
2.7,-3.9965714368574658e-08
2.7025,-3.9940629460947777e-08
2.705,-3.991679139115498e-08
2.7075,-3.98943510792078e-08
2.71,-3.9873461129459993e-08
2.7125,-3.985426650255278e-08
2.715,-3.9836895836158511e-08
2.7175,-3.982145600955609e-08
2.72,-3.9808028929982974e-08
2.7225,-3.9796666134284992e-08
2.725,-3.9787383975454607e-08
2.7275,-3.9780161448477732e-08
2.73,-3.9774935974653972e-08
2.7325,-3.9771606455760153e-08
2.735,-3.9770039159836104e-08
2.7375,-3.9770075628092201e-08
2.74,-3.9771537951134602e-08
2.7425,-3.9774235860604468e-08
2.745,-3.9777973268429951e-08
2.7475,-3.9782547716157097e-08
2.75,-3.978774838774801e-08
2.7525,-3.9793356510256921e-08
2.755,-3.97991489539801e-08
2.7575,-3.9804903440296034e-08
2.76,-3.9810402639667741e-08
2.7625,-3.9815434895410601e-08
2.765,-3.981979227952509e-08
2.7675,-3.9823268779423748e-08
2.77,-3.982565903296094e-08
2.7725,-3.9826762582309337e-08
2.775,-3.9826391740738569e-08
2.7775,-3.9824379941058599e-08
2.78,-3.9820587726355495e-08
2.7825,-3.9814908581229542e-08
2.785,-3.9807269624462471e-08
2.7875,-3.9797631272031349e-08
2.79,-3.978598213267761e-08
2.7925,-3.977233353241372e-08
2.795,-3.9756717669086726e-08
2.7975,-3.9739189883727182e-08
2.8,-3.9719829827542173e-08
2.8025,-3.9698740607045167e-08
2.805,-3.9676044894070498e-08
2.8075,-3.9651883373143797e-08
2.81,-3.9626418232255502e-08
2.8125,-3.9599833130954047e-08
2.815,-3.9572328835258426e-08
2.8175,-3.9544121096142728e-08
2.82,-3.9515436147975207e-08
2.8225,-3.9486511271380133e-08
2.825,-3.9457592060037468e-08
2.8275,-3.9428924051646078e-08
2.83,-3.9400741241945449e-08
2.8325,-3.9373262769401811e-08
2.835,-3.9346697296201698e-08
2.8375,-3.9321249163256993e-08
2.84,-3.9297088000063289e-08
2.8425,-3.9274407106019334e-08
2.845,-3.9253400219988111e-08
2.8475,-3.9234235830398542e-08
2.85,-3.9217050302441421e-08
2.8525,-3.9201955855006047e-08
2.855,-3.9189024926412695e-08
2.8575,-3.9178229668415118e-08
2.86,-3.9169418267569058e-08
2.8625,-3.9162382180762978e-08
2.865,-3.9156964645212881e-08
2.8675,-3.9153104331678117e-08
2.87,-3.9150852648396703e-08
2.8725,-3.9150193997721652e-08
2.875,-3.9151012937439071e-08
2.8775,-3.9153096202085819e-08
2.88,-3.9156143883210405e-08
2.8825,-3.9159788121528317e-08
2.885,-3.9163638012327985e-08
2.8875,-3.9167362757665689e-08
2.89,-3.9170750922875523e-08
2.8925,-3.9173671514933863e-08
2.895,-3.9175961455763121e-08
2.8975,-3.9177346965635591e-08
2.9,-3.9177470328177626e-08
2.9025,-3.917596537147932e-08
2.905,-3.9172531642036166e-08
2.9075,-3.9166987033162043e-08
2.91,-3.9159270334387955e-08
2.9125,-3.9149416824290697e-08
2.915,-3.913750435090246e-08
2.9175,-3.9123598549298654e-08
2.92,-3.910772238981726e-08
2.9225,-3.9089855899204563e-08
2.925,-3.9069959486147389e-08
2.9275,-3.9048013707395689e-08
2.93,-3.9024045791217351e-08
2.9325,-3.8998143037021294e-08
2.935,-3.8970453046429317e-08
2.9375,-3.8941170901144839e-08
2.94,-3.8910519286156323e-08
2.9425,-3.8878731758312616e-08
2.945,-3.8846045022228051e-08
2.9475,-3.8812699879011549e-08
2.95,-3.8778948599802376e-08
2.9525,-3.8745060035019134e-08
2.955,-3.8711314816590063e-08
2.9575,-3.8677992111927723e-08
2.96,-3.8645359272769548e-08
2.9625,-3.8613652166991274e-08
2.965,-3.8583076457973397e-08
2.9675,-3.8553825166596819e-08
2.97,-3.852609744343068e-08
2.9725,-3.8500103033440646e-08
2.975,-3.8476056211749625e-08
2.9775,-3.8454162950338614e-08
2.98,-3.843460981247682e-08
2.9825,-3.8417547875258472e-08
2.985,-3.8403084514967607e-08
2.9875,-3.8391273321383988e-08
2.99,-3.8382105802061251e-08
2.9925,-3.8375514585265987e-08
2.995,-3.8371381987121264e-08
2.9975,-3.8369549686267971e-08
3.0,-3.8369829390606194e-08
3.0025,-3.8372013626906755e-08
3.005,-3.8375886459266957e-08
3.0075,-3.838122932662427e-08
3.01,-3.8387818595615279e-08
3.0125,-3.8395423617012309e-08
3.015,-3.8403806359267988e-08
3.0175,-3.8412722528323816e-08
3.02,-3.842192519166654e-08
3.0225,-3.8431165358782502e-08
3.025,-3.8440195436231733e-08
3.0275,-3.844877175002976e-08
3.03,-3.8456661851136848e-08
3.0325,-3.8463650046175426e-08
3.035,-3.8469533294666185e-08
3.0375,-3.8474121904196951e-08
3.04,-3.8477242245187132e-08
3.0425,-3.8478742502784875e-08
3.045,-3.8478496648562521e-08
3.0475,-3.8476401708583101e-08
3.05,-3.8472386897609496e-08
3.0525,-3.8466413441923172e-08
3.055,-3.8458473125575488e-08
3.0575,-3.8448586040051446e-08
3.06,-3.843679962936573e-08
3.0625,-3.8423189643451262e-08
3.065,-3.8407862821666856e-08
3.0675,-3.8390943408081873e-08
3.07,-3.8372574302143566e-08
3.0725,-3.8352914537561749e-08
3.075,-3.8332139908404365e-08
3.0775,-3.8310443563852789e-08
3.08,-3.8288034731351702e-08
3.0825,-3.8265137282291093e-08
3.085,-3.8241989009726657e-08
3.0875,-3.8218839797168539e-08
3.09,-3.8195942195143819e-08
3.0925,-3.8173538610419845e-08
3.095,-3.8151849702320893e-08
3.0975,-3.8131077632233214e-08
3.1,-3.8111415647646506e-08
3.1025,-3.8093055125982172e-08
3.105,-3.807618058217454e-08
3.1075,-3.8060958605447735e-08
3.11,-3.8047528243737045e-08
3.1125,-3.8035997066066584e-08
3.115,-3.8026443978714951e-08
3.1175,-3.8018920860503463e-08
3.12,-3.8013451025386113e-08
3.1225,-3.8010025535908427e-08
3.125,-3.800859779938704e-08
3.1275,-3.8009079453714067e-08
3.13,-3.8011339982793066e-08
3.1325,-3.801521496271525e-08
3.135,-3.802051843292818e-08
3.1375,-3.8027053613660832e-08
3.14,-3.8034618824556121e-08
3.1425,-3.8043007163922863e-08
3.145,-3.8052006725997376e-08
3.1475,-3.8061399950434472e-08
3.15,-3.8070966987104476e-08
3.1525,-3.8080485463231102e-08
3.155,-3.808972856473898e-08
3.1575,-3.8098462135540157e-08
3.16,-3.8106441251738737e-08
3.1625,-3.8113423444370112e-08
3.165,-3.8119174444943603e-08
3.1675,-3.8123473424250003e-08
3.17,-3.8126124148724308e-08
3.1725,-3.8126963972489432e-08
3.175,-3.812586717987243e-08
3.1775,-3.8122738663291588e-08
3.18,-3.8117504094068857e-08
3.1825,-3.8110119235034924e-08
3.185,-3.8100565560526913e-08
3.1875,-3.8088851846611992e-08
3.19,-3.8075015331825994e-08
3.1925,-3.8059118027070903e-08
3.195,-3.804125044941036e-08
3.1975,-3.8021530757673973e-08
3.2,-3.8000099207037449e-08
3.2025,-3.7977111090212121e-08
3.205,-3.7952732666431457e-08
3.2075,-3.7927143000139028e-08
3.21,-3.7900534219622501e-08
3.2125,-3.7873117661463644e-08
3.215,-3.784512503209424e-08
3.2175,-3.7816805826677873e-08
3.22,-3.7788416187642588e-08
3.2225,-3.7760203793072869e-08
3.225,-3.7732393644361408e-08
3.2275,-3.7705189301788757e-08
3.23,-3.7678784838897355e-08
3.2325,-3.765337686629635e-08
3.235,-3.7629169964438824e-08
3.2375,-3.7606371396374e-08
3.24,-3.7585182064101535e-08
3.2425,-3.7565786148982354e-08
3.245,-3.7548342920175933e-08
3.2475,-3.7532976586361034e-08
3.25,-3.7519766546124598e-08
3.2525,-3.7508744855571535e-08
3.255,-3.7499898419140628e-08
3.2575,-3.7493171314543516e-08
3.26,-3.7488467884613944e-08
3.2625,-3.748565945505457e-08
3.265,-3.7484597781533241e-08
3.2675,-3.7485126655256934e-08
3.27,-3.7487087540770511e-08
3.2725,-3.7490318480252993e-08
3.275,-3.7494653698303436e-08
3.2775,-3.7499921878933316e-08
3.28,-3.750594539285096e-08
3.2825,-3.7512539100762717e-08
3.285,-3.7519508756063405e-08
3.2875,-3.7526650189883707e-08
3.29,-3.7533750396283547e-08
3.2925,-3.7540592090375882e-08
3.295,-3.7546962718202624e-08
3.2975,-3.7552662189480533e-08
3.3,-3.7557508979315605e-08
3.3025,-3.7561344031354677e-08
3.305,-3.7564030221584919e-08
3.3075,-3.7565449921140356e-08
3.31,-3.7565502851025292e-08
3.3125,-3.7564105696909713e-08
3.315,-3.7561195249522937e-08
3.3175,-3.7556732238667975e-08
3.32,-3.755070274417787e-08
3.3225,-3.7543118555373032e-08
3.325,-3.7534017734189411e-08
3.3275,-3.7523462653764387e-08
3.33,-3.751153670740037e-08
3.3325,-3.7498339962214282e-08
3.335,-3.7483987629685047e-08
3.3375,-3.7468612535769368e-08
3.34,-3.7452366305277716e-08
3.3425,-3.743542020717013e-08
3.345,-3.74179619581868e-08
3.3475,-3.7400189167801133e-08
3.35,-3.7382301977760833e-08
3.3525,-3.7364496041427265e-08
3.355,-3.7346961083488095e-08
3.3575,-3.7329884833461845e-08
3.36,-3.7313459018212686e-08
3.3625,-3.729788187470145e-08
3.365,-3.7283353275397186e-08
3.3675,-3.7270063612320189e-08
3.37,-3.7258182455139562e-08
3.3725,-3.7247853519689077e-08
3.375,-3.7239194327898679e-08
3.3775,-3.7232296931392943e-08
3.38,-3.7227225100169172e-08
3.3825,-3.7224008178542977e-08
3.385,-3.7222637322251701e-08
3.3875,-3.7223065426644433e-08
3.39,-3.7225212513771049e-08
3.3925,-3.7228973195760647e-08
3.395,-3.723422741763435e-08
3.3975,-3.7240850296688875e-08
3.4,-3.7248715813989375e-08
3.4025,-3.7257696091504279e-08
3.405,-3.7267657936682299e-08
3.4075,-3.7278459649396797e-08
3.41,-3.7289947997877919e-08
3.4125,-3.7301955153850175e-08
3.415,-3.7314295776693926e-08
3.4175,-3.7326766542855758e-08
3.42,-3.7339150543488112e-08
3.4225,-3.7351224312994966e-08
3.425,-3.7362765925251023e-08
3.4275,-3.7373563399243068e-08
3.43,-3.7383422344696882e-08
3.4325,-3.7392173802724079e-08
3.435,-3.7399677866377959e-08
3.4375,-3.7405819168007148e-08
3.44,-3.7410497610724339e-08
3.4425,-3.7413618785458348e-08
3.445,-3.7415096963998263e-08
3.4475,-3.7414861191581521e-08
3.45,-3.7412866222455915e-08
3.4525,-3.7409099889770236e-08
3.455,-3.7403583811689073e-08
3.4575,-3.7396365216588032e-08
3.46,-3.7387506123631829e-08
3.4625,-3.7377074166206891e-08
3.465,-3.7365138932711337e-08
3.4675,-3.7351778016745462e-08
3.47,-3.7337088887953242e-08
3.4725,-3.7321198872882762e-08
3.475,-3.7304269084550284e-08
3.4775,-3.7286489263149255e-08
3.48,-3.726806542137316e-08
3.4825,-3.7249205214264456e-08
3.485,-3.7230098152540199e-08
3.4875,-3.7210915886880842e-08
3.49,-3.719181427286193e-08
3.4925,-3.7172946896010656e-08
3.495,-3.7154477428671635e-08
3.4975,-3.7136583285406395e-08
3.5,-3.7119447848362296e-08
3.5025,-3.710325138193451e-08
3.505,-3.7088154301902101e-08
3.5075,-3.7074295288448457e-08
3.51,-3.7061784822708148e-08
3.5125,-3.705070143029856e-08
3.515,-3.7041090610535376e-08
3.5175,-3.7032964652882586e-08
3.52,-3.7026301939945272e-08
3.5225,-3.7021051727860293e-08
3.525,-3.7017142171867206e-08
3.5275,-3.7014487322047706e-08
3.53,-3.7012989815250102e-08
3.5325,-3.7012541498301123e-08
3.535,-3.7013024242739535e-08
3.5375,-3.7014309145082826e-08
3.54,-3.7016256759115858e-08
3.5425,-3.7018720294380668e-08
3.545,-3.7021551005640232e-08
3.5475,-3.702460302051239e-08
3.55,-3.7027734572491623e-08
3.5525,-3.7030804020829618e-08
3.555,-3.7033668685818059e-08
3.5575,-3.7036185521831592e-08
3.56,-3.7038216921830728e-08
3.5625,-3.7039635998708496e-08
3.565,-3.7040328787660694e-08
3.5675,-3.7040196194598265e-08
3.57,-3.7039149985122217e-08
3.5725,-3.7037111899442371e-08
3.575,-3.7034013450466137e-08
3.5775,-3.7029798942118024e-08
3.58,-3.7024427195702987e-08
3.5825,-3.7017872026191734e-08
3.585,-3.7010122693021212e-08
3.5875,-3.7001187976456318e-08
3.59,-3.699110194820051e-08
3.5925,-3.6979925240194863e-08
3.595,-3.6967742551516507e-08
3.5975,-3.6954657156090519e-08
3.6,-3.6940783767249584e-08
3.6025,-3.6926245566410347e-08
3.605,-3.6911174238214148e-08
3.6075,-3.6895711740179197e-08
3.61,-3.6880009593107137e-08
3.6125,-3.6864227897386854e-08
3.615,-3.6848531790984705e-08
3.6175,-3.6833087871827144e-08
3.62,-3.6818061889920557e-08
3.6225,-3.6803615145405206e-08
3.625,-3.6789902161865762e-08
3.6275,-3.6777070814076511e-08
3.63,-3.6765263921675092e-08
3.6325,-3.6754620757088794e-08
3.635,-3.6745275232433438e-08
3.6375,-3.6737349615815739e-08
3.64,-3.6730944549148396e-08
3.6425,-3.6726126503524229e-08
3.645,-3.6722919764755292e-08
3.6475,-3.6721305460121085e-08
3.65,-3.6721229597465302e-08
3.6525,-3.6722614458494243e-08
3.655,-3.6725368028833271e-08
3.6575,-3.6729391334199046e-08
3.66,-3.6734581779007447e-08
3.6625,-3.6740834095992839e-08
3.665,-3.6748039745608357e-08
3.6675,-3.6756085332737404e-08
3.67,-3.6764851469376572e-08
3.6725,-3.6774211558165774e-08
3.675,-3.6784032255203381e-08
3.6775,-3.6794172150562231e-08
3.68,-3.6804478924090833e-08
3.6825,-3.6814787794680115e-08
3.685,-3.6824925599404301e-08
3.6875,-3.6834714696072188e-08
3.69,-3.6843987552415381e-08
3.6925,-3.6852600902391584e-08
3.695,-3.6860438119731536e-08
3.6975,-3.6867407536496232e-08
3.7,-3.6873432787502831e-08
3.7025,-3.6878442622533009e-08
3.705,-3.6882365409643754e-08
3.7075,-3.6885132507192812e-08
3.71,-3.6886688745937975e-08
3.7125,-3.6887000913235049e-08
3.715,-3.6886061762964001e-08
3.7175,-3.6883894500764417e-08
3.72,-3.6880548221082309e-08
3.7225,-3.6876089105526578e-08
3.725,-3.6870586877826188e-08
3.7275,-3.6864108110197094e-08
3.73,-3.6856722763774619e-08
3.7325,-3.6848510661322109e-08
3.735,-3.6839569544399215e-08
3.7375,-3.6830019765954122e-08
3.74,-3.6819997776499479e-08
3.7425,-3.6809647478137519e-08
3.745,-3.6799112298009835e-08
3.7475,-3.6788531459055361e-08
3.75,-3.6778036451694638e-08
3.7525,-3.6767752081144217e-08
3.755,-3.6757802655736075e-08
3.7575,-3.6748315909377091e-08
3.76,-3.6739421509612662e-08
3.7625,-3.67312485469005e-08
3.765,-3.6723915475748179e-08
3.7675,-3.6717525128670839e-08
3.77,-3.6712156446868869e-08
3.7725,-3.6707856509551033e-08
3.775,-3.6704636661850058e-08
3.7775,-3.6702473134604674e-08
3.78,-3.6701315063949588e-08
3.7825,-3.6701093352489702e-08
3.785,-3.670172892589264e-08
3.7875,-3.670313559682647e-08
3.79,-3.6705221508285782e-08
3.7925,-3.6707889009353224e-08
3.795,-3.671103131340903e-08
3.7975,-3.6714531171595641e-08
3.8,-3.6718262959113018e-08
3.8025,-3.6722096580486099e-08
3.805,-3.6725899370139235e-08
3.8075,-3.6729539127530995e-08
3.81,-3.6732886649331777e-08
3.8125,-3.6735815615965691e-08
3.815,-3.6738201775274489e-08
3.8175,-3.6739922751124973e-08
3.82,-3.6740861402020263e-08
3.8225,-3.6740911460735015e-08
3.825,-3.6739983576149721e-08
3.8275,-3.6738009091778773e-08
3.83,-3.6734938393150327e-08
3.8325,-3.673073588987519e-08
3.835,-3.6725375594104214e-08
3.8375,-3.6718840710258277e-08
3.84,-3.6711126439721899e-08
3.8425,-3.6702241582957873e-08
3.845,-3.6692210839100036e-08
3.8475,-3.6681075290677372e-08
3.85,-3.6668894586826697e-08
3.8525,-3.6655748309704025e-08
3.855,-3.6641733364293223e-08
3.8575,-3.6626960794046584e-08
3.86,-3.6611553330133557e-08
3.8625,-3.6595643067300256e-08
3.865,-3.6579370769734148e-08
3.8675,-3.656288234016825e-08
3.87,-3.6546325646292031e-08
3.8725,-3.6529847088776767e-08
3.875,-3.6513588161383142e-08
3.8775,-3.6497686690810452e-08
3.88,-3.6482277715860731e-08
3.8825,-3.6467495938827291e-08
3.885,-3.6453475382505208e-08
3.8875,-3.6440346456335372e-08
3.89,-3.6428231579526454e-08
3.8925,-3.64172434548641e-08
3.895,-3.6407484207911859e-08
3.8975,-3.63990451710433e-08
3.9,-3.6391999864382646e-08
3.9025,-3.6386396905697046e-08
3.905,-3.638224973589894e-08
3.9075,-3.637953200153785e-08
3.91,-3.6378180309921601e-08
3.9125,-3.6378103704153616e-08
3.915,-3.637919603088758e-08
3.9175,-3.6381346396770453e-08
3.92,-3.6384444046323067e-08
3.9225,-3.6388378078016383e-08
3.925,-3.6393034206460778e-08
3.9275,-3.6398292535134425e-08
3.93,-3.6404024455746409e-08
3.9325,-3.6410092880154155e-08
3.935,-3.6416354854129297e-08
3.9375,-3.6422667448288565e-08
3.94,-3.64288930939796e-08
3.9425,-3.6434902310177427e-08
3.945,-3.6440562011772687e-08
3.9475,-3.644573639660573e-08
3.95,-3.6450294080231735e-08
3.9525,-3.6454117583787936e-08
3.955,-3.6457112736165952e-08
3.9575,-3.6459213076945949e-08
3.96,-3.6460376624758e-08
3.9625,-3.646057756913207e-08
3.965,-3.6459799906212356e-08
3.9675,-3.6458032344071247e-08
3.97,-3.6455270235947742e-08
3.9725,-3.6451521613410458e-08
3.975,-3.6446814115015225e-08
3.9775,-3.6441199982947691e-08
3.98,-3.6434757882698898e-08
3.9825,-3.642758820690102e-08
3.985,-3.6419804814025987e-08
3.9875,-3.6411527533330212e-08
3.99,-3.6402878381672231e-08
3.9925,-3.6393981243227978e-08
3.995,-3.6384965250782034e-08
3.9975,-3.6375967663826167e-08
4.0,-3.6367134719379901e-08
4.0025,-3.6358618280095001e-08
4.005,-3.6350568693060754e-08
4.0075,-3.6343127337709754e-08
4.01,-3.6336420672716191e-08
4.0125,-3.6330559365419607e-08
4.015,-3.6325641828137838e-08
4.0175,-3.6321759792775906e-08
4.02,-3.6319002007020212e-08
4.0225,-3.6317455517175252e-08
4.025,-3.6317201384146761e-08
4.0275,-3.6318305812929378e-08
4.03,-3.6320808125666632e-08
4.0325,-3.6324714014854004e-08
4.035,-3.6329990383944919e-08
4.0375,-3.633656510879986e-08
4.04,-3.6344334665909237e-08
4.0425,-3.6353174453266816e-08
4.045,-3.6362944873522693e-08
4.0475,-3.6373497638121959e-08
4.05,-3.6384680800743029e-08
4.0525,-3.6396337883876692e-08
4.055,-3.6408305841131509e-08
4.0575,-3.6420415440724373e-08
4.06,-3.6432494428592329e-08
4.0625,-3.6444369627407978e-08
4.065,-3.6455869816210219e-08
4.0675,-3.646682825254727e-08
4.07,-3.6477084076820227e-08
4.0725,-3.6486481854443133e-08
4.075,-3.6494870130449614e-08
4.0775,-3.6502101870661349e-08
4.08,-3.6508037332131988e-08
4.0825,-3.651255053707284e-08
4.085,-3.6515536995316247e-08
4.0875,-3.6516919506383738e-08
4.09,-3.651664894352018e-08
4.0925,-3.6514701002278876e-08
4.095,-3.6511070973272161e-08
4.0975,-3.6505771063190536e-08
4.1,-3.6498830850379886e-08
4.1025,-3.649029845827465e-08
4.105,-3.6480242086011554e-08
4.1075,-3.646874941315424e-08
4.11,-3.6455927887498271e-08
4.1125,-3.6441903022265553e-08
4.115,-3.6426815832732745e-08
4.1175,-3.6410820642075144e-08
4.12,-3.6394083501472401e-08
4.1225,-3.6376780771460342e-08
4.125,-3.6359099216010286e-08
4.1275,-3.6341233891489358e-08
4.13,-3.6323384556181425e-08
4.1325,-3.6305749742406667e-08
4.135,-3.6288517936746849e-08
4.1375,-3.6271864283227395e-08
4.14,-3.6255952252986826e-08
4.1425,-3.6240938699975375e-08
4.145,-3.6226977227826631e-08
4.1475,-3.6214217116895816e-08
4.15,-3.6202798159803398e-08
4.1525,-3.6192846304847848e-08
4.155,-3.6184470876034375e-08
4.1575,-3.6177759870719728e-08
4.16,-3.617277357246815e-08
4.1625,-3.6169540032558806e-08
4.165,-3.6168049580611945e-08
4.1675,-3.6168252693855493e-08
4.17,-3.6170064438837241e-08
4.1725,-3.617337002502602e-08
4.175,-3.6178033779941276e-08
4.1775,-3.618390817042682e-08
4.18,-3.619084051431311e-08
4.1825,-3.6198676088985438e-08
4.185,-3.6207257825046401e-08
4.1875,-3.6216426075061236e-08
4.19,-3.6226016377556242e-08
4.1925,-3.6235857240681624e-08
4.195,-3.6245770164932858e-08
4.1975,-3.6255574202274704e-08
4.2,-3.6265094128433261e-08
4.2025,-3.6274164055174373e-08
4.205,-3.628262913527263e-08
4.2075,-3.6290342714480284e-08
4.21,-3.6297163530534964e-08
4.2125,-3.6302957055332474e-08
4.215,-3.6307599958676957e-08
4.2175,-3.6310987528704816e-08
4.22,-3.6313040712141265e-08
4.2225,-3.631371017480486e-08
4.225,-3.631297753966605e-08
4.2275,-3.6310854358888455e-08
4.23,-3.6307379432232178e-08
4.2325,-3.6302614557659884e-08
4.235,-3.6296639814295823e-08
4.2375,-3.6289550007723006e-08
4.24,-3.6281453235769127e-08
4.2425,-3.627246784390485e-08
4.245,-3.6262721169774313e-08
4.2475,-3.6252351049963888e-08
4.25,-3.6241508917301831e-08
4.2525,-3.6230363484067286e-08
4.255,-3.6219103160415008e-08
4.2575,-3.6207934826562769e-08
4.26,-3.6197078044685496e-08
4.2625,-3.6186753489586469e-08
4.265,-3.6177170289849541e-08
4.2675,-3.6168517467788642e-08
4.27,-3.6160960557049659e-08
4.2725,-3.6154644409824928e-08
4.275,-3.614969733517495e-08
4.2775,-3.6146237244513157e-08
4.28,-3.6144376980039365e-08
4.2825,-3.6144226562079571e-08
4.285,-3.6145889416552386e-08
4.2875,-3.6149453597753259e-08
4.29,-3.6154981765551719e-08
4.2925,-3.6162501499062873e-08
4.295,-3.6172000629840863e-08
4.2975,-3.6183426570171372e-08
4.3,-3.6196687270279921e-08
4.3025,-3.6211655204875293e-08
4.305,-3.6228172917280355e-08
4.3075,-3.6246060337331174e-08
4.31,-3.6265121711010576e-08
4.3125,-3.6285151715886521e-08
4.315,-3.6305940262660167e-08
4.3175,-3.6327276275570219e-08
4.32,-3.634894882589172e-08
4.3225,-3.6370746978855871e-08
4.325,-3.6392460924185506e-08
4.3275,-3.641388334032554e-08
4.33,-3.6434812043046957e-08
4.3325,-3.6455051874616996e-08
4.335,-3.6474414927166591e-08
4.3375,-3.649271899559854e-08
4.34,-3.6509792980713759e-08
4.3425,-3.6525477291655547e-08
4.345,-3.6539627720885103e-08
4.3475,-3.6552120820528433e-08
4.35,-3.6562857774054592e-08
4.3525,-3.6571766214518072e-08
4.355,-3.6578795235675969e-08
4.3575,-3.6583920079391081e-08
4.36,-3.658714113117817e-08
4.3625,-3.6588483459458201e-08
4.365,-3.6587994452122048e-08
4.3675,-3.658574448736033e-08
4.37,-3.6581825260374093e-08
4.3725,-3.6576346957074783e-08
4.375,-3.656943515407183e-08
4.3775,-3.6561228017984255e-08
4.38,-3.6551876074775919e-08
4.3825,-3.6541543884713572e-08
4.385,-3.6530412696241491e-08
4.3875,-3.6518680932878891e-08
4.39,-3.6506560262812317e-08
4.3925,-3.6494266270779911e-08
4.395,-3.648200745127563e-08
4.3975,-3.6469977193443179e-08
4.4,-3.6458352585630971e-08
4.4025,-3.6447297934574564e-08
4.405,-3.6436969122335073e-08
4.4075,-3.6427516383726914e-08
4.41,-3.6419083211683857e-08
4.4125,-3.6411802327387464e-08
4.415,-3.6405789721666636e-08
4.4175,-3.6401138965314435e-08
4.42,-3.6397915858221394e-08
4.4225,-3.6396152802398744e-08
4.425,-3.6395843974362523e-08
4.4275,-3.6396942887910764e-08
4.43,-3.6399363876052998e-08
4.4325,-3.6402985306555647e-08
4.435,-3.6407662607161206e-08
4.4375,-3.6413236616704577e-08
4.44,-3.6419530119933414e-08
4.4425,-3.6426362288882904e-08
4.445,-3.6433547211119076e-08
4.4475,-3.6440894242306124e-08
4.45,-3.644820892704142e-08
4.4525,-3.6455294303836488e-08
4.455,-3.646195217268559e-08
4.4575,-3.6467984709608721e-08
4.46,-3.6473196678223153e-08
4.4625,-3.6477397549055432e-08
4.465,-3.6480402765907562e-08
4.4675,-3.6482034962785392e-08
4.47,-3.6482126217397467e-08
4.4725,-3.6480522615692851e-08
4.475,-3.6477091187031051e-08
4.4775,-3.6471727379393065e-08
4.48,-3.6464361773989624e-08
4.4825,-3.6454962373495564e-08
4.485,-3.6443530797075713e-08
4.4875,-3.6430094438225558e-08
4.49,-3.6414698333902117e-08
4.4925,-3.639740034506182e-08
4.495,-3.637827369155526e-08
4.4975,-3.6357414431861997e-08
4.5,-3.6334950120786876e-08
4.5025,-3.631104026224774e-08
4.505,-3.6285872568332714e-08
4.5075,-3.6259653772552116e-08
4.51,-3.6232602622076193e-08
4.5125,-3.6204943673568882e-08
4.515,-3.617690637337613e-08
4.5175,-3.6148729665005512e-08
4.52,-3.6120661141586994e-08
4.5225,-3.6092951520689098e-08
4.525,-3.6065847183760113e-08
4.5275,-3.6039580469265824e-08
4.53,-3.6014363630579925e-08
4.5325,-3.5990389798389329e-08
4.535,-3.5967838681221268e-08
4.5375,-3.5946882643583673e-08
4.54,-3.5927689605159618e-08
4.5425,-3.5910421993529255e-08
4.545,-3.5895227922064325e-08
4.5475,-3.5882229913781552e-08
4.55,-3.5871517025266146e-08
4.5525,-3.5863139167939538e-08
4.555,-3.5857104055521297e-08
4.5575,-3.5853377120930882e-08
4.56,-3.5851884146008805e-08
4.5625,-3.5852517166780495e-08
4.565,-3.5855142107867718e-08
4.5675,-3.5859605278583394e-08
4.57,-3.586573676646588e-08
4.5725,-3.5873352209140971e-08
4.575,-3.5882253865793272e-08
4.5775,-3.5892232360744029e-08
4.58,-3.5903068325714393e-08
4.5825,-3.591453393552027e-08
4.585,-3.5926394278470949e-08
4.5875,-3.5938409543293141e-08
4.59,-3.5950339233869952e-08
4.5925,-3.5961948386641514e-08
4.595,-3.5973014340341966e-08
4.5975,-3.5983332332027802e-08
4.6,-3.599271811990505e-08
4.6025,-3.6001007105790463e-08
4.605,-3.6008051895494879e-08
4.6075,-3.6013721649395267e-08
4.61,-3.601790224225104e-08
4.6125,-3.6020499111574361e-08
4.615,-3.6021441520785172e-08
4.6175,-3.6020687091912893e-08
4.62,-3.6018224070605679e-08
4.6225,-3.6014070849768986e-08
4.625,-3.600827296266992e-08
4.6275,-3.600089934382057e-08
4.63,-3.5992037443123749e-08
4.6325,-3.5981790124754801e-08
4.635,-3.5970274514493859e-08
4.6375,-3.5957622343526694e-08
4.64,-3.5943981405015664e-08
4.6425,-3.5929515846760268e-08
4.645,-3.5914407590393658e-08
4.6475,-3.5898855911392667e-08
4.65,-3.5883073767105507e-08
4.6525,-3.5867280886741921e-08
4.655,-3.58516958661508e-08
4.6575,-3.5836528124965272e-08
4.66,-3.582197253803892e-08
4.6625,-3.5808208136228493e-08
4.665,-3.5795399239138506e-08
4.6675,-3.5783697367377682e-08
4.67,-3.577324206486259e-08
4.6725,-3.5764160278862013e-08
4.675,-3.5756564146170703e-08
4.6775,-3.5750547579288604e-08
4.68,-3.5746180705526881e-08
4.6825,-3.57435036560002e-08
4.685,-3.5742520713295276e-08
4.6875,-3.5743197512349733e-08
4.69,-3.5745461586356796e-08
4.6925,-3.5749205952749873e-08
4.695,-3.5754295229888443e-08
4.6975,-3.5760573296528352e-08
4.7,-3.5767869643561572e-08
4.7025,-3.5776002893252209e-08
4.705,-3.5784782632275303e-08
4.7075,-3.5794011364744507e-08
4.71,-3.5803487267283284e-08
4.7125,-3.5813007700996563e-08
4.715,-3.582237137772088e-08
4.7175,-3.5831378654179294e-08
4.72,-3.5839830616953011e-08
4.7225,-3.5847528726428941e-08
4.725,-3.5854276487664866e-08
4.7275,-3.5859882201088315e-08
4.73,-3.58641637800971e-08
4.7325,-3.5866954223214733e-08
4.735,-3.5868108367459723e-08
4.7375,-3.5867508614898197e-08
4.74,-3.5865068905682824e-08
4.7425,-3.5860735158001593e-08
4.745,-3.5854482439877867e-08
4.7475,-3.584631106291075e-08
4.75,-3.583624111160948e-08
4.7525,-3.5824312217069051e-08
4.755,-3.5810583821399029e-08
4.7575,-3.5795137318609502e-08
4.76,-3.5778079661311239e-08
4.7625,-3.5759545388891396e-08
4.765,-3.5739695159080602e-08
4.7675,-3.571871030538021e-08
4.77,-3.5696787607785884e-08
4.7725,-3.5674136798080944e-08
4.775,-3.5650974835969815e-08
4.7775,-3.5627524131991861e-08
4.78,-3.5604011063548931e-08
4.7825,-3.5580662557024673e-08
4.785,-3.5557701887857269e-08
4.7875,-3.5535342893130601e-08
4.79,-3.5513785140620926e-08
4.7925,-3.549321092558303e-08
4.795,-3.5473784737338939e-08
4.7975,-3.5455654623196655e-08
4.8,-3.5438954770108508e-08
4.8025,-3.5423806655959293e-08
4.805,-3.5410317821005619e-08
4.8075,-3.5398578713782306e-08
4.81,-3.5388656802991624e-08
4.8125,-3.5380590098601186e-08
4.815,-3.5374382654226046e-08
4.8175,-3.5370002644064939e-08
4.82,-3.5367383011061808e-08
4.8225,-3.5366424618805422e-08
4.825,-3.5367001337658202e-08
4.8275,-3.5368965344701761e-08
4.83,-3.5372151563871751e-08
4.8325,-3.5376380511083965e-08
4.835,-3.5381460376860018e-08
4.8375,-3.5387189841410616e-08
4.84,-3.5393362198386651e-08
4.8425,-3.5399770224116195e-08
4.845,-3.5406210786673247e-08
4.8475,-3.541248828690153e-08
4.85,-3.5418415731081379e-08
4.8525,-3.5423814225255886e-08
4.855,-3.542851230447483e-08
4.8575,-3.5432346854986805e-08
4.86,-3.543516688118818e-08
4.8625,-3.5436838330200921e-08
4.865,-3.5437249274271397e-08
4.8675,-3.5436313497956519e-08
4.87,-3.5433971706569294e-08
4.8725,-3.5430190734158258e-08
4.875,-3.5424960660980852e-08
4.8775,-3.5418292490812838e-08
4.88,-3.5410217043398021e-08
4.8825,-3.5400786710090072e-08
4.885,-3.5390078235376116e-08
4.8875,-3.5378194365158441e-08
4.89,-3.536526292607745e-08
4.8925,-3.5351433664517549e-08
4.895,-3.5336874378671499e-08
4.8975,-3.5321767237858424e-08
4.9,-3.5306305456499076e-08
4.9025,-3.5290689408541849e-08
4.905,-3.5275122730965236e-08
4.9075,-3.5259809934525424e-08
4.91,-3.5244955222447202e-08
4.9125,-3.5230763208579693e-08
4.915,-3.521743761896525e-08
4.9175,-3.5205177168638221e-08
4.92,-3.5194169822137426e-08
4.9225,-3.5184586232460676e-08
4.925,-3.5176577198266086e-08
4.9275,-3.5170274879688606e-08
4.93,-3.5165794986019029e-08
4.9325,-3.516323593143231e-08
4.935,-3.51626754803719e-08
4.9375,-3.5164165648780663e-08
4.94,-3.5167727444045909e-08
4.9425,-3.5173346356548022e-08
4.945,-3.5180970316562298e-08
4.9475,-3.5190510154356002e-08
4.95,-3.5201843292928146e-08
4.9525,-3.5214819344099028e-08
4.955,-3.5229265656845251e-08
4.9575,-3.5244991164759386e-08
4.96,-3.5261788353797887e-08
4.9625,-3.5279434572281539e-08
4.965,-3.5297694301052991e-08
4.9675,-3.531632417873276e-08
4.97,-3.533507956080409e-08
4.9725,-3.5353721557142135e-08
4.975,-3.537202030094403e-08
4.9775,-3.5389755144449901e-08
4.98,-3.5406713019147668e-08
4.9825,-3.5422686947424058e-08
4.985,-3.5437478866150681e-08
4.9875,-3.5450903844940666e-08
4.99,-3.5462792616746134e-08
4.9925,-3.5472993895237689e-08
4.995,-3.5481377373468211e-08
4.9975,-3.548783671098689e-08
5.0,-3.54922926161153e-08
5.0025,-3.5494693828762777e-08
5.005,-3.5495015451311558e-08
5.0075,-3.5493256342947018e-08
5.01,-3.5489436996625717e-08
5.0125,-3.548359997124934e-08
5.015,-3.5475813052142266e-08
5.0175,-3.546617297199635e-08
5.02,-3.5454807507819919e-08
5.0225,-3.5441874338229434e-08
5.025,-3.5427556961314032e-08
5.0275,-3.5412058805719628e-08
5.03,-3.5395598433068271e-08
5.0325,-3.5378405459240566e-08
5.035,-3.5360717130399664e-08
5.0375,-3.5342774839622747e-08
5.04,-3.532481678259497e-08
5.0425,-3.5307073714978909e-08
5.045,-3.5289760989933053e-08
5.0475,-3.5273077535420315e-08
5.05,-3.525720800042786e-08
5.0525,-3.5242323609502872e-08
5.055,-3.5228581294282069e-08
5.0575,-3.5216121170262389e-08
5.06,-3.5205063658635595e-08
5.0625,-3.519550804217313e-08
5.065,-3.5187532580517306e-08
5.0675,-3.518119461165675e-08
5.07,-3.5176528378487203e-08
5.0725,-3.5173540995706096e-08
5.075,-3.5172208955700127e-08
5.0775,-3.5172475925851264e-08
5.08,-3.5174252813520667e-08
5.0825,-3.5177420144567229e-08
5.085,-3.518183191869652e-08
5.0875,-3.5187320289711942e-08
5.09,-3.5193699679879569e-08
5.0925,-3.5200770107885883e-08
5.095,-3.5208320321084584e-08
5.0975,-3.5216131497765477e-08
5.1,-3.5223981311040235e-08
5.1025,-3.5231647631491382e-08
5.105,-3.5238911463319727e-08
5.1075,-3.5245558287220463e-08
5.11,-3.5251379081253489e-08
5.1125,-3.5256173581012702e-08
5.115,-3.5259755483242948e-08
5.1175,-3.526196017636371e-08
5.12,-3.5262651935155827e-08
5.1225,-3.5261726921794537e-08
5.125,-3.5259114215430318e-08
5.1275,-3.5254772631184309e-08
5.13,-3.5248686954010243e-08
5.1325,-3.5240864185411185e-08
5.135,-3.5231330478180234e-08
5.1375,-3.5220129641157432e-08
5.14,-3.520732378999789e-08
5.1425,-3.5192995521407394e-08
5.145,-3.51772500122447e-08
5.1475,-3.516021608377915e-08
5.15,-3.5142045527080521e-08
5.1525,-3.5122911603015763e-08
5.155,-3.5103007206152678e-08
5.1575,-3.5082542349129964e-08
5.16,-3.5061740861242358e-08
5.1625,-3.5040835523014939e-08
5.165,-3.502006254817355e-08
5.1675,-3.4999657451867694e-08
5.17,-3.4979852180582533e-08
5.1725,-3.4960873538083259e-08
5.175,-3.4942940356551655e-08
5.1775,-3.4926261188346311e-08
5.18,-3.4911032664468135e-08
5.1825,-3.4897438537200285e-08
5.185,-3.4885648400518522e-08
5.1875,-3.4875814954739884e-08
5.19,-3.4868068279717768e-08
5.1925,-3.4862508743207845e-08
5.195,-3.4859201039142037e-08
5.1975,-3.4858170064459248e-08
5.2,-3.485940176935192e-08
5.2025,-3.4862846367943102e-08
5.205,-3.4868423265126075e-08
5.2075,-3.4876024376289459e-08
5.21,-3.4885516240704466e-08
5.2125,-3.4896741721006076e-08
5.215,-3.4909522302795352e-08
5.2175,-3.4923660711206443e-08
5.22,-3.4938941478370146e-08
5.2225,-3.4955133447521755e-08
5.225,-3.4971992523014563e-08
5.2275,-3.4989265680023347e-08
5.23,-3.5006696994400731e-08
5.2325,-3.502403333692694e-08
5.235,-3.5041030368145552e-08
5.2375,-3.505745609942846e-08
5.24,-3.5073092909976378e-08
5.2425,-3.5087738711753274e-08
5.245,-3.5101206630271383e-08
5.2475,-3.5113322496585144e-08
5.25,-3.5123922746813834e-08
5.2525,-3.5132853882432648e-08
5.255,-3.5139977890110401e-08
5.2575,-3.5145180703952545e-08
5.26,-3.5148381785137322e-08
5.2625,-3.5149540946993416e-08
5.265,-3.5148660403521603e-08
5.2675,-3.5145782414142644e-08
5.27,-3.5140984689741389e-08
5.2725,-3.513437479310798e-08
5.275,-3.5126085108719402e-08
5.2775,-3.5116267484619138e-08
5.28,-3.5105088653794289e-08
5.2825,-3.5092726949260593e-08
5.285,-3.5079372270214395e-08
5.2875,-3.5065228141297784e-08
5.29,-3.5050515620120757e-08
5.2925,-3.5035473043863063e-08
5.295,-3.5020351491306308e-08
5.2975,-3.5005407139263826e-08
5.3,-3.4990892032370506e-08
5.3025,-3.4977046423518582e-08
5.305,-3.4964094629126407e-08
5.3075,-3.4952242260130964e-08
5.31,-3.4941674263952385e-08
5.3125,-3.4932552477262768e-08
5.315,-3.492501337319161e-08
5.3175,-3.4919169749486013e-08
5.32,-3.4915108894934077e-08
5.3225,-3.4912895241449203e-08
5.325,-3.4912572462235222e-08
5.3275,-3.4914161782806945e-08
5.33,-3.4917657314766425e-08
5.3325,-3.4923020577464402e-08
5.335,-3.4930177831977442e-08
5.3375,-3.4939021427686023e-08
5.34,-3.4949414631477413e-08
5.3425,-3.4961196958972911e-08
5.345,-3.4974187520631464e-08
5.3475,-3.4988185649901862e-08
5.35,-3.5002970446082215e-08
5.3525,-3.5018301178469726e-08
5.355,-3.5033919811200785e-08
5.3575,-3.5049555975093529e-08
5.36,-3.5064933551752813e-08
5.3625,-3.5079778152244169e-08
5.365,-3.5093823773351169e-08
5.3675,-3.5106817708497621e-08
5.37,-3.5118523935871068e-08
5.3725,-3.5128726254336037e-08
5.375,-3.5137230510386081e-08
5.3775,-3.5143867363653473e-08
5.38,-3.5148495621992784e-08
5.3825,-3.5151003747799668e-08
5.385,-3.515131022130199e-08
5.3875,-3.5149362255464007e-08
5.39,-3.5145133377805924e-08
5.3925,-3.5138621500492931e-08
5.395,-3.5129848704236985e-08
5.3975,-3.5118864336833406e-08
5.4,-3.5105749369598406e-08
5.4025,-3.5090619108672859e-08
5.405,-3.5073622125215721e-08
5.4075,-3.5054934231828356e-08
5.41,-3.5034750489440759e-08
5.4125,-3.5013277870658155e-08
5.415,-3.4990732680778081e-08
5.4175,-3.4967340252110212e-08
5.42,-3.4943336389802404e-08
5.4225,-3.4918967317710514e-08
5.425,-3.4894486961952472e-08
5.4275,-3.4870152000271358e-08
5.43,-3.4846216476881656e-08
5.4325,-3.4822927805747767e-08
5.435,-3.4800524636879e-08
5.4375,-3.4779236133445421e-08
5.44,-3.4759280993501928e-08
5.4425,-3.4740865120358081e-08
5.445,-3.472417587574976e-08
5.4475,-3.4709375814539473e-08
5.45,-3.4696596381664463e-08
5.4525,-3.4685934336436361e-08
5.455,-3.4677451742020577e-08
5.4575,-3.4671175780408842e-08
5.46,-3.4667098787457355e-08
5.4625,-3.4665176193736952e-08
5.465,-3.4665325675389252e-08
5.4675,-3.4667427993558228e-08
5.47,-3.4671334013428781e-08
5.4725,-3.4676873962261499e-08
5.475,-3.4683865090842161e-08
5.4775,-3.4692115604643548e-08
5.48,-3.4701423837239215e-08
5.4825,-3.4711576800288465e-08
5.485,-3.4722350294219069e-08
5.4875,-3.473351192989127e-08
5.49,-3.474482670011523e-08
5.4925,-3.4756062836008016e-08
5.495,-3.4766995301618809e-08
5.4975,-3.4777407771208723e-08
5.5,-3.4787094061860777e-08
5.5025,-3.4795858526923821e-08
5.505,-3.4803517577191947e-08
5.5075,-3.4809902760883609e-08
5.51,-3.4814865108942596e-08
5.5125,-3.4818280297397924e-08
5.515,-3.4820052901548008e-08
5.5175,-3.4820118470891802e-08
5.52,-3.4818442700147114e-08
5.5225,-3.4815018596354946e-08
5.525,-3.4809864624946687e-08
5.5275,-3.4803023703248603e-08
5.53,-3.4794566463539742e-08
5.5325,-3.4784594510999552e-08
5.535,-3.4773242829917701e-08
5.5375,-3.4760678140153459e-08
5.54,-3.4747093196785335e-08
5.5425,-3.4732698332084548e-08
5.545,-3.4717714498469825e-08
5.5475,-3.4702368173733413e-08
5.55,-3.4686890076579841e-08
5.5525,-3.4671515584357716e-08
5.555,-3.4656483157315599e-08
5.5575,-3.4642030053204485e-08
5.56,-3.4628387147853795e-08
5.5625,-3.461577374398685e-08
5.565,-3.4604393515347299e-08
5.5675,-3.4594432043066177e-08
5.57,-3.4586056733642361e-08
5.5725,-3.4579416071577555e-08
5.575,-3.4574639007689204e-08
5.5775,-3.4571832499403399e-08
5.58,-3.4571077511750202e-08
5.5825,-3.457242478180739e-08
5.585,-3.4575890337899087e-08
5.5875,-3.4581451933703018e-08
5.59,-3.4589050766466153e-08
5.5925,-3.4598592407408349e-08
5.595,-3.4609952916769634e-08
5.5975,-3.4622985520658404e-08
5.6,-3.4637525134636323e-08
5.6025,-3.4653390208675697e-08
5.605,-3.4670382875421152e-08
5.6075,-3.4688288168000606e-08
5.61,-3.4706873562586509e-08
5.6125,-3.4725889751734075e-08
5.615,-3.4745073681096279e-08
5.6175,-3.476415381728505e-08
5.62,-3.4782856795120477e-08
5.6225,-3.4800914287880705e-08
5.625,-3.4818068796814862e-08
5.6275,-3.4834078142965554e-08
5.63,-3.4848719058854122e-08
5.6325,-3.4861790432560725e-08
5.635,-3.4873116034214858e-08
5.6375,-3.4882547233329221e-08
5.64,-3.4889964802970907e-08
5.6425,-3.4895280063053946e-08
5.645,-3.489843400161709e-08
5.6475,-3.4899395554127826e-08
5.65,-3.4898159710278314e-08
5.6525,-3.4894746385001939e-08
5.655,-3.4889202215191745e-08
5.6575,-3.4881602564838038e-08
5.66,-3.4872053801203743e-08
5.6625,-3.486069177247781e-08
5.665,-3.4847678218178593e-08
5.6675,-3.4833194990825863e-08
5.67,-3.4817439261343365e-08
5.6725,-3.4800619673196259e-08
5.675,-3.4782954192637771e-08
5.6775,-3.4764668449150821e-08
5.68,-3.4745994288497189e-08
5.6825,-3.4727167331600549e-08
5.685,-3.4708423796001569e-08
5.6875,-3.4689997607419401e-08
5.69,-3.4672118704330976e-08
5.6925,-3.4655011661086605e-08
5.695,-3.4638894728012651e-08
5.6975,-3.4623977532644693e-08
5.7,-3.4610456393116134e-08
5.7025,-3.459850693785755e-08
5.705,-3.4588275863318119e-08
5.7075,-3.4579874765356203e-08
5.71,-3.4573378465434913e-08
5.7125,-3.4568828180593838e-08
5.715,-3.4566235091236273e-08
5.7175,-3.4565581549248319e-08
5.72,-3.4566817594080592e-08
5.7225,-3.4569856519877051e-08
5.725,-3.4574572555607615e-08
5.7275,-3.4580804423761585e-08
5.73,-3.4588364228168953e-08
5.7325,-3.4597048038956538e-08
5.735,-3.4606644399218585e-08
5.7375,-3.4616936861252246e-08
5.74,-3.462770448568211e-08
5.7425,-3.4638720658089265e-08
5.745,-3.4649754133386464e-08
5.7475,-3.4660572128810025e-08
5.75,-3.4670944376687108e-08
5.7525,-3.4680646994089968e-08
5.755,-3.468946471208697e-08
5.7575,-3.4697193081506786e-08
5.76,-3.4703638970270823e-08
5.7625,-3.4708622485507217e-08
5.765,-3.4711980707878861e-08
5.7675,-3.4713573361383763e-08
5.77,-3.4713289658368366e-08
5.7725,-3.4711054478470333e-08
5.775,-3.4706830336907381e-08
5.7775,-3.4700615043678022e-08
5.78,-3.4692435987650462e-08
5.7825,-3.4682344608492657e-08
5.785,-3.4670414288208564e-08
5.7875,-3.4656741169541669e-08
5.79,-3.4641446654143457e-08
5.7925,-3.4624679166608463e-08
5.795,-3.4606613469715291e-08
5.7975,-3.4587447712894385e-08
5.8,-3.4567399270000109e-08
5.8025,-3.454670191082984e-08
5.805,-3.452560295386646e-08
5.8075,-3.4504360437355786e-08
5.81,-3.4483239151619558e-08
5.8125,-3.4462504549013083e-08
5.815,-3.4442416040171264e-08
5.8175,-3.4423221280015233e-08
5.82,-3.4405152229569425e-08
5.8225,-3.4388423323104538e-08
5.825,-3.4373232803683363e-08
5.8275,-3.4359761937355953e-08
5.83,-3.4348172712170062e-08
5.8325,-3.4338606126381406e-08
5.835,-3.4331179602172424e-08
5.8375,-3.4325984456812274e-08
5.84,-3.4323083173441939e-08
5.8425,-3.4322505104022177e-08
5.845,-3.4324242087501562e-08
5.8475,-3.4328245306881562e-08
5.85,-3.4334428061978366e-08
5.8525,-3.4342670864436906e-08
5.855,-3.4352829422739683e-08
5.8575,-3.4364742694283023e-08
5.86,-3.4378234013153767e-08
5.8625,-3.4393111103822305e-08
5.865,-3.4409163799439631e-08
5.8675,-3.4426160926112133e-08
5.87,-3.4443849195828256e-08
5.8725,-3.4461955950128077e-08
5.875,-3.4480196172028843e-08
5.8775,-3.4498282862887901e-08
5.88,-3.4515938249976882e-08
5.8825,-3.4532902422257555e-08
5.885,-3.4548938016406036e-08
5.8875,-3.4563832420345398e-08
5.89,-3.4577397958629343e-08
5.8925,-3.4589470553484181e-08
5.895,-3.4599909968408606e-08
5.8975,-3.4608599994528002e-08
5.9,-3.4615449897520786e-08
5.9025,-3.462039489135457e-08
5.905,-3.462339644770187e-08
5.9075,-3.4624441956507844e-08
5.91,-3.4623545137701389e-08
5.9125,-3.4620747306025174e-08
5.915,-3.4616119927304677e-08
5.9175,-3.4609766325344715e-08
5.92,-3.4601821105864779e-08
5.9225,-3.4592445967808009e-08
5.925,-3.4581823286394232e-08
5.9275,-3.4570149387104012e-08
5.93,-3.4557630494257243e-08
5.9325,-3.4544480784416906e-08
5.935,-3.453092325965194e-08
5.9375,-3.4517188845680048e-08
5.94,-3.450351395383775e-08
5.9425,-3.4490135842879693e-08
5.945,-3.4477287315903274e-08
5.9475,-3.4465193305897965e-08
5.95,-3.4454067382627484e-08
5.9525,-3.4444109670885007e-08
5.955,-3.4435505763878461e-08
5.9575,-3.4428425436176601e-08
5.96,-3.4423019451241655e-08
5.9625,-3.441941453875682e-08
5.965,-3.4417707141577177e-08
5.9675,-3.441795867930035e-08
5.97,-3.4420193661884447e-08
5.9725,-3.4424401176080855e-08
5.975,-3.4430537362782716e-08
5.9775,-3.4438527446976348e-08
5.98,-3.4448266202196476e-08
5.9825,-3.4459617826324996e-08
5.985,-3.4472416591649873e-08
5.9875,-3.4486469702110476e-08
5.99,-3.4501562075572676e-08
5.9925,-3.4517462182132875e-08
5.995,-3.4533926733836013e-08
5.9975,-3.4550704797834145e-08
6.0,-3.4567541966306924e-08
6.0025,-3.4584184416192431e-08
6.005,-3.460038262993806e-08
6.0075,-3.4615893339739707e-08
6.01,-3.4630480653870783e-08
6.0125,-3.464391522361573e-08
6.015,-3.4655975019204961e-08
6.0175,-3.4666447639782866e-08
6.02,-3.467513409900454e-08
6.0225,-3.4681855053874713e-08
6.025,-3.4686457790710372e-08
6.0275,-3.4688823191960675e-08
6.03,-3.468887364619183e-08
6.0325,-3.4686573089830581e-08
6.035,-3.4681923577324956e-08
6.0375,-3.46749601182231e-08
6.04,-3.4665742963102816e-08
6.0425,-3.4654354910257115e-08
6.045,-3.4640901669507994e-08
6.0475,-3.4625513432856437e-08
6.05,-3.4608347876706149e-08
6.0525,-3.4589591597860669e-08
6.055,-3.4569458699525631e-08
6.0575,-3.4548185871471656e-08
6.06,-3.4526028000345123e-08
6.0625,-3.4503252596791399e-08
6.065,-3.4480135887102233e-08
6.0675,-3.4456958929948363e-08
6.07,-3.4434002235210286e-08
6.0725,-3.4411539606284398e-08
6.075,-3.4389832644470231e-08
6.0775,-3.4369127446903562e-08
6.08,-3.434965286628297e-08
6.0825,-3.433162119119288e-08
6.085,-3.4315226919320604e-08
6.0875,-3.4300644265496922e-08
6.09,-3.428802511452393e-08
6.0925,-3.4277497916533429e-08
6.095,-3.4269165921317271e-08
6.0975,-3.4263103726537405e-08
6.1,-3.4259352546128856e-08
6.1025,-3.4257913923056593e-08
6.105,-3.4258746465462241e-08
6.1075,-3.4261768283372753e-08
6.11,-3.4266862206148358e-08
6.1125,-3.4273883574271972e-08
6.115,-3.4282666932837626e-08
6.1175,-3.4293030008450786e-08
6.12,-3.4304773364865529e-08
6.1225,-3.4317678950235355e-08
6.125,-3.4331508375452775e-08
6.1275,-3.4346003036644346e-08
6.13,-3.436088834716766e-08
6.1325,-3.4375881210658796e-08
6.135,-3.4390699452166179e-08
6.1375,-3.4405071237136947e-08
6.14,-3.4418741934512378e-08
6.1425,-3.4431478203535068e-08
6.145,-3.444306978927942e-08
6.1475,-3.445332953702671e-08
6.15,-3.4462093134763525e-08
6.1525,-3.4469218259805988e-08
6.155,-3.4474584883821993e-08
6.1575,-3.4478097302371896e-08
6.16,-3.4479687137107322e-08
6.1625,-3.4479315213906278e-08
6.165,-3.447697194595574e-08
6.1675,-3.4472676433182334e-08
6.17,-3.4466476810104473e-08
6.1725,-3.4458451971361209e-08
6.175,-3.4448713905291414e-08
6.1775,-3.443740821862556e-08
6.18,-3.4424710736472171e-08
6.1825,-3.441082049272492e-08
6.185,-3.4395952003723203e-08
6.1875,-3.4380328593485221e-08
6.19,-3.4364179563323877e-08
6.1925,-3.4347740283141761e-08
6.195,-3.433125289784507e-08
6.1975,-3.4314966099308971e-08
6.2,-3.429913159717898e-08
6.2025,-3.4283999670368663e-08
6.205,-3.4269813894536578e-08
6.2075,-3.4256805631418462e-08
6.21,-3.4245191125869061e-08
6.2125,-3.4235169954210732e-08
6.215,-3.4226925709918283e-08
6.2175,-3.4220621634690695e-08
6.22,-3.4216393912478838e-08
6.2225,-3.4214344988861767e-08
6.225,-3.4214539533899578e-08
6.2275,-3.4217003445431796e-08
6.23,-3.4221727772841718e-08
6.2325,-3.4228672224973654e-08
6.235,-3.4237766763267765e-08
6.2375,-3.4248910466222018e-08
6.24,-3.4261969286470592e-08
6.2425,-3.4276775189467652e-08
6.245,-3.4293128675441902e-08
6.2475,-3.4310805125544023e-08
6.25,-3.4329562550385508e-08
6.2525,-3.4349148015385645e-08
6.255,-3.436930242315956e-08
6.2575,-3.4389764213086024e-08
6.26,-3.4410273021297888e-08
6.2625,-3.4430572913093783e-08
6.265,-3.4450415014827991e-08
6.2675,-3.4469556342328439e-08
6.27,-3.4487758446978419e-08
6.2725,-3.45047874786893e-08
6.275,-3.4520415942975811e-08
6.2775,-3.4534426148198486e-08
6.28,-3.4546616727313358e-08
6.2825,-3.4556811930344658e-08
6.285,-3.4564871035814546e-08
6.2875,-3.4570696244512241e-08
6.29,-3.4574234478945096e-08
6.2925,-3.457547396591901e-08
6.295,-3.4574436250626305e-08
6.2975,-3.4571167863214548e-08
6.3,-3.4565735584437737e-08
6.3025,-3.4558225929693489e-08
6.305,-3.4548748320735947e-08
6.3075,-3.4537439458058746e-08
6.31,-3.4524464092222427e-08
6.3125,-3.4510015986325025e-08
6.315,-3.4494313693491683e-08
6.3175,-3.4477595592436482e-08
6.32,-3.4460114943107615e-08
6.3225,-3.4442136554558627e-08
6.325,-3.4423933030966307e-08
6.3275,-3.4405778506629073e-08
6.33,-3.4387940353102821e-08
6.3325,-3.4370671618442136e-08
6.335,-3.4354206506970736e-08
6.3375,-3.4338758887847921e-08
6.34,-3.4324524248102235e-08
6.3425,-3.4311681439214863e-08
6.345,-3.430039260655925e-08
6.3475,-3.429080265955022e-08
6.35,-3.4283037183262108e-08
6.3525,-3.4277200475698607e-08
6.355,-3.4273371551052948e-08
6.3575,-3.4271596357250467e-08
6.36,-3.427188034111456e-08
6.3625,-3.427418441509936e-08
6.365,-3.42784257641415e-08
6.3675,-3.4284483417587914e-08
6.37,-3.4292206196381975e-08
6.3725,-3.4301420272255804e-08
6.375,-3.4311933927032382e-08
6.3775,-3.4323541228081064e-08
6.38,-3.4336022097823224e-08
6.3825,-3.4349140421556628e-08
6.385,-3.4362642566273739e-08
6.3875,-3.4376259328136391e-08
6.39,-3.4389711583893734e-08
6.3925,-3.4402719368751923e-08
6.395,-3.441501306592981e-08
6.3975,-3.4426342389001115e-08
6.4,-3.4436481449863443e-08
6.4025,-3.4445229513921238e-08
6.405,-3.4452408505913212e-08
6.4075,-3.445786077760865e-08
6.41,-3.4461448668600061e-08
6.4125,-3.4463056915571863e-08
6.415,-3.4462597618613813e-08
6.4175,-3.4460014549818844e-08
6.42,-3.4455285259443109e-08
6.4225,-3.4448419040216889e-08
6.425,-3.443945537264174e-08
6.4275,-3.4428462013163002e-08
6.43,-3.441553590058809e-08
6.4325,-3.440080543621523e-08
6.435,-3.4384430586331701e-08
6.4375,-3.4366599794626986e-08
6.44,-3.4347523351245169e-08
6.4425,-3.4327426316787262e-08
6.445,-3.4306542704164665e-08
6.4475,-3.4285113732835845e-08
6.45,-3.4263388496589819e-08
6.4525,-3.424162492834041e-08
6.455,-3.4220089346742575e-08
6.4575,-3.4199051779303227e-08
6.46,-3.4178780168524246e-08
6.4625,-3.415953369030516e-08
6.465,-3.4141556757947481e-08
6.4675,-3.4125075771271664e-08
6.47,-3.4110298539966657e-08
6.4725,-3.409741440400326e-08
6.475,-3.4086592932302386e-08
6.4775,-3.407797885686632e-08
6.48,-3.407168336104838e-08
6.4825,-3.4067777999405714e-08
6.485,-3.4066293675615011e-08
6.4875,-3.4067224248181449e-08
6.49,-3.407053225121913e-08
6.4925,-3.4076151703469987e-08
6.495,-3.4083988087532132e-08
6.4975,-3.4093915604828809e-08
6.5,-3.4105774956509602e-08
6.5025,-3.4119374556062885e-08
6.505,-3.4134494357152936e-08
6.5075,-3.4150892648327162e-08
6.51,-3.4168313209643132e-08
6.5125,-3.4186492359278564e-08
6.515,-3.4205163500778025e-08
6.5175,-3.4224062394602556e-08
6.52,-3.4242931021064762e-08
6.5225,-3.4261518851522657e-08
6.525,-3.4279581759267855e-08
6.5275,-3.4296879710844049e-08
6.53,-3.4313174754244478e-08
6.5325,-3.432823360790292e-08
6.535,-3.4341831729547227e-08
6.5375,-3.435376175527192e-08
6.54,-3.4363844466062071e-08
6.5425,-3.4371938604010974e-08
6.545,-3.4377946957084465e-08
6.5475,-3.438181797036172e-08
6.55,-3.4383540711050348e-08
6.5525,-3.4383136987265778e-08
6.555,-3.4380654527543923e-08
6.5575,-3.4376161946182645e-08
6.56,-3.4369747899139428e-08
6.5625,-3.4361524061728447e-08
6.565,-3.4351628938341573e-08
6.5675,-3.4340229762527625e-08
6.57,-3.4327521000955835e-08
6.5725,-3.4313721041581687e-08
6.575,-3.42990663890381e-08
6.5775,-3.428380752843718e-08
6.58,-3.4268204778716615e-08
6.5825,-3.4252528509012251e-08
6.585,-3.4237052970173665e-08
6.5875,-3.4222045910539962e-08
6.59,-3.4207759940837939e-08
6.5925,-3.4194427582500265e-08
6.595,-3.4182259893025798e-08
6.5975,-3.4171448177383098e-08
6.6,-3.4162165427839824e-08
6.6025,-3.4154566572917764e-08
6.605,-3.4148787668881793e-08
6.6075,-3.4144944109735118e-08
6.61,-3.4143128397526854e-08
6.6125,-3.4143406886325469e-08
6.615,-3.4145814877302319e-08
6.6175,-3.4150349516981894e-08
6.62,-3.4156965100166369e-08
6.6225,-3.4165572120622917e-08
6.625,-3.4176041311143158e-08
6.6275,-3.4188211061577389e-08
6.63,-3.420189607901004e-08
6.6325,-3.4216894148649234e-08
6.635,-3.423298879742004e-08
6.6375,-3.4249948980060493e-08
6.64,-3.4267525764312203e-08
6.6425,-3.4285450045505565e-08
6.645,-3.4303434773330015e-08
6.6475,-3.4321182670912581e-08
6.65,-3.4338397155170808e-08
6.6525,-3.4354794447189668e-08
6.655,-3.43701123653103e-08
6.6575,-3.4384113874458344e-08
6.66,-3.4396586911701756e-08
6.6625,-3.4407341263952663e-08
6.665,-3.4416206132164279e-08
6.6675,-3.4423029629476892e-08
6.67,-3.4427683005446763e-08
6.6725,-3.4430066152757819e-08
6.675,-3.4430112522086618e-08
6.6775,-3.4427791656949428e-08
6.68,-3.442310803677343e-08
6.6825,-3.4416097712420727e-08
6.685,-3.4406826798818941e-08
6.6875,-3.4395392027700536e-08
6.69,-3.4381922192349276e-08
6.6925,-3.4366578274794571e-08
6.695,-3.4349550162853316e-08
6.6975,-3.4331050359947631e-08
6.7,-3.4311307409140045e-08
6.7025,-3.4290560386470526e-08
6.705,-3.4269057002612298e-08
6.7075,-3.4247053540445993e-08
6.71,-3.4224815190274888e-08
6.7125,-3.4202614486114877e-08
6.715,-3.4180727526489219e-08
6.7175,-3.4159428324454686e-08
6.72,-3.4138982483214297e-08
6.7225,-3.4119641391111103e-08
6.725,-3.4101638697283736e-08
6.7275,-3.4085189526430224e-08
6.73,-3.4070490316191103e-08
6.7325,-3.4057717946019393e-08
6.735,-3.4047022522147744e-08
6.7375,-3.403852148026788e-08
6.74,-3.4032292985493278e-08
6.7425,-3.402837307576025e-08
6.745,-3.4026759239712736e-08
6.7475,-3.4027416348969095e-08
6.75,-3.4030280206569622e-08
6.7525,-3.4035258219607866e-08
6.755,-3.4042226671065294e-08
6.7575,-3.4051028373199944e-08
6.76,-3.4061472761847322e-08
6.7625,-3.4073339849255789e-08
6.765,-3.4086387947948154e-08
6.7675,-3.4100361164104567e-08
6.77,-3.4114996625780236e-08
6.7725,-3.4130031375262544e-08
6.775,-3.4145207713223343e-08
6.7775,-3.4160275876734569e-08
6.78,-3.4174993807341752e-08
6.7825,-3.4189124633658415e-08
6.785,-3.4202434436737325e-08
6.7875,-3.4214690837442429e-08
6.79,-3.4225665479061772e-08
6.7925,-3.4235140413248535e-08
6.795,-3.4242917025333962e-08
6.7975,-3.4248825443145236e-08
6.8,-3.4252734061172425e-08
6.8025,-3.4254554928076949e-08
6.805,-3.4254244497193803e-08
6.8075,-3.4251798851103453e-08
6.81,-3.4247247086136261e-08
6.8125,-3.4240644441296484e-08
6.815,-3.4232068338220673e-08
6.8175,-3.422161890319602e-08
6.82,-3.4209422016722979e-08
6.8225,-3.419563345405036e-08
6.825,-3.4180439307774911e-08
6.8275,-3.4164053453638667e-08
6.83,-3.4146712490964273e-08
6.8325,-3.4128670060413091e-08
6.835,-3.411019274199451e-08
6.8375,-3.4091557924311468e-08
6.84,-3.4073050648315047e-08
6.8425,-3.4054957448307367e-08
6.845,-3.4037555784535075e-08
6.8475,-3.402110957539841e-08
6.85,-3.4005863548154526e-08
6.8525,-3.3992041992037372e-08
6.855,-3.3979848810369293e-08
6.8575,-3.3969468258558576e-08
6.86,-3.3961064536877821e-08
6.8625,-3.3954780980686909e-08
6.865,-3.3950738834823947e-08
6.8675,-3.3949036456470284e-08
6.87,-3.3949745035915703e-08
6.8725,-3.3952902570105168e-08
6.875,-3.3958506948859544e-08
6.8775,-3.3966511255590811e-08
6.88,-3.3976822507043071e-08
6.8825,-3.3989306381014702e-08
6.885,-3.4003794166213287e-08
6.8875,-3.4020091356677337e-08
6.89,-3.4037984220411735e-08
6.8925,-3.4057243523438257e-08
6.895,-3.4077623850426576e-08
6.8975,-3.4098860590823442e-08
6.9,-3.4120668526145042e-08
6.9025,-3.4142745456995932e-08
6.905,-3.4164779868135775e-08
6.9075,-3.4186461590071478e-08
6.91,-3.4207492966667584e-08
6.9125,-3.4227597413678776e-08
6.915,-3.4246523356029109e-08
6.9175,-3.4264043562937229e-08
6.92,-3.4279951540454276e-08
6.9225,-3.4294058718474927e-08
6.925,-3.4306194886055059e-08
6.9275,-3.4316212219385639e-08
6.93,-3.4323991863341816e-08
6.9325,-3.4329450224344928e-08
6.935,-3.4332540643416754e-08
6.9375,-3.433325223576926e-08
6.94,-3.4331605974409586e-08
6.9425,-3.4327652509123939e-08
6.945,-3.4321473106534909e-08
6.9475,-3.4313181230240389e-08
6.95,-3.4302923753598766e-08
6.9525,-3.4290878060165988e-08
6.955,-3.4277246261055464e-08
6.9575,-3.4262248243288243e-08
6.96,-3.4246116156413645e-08
6.9625,-3.4229091678140342e-08
6.965,-3.4211425760813478e-08
6.9675,-3.4193378859520888e-08
6.97,-3.4175219310022318e-08
6.9725,-3.4157219783809316e-08
6.975,-3.4139651811651757e-08
6.9775,-3.4122780076330185e-08
6.98,-3.4106856822729e-08
6.9825,-3.4092118449322262e-08
6.985,-3.4078783957837778e-08
6.9875,-3.4067054017619616e-08
6.99,-3.4057108174847671e-08
6.9925,-3.4049099794356502e-08
6.995,-3.4043148860371033e-08
6.9975,-3.403933545255483e-08
7.0,-3.403769794400729e-08
