Physical Time (s),FreestreamDynamicViscosity Monitor (Pa-s)
0.0025,1.8459666102609689e-05
0.005,1.8459666102609709e-05
0.0075,1.845966610260974e-05
0.01,1.8459666102609804e-05
0.0125,1.8459666102609936e-05
0.015,1.8459666102610129e-05
0.0175,1.8459666102610387e-05
0.02,1.8459666102610539e-05
0.0225,1.8459666102610736e-05
0.025,1.845966610261102e-05
0.0275,1.845966610261141e-05
0.03,1.8459666102611861e-05
0.0325,1.8459666102612257e-05
0.035,1.8459666102612379e-05
0.0375,1.8459666102611945e-05
0.04,1.8459666102610926e-05
0.0425,1.8459666102609252e-05
0.045,1.8459666102608113e-05
0.0475,1.8459666102608832e-05
0.05,1.8459666102609059e-05
0.0525,1.8459666102614568e-05
0.055,1.8459666102621222e-05
0.0575,1.8459666102626118e-05
0.06,1.8459666102627253e-05
0.0625,1.8459666102625366e-05
0.065,1.8459666102627426e-05
0.0675,1.8459666102630143e-05
0.07,1.8459666102630817e-05
0.0725,1.8459666102630451e-05
0.075,1.8459666102628009e-05
0.0775,1.845966610262418e-05
0.08,1.8459666102622479e-05
0.0825,1.8459666102624227e-05
0.085,1.8459666102627182e-05
0.0875,1.8459666102634795e-05
0.09,1.8459666102642781e-05
0.0925,1.8459666102650973e-05
0.095,1.8459666102669805e-05
0.0975,1.8459666102681209e-05
0.1,1.8459666102685654e-05
0.1025,1.845966610268621e-05
0.105,1.8459666102683045e-05
0.1075,1.8459666102679854e-05
0.11,1.8459666102677157e-05
0.1125,1.8459666102674755e-05
0.115,1.8459666102673023e-05
0.1175,1.8459666102672075e-05
0.12,1.8459666102671519e-05
0.1225,1.8459666102671119e-05
0.125,1.8459666102670492e-05
0.1275,1.8459666102671177e-05
0.13,1.8459666102670563e-05
0.1325,1.8459666102669188e-05
0.135,1.8459666102667307e-05
0.1375,1.8459666102665132e-05
0.14,1.8459666102662815e-05
0.1425,1.8459666102660528e-05
0.145,1.8459666102658542e-05
0.1475,1.8459666102656964e-05
0.15,1.8459666102655784e-05
0.1525,1.8459666102654924e-05
0.155,1.8459666102654206e-05
0.1575,1.8459666102653396e-05
0.16,1.8459666102652701e-05
0.1625,1.8459666102651997e-05
0.165,1.8459666102651251e-05
0.1675,1.8459666102650465e-05
0.17,1.8459666102649645e-05
0.1725,1.8459666102648839e-05
0.175,1.8459666102648056e-05
0.1775,1.8459666102647334e-05
0.18,1.8459666102646667e-05
0.1825,1.8459666102645996e-05
0.185,1.845966610264521e-05
0.1875,1.8459666102644302e-05
0.19,1.8459666102643292e-05
0.1925,1.8459666102642337e-05
0.195,1.845966610264126e-05
0.1975,1.8459666102640233e-05
0.2,1.8459666102639338e-05
0.2025,1.845966610263862e-05
0.205,1.8459666102637987e-05
0.2075,1.8459666102637844e-05
0.21,1.8459666102637536e-05
0.2125,1.8459666102637353e-05
0.215,1.8459666102637129e-05
0.2175,1.845966610263696e-05
0.22,1.8459666102636631e-05
0.2225,1.8459666102636099e-05
0.225,1.8459666102635452e-05
0.2275,1.8459666102634714e-05
0.23,1.8459666102633941e-05
0.2325,1.8459666102633165e-05
0.235,1.845966610263241e-05
0.2375,1.8459666102631719e-05
0.24,1.8459666102631109e-05
0.2425,1.8459666102630563e-05
0.245,1.8459666102630096e-05
0.2475,1.8459666102629682e-05
0.25,1.8459666102629293e-05
0.2525,1.8459666102628876e-05
0.255,1.8459666102628493e-05
0.2575,1.8459666102628114e-05
0.26,1.8459666102627724e-05
0.2625,1.8459666102627307e-05
0.265,1.8459666102626894e-05
0.2675,1.8459666102626481e-05
0.27,1.8459666102626074e-05
0.2725,1.8459666102625698e-05
0.275,1.8459666102625352e-05
0.2775,1.8459666102625041e-05
0.28,1.8459666102624759e-05
0.2825,1.8459666102624495e-05
0.285,1.8459666102624244e-05
0.2875,1.8459666102623997e-05
0.29,1.845966610262376e-05
0.2925,1.8459666102623519e-05
0.295,1.8459666102623258e-05
0.2975,1.8459666102623011e-05
0.3,1.8459666102622764e-05
0.3025,1.845966610262254e-05
0.305,1.845966610262235e-05
0.3075,1.8459666102622181e-05
0.31,1.8459666102622042e-05
0.3125,1.8459666102621923e-05
0.315,1.8459666102621812e-05
0.3175,1.845966610262172e-05
0.32,1.8459666102621619e-05
0.3225,1.8459666102621507e-05
0.325,1.8459666102621388e-05
0.3275,1.8459666102621253e-05
0.33,1.8459666102621104e-05
0.3325,1.8459666102620951e-05
0.335,1.8459666102620785e-05
0.3375,1.8459666102620633e-05
0.34,1.845966610262049e-05
0.3425,1.8459666102620365e-05
0.345,1.8459666102620263e-05
0.3475,1.8459666102620151e-05
0.35,1.845966610262007e-05
0.3525,1.8459666102619985e-05
0.355,1.8459666102619911e-05
0.3575,1.8459666102619833e-05
0.36,1.8459666102619762e-05
0.3625,1.8459666102619684e-05
0.365,1.8459666102619609e-05
0.3675,1.8459666102619525e-05
0.37,1.845966610261943e-05
0.3725,1.8459666102619335e-05
0.375,1.8459666102619237e-05
0.3775,1.8459666102619142e-05
0.38,1.845966610261904e-05
0.3825,1.8459666102618945e-05
0.385,1.8459666102618854e-05
0.3875,1.8459666102618762e-05
0.39,1.8459666102618678e-05
0.3925,1.84596661026186e-05
0.395,1.8459666102618535e-05
0.3975,1.8459666102618471e-05
0.4,1.845966610261842e-05
0.4025,1.8459666102618369e-05
0.405,1.8459666102618329e-05
0.4075,1.8459666102618295e-05
0.41,1.8459666102618271e-05
0.4125,1.8459666102618264e-05
0.415,1.8459666102618281e-05
0.4175,1.8459666102618295e-05
0.42,1.8459666102618305e-05
0.4225,1.8459666102618298e-05
0.425,1.8459666102618261e-05
0.4275,1.8459666102618234e-05
0.43,1.8459666102618203e-05
0.4325,1.8459666102618173e-05
0.435,1.8459666102618142e-05
0.4375,1.8459666102618112e-05
0.44,1.8459666102618075e-05
0.4425,1.8459666102618034e-05
0.445,1.8459666102617983e-05
0.4475,1.8459666102617939e-05
0.45,1.8459666102617902e-05
0.4525,1.8459666102617868e-05
0.455,1.8459666102617864e-05
0.4575,1.8459666102617871e-05
0.46,1.8459666102617898e-05
0.4625,1.8459666102617925e-05
0.465,1.8459666102617976e-05
0.4675,1.8459666102618024e-05
0.47,1.8459666102618078e-05
0.4725,1.8459666102618146e-05
0.475,1.845966610261821e-05
0.4775,1.8459666102618278e-05
0.48,1.8459666102618339e-05
0.4825,1.8459666102618403e-05
0.485,1.8459666102618464e-05
0.4875,1.8459666102618647e-05
0.49,1.8459666102618647e-05
0.4925,1.8459666102618674e-05
0.495,1.8459666102618684e-05
0.4975,1.8459666102618718e-05
0.5,1.8459666102618752e-05
0.5025,1.8459666102618783e-05
0.505,1.845966610261883e-05
0.5075,1.8459666102618857e-05
0.51,1.8459666102618901e-05
0.5125,1.8459666102618962e-05
0.515,1.8459666102619027e-05
0.5175,1.8459666102619081e-05
0.52,1.8459666102619149e-05
0.5225,1.8459666102619233e-05
0.525,1.845966610261925e-05
0.5275,1.8459666102619365e-05
0.53,1.8459666102619528e-05
0.5325,1.8459666102619701e-05
0.535,1.8459666102619867e-05
0.5375,1.8459666102620033e-05
0.54,1.8459666102620189e-05
0.5425,1.8459666102620341e-05
0.545,1.8459666102620477e-05
0.5475,1.8459666102620616e-05
0.55,1.8459666102620751e-05
0.5525,1.8459666102620907e-05
0.555,1.8459666102621056e-05
0.5575,1.8459666102621209e-05
0.56,1.8459666102621351e-05
0.5625,1.8459666102621497e-05
0.565,1.8459666102621629e-05
0.5675,1.8459666102621761e-05
0.57,1.8459666102621893e-05
0.5725,1.8459666102622018e-05
0.575,1.845966610262215e-05
0.5775,1.8459666102622289e-05
0.58,1.8459666102622445e-05
0.5825,1.8459666102622598e-05
0.585,1.8459666102622754e-05
0.5875,1.845966610262292e-05
0.59,1.8459666102623092e-05
0.5925,1.8459666102623262e-05
0.595,1.8459666102623438e-05
0.5975,1.8459666102623604e-05
0.6,1.845966610262379e-05
0.6025,1.845966610262397e-05
0.605,1.8459666102624146e-05
0.6075,1.8459666102624319e-05
0.61,1.8459666102624485e-05
0.6125,1.8459666102624658e-05
0.615,1.8459666102624807e-05
0.6175,1.8459666102624963e-05
0.62,1.8459666102625105e-05
0.6225,1.845966610262524e-05
0.625,1.8459666102625362e-05
0.6275,1.8459666102625488e-05
0.63,1.8459666102625606e-05
0.6325,1.8459666102625718e-05
0.635,1.8459666102625837e-05
0.6375,1.8459666102625955e-05
0.64,1.8459666102626074e-05
0.6425,1.8459666102626209e-05
0.645,1.8459666102626348e-05
0.6475,1.8459666102626487e-05
0.65,1.845966610262665e-05
0.6525,1.8459666102626809e-05
0.655,1.8459666102626982e-05
0.6575,1.8459666102627151e-05
0.66,1.8459666102627334e-05
0.6625,1.8459666102627514e-05
0.665,1.8459666102627693e-05
0.6675,1.845966610262787e-05
0.67,1.8459666102628032e-05
0.6725,1.8459666102628198e-05
0.675,1.8459666102628354e-05
0.6775,1.8459666102628507e-05
0.68,1.8459666102628649e-05
0.6825,1.8459666102628795e-05
0.685,1.8459666102628927e-05
0.6875,1.8459666102629052e-05
0.69,1.8459666102629181e-05
0.6925,1.845966610262931e-05
0.695,1.8459666102629432e-05
0.6975,1.8459666102629554e-05
0.7,1.8459666102629672e-05
0.7025,1.8459666102629797e-05
0.705,1.8459666102629919e-05
0.7075,1.8459666102630052e-05
0.71,1.8459666102630177e-05
0.7125,1.8459666102630306e-05
0.715,1.8459666102630431e-05
0.7175,1.8459666102630556e-05
0.72,1.8459666102630675e-05
0.7225,1.8459666102630804e-05
0.725,1.8459666102630916e-05
0.7275,1.8459666102631027e-05
0.73,1.8459666102631129e-05
0.7325,1.8459666102631227e-05
0.735,1.8459666102631315e-05
0.7375,1.84596661026314e-05
0.74,1.8459666102631481e-05
0.7425,1.8459666102631553e-05
0.745,1.845966610263162e-05
0.7475,1.8459666102631675e-05
0.75,1.8459666102631725e-05
0.7525,1.8459666102631776e-05
0.755,1.8459666102631817e-05
0.7575,1.8459666102631851e-05
0.76,1.8459666102631881e-05
0.7625,1.8459666102631918e-05
0.765,1.8459666102631946e-05
0.7675,1.8459666102631969e-05
0.77,1.8459666102632034e-05
0.7725,1.8459666102632061e-05
0.775,1.8459666102632078e-05
0.7775,1.8459666102632088e-05
0.78,1.8459666102632091e-05
0.7825,1.8459666102632095e-05
0.785,1.8459666102632088e-05
0.7875,1.8459666102632088e-05
0.79,1.8459666102632074e-05
0.7925,1.8459666102632054e-05
0.795,1.845966610263204e-05
0.7975,1.8459666102632007e-05
0.8,1.8459666102631983e-05
0.8025,1.8459666102631949e-05
0.805,1.8459666102631905e-05
0.8075,1.8459666102631861e-05
0.81,1.8459666102631803e-05
0.8125,1.8459666102631742e-05
0.815,1.8459666102631671e-05
0.8175,1.84596661026316e-05
0.82,1.8459666102631522e-05
0.8225,1.8459666102631437e-05
0.825,1.8459666102631342e-05
0.8275,1.8459666102631237e-05
0.83,1.8459666102631136e-05
0.8325,1.8459666102631017e-05
0.835,1.8459666102630892e-05
0.8375,1.8459666102630746e-05
0.84,1.84596661026306e-05
0.8425,1.8459666102630451e-05
0.845,1.8459666102630292e-05
0.8475,1.8459666102630119e-05
0.85,1.8459666102629947e-05
0.8525,1.8459666102629777e-05
0.855,1.8459666102629598e-05
0.8575,1.8459666102629404e-05
0.86,1.8459666102629218e-05
0.8625,1.8459666102629022e-05
0.865,1.8459666102628832e-05
0.8675,1.8459666102628629e-05
0.87,1.8459666102628425e-05
0.8725,1.8459666102628215e-05
0.875,1.8459666102628009e-05
0.8775,1.8459666102627798e-05
0.88,1.8459666102627582e-05
0.8825,1.8459666102627372e-05
0.885,1.8459666102627148e-05
0.8875,1.8459666102626918e-05
0.89,1.8459666102626684e-05
0.8925,1.845966610262644e-05
0.895,1.8459666102626206e-05
0.8975,1.8459666102625962e-05
0.9,1.8459666102625715e-05
0.9025,1.8459666102625467e-05
0.905,1.845966610262522e-05
0.9075,1.845966610262498e-05
0.91,1.8459666102624729e-05
0.9125,1.8459666102624485e-05
0.915,1.8459666102624231e-05
0.9175,1.845966610262399e-05
0.92,1.8459666102623743e-05
0.9225,1.8459666102623506e-05
0.925,1.8459666102623265e-05
0.9275,1.8459666102623021e-05
0.93,1.8459666102622791e-05
0.9325,1.8459666102622547e-05
0.935,1.8459666102622313e-05
0.9375,1.8459666102622089e-05
0.94,1.8459666102621859e-05
0.9425,1.8459666102621635e-05
0.945,1.8459666102621412e-05
0.9475,1.8459666102621195e-05
0.95,1.8459666102620982e-05
0.9525,1.8459666102620775e-05
0.955,1.8459666102620558e-05
0.9575,1.8459666102620351e-05
0.96,1.8459666102620151e-05
0.9625,1.8459666102619958e-05
0.965,1.8459666102619748e-05
0.9675,1.8459666102619562e-05
0.97,1.8459666102619369e-05
0.9725,1.8459666102619186e-05
0.975,1.8459666102618996e-05
0.9775,1.8459666102618803e-05
0.98,1.8459666102618627e-05
0.9825,1.8459666102618437e-05
0.985,1.8459666102618251e-05
0.9875,1.8459666102618078e-05
0.99,1.8459666102617898e-05
0.9925,1.8459666102617712e-05
0.995,1.8459666102617536e-05
0.9975,1.8459666102617356e-05
1.0,1.845966610261718e-05
1.0025,1.8459666102617004e-05
1.005,1.8459666102616828e-05
1.0075,1.8459666102616645e-05
1.01,1.8459666102616479e-05
1.0125,1.8459666102616306e-05
1.015,1.845966610261614e-05
1.0175,1.8459666102615974e-05
1.02,1.8459666102615811e-05
1.0225,1.8459666102615655e-05
1.025,1.84596661026155e-05
1.0275,1.8459666102615347e-05
1.03,1.8459666102615201e-05
1.0325,1.8459666102615052e-05
1.035,1.8459666102614913e-05
1.0375,1.8459666102614778e-05
1.04,1.8459666102614649e-05
1.0425,1.845966610261452e-05
1.045,1.8459666102614402e-05
1.0475,1.845966610261428e-05
1.05,1.8459666102614168e-05
1.0525,1.8459666102614056e-05
1.055,1.8459666102613965e-05
1.0575,1.845966610261386e-05
1.06,1.8459666102613761e-05
1.0625,1.8459666102613673e-05
1.065,1.8459666102613585e-05
1.0675,1.8459666102613504e-05
1.07,1.8459666102613416e-05
1.0725,1.8459666102613335e-05
1.075,1.8459666102613257e-05
1.0775,1.8459666102613185e-05
1.08,1.8459666102613111e-05
1.0825,1.8459666102613033e-05
1.085,1.8459666102612958e-05
1.0875,1.8459666102612887e-05
1.09,1.8459666102612816e-05
1.0925,1.8459666102612752e-05
1.095,1.8459666102612681e-05
1.0975,1.8459666102612613e-05
1.1,1.8459666102612549e-05
1.1025,1.8459666102612494e-05
1.105,1.845966610261243e-05
1.1075,1.8459666102612379e-05
1.11,1.8459666102612318e-05
1.1125,1.8459666102612257e-05
1.115,1.84596661026122e-05
1.1175,1.8459666102612139e-05
1.12,1.8459666102612081e-05
1.1225,1.845966610261203e-05
1.125,1.8459666102611973e-05
1.1275,1.8459666102611915e-05
1.13,1.8459666102611861e-05
1.1325,1.84596661026118e-05
1.135,1.8459666102611739e-05
1.1375,1.8459666102611685e-05
1.14,1.845966610261162e-05
1.1425,1.8459666102611569e-05
1.145,1.8459666102611502e-05
1.1475,1.8459666102611444e-05
1.15,1.8459666102611393e-05
1.1525,1.8459666102611336e-05
1.155,1.8459666102611281e-05
1.1575,1.8459666102611224e-05
1.16,1.845966610261118e-05
1.1625,1.8459666102611119e-05
1.165,1.8459666102611065e-05
1.1675,1.845966610261102e-05
1.17,1.8459666102610966e-05
1.1725,1.8459666102610922e-05
1.175,1.8459666102610875e-05
1.1775,1.8459666102610834e-05
1.18,1.845966610261079e-05
1.1825,1.8459666102610753e-05
1.185,1.8459666102610712e-05
1.1875,1.8459666102610675e-05
1.19,1.8459666102610641e-05
1.1925,1.8459666102610611e-05
1.195,1.845966610261058e-05
1.1975,1.8459666102610546e-05
1.2,1.8459666102610519e-05
1.2025,1.8459666102610495e-05
1.205,1.8459666102610461e-05
1.2075,1.8459666102610441e-05
1.21,1.8459666102610411e-05
1.2125,1.8459666102610387e-05
1.215,1.845966610261036e-05
1.2175,1.8459666102610336e-05
1.22,1.8459666102610323e-05
1.2225,1.8459666102610289e-05
1.225,1.8459666102610275e-05
1.2275,1.8459666102610255e-05
1.23,1.8459666102610238e-05
1.2325,1.8459666102610217e-05
1.235,1.8459666102610194e-05
1.2375,1.8459666102610177e-05
1.24,1.845966610261015e-05
1.2425,1.8459666102610143e-05
1.245,1.8459666102610123e-05
1.2475,1.8459666102610109e-05
1.25,1.8459666102610089e-05
1.2525,1.8459666102610072e-05
1.255,1.8459666102610062e-05
1.2575,1.8459666102610045e-05
1.26,1.8459666102610031e-05
1.2625,1.8459666102610024e-05
1.265,1.8459666102610007e-05
1.2675,1.8459666102609997e-05
1.27,1.8459666102609984e-05
1.2725,1.845966610260998e-05
1.275,1.8459666102609967e-05
1.2775,1.8459666102609953e-05
1.28,1.845966610260994e-05
1.2825,1.8459666102609936e-05
1.285,1.8459666102609926e-05
1.2875,1.8459666102609923e-05
1.29,1.8459666102609913e-05
1.2925,1.8459666102609906e-05
1.295,1.8459666102609902e-05
1.2975,1.8459666102609902e-05
1.3,1.8459666102609902e-05
1.3025,1.8459666102609906e-05
1.305,1.8459666102609909e-05
1.3075,1.8459666102609913e-05
1.31,1.8459666102609916e-05
1.3125,1.8459666102609919e-05
1.315,1.8459666102609923e-05
1.3175,1.8459666102609936e-05
1.32,1.8459666102609936e-05
1.3225,1.8459666102609943e-05
1.325,1.8459666102609946e-05
1.3275,1.8459666102609953e-05
1.33,1.845966610260996e-05
1.3325,1.845966610260997e-05
1.335,1.845966610260998e-05
1.3375,1.8459666102609984e-05
1.34,1.845966610260999e-05
1.3425,1.8459666102609997e-05
1.345,1.8459666102610004e-05
1.3475,1.8459666102610014e-05
1.35,1.8459666102610024e-05
1.3525,1.8459666102610028e-05
1.355,1.8459666102610038e-05
1.3575,1.8459666102610038e-05
1.36,1.8459666102610041e-05
1.3625,1.8459666102610048e-05
1.365,1.8459666102610048e-05
1.3675,1.8459666102610058e-05
1.37,1.8459666102610058e-05
1.3725,1.8459666102610058e-05
1.375,1.8459666102610048e-05
1.3775,1.8459666102610048e-05
1.38,1.8459666102610045e-05
1.3825,1.8459666102610038e-05
1.385,1.8459666102610028e-05
1.3875,1.8459666102610024e-05
1.39,1.8459666102610014e-05
1.3925,1.8459666102610004e-05
1.395,1.8459666102609987e-05
1.3975,1.845966610260998e-05
1.4,1.845966610260996e-05
1.4025,1.8459666102609943e-05
1.405,1.8459666102609936e-05
1.4075,1.8459666102609919e-05
1.41,1.8459666102609902e-05
1.4125,1.8459666102609889e-05
1.415,1.8459666102609872e-05
1.4175,1.8459666102609852e-05
1.42,1.8459666102609841e-05
1.4225,1.8459666102609821e-05
1.425,1.8459666102609804e-05
1.4275,1.8459666102609777e-05
1.43,1.8459666102609767e-05
1.4325,1.845966610260975e-05
1.435,1.845966610260973e-05
1.4375,1.8459666102609716e-05
1.44,1.8459666102609702e-05
1.4425,1.8459666102609682e-05
1.445,1.8459666102609669e-05
1.4475,1.8459666102609652e-05
1.45,1.8459666102609635e-05
1.4525,1.8459666102609625e-05
1.455,1.8459666102609608e-05
1.4575,1.8459666102609594e-05
1.46,1.8459666102609577e-05
1.4625,1.845966610260956e-05
1.465,1.8459666102609553e-05
1.4675,1.8459666102609543e-05
1.47,1.8459666102609526e-05
1.4725,1.8459666102609513e-05
1.475,1.8459666102609506e-05
1.4775,1.8459666102609496e-05
1.48,1.8459666102609489e-05
1.4825,1.8459666102609472e-05
1.485,1.8459666102609465e-05
1.4875,1.8459666102609459e-05
1.49,1.8459666102609455e-05
1.4925,1.8459666102609452e-05
1.495,1.8459666102609438e-05
1.4975,1.8459666102609435e-05
1.5,1.8459666102609431e-05
1.5025,1.8459666102609431e-05
1.505,1.8459666102609425e-05
1.5075,1.8459666102609418e-05
1.51,1.8459666102609411e-05
1.5125,1.8459666102609404e-05
1.515,1.8459666102609401e-05
1.5175,1.8459666102609391e-05
1.52,1.8459666102609384e-05
1.5225,1.8459666102609377e-05
1.525,1.845966610260937e-05
1.5275,1.8459666102609357e-05
1.53,1.8459666102609347e-05
1.5325,1.8459666102609333e-05
1.535,1.8459666102609337e-05
1.5375,1.845966610260933e-05
1.54,1.8459666102609326e-05
1.5425,1.8459666102609316e-05
1.545,1.8459666102609313e-05
1.5475,1.8459666102609299e-05
1.55,1.8459666102609293e-05
1.5525,1.8459666102609293e-05
1.555,1.8459666102609286e-05
1.5575,1.8459666102609279e-05
1.56,1.8459666102609276e-05
1.5625,1.8459666102609272e-05
1.565,1.8459666102609269e-05
1.5675,1.8459666102609262e-05
1.57,1.8459666102609248e-05
1.5725,1.8459666102609248e-05
1.575,1.8459666102609245e-05
1.5775,1.8459666102609245e-05
1.58,1.8459666102609248e-05
1.5825,1.8459666102609248e-05
1.585,1.8459666102609248e-05
1.5875,1.8459666102609248e-05
1.59,1.8459666102609252e-05
1.5925,1.8459666102609252e-05
1.595,1.8459666102609269e-05
1.5975,1.8459666102609276e-05
1.6,1.8459666102609289e-05
1.6025,1.8459666102609296e-05
1.605,1.8459666102609313e-05
1.6075,1.8459666102609316e-05
1.61,1.8459666102609337e-05
1.6125,1.8459666102609337e-05
1.615,1.8459666102609364e-05
1.6175,1.8459666102609377e-05
1.62,1.8459666102609391e-05
1.6225,1.8459666102609411e-05
1.625,1.8459666102609425e-05
1.6275,1.8459666102609442e-05
1.63,1.8459666102609459e-05
1.6325,1.8459666102609472e-05
1.635,1.8459666102609492e-05
1.6375,1.8459666102609509e-05
1.64,1.845966610260952e-05
1.6425,1.8459666102609543e-05
1.645,1.845966610260955e-05
1.6475,1.845966610260957e-05
1.65,1.8459666102609591e-05
1.6525,1.8459666102609604e-05
1.655,1.8459666102609614e-05
1.6575,1.8459666102609635e-05
1.66,1.8459666102609652e-05
1.6625,1.8459666102609665e-05
1.665,1.8459666102609682e-05
1.6675,1.8459666102609689e-05
1.67,1.8459666102609699e-05
1.6725,1.8459666102609713e-05
1.675,1.8459666102609716e-05
1.6775,1.8459666102609726e-05
1.68,1.845966610260973e-05
1.6825,1.8459666102609736e-05
1.685,1.845966610260975e-05
1.6875,1.845966610260975e-05
1.69,1.8459666102609763e-05
1.6925,1.8459666102609767e-05
1.695,1.845966610260977e-05
1.6975,1.845966610260977e-05
1.7,1.845966610260977e-05
1.7025,1.845966610260978e-05
1.705,1.8459666102609777e-05
1.7075,1.8459666102609777e-05
1.71,1.8459666102609777e-05
1.7125,1.8459666102609784e-05
1.715,1.8459666102609784e-05
1.7175,1.8459666102609784e-05
1.72,1.8459666102609791e-05
1.7225,1.8459666102609791e-05
1.725,1.8459666102609791e-05
1.7275,1.8459666102609791e-05
1.73,1.8459666102609791e-05
1.7325,1.8459666102609791e-05
1.735,1.8459666102609791e-05
1.7375,1.8459666102609791e-05
1.74,1.8459666102609784e-05
1.7425,1.8459666102609777e-05
1.745,1.845966610260978e-05
1.7475,1.845966610260977e-05
1.75,1.8459666102609767e-05
1.7525,1.8459666102609763e-05
1.755,1.845966610260976e-05
1.7575,1.845966610260975e-05
1.76,1.845966610260975e-05
1.7625,1.8459666102609736e-05
1.765,1.845966610260973e-05
1.7675,1.8459666102609726e-05
1.77,1.8459666102609723e-05
1.7725,1.8459666102609713e-05
1.775,1.8459666102609702e-05
1.7775,1.8459666102609689e-05
1.78,1.8459666102609682e-05
1.7825,1.8459666102609679e-05
1.785,1.8459666102609665e-05
1.7875,1.8459666102609652e-05
1.79,1.8459666102609645e-05
1.7925,1.8459666102609635e-05
1.795,1.8459666102609631e-05
1.7975,1.8459666102609614e-05
1.8,1.8459666102609608e-05
1.8025,1.8459666102609594e-05
1.805,1.8459666102609591e-05
1.8075,1.8459666102609577e-05
1.81,1.8459666102609564e-05
1.8125,1.8459666102609553e-05
1.815,1.845966610260955e-05
1.8175,1.8459666102609543e-05
1.82,1.845966610260953e-05
1.8225,1.8459666102609523e-05
1.825,1.8459666102609513e-05
1.8275,1.8459666102609509e-05
1.83,1.8459666102609506e-05
1.8325,1.8459666102609496e-05
1.835,1.8459666102609496e-05
1.8375,1.8459666102609489e-05
1.84,1.8459666102609479e-05
1.8425,1.8459666102609479e-05
1.845,1.8459666102609479e-05
1.8475,1.8459666102609479e-05
1.85,1.8459666102609479e-05
1.8525,1.8459666102609479e-05
1.855,1.8459666102609482e-05
1.8575,1.8459666102609479e-05
1.86,1.8459666102609482e-05
1.8625,1.8459666102609489e-05
1.865,1.8459666102609492e-05
1.8675,1.8459666102609496e-05
1.87,1.8459666102609499e-05
1.8725,1.8459666102609503e-05
1.875,1.8459666102609506e-05
1.8775,1.8459666102609509e-05
1.88,1.8459666102609506e-05
1.8825,1.8459666102609513e-05
1.885,1.8459666102609513e-05
1.8875,1.8459666102609523e-05
1.89,1.8459666102609526e-05
1.8925,1.845966610260953e-05
1.895,1.845966610260954e-05
1.8975,1.8459666102609543e-05
1.9,1.8459666102609547e-05
1.9025,1.8459666102609547e-05
1.905,1.8459666102609553e-05
1.9075,1.845966610260955e-05
1.91,1.8459666102609553e-05
1.9125,1.8459666102609557e-05
1.915,1.845966610260956e-05
1.9175,1.845966610260956e-05
1.92,1.845966610260956e-05
1.9225,1.845966610260956e-05
1.925,1.845966610260956e-05
1.9275,1.8459666102609553e-05
1.93,1.845966610260955e-05
1.9325,1.845966610260955e-05
1.935,1.845966610260955e-05
1.9375,1.845966610260955e-05
1.94,1.845966610260955e-05
1.9425,1.8459666102609553e-05
1.945,1.845966610260955e-05
1.9475,1.8459666102609547e-05
1.95,1.8459666102609547e-05
1.9525,1.8459666102609543e-05
1.955,1.845966610260954e-05
1.9575,1.845966610260954e-05
1.96,1.845966610260953e-05
1.9625,1.845966610260953e-05
1.965,1.8459666102609526e-05
1.9675,1.845966610260953e-05
1.97,1.845966610260953e-05
1.9725,1.8459666102609526e-05
1.975,1.8459666102609523e-05
1.9775,1.8459666102609513e-05
1.98,1.8459666102609513e-05
1.9825,1.8459666102609506e-05
1.985,1.8459666102609506e-05
1.9875,1.8459666102609506e-05
1.99,1.8459666102609503e-05
1.9925,1.8459666102609496e-05
1.995,1.8459666102609492e-05
1.9975,1.8459666102609489e-05
2.0,1.8459666102609482e-05
2.0025,1.8459666102609479e-05
2.005,1.8459666102609475e-05
2.0075,1.8459666102609472e-05
2.01,1.8459666102609472e-05
2.0125,1.8459666102609472e-05
2.015,1.8459666102609472e-05
2.0175,1.8459666102609475e-05
2.02,1.8459666102609479e-05
2.0225,1.8459666102609482e-05
2.025,1.8459666102609486e-05
2.0275,1.8459666102609489e-05
2.03,1.8459666102609489e-05
2.0325,1.8459666102609489e-05
2.035,1.8459666102609489e-05
2.0375,1.8459666102609482e-05
2.04,1.8459666102609479e-05
2.0425,1.8459666102609475e-05
2.045,1.8459666102609475e-05
2.0475,1.8459666102609472e-05
2.05,1.8459666102609472e-05
2.0525,1.8459666102609472e-05
2.055,1.8459666102609469e-05
2.0575,1.8459666102609469e-05
2.06,1.8459666102609459e-05
2.0625,1.8459666102609455e-05
2.065,1.8459666102609452e-05
2.0675,1.8459666102609435e-05
2.07,1.8459666102609431e-05
2.0725,1.8459666102609425e-05
2.075,1.8459666102609414e-05
2.0775,1.8459666102609408e-05
2.08,1.8459666102609401e-05
2.0825,1.8459666102609387e-05
2.085,1.8459666102609377e-05
2.0875,1.845966610260937e-05
2.09,1.8459666102609364e-05
2.0925,1.8459666102609347e-05
2.095,1.8459666102609333e-05
2.0975,1.8459666102609326e-05
2.1,1.8459666102609316e-05
2.1025,1.8459666102609309e-05
2.105,1.8459666102609296e-05
2.1075,1.8459666102609293e-05
2.11,1.8459666102609279e-05
2.1125,1.8459666102609269e-05
2.115,1.8459666102609252e-05
2.1175,1.8459666102609248e-05
2.12,1.8459666102609245e-05
2.1225,1.8459666102609232e-05
2.125,1.8459666102609225e-05
2.1275,1.8459666102609211e-05
2.13,1.8459666102609204e-05
2.1325,1.8459666102609201e-05
2.135,1.8459666102609194e-05
2.1375,1.8459666102609181e-05
2.14,1.8459666102609181e-05
2.1425,1.8459666102609181e-05
2.145,1.8459666102609177e-05
2.1475,1.8459666102609174e-05
2.15,1.8459666102609171e-05
2.1525,1.845966610260916e-05
2.155,1.845966610260916e-05
2.1575,1.845966610260916e-05
2.16,1.8459666102609171e-05
2.1625,1.8459666102609174e-05
2.165,1.8459666102609177e-05
2.1675,1.8459666102609177e-05
2.17,1.8459666102609181e-05
2.1725,1.8459666102609181e-05
2.175,1.8459666102609181e-05
2.1775,1.8459666102609177e-05
2.18,1.8459666102609181e-05
2.1825,1.8459666102609181e-05
2.185,1.8459666102609191e-05
2.1875,1.8459666102609194e-05
2.19,1.8459666102609201e-05
2.1925,1.8459666102609204e-05
2.195,1.8459666102609211e-05
2.1975,1.8459666102609218e-05
2.2,1.8459666102609225e-05
2.2025,1.8459666102609232e-05
2.205,1.8459666102609245e-05
2.2075,1.8459666102609248e-05
2.21,1.8459666102609262e-05
2.2125,1.8459666102609269e-05
2.215,1.8459666102609272e-05
2.2175,1.8459666102609279e-05
2.22,1.8459666102609289e-05
2.2225,1.8459666102609296e-05
2.225,1.8459666102609313e-05
2.2275,1.8459666102609316e-05
2.23,1.8459666102609326e-05
2.2325,1.8459666102609337e-05
2.235,1.8459666102609337e-05
2.2375,1.845966610260935e-05
2.24,1.8459666102609364e-05
2.2425,1.845966610260937e-05
2.245,1.8459666102609381e-05
2.2475,1.8459666102609391e-05
2.25,1.8459666102609401e-05
2.2525,1.8459666102609414e-05
2.255,1.8459666102609425e-05
2.2575,1.8459666102609435e-05
2.26,1.8459666102609442e-05
2.2625,1.8459666102609455e-05
2.265,1.8459666102609459e-05
2.2675,1.8459666102609465e-05
2.27,1.8459666102609472e-05
2.2725,1.8459666102609482e-05
2.275,1.8459666102609496e-05
2.2775,1.8459666102609499e-05
2.28,1.8459666102609509e-05
2.2825,1.8459666102609506e-05
2.285,1.8459666102609513e-05
2.2875,1.845966610260952e-05
2.29,1.845966610260953e-05
2.2925,1.8459666102609547e-05
2.295,1.8459666102609553e-05
2.2975,1.8459666102609557e-05
2.3,1.8459666102609564e-05
2.3025,1.845966610260957e-05
2.305,1.8459666102609574e-05
2.3075,1.8459666102609581e-05
2.31,1.8459666102609584e-05
2.3125,1.8459666102609591e-05
2.315,1.8459666102609594e-05
2.3175,1.8459666102609594e-05
2.32,1.8459666102609597e-05
2.3225,1.8459666102609608e-05
2.325,1.8459666102609611e-05
2.3275,1.8459666102609611e-05
2.33,1.8459666102609611e-05
2.3325,1.8459666102609611e-05
2.335,1.8459666102609611e-05
2.3375,1.8459666102609611e-05
2.34,1.8459666102609608e-05
2.3425,1.8459666102609604e-05
2.345,1.8459666102609604e-05
2.3475,1.8459666102609594e-05
2.35,1.8459666102609591e-05
2.3525,1.8459666102609594e-05
2.355,1.8459666102609591e-05
2.3575,1.8459666102609591e-05
2.36,1.8459666102609584e-05
2.3625,1.8459666102609581e-05
2.365,1.8459666102609574e-05
2.3675,1.845966610260957e-05
2.37,1.8459666102609564e-05
2.3725,1.8459666102609553e-05
2.375,1.8459666102609553e-05
2.3775,1.8459666102609547e-05
2.38,1.8459666102609543e-05
2.3825,1.8459666102609526e-05
2.385,1.8459666102609523e-05
2.3875,1.8459666102609506e-05
2.39,1.8459666102609506e-05
2.3925,1.8459666102609496e-05
2.395,1.8459666102609489e-05
2.3975,1.8459666102609479e-05
2.4,1.8459666102609475e-05
2.4025,1.8459666102609472e-05
2.405,1.8459666102609465e-05
2.4075,1.8459666102609469e-05
2.41,1.8459666102609469e-05
2.4125,1.8459666102609459e-05
2.415,1.8459666102609455e-05
2.4175,1.8459666102609452e-05
2.42,1.8459666102609438e-05
2.4225,1.8459666102609435e-05
2.425,1.8459666102609431e-05
2.4275,1.8459666102609425e-05
2.43,1.8459666102609425e-05
2.4325,1.8459666102609414e-05
2.435,1.8459666102609408e-05
2.4375,1.8459666102609401e-05
2.44,1.8459666102609391e-05
2.4425,1.8459666102609391e-05
2.445,1.8459666102609387e-05
2.4475,1.8459666102609377e-05
2.45,1.8459666102609377e-05
2.4525,1.845966610260937e-05
2.455,1.8459666102609367e-05
2.4575,1.8459666102609357e-05
2.46,1.8459666102609354e-05
2.4625,1.8459666102609347e-05
2.465,1.8459666102609333e-05
2.4675,1.8459666102609337e-05
2.47,1.8459666102609326e-05
2.4725,1.845966610260932e-05
2.475,1.8459666102609316e-05
2.4775,1.8459666102609309e-05
2.48,1.8459666102609303e-05
2.4825,1.8459666102609296e-05
2.485,1.8459666102609296e-05
2.4875,1.8459666102609296e-05
2.49,1.8459666102609289e-05
2.4925,1.8459666102609279e-05
2.495,1.8459666102609276e-05
2.4975,1.8459666102609272e-05
2.5,1.8459666102609272e-05
2.5025,1.8459666102609272e-05
2.505,1.8459666102609272e-05
2.5075,1.8459666102609272e-05
2.51,1.8459666102609269e-05
2.5125,1.8459666102609262e-05
2.515,1.8459666102609262e-05
2.5175,1.8459666102609269e-05
2.52,1.8459666102609272e-05
2.5225,1.8459666102609279e-05
2.525,1.8459666102609289e-05
2.5275,1.8459666102609296e-05
2.53,1.8459666102609296e-05
2.5325,1.8459666102609313e-05
2.535,1.8459666102609316e-05
2.5375,1.845966610260932e-05
2.54,1.8459666102609326e-05
2.5425,1.8459666102609337e-05
2.545,1.8459666102609333e-05
2.5475,1.8459666102609347e-05
2.55,1.8459666102609357e-05
2.5525,1.845966610260937e-05
2.555,1.8459666102609381e-05
2.5575,1.8459666102609391e-05
2.56,1.8459666102609408e-05
2.5625,1.8459666102609425e-05
2.565,1.8459666102609435e-05
2.5675,1.8459666102609452e-05
2.57,1.8459666102609459e-05
2.5725,1.8459666102609469e-05
2.575,1.8459666102609482e-05
2.5775,1.8459666102609496e-05
2.58,1.8459666102609506e-05
2.5825,1.8459666102609513e-05
2.585,1.8459666102609526e-05
2.5875,1.845966610260954e-05
2.59,1.845966610260955e-05
2.5925,1.8459666102609557e-05
2.595,1.845966610260957e-05
2.5975,1.8459666102609591e-05
2.6,1.8459666102609594e-05
2.6025,1.8459666102609611e-05
2.605,1.8459666102609625e-05
2.6075,1.8459666102609635e-05
2.61,1.8459666102609641e-05
2.6125,1.8459666102609652e-05
2.615,1.8459666102609652e-05
2.6175,1.8459666102609658e-05
2.62,1.8459666102609662e-05
2.6225,1.8459666102609669e-05
2.625,1.8459666102609679e-05
2.6275,1.8459666102609679e-05
2.63,1.8459666102609682e-05
2.6325,1.8459666102609682e-05
2.635,1.8459666102609682e-05
2.6375,1.8459666102609682e-05
2.64,1.8459666102609682e-05
2.6425,1.8459666102609682e-05
2.645,1.8459666102609689e-05
2.6475,1.8459666102609689e-05
2.65,1.8459666102609682e-05
2.6525,1.8459666102609682e-05
2.655,1.8459666102609679e-05
2.6575,1.8459666102609679e-05
2.66,1.8459666102609679e-05
2.6625,1.8459666102609669e-05
2.665,1.8459666102609665e-05
2.6675,1.8459666102609662e-05
2.67,1.8459666102609658e-05
2.6725,1.8459666102609652e-05
2.675,1.8459666102609645e-05
2.6775,1.8459666102609638e-05
2.68,1.8459666102609635e-05
2.6825,1.8459666102609631e-05
2.685,1.8459666102609625e-05
2.6875,1.8459666102609611e-05
2.69,1.8459666102609591e-05
2.6925,1.8459666102609591e-05
2.695,1.8459666102609584e-05
2.6975,1.8459666102609581e-05
2.7,1.8459666102609564e-05
2.7025,1.845966610260954e-05
2.705,1.8459666102609513e-05
2.7075,1.8459666102609506e-05
2.71,1.8459666102609496e-05
2.7125,1.8459666102609482e-05
2.715,1.8459666102609472e-05
2.7175,1.8459666102609469e-05
2.72,1.8459666102609455e-05
2.7225,1.8459666102609442e-05
2.725,1.8459666102609435e-05
2.7275,1.8459666102609425e-05
2.73,1.8459666102609414e-05
2.7325,1.8459666102609401e-05
2.735,1.8459666102609391e-05
2.7375,1.8459666102609381e-05
2.74,1.8459666102609377e-05
2.7425,1.845966610260937e-05
2.745,1.8459666102609357e-05
2.7475,1.8459666102609347e-05
2.75,1.8459666102609337e-05
2.7525,1.8459666102609326e-05
2.755,1.8459666102609316e-05
2.7575,1.8459666102609309e-05
2.76,1.8459666102609299e-05
2.7625,1.8459666102609293e-05
2.765,1.8459666102609289e-05
2.7675,1.8459666102609279e-05
2.77,1.8459666102609269e-05
2.7725,1.8459666102609252e-05
2.775,1.8459666102609248e-05
2.7775,1.8459666102609248e-05
2.78,1.8459666102609245e-05
2.7825,1.8459666102609235e-05
2.785,1.8459666102609232e-05
2.7875,1.8459666102609225e-05
2.79,1.8459666102609218e-05
2.7925,1.8459666102609218e-05
2.795,1.8459666102609215e-05
2.7975,1.8459666102609218e-05
2.8,1.8459666102609218e-05
2.8025,1.8459666102609215e-05
2.805,1.8459666102609218e-05
2.8075,1.8459666102609218e-05
2.81,1.8459666102609225e-05
2.8125,1.8459666102609225e-05
2.815,1.8459666102609232e-05
2.8175,1.8459666102609232e-05
2.82,1.8459666102609235e-05
2.8225,1.8459666102609238e-05
2.825,1.8459666102609245e-05
2.8275,1.8459666102609248e-05
2.83,1.8459666102609262e-05
2.8325,1.8459666102609272e-05
2.835,1.8459666102609279e-05
2.8375,1.8459666102609296e-05
2.84,1.8459666102609299e-05
2.8425,1.8459666102609313e-05
2.845,1.8459666102609323e-05
2.8475,1.8459666102609333e-05
2.85,1.8459666102609347e-05
2.8525,1.8459666102609357e-05
2.855,1.845966610260937e-05
2.8575,1.8459666102609384e-05
2.86,1.8459666102609391e-05
2.8625,1.8459666102609411e-05
2.865,1.8459666102609425e-05
2.8675,1.8459666102609438e-05
2.87,1.8459666102609455e-05
2.8725,1.8459666102609472e-05
2.875,1.8459666102609492e-05
2.8775,1.8459666102609509e-05
2.88,1.845966610260952e-05
2.8825,1.8459666102609543e-05
2.885,1.8459666102609553e-05
2.8875,1.845966610260957e-05
2.89,1.8459666102609581e-05
2.8925,1.8459666102609594e-05
2.895,1.8459666102609597e-05
2.8975,1.8459666102609611e-05
2.9,1.8459666102609614e-05
2.9025,1.8459666102609631e-05
2.905,1.8459666102609641e-05
2.9075,1.8459666102609658e-05
2.91,1.8459666102609669e-05
2.9125,1.8459666102609682e-05
2.915,1.8459666102609689e-05
2.9175,1.8459666102609702e-05
2.92,1.8459666102609709e-05
2.9225,1.8459666102609716e-05
2.925,1.8459666102609726e-05
2.9275,1.8459666102609733e-05
2.93,1.845966610260974e-05
2.9325,1.845966610260975e-05
2.935,1.845966610260976e-05
2.9375,1.8459666102609767e-05
2.94,1.845966610260977e-05
2.9425,1.845966610260978e-05
2.945,1.8459666102609777e-05
2.9475,1.8459666102609777e-05
2.95,1.8459666102609784e-05
2.9525,1.8459666102609784e-05
2.955,1.8459666102609784e-05
2.9575,1.8459666102609784e-05
2.96,1.8459666102609784e-05
2.9625,1.8459666102609777e-05
2.965,1.845966610260978e-05
2.9675,1.845966610260977e-05
2.97,1.8459666102609767e-05
2.9725,1.845966610260976e-05
2.975,1.8459666102609757e-05
2.9775,1.845966610260975e-05
2.98,1.845966610260974e-05
2.9825,1.845966610260973e-05
2.985,1.8459666102609726e-05
2.9875,1.8459666102609716e-05
2.99,1.8459666102609709e-05
2.9925,1.8459666102609696e-05
2.995,1.8459666102609682e-05
2.9975,1.8459666102609669e-05
3.0,1.8459666102609652e-05
3.0025,1.8459666102609635e-05
3.005,1.8459666102609625e-05
3.0075,1.8459666102609608e-05
3.01,1.8459666102609594e-05
3.0125,1.8459666102609577e-05
3.015,1.845966610260956e-05
3.0175,1.8459666102609547e-05
3.02,1.8459666102609526e-05
3.0225,1.8459666102609506e-05
3.025,1.8459666102609496e-05
3.0275,1.8459666102609475e-05
3.03,1.8459666102609469e-05
3.0325,1.8459666102609452e-05
3.035,1.8459666102609435e-05
3.0375,1.8459666102609425e-05
3.04,1.8459666102609404e-05
3.0425,1.8459666102609387e-05
3.045,1.8459666102609377e-05
3.0475,1.8459666102609364e-05
3.05,1.8459666102609337e-05
3.0525,1.8459666102609326e-05
3.055,1.8459666102609313e-05
3.0575,1.8459666102609299e-05
3.06,1.8459666102609296e-05
3.0625,1.8459666102609279e-05
3.065,1.8459666102609265e-05
3.0675,1.8459666102609252e-05
3.07,1.8459666102609248e-05
3.0725,1.8459666102609245e-05
3.075,1.8459666102609238e-05
3.0775,1.8459666102609232e-05
3.08,1.8459666102609225e-05
3.0825,1.8459666102609225e-05
3.085,1.8459666102609218e-05
3.0875,1.8459666102609218e-05
3.09,1.8459666102609218e-05
3.0925,1.8459666102609215e-05
3.095,1.8459666102609218e-05
3.0975,1.8459666102609225e-05
3.1,1.8459666102609225e-05
3.1025,1.8459666102609232e-05
3.105,1.8459666102609245e-05
3.1075,1.8459666102609248e-05
3.11,1.8459666102609262e-05
3.1125,1.8459666102609272e-05
3.115,1.8459666102609286e-05
3.1175,1.8459666102609293e-05
3.12,1.8459666102609313e-05
3.1225,1.845966610260932e-05
3.125,1.8459666102609337e-05
3.1275,1.8459666102609347e-05
3.13,1.8459666102609367e-05
3.1325,1.8459666102609377e-05
3.135,1.8459666102609387e-05
3.1375,1.8459666102609401e-05
3.14,1.8459666102609418e-05
3.1425,1.8459666102609431e-05
3.145,1.8459666102609452e-05
3.1475,1.8459666102609469e-05
3.15,1.8459666102609479e-05
3.1525,1.8459666102609499e-05
3.155,1.8459666102609513e-05
3.1575,1.8459666102609526e-05
3.16,1.8459666102609547e-05
3.1625,1.8459666102609557e-05
3.165,1.845966610260957e-05
3.1675,1.8459666102609591e-05
3.17,1.8459666102609594e-05
3.1725,1.8459666102609611e-05
3.175,1.8459666102609631e-05
3.1775,1.8459666102609638e-05
3.18,1.8459666102609652e-05
3.1825,1.8459666102609662e-05
3.185,1.8459666102609679e-05
3.1875,1.8459666102609682e-05
3.19,1.8459666102609692e-05
3.1925,1.8459666102609699e-05
3.195,1.8459666102609713e-05
3.1975,1.8459666102609723e-05
3.2,1.8459666102609726e-05
3.2025,1.845966610260973e-05
3.205,1.845966610260974e-05
3.2075,1.845966610260975e-05
3.21,1.8459666102609753e-05
3.2125,1.8459666102609757e-05
3.215,1.845966610260976e-05
3.2175,1.845966610260976e-05
3.22,1.8459666102609767e-05
3.2225,1.8459666102609767e-05
3.225,1.845966610260976e-05
3.2275,1.845966610260976e-05
3.23,1.8459666102609763e-05
3.2325,1.8459666102609757e-05
3.235,1.845966610260975e-05
3.2375,1.845966610260975e-05
3.24,1.8459666102609736e-05
3.2425,1.845966610260973e-05
3.245,1.8459666102609726e-05
3.2475,1.8459666102609719e-05
3.25,1.8459666102609713e-05
3.2525,1.8459666102609699e-05
3.255,1.8459666102609689e-05
3.2575,1.8459666102609682e-05
3.26,1.8459666102609665e-05
3.2625,1.8459666102609645e-05
3.265,1.8459666102609635e-05
3.2675,1.8459666102609614e-05
3.27,1.8459666102609594e-05
3.2725,1.8459666102609591e-05
3.275,1.845966610260957e-05
3.2775,1.845966610260955e-05
3.28,1.845966610260954e-05
3.2825,1.8459666102609523e-05
3.285,1.8459666102609506e-05
3.2875,1.8459666102609482e-05
3.29,1.8459666102609469e-05
3.2925,1.8459666102609442e-05
3.295,1.8459666102609425e-05
3.2975,1.8459666102609408e-05
3.3,1.8459666102609387e-05
3.3025,1.845966610260937e-05
3.305,1.8459666102609354e-05
3.3075,1.8459666102609337e-05
3.31,1.8459666102609316e-05
3.3125,1.8459666102609299e-05
3.315,1.8459666102609289e-05
3.3175,1.8459666102609269e-05
3.32,1.8459666102609248e-05
3.3225,1.8459666102609245e-05
3.325,1.8459666102609228e-05
3.3275,1.8459666102609211e-05
3.33,1.8459666102609208e-05
3.3325,1.8459666102609198e-05
3.335,1.8459666102609181e-05
3.3375,1.8459666102609177e-05
3.34,1.8459666102609171e-05
3.3425,1.8459666102609164e-05
3.345,1.845966610260916e-05
3.3475,1.8459666102609154e-05
3.35,1.8459666102609147e-05
3.3525,1.845966610260914e-05
3.355,1.845966610260914e-05
3.3575,1.845966610260914e-05
3.36,1.845966610260914e-05
3.3625,1.845966610260914e-05
3.365,1.845966610260914e-05
3.3675,1.8459666102609147e-05
3.37,1.8459666102609147e-05
3.3725,1.8459666102609147e-05
3.375,1.8459666102609157e-05
3.3775,1.845966610260916e-05
3.38,1.8459666102609164e-05
3.3825,1.845966610260916e-05
3.385,1.8459666102609174e-05
3.3875,1.8459666102609181e-05
3.39,1.8459666102609194e-05
3.3925,1.8459666102609201e-05
3.395,1.8459666102609215e-05
3.3975,1.8459666102609228e-05
3.4,1.8459666102609245e-05
3.4025,1.8459666102609252e-05
3.405,1.8459666102609265e-05
3.4075,1.8459666102609286e-05
3.41,1.8459666102609296e-05
3.4125,1.8459666102609313e-05
3.415,1.845966610260933e-05
3.4175,1.8459666102609347e-05
3.42,1.8459666102609367e-05
3.4225,1.8459666102609377e-05
3.425,1.8459666102609391e-05
3.4275,1.8459666102609414e-05
3.43,1.8459666102609431e-05
3.4325,1.8459666102609452e-05
3.435,1.8459666102609469e-05
3.4375,1.8459666102609489e-05
3.44,1.8459666102609506e-05
3.4425,1.845966610260952e-05
3.445,1.8459666102609543e-05
3.4475,1.8459666102609553e-05
3.45,1.845966610260957e-05
3.4525,1.8459666102609591e-05
3.455,1.8459666102609604e-05
3.4575,1.8459666102609625e-05
3.46,1.8459666102609635e-05
3.4625,1.8459666102609652e-05
3.465,1.8459666102609665e-05
3.4675,1.8459666102609682e-05
3.47,1.8459666102609692e-05
3.4725,1.8459666102609713e-05
3.475,1.845966610260973e-05
3.4775,1.845966610260975e-05
3.48,1.8459666102609763e-05
3.4825,1.845966610260977e-05
3.485,1.8459666102609784e-05
3.4875,1.8459666102609791e-05
3.49,1.8459666102609804e-05
3.4925,1.8459666102609804e-05
3.495,1.8459666102609814e-05
3.4975,1.8459666102609821e-05
3.5,1.8459666102609828e-05
3.5025,1.8459666102609835e-05
3.505,1.8459666102609835e-05
3.5075,1.8459666102609835e-05
3.51,1.8459666102609838e-05
3.5125,1.8459666102609838e-05
3.515,1.8459666102609835e-05
3.5175,1.8459666102609831e-05
3.52,1.8459666102609831e-05
3.5225,1.8459666102609828e-05
3.525,1.8459666102609821e-05
3.5275,1.8459666102609818e-05
3.53,1.8459666102609811e-05
3.5325,1.8459666102609804e-05
3.535,1.8459666102609808e-05
3.5375,1.8459666102609804e-05
3.54,1.8459666102609791e-05
3.5425,1.8459666102609777e-05
3.545,1.8459666102609767e-05
3.5475,1.8459666102609763e-05
3.55,1.845966610260975e-05
3.5525,1.8459666102609736e-05
3.555,1.8459666102609726e-05
3.5575,1.8459666102609713e-05
3.56,1.8459666102609692e-05
3.5625,1.8459666102609682e-05
3.565,1.8459666102609662e-05
3.5675,1.8459666102609645e-05
3.57,1.8459666102609635e-05
3.5725,1.8459666102609625e-05
3.575,1.8459666102609608e-05
3.5775,1.8459666102609591e-05
3.58,1.845966610260957e-05
3.5825,1.8459666102609557e-05
3.585,1.8459666102609547e-05
3.5875,1.845966610260952e-05
3.59,1.8459666102609509e-05
3.5925,1.8459666102609489e-05
3.595,1.8459666102609472e-05
3.5975,1.8459666102609455e-05
3.6,1.8459666102609438e-05
3.6025,1.8459666102609431e-05
3.605,1.8459666102609418e-05
3.6075,1.8459666102609404e-05
3.61,1.8459666102609391e-05
3.6125,1.8459666102609384e-05
3.615,1.8459666102609377e-05
3.6175,1.845966610260937e-05
3.62,1.8459666102609364e-05
3.6225,1.8459666102609354e-05
3.625,1.8459666102609337e-05
3.6275,1.8459666102609337e-05
3.63,1.8459666102609326e-05
3.6325,1.845966610260932e-05
3.635,1.8459666102609316e-05
3.6375,1.8459666102609313e-05
3.64,1.8459666102609309e-05
3.6425,1.8459666102609313e-05
3.645,1.8459666102609313e-05
3.6475,1.8459666102609313e-05
3.65,1.8459666102609309e-05
3.6525,1.8459666102609313e-05
3.655,1.8459666102609316e-05
3.6575,1.8459666102609316e-05
3.66,1.8459666102609316e-05
3.6625,1.845966610260932e-05
3.665,1.8459666102609326e-05
3.6675,1.8459666102609337e-05
3.67,1.8459666102609333e-05
3.6725,1.8459666102609337e-05
3.675,1.845966610260935e-05
3.6775,1.8459666102609357e-05
3.68,1.845966610260937e-05
3.6825,1.8459666102609377e-05
3.685,1.8459666102609384e-05
3.6875,1.8459666102609391e-05
3.69,1.8459666102609408e-05
3.6925,1.8459666102609418e-05
3.695,1.8459666102609425e-05
3.6975,1.8459666102609435e-05
3.7,1.8459666102609452e-05
3.7025,1.8459666102609459e-05
3.705,1.8459666102609472e-05
3.7075,1.8459666102609482e-05
3.71,1.8459666102609496e-05
3.7125,1.8459666102609509e-05
3.715,1.8459666102609513e-05
3.7175,1.845966610260952e-05
3.72,1.845966610260953e-05
3.7225,1.8459666102609547e-05
3.725,1.8459666102609553e-05
3.7275,1.8459666102609557e-05
3.73,1.8459666102609564e-05
3.7325,1.8459666102609574e-05
3.735,1.8459666102609591e-05
3.7375,1.8459666102609591e-05
3.74,1.8459666102609608e-05
3.7425,1.8459666102609614e-05
3.745,1.8459666102609625e-05
3.7475,1.8459666102609631e-05
3.75,1.8459666102609635e-05
3.7525,1.8459666102609635e-05
3.755,1.8459666102609635e-05
3.7575,1.8459666102609638e-05
3.76,1.8459666102609641e-05
3.7625,1.8459666102609641e-05
3.765,1.8459666102609645e-05
3.7675,1.8459666102609645e-05
3.77,1.8459666102609641e-05
3.7725,1.8459666102609635e-05
3.775,1.8459666102609635e-05
3.7775,1.8459666102609635e-05
3.78,1.8459666102609635e-05
3.7825,1.8459666102609631e-05
3.785,1.8459666102609625e-05
3.7875,1.8459666102609614e-05
3.79,1.8459666102609611e-05
3.7925,1.8459666102609611e-05
3.795,1.8459666102609608e-05
3.7975,1.8459666102609597e-05
3.8,1.8459666102609594e-05
3.8025,1.8459666102609591e-05
3.805,1.8459666102609577e-05
3.8075,1.845966610260957e-05
3.81,1.845966610260956e-05
3.8125,1.845966610260955e-05
3.815,1.8459666102609547e-05
3.8175,1.845966610260954e-05
3.82,1.8459666102609526e-05
3.8225,1.8459666102609523e-05
3.825,1.8459666102609506e-05
3.8275,1.8459666102609503e-05
3.83,1.8459666102609492e-05
3.8325,1.8459666102609475e-05
3.835,1.8459666102609465e-05
3.8375,1.8459666102609459e-05
3.84,1.8459666102609455e-05
3.8425,1.8459666102609452e-05
3.845,1.8459666102609435e-05
3.8475,1.8459666102609431e-05
3.85,1.8459666102609418e-05
3.8525,1.8459666102609414e-05
3.855,1.8459666102609408e-05
3.8575,1.8459666102609401e-05
3.86,1.8459666102609391e-05
3.8625,1.8459666102609387e-05
3.865,1.8459666102609384e-05
3.8675,1.8459666102609377e-05
3.87,1.845966610260937e-05
3.8725,1.845966610260937e-05
3.875,1.8459666102609367e-05
3.8775,1.8459666102609357e-05
3.88,1.8459666102609354e-05
3.8825,1.845966610260935e-05
3.885,1.8459666102609347e-05
3.8875,1.8459666102609347e-05
3.89,1.8459666102609347e-05
3.8925,1.8459666102609347e-05
3.895,1.8459666102609347e-05
3.8975,1.8459666102609347e-05
3.9,1.8459666102609347e-05
3.9025,1.8459666102609347e-05
3.905,1.8459666102609347e-05
3.9075,1.8459666102609357e-05
3.91,1.8459666102609364e-05
3.9125,1.8459666102609367e-05
3.915,1.845966610260937e-05
3.9175,1.845966610260937e-05
3.92,1.8459666102609377e-05
3.9225,1.8459666102609384e-05
3.925,1.8459666102609391e-05
3.9275,1.8459666102609401e-05
3.93,1.8459666102609408e-05
3.9325,1.8459666102609418e-05
3.935,1.8459666102609425e-05
3.9375,1.8459666102609431e-05
3.94,1.8459666102609435e-05
3.9425,1.8459666102609442e-05
3.945,1.8459666102609455e-05
3.9475,1.8459666102609459e-05
3.95,1.8459666102609465e-05
3.9525,1.8459666102609472e-05
3.955,1.8459666102609486e-05
3.9575,1.8459666102609496e-05
3.96,1.8459666102609506e-05
3.9625,1.8459666102609513e-05
3.965,1.8459666102609526e-05
3.9675,1.845966610260953e-05
3.97,1.8459666102609547e-05
3.9725,1.845966610260955e-05
3.975,1.8459666102609553e-05
3.9775,1.8459666102609564e-05
3.98,1.845966610260957e-05
3.9825,1.8459666102609574e-05
3.985,1.8459666102609581e-05
3.9875,1.8459666102609591e-05
3.99,1.8459666102609594e-05
3.9925,1.8459666102609591e-05
3.995,1.8459666102609597e-05
3.9975,1.8459666102609608e-05
4.0,1.8459666102609611e-05
4.0025,1.8459666102609614e-05
4.005,1.8459666102609614e-05
4.0075,1.8459666102609625e-05
4.01,1.8459666102609625e-05
4.0125,1.8459666102609631e-05
4.015,1.8459666102609631e-05
4.0175,1.8459666102609631e-05
4.02,1.8459666102609631e-05
4.0225,1.8459666102609631e-05
4.025,1.8459666102609635e-05
4.0275,1.8459666102609631e-05
4.03,1.8459666102609631e-05
4.0325,1.8459666102609631e-05
4.035,1.8459666102609631e-05
4.0375,1.8459666102609625e-05
4.04,1.8459666102609614e-05
4.0425,1.8459666102609611e-05
4.045,1.8459666102609608e-05
4.0475,1.8459666102609597e-05
4.05,1.8459666102609591e-05
4.0525,1.8459666102609591e-05
4.055,1.8459666102609581e-05
4.0575,1.8459666102609577e-05
4.06,1.845966610260957e-05
4.0625,1.8459666102609564e-05
4.065,1.8459666102609553e-05
4.0675,1.8459666102609547e-05
4.07,1.845966610260953e-05
4.0725,1.845966610260952e-05
4.075,1.8459666102609513e-05
4.0775,1.8459666102609506e-05
4.08,1.8459666102609496e-05
4.0825,1.8459666102609482e-05
4.085,1.8459666102609472e-05
4.0875,1.8459666102609465e-05
4.09,1.8459666102609459e-05
4.0925,1.8459666102609455e-05
4.095,1.8459666102609442e-05
4.0975,1.8459666102609435e-05
4.1,1.8459666102609425e-05
4.1025,1.8459666102609418e-05
4.105,1.8459666102609414e-05
4.1075,1.8459666102609404e-05
4.11,1.8459666102609391e-05
4.1125,1.8459666102609387e-05
4.115,1.8459666102609384e-05
4.1175,1.8459666102609377e-05
4.12,1.845966610260937e-05
4.1225,1.845966610260937e-05
4.125,1.8459666102609367e-05
4.1275,1.8459666102609364e-05
4.13,1.8459666102609357e-05
4.1325,1.8459666102609357e-05
4.135,1.8459666102609357e-05
4.1375,1.8459666102609354e-05
4.14,1.8459666102609347e-05
4.1425,1.845966610260935e-05
4.145,1.845966610260935e-05
4.1475,1.8459666102609357e-05
4.15,1.8459666102609357e-05
4.1525,1.8459666102609357e-05
4.155,1.8459666102609367e-05
4.1575,1.845966610260937e-05
4.16,1.845966610260937e-05
4.1625,1.8459666102609377e-05
4.165,1.8459666102609377e-05
4.1675,1.8459666102609384e-05
4.17,1.8459666102609391e-05
4.1725,1.8459666102609401e-05
4.175,1.8459666102609404e-05
4.1775,1.8459666102609414e-05
4.18,1.8459666102609418e-05
4.1825,1.8459666102609425e-05
4.185,1.8459666102609431e-05
4.1875,1.8459666102609435e-05
4.19,1.8459666102609438e-05
4.1925,1.8459666102609452e-05
4.195,1.8459666102609455e-05
4.1975,1.8459666102609459e-05
4.2,1.8459666102609469e-05
4.2025,1.8459666102609475e-05
4.205,1.8459666102609486e-05
4.2075,1.8459666102609499e-05
4.21,1.8459666102609509e-05
4.2125,1.8459666102609513e-05
4.215,1.845966610260952e-05
4.2175,1.845966610260953e-05
4.22,1.8459666102609547e-05
4.2225,1.845966610260955e-05
4.225,1.845966610260955e-05
4.2275,1.8459666102609557e-05
4.23,1.8459666102609564e-05
4.2325,1.845966610260957e-05
4.235,1.8459666102609577e-05
4.2375,1.8459666102609581e-05
4.24,1.8459666102609584e-05
4.2425,1.8459666102609591e-05
4.245,1.8459666102609594e-05
4.2475,1.8459666102609591e-05
4.25,1.8459666102609597e-05
4.2525,1.8459666102609604e-05
4.255,1.8459666102609608e-05
4.2575,1.8459666102609611e-05
4.26,1.8459666102609611e-05
4.2625,1.8459666102609611e-05
4.265,1.8459666102609614e-05
4.2675,1.8459666102609614e-05
4.27,1.8459666102609614e-05
4.2725,1.8459666102609614e-05
4.275,1.8459666102609611e-05
4.2775,1.8459666102609611e-05
4.28,1.8459666102609608e-05
4.2825,1.8459666102609604e-05
4.285,1.8459666102609591e-05
4.2875,1.8459666102609591e-05
4.29,1.8459666102609584e-05
4.2925,1.8459666102609577e-05
4.295,1.845966610260957e-05
4.2975,1.8459666102609557e-05
4.3,1.845966610260955e-05
4.3025,1.845966610260954e-05
4.305,1.8459666102609526e-05
4.3075,1.8459666102609513e-05
4.31,1.8459666102609506e-05
4.3125,1.8459666102609499e-05
4.315,1.8459666102609489e-05
4.3175,1.8459666102609472e-05
4.32,1.8459666102609459e-05
4.3225,1.8459666102609452e-05
4.325,1.8459666102609435e-05
4.3275,1.8459666102609425e-05
4.33,1.8459666102609418e-05
4.3325,1.8459666102609404e-05
4.335,1.8459666102609391e-05
4.3375,1.8459666102609377e-05
4.34,1.845966610260937e-05
4.3425,1.8459666102609357e-05
4.345,1.8459666102609337e-05
4.3475,1.8459666102609337e-05
4.35,1.8459666102609326e-05
4.3525,1.8459666102609316e-05
4.355,1.8459666102609313e-05
4.3575,1.8459666102609296e-05
4.36,1.8459666102609289e-05
4.3625,1.8459666102609279e-05
4.365,1.8459666102609265e-05
4.3675,1.8459666102609265e-05
4.37,1.8459666102609252e-05
4.3725,1.8459666102609248e-05
4.375,1.8459666102609245e-05
4.3775,1.8459666102609235e-05
4.38,1.8459666102609228e-05
4.3825,1.8459666102609218e-05
4.385,1.8459666102609211e-05
4.3875,1.8459666102609208e-05
4.39,1.8459666102609204e-05
4.3925,1.8459666102609201e-05
4.395,1.8459666102609201e-05
4.3975,1.8459666102609201e-05
4.4,1.8459666102609208e-05
4.4025,1.8459666102609204e-05
4.405,1.8459666102609211e-05
4.4075,1.8459666102609218e-05
4.41,1.8459666102609218e-05
4.4125,1.8459666102609225e-05
4.415,1.8459666102609232e-05
4.4175,1.8459666102609245e-05
4.42,1.8459666102609245e-05
4.4225,1.8459666102609248e-05
4.425,1.8459666102609265e-05
4.4275,1.8459666102609279e-05
4.43,1.8459666102609296e-05
4.4325,1.8459666102609303e-05
4.435,1.8459666102609316e-05
4.4375,1.8459666102609326e-05
4.44,1.8459666102609333e-05
4.4425,1.845966610260935e-05
4.445,1.845966610260937e-05
4.4475,1.8459666102609377e-05
4.45,1.8459666102609387e-05
4.4525,1.8459666102609401e-05
4.455,1.8459666102609418e-05
4.4575,1.8459666102609435e-05
4.46,1.8459666102609452e-05
4.4625,1.8459666102609459e-05
4.465,1.8459666102609475e-05
4.4675,1.8459666102609496e-05
4.47,1.8459666102609506e-05
4.4725,1.845966610260952e-05
4.475,1.845966610260954e-05
4.4775,1.8459666102609553e-05
4.48,1.8459666102609564e-05
4.4825,1.8459666102609584e-05
4.485,1.8459666102609597e-05
4.4875,1.8459666102609625e-05
4.49,1.8459666102609635e-05
4.4925,1.8459666102609645e-05
4.495,1.8459666102609658e-05
4.4975,1.8459666102609669e-05
4.5,1.8459666102609682e-05
4.5025,1.8459666102609692e-05
4.505,1.8459666102609699e-05
4.5075,1.8459666102609713e-05
4.51,1.8459666102609719e-05
4.5125,1.845966610260973e-05
4.515,1.8459666102609736e-05
4.5175,1.845966610260975e-05
4.52,1.845966610260975e-05
4.5225,1.8459666102609753e-05
4.525,1.8459666102609757e-05
4.5275,1.845966610260976e-05
4.53,1.8459666102609757e-05
4.5325,1.8459666102609757e-05
4.535,1.8459666102609753e-05
4.5375,1.845966610260975e-05
4.54,1.845966610260975e-05
4.5425,1.8459666102609736e-05
4.545,1.845966610260973e-05
4.5475,1.8459666102609719e-05
4.55,1.8459666102609713e-05
4.5525,1.8459666102609709e-05
4.555,1.8459666102609696e-05
4.5575,1.8459666102609682e-05
4.56,1.8459666102609679e-05
4.5625,1.8459666102609665e-05
4.565,1.8459666102609652e-05
4.5675,1.8459666102609638e-05
4.57,1.8459666102609625e-05
4.5725,1.8459666102609608e-05
4.575,1.8459666102609594e-05
4.5775,1.8459666102609574e-05
4.58,1.845966610260956e-05
4.5825,1.8459666102609547e-05
4.585,1.8459666102609526e-05
4.5875,1.8459666102609509e-05
4.59,1.8459666102609489e-05
4.5925,1.8459666102609465e-05
4.595,1.8459666102609452e-05
4.5975,1.8459666102609431e-05
4.6,1.8459666102609414e-05
4.6025,1.8459666102609391e-05
4.605,1.8459666102609377e-05
4.6075,1.845966610260937e-05
4.61,1.8459666102609354e-05
4.6125,1.8459666102609333e-05
4.615,1.845966610260932e-05
4.6175,1.8459666102609313e-05
4.62,1.8459666102609296e-05
4.6225,1.8459666102609289e-05
4.625,1.8459666102609276e-05
4.6275,1.8459666102609265e-05
4.63,1.8459666102609248e-05
4.6325,1.8459666102609245e-05
4.635,1.8459666102609228e-05
4.6375,1.8459666102609218e-05
4.64,1.8459666102609208e-05
4.6425,1.8459666102609201e-05
4.645,1.8459666102609198e-05
4.6475,1.8459666102609191e-05
4.65,1.8459666102609181e-05
4.6525,1.8459666102609181e-05
4.655,1.8459666102609177e-05
4.6575,1.8459666102609177e-05
4.66,1.8459666102609177e-05
4.6625,1.8459666102609181e-05
4.665,1.8459666102609181e-05
4.6675,1.8459666102609191e-05
4.67,1.8459666102609194e-05
4.6725,1.8459666102609198e-05
4.675,1.8459666102609208e-05
4.6775,1.8459666102609208e-05
4.68,1.8459666102609218e-05
4.6825,1.8459666102609228e-05
4.685,1.8459666102609238e-05
4.6875,1.8459666102609245e-05
4.69,1.8459666102609248e-05
4.6925,1.8459666102609262e-05
4.695,1.8459666102609272e-05
4.6975,1.8459666102609289e-05
4.7,1.8459666102609296e-05
4.7025,1.8459666102609316e-05
4.705,1.8459666102609337e-05
4.7075,1.8459666102609347e-05
4.71,1.8459666102609367e-05
4.7125,1.8459666102609377e-05
4.715,1.8459666102609391e-05
4.7175,1.8459666102609411e-05
4.72,1.8459666102609425e-05
4.7225,1.8459666102609438e-05
4.725,1.8459666102609459e-05
4.7275,1.8459666102609472e-05
4.73,1.8459666102609496e-05
4.7325,1.8459666102609506e-05
4.735,1.845966610260953e-05
4.7375,1.8459666102609553e-05
4.74,1.845966610260957e-05
4.7425,1.8459666102609591e-05
4.745,1.8459666102609597e-05
4.7475,1.8459666102609614e-05
4.75,1.8459666102609635e-05
4.7525,1.8459666102609645e-05
4.755,1.8459666102609665e-05
4.7575,1.8459666102609682e-05
4.76,1.8459666102609692e-05
4.7625,1.8459666102609709e-05
4.765,1.8459666102609719e-05
4.7675,1.8459666102609733e-05
4.77,1.845966610260975e-05
4.7725,1.845966610260976e-05
4.775,1.845966610260977e-05
4.7775,1.8459666102609784e-05
4.78,1.8459666102609797e-05
4.7825,1.8459666102609804e-05
4.785,1.8459666102609804e-05
4.7875,1.8459666102609804e-05
4.79,1.8459666102609811e-05
4.7925,1.8459666102609814e-05
4.795,1.8459666102609818e-05
4.7975,1.8459666102609821e-05
4.8,1.8459666102609821e-05
4.8025,1.8459666102609821e-05
4.805,1.8459666102609818e-05
4.8075,1.8459666102609811e-05
4.81,1.8459666102609804e-05
4.8125,1.8459666102609804e-05
4.815,1.8459666102609804e-05
4.8175,1.8459666102609797e-05
4.82,1.8459666102609784e-05
4.8225,1.845966610260978e-05
4.825,1.8459666102609767e-05
4.8275,1.845966610260976e-05
4.83,1.845966610260975e-05
4.8325,1.8459666102609736e-05
4.835,1.8459666102609726e-05
4.8375,1.8459666102609713e-05
4.84,1.8459666102609696e-05
4.8425,1.8459666102609682e-05
4.845,1.8459666102609665e-05
4.8475,1.8459666102609645e-05
4.85,1.8459666102609635e-05
4.8525,1.8459666102609614e-05
4.855,1.8459666102609597e-05
4.8575,1.8459666102609591e-05
4.86,1.845966610260957e-05
4.8625,1.8459666102609553e-05
4.865,1.8459666102609543e-05
4.8675,1.845966610260952e-05
4.87,1.8459666102609509e-05
4.8725,1.8459666102609489e-05
4.875,1.8459666102609469e-05
4.8775,1.8459666102609452e-05
4.88,1.8459666102609431e-05
4.8825,1.8459666102609418e-05
4.885,1.8459666102609401e-05
4.8875,1.8459666102609381e-05
4.89,1.845966610260937e-05
4.8925,1.8459666102609354e-05
4.895,1.8459666102609337e-05
4.8975,1.8459666102609326e-05
4.9,1.8459666102609316e-05
4.9025,1.8459666102609303e-05
4.905,1.8459666102609296e-05
4.9075,1.8459666102609289e-05
4.91,1.8459666102609279e-05
4.9125,1.8459666102609265e-05
4.915,1.8459666102609262e-05
4.9175,1.8459666102609252e-05
4.92,1.8459666102609248e-05
4.9225,1.8459666102609245e-05
4.925,1.8459666102609245e-05
4.9275,1.8459666102609245e-05
4.93,1.8459666102609238e-05
4.9325,1.8459666102609238e-05
4.935,1.8459666102609235e-05
4.9375,1.8459666102609235e-05
4.94,1.8459666102609238e-05
4.9425,1.8459666102609245e-05
4.945,1.8459666102609245e-05
4.9475,1.8459666102609245e-05
4.95,1.8459666102609248e-05
4.9525,1.8459666102609248e-05
4.955,1.8459666102609252e-05
4.9575,1.8459666102609265e-05
4.96,1.8459666102609279e-05
4.9625,1.8459666102609289e-05
4.965,1.8459666102609296e-05
4.9675,1.8459666102609303e-05
4.97,1.8459666102609316e-05
4.9725,1.8459666102609323e-05
4.975,1.8459666102609337e-05
4.9775,1.8459666102609347e-05
4.98,1.8459666102609364e-05
4.9825,1.8459666102609377e-05
4.985,1.8459666102609384e-05
4.9875,1.8459666102609401e-05
4.99,1.8459666102609414e-05
4.9925,1.8459666102609431e-05
4.995,1.8459666102609452e-05
4.9975,1.8459666102609469e-05
5.0,1.8459666102609475e-05
5.0025,1.8459666102609496e-05
5.005,1.8459666102609506e-05
5.0075,1.8459666102609523e-05
5.01,1.845966610260954e-05
5.0125,1.8459666102609553e-05
5.015,1.8459666102609564e-05
5.0175,1.8459666102609577e-05
5.02,1.8459666102609594e-05
5.0225,1.8459666102609611e-05
5.025,1.8459666102609625e-05
5.0275,1.8459666102609635e-05
5.03,1.8459666102609645e-05
5.0325,1.8459666102609665e-05
5.035,1.8459666102609679e-05
5.0375,1.8459666102609682e-05
5.04,1.8459666102609696e-05
5.0425,1.8459666102609709e-05
5.045,1.8459666102609723e-05
5.0475,1.8459666102609726e-05
5.05,1.845966610260973e-05
5.0525,1.8459666102609733e-05
5.055,1.845966610260974e-05
5.0575,1.8459666102609743e-05
5.06,1.8459666102609743e-05
5.0625,1.8459666102609743e-05
5.065,1.8459666102609743e-05
5.0675,1.845966610260974e-05
5.07,1.845966610260974e-05
5.0725,1.845966610260974e-05
5.075,1.845966610260974e-05
5.0775,1.8459666102609736e-05
5.08,1.8459666102609736e-05
5.0825,1.845966610260973e-05
5.085,1.845966610260973e-05
5.0875,1.8459666102609726e-05
5.09,1.8459666102609716e-05
5.0925,1.8459666102609709e-05
5.095,1.8459666102609702e-05
5.0975,1.8459666102609689e-05
5.1,1.8459666102609682e-05
5.1025,1.8459666102609679e-05
5.105,1.8459666102609665e-05
5.1075,1.8459666102609652e-05
5.11,1.8459666102609641e-05
5.1125,1.8459666102609631e-05
5.115,1.8459666102609611e-05
5.1175,1.8459666102609594e-05
5.12,1.8459666102609584e-05
5.1225,1.845966610260957e-05
5.125,1.8459666102609553e-05
5.1275,1.8459666102609547e-05
5.13,1.8459666102609526e-05
5.1325,1.8459666102609513e-05
5.135,1.8459666102609503e-05
5.1375,1.8459666102609486e-05
5.14,1.8459666102609469e-05
5.1425,1.8459666102609455e-05
5.145,1.8459666102609435e-05
5.1475,1.8459666102609425e-05
5.15,1.8459666102609414e-05
5.1525,1.8459666102609401e-05
5.155,1.8459666102609387e-05
5.1575,1.8459666102609377e-05
5.16,1.845966610260937e-05
5.1625,1.8459666102609357e-05
5.165,1.8459666102609347e-05
5.1675,1.8459666102609337e-05
5.17,1.845966610260933e-05
5.1725,1.845966610260932e-05
5.175,1.8459666102609309e-05
5.1775,1.8459666102609299e-05
5.18,1.8459666102609293e-05
5.1825,1.8459666102609293e-05
5.185,1.8459666102609289e-05
5.1875,1.8459666102609286e-05
5.19,1.8459666102609279e-05
5.1925,1.8459666102609279e-05
5.195,1.8459666102609279e-05
5.1975,1.8459666102609279e-05
5.2,1.8459666102609279e-05
5.2025,1.8459666102609279e-05
5.205,1.8459666102609279e-05
5.2075,1.8459666102609286e-05
5.21,1.8459666102609286e-05
5.2125,1.8459666102609286e-05
5.215,1.8459666102609289e-05
5.2175,1.8459666102609296e-05
5.22,1.8459666102609299e-05
5.2225,1.8459666102609309e-05
5.225,1.8459666102609316e-05
5.2275,1.8459666102609323e-05
5.23,1.8459666102609337e-05
5.2325,1.8459666102609337e-05
5.235,1.845966610260935e-05
5.2375,1.8459666102609367e-05
5.24,1.845966610260937e-05
5.2425,1.8459666102609377e-05
5.245,1.8459666102609387e-05
5.2475,1.8459666102609401e-05
5.25,1.8459666102609414e-05
5.2525,1.8459666102609425e-05
5.255,1.8459666102609435e-05
5.2575,1.8459666102609442e-05
5.26,1.8459666102609455e-05
5.2625,1.8459666102609465e-05
5.265,1.8459666102609475e-05
5.2675,1.8459666102609492e-05
5.27,1.8459666102609499e-05
5.2725,1.8459666102609509e-05
5.275,1.8459666102609513e-05
5.2775,1.8459666102609526e-05
5.28,1.8459666102609547e-05
5.2825,1.845966610260955e-05
5.285,1.8459666102609564e-05
5.2875,1.8459666102609577e-05
5.29,1.8459666102609591e-05
5.2925,1.8459666102609594e-05
5.295,1.8459666102609608e-05
5.2975,1.8459666102609614e-05
5.3,1.8459666102609625e-05
5.3025,1.8459666102609631e-05
5.305,1.8459666102609635e-05
5.3075,1.8459666102609638e-05
5.31,1.8459666102609641e-05
5.3125,1.8459666102609645e-05
5.315,1.8459666102609652e-05
5.3175,1.8459666102609652e-05
5.32,1.8459666102609658e-05
5.3225,1.8459666102609662e-05
5.325,1.8459666102609669e-05
5.3275,1.8459666102609669e-05
5.33,1.8459666102609669e-05
5.3325,1.8459666102609669e-05
5.335,1.8459666102609665e-05
5.3375,1.8459666102609658e-05
5.34,1.8459666102609652e-05
5.3425,1.8459666102609645e-05
5.345,1.8459666102609641e-05
5.3475,1.8459666102609635e-05
5.35,1.8459666102609631e-05
5.3525,1.8459666102609625e-05
5.355,1.8459666102609611e-05
5.3575,1.8459666102609604e-05
5.36,1.8459666102609594e-05
5.3625,1.8459666102609594e-05
5.365,1.8459666102609584e-05
5.3675,1.8459666102609574e-05
5.37,1.8459666102609564e-05
5.3725,1.845966610260956e-05
5.375,1.845966610260955e-05
5.3775,1.8459666102609547e-05
5.38,1.845966610260953e-05
5.3825,1.8459666102609513e-05
5.385,1.8459666102609506e-05
5.3875,1.8459666102609499e-05
5.39,1.8459666102609489e-05
5.3925,1.8459666102609472e-05
5.395,1.8459666102609459e-05
5.3975,1.8459666102609452e-05
5.4,1.8459666102609435e-05
5.4025,1.8459666102609431e-05
5.405,1.8459666102609425e-05
5.4075,1.8459666102609414e-05
5.41,1.8459666102609401e-05
5.4125,1.8459666102609391e-05
5.415,1.8459666102609384e-05
5.4175,1.8459666102609377e-05
5.42,1.845966610260937e-05
5.4225,1.845966610260937e-05
5.425,1.8459666102609364e-05
5.4275,1.8459666102609357e-05
5.43,1.845966610260935e-05
5.4325,1.8459666102609347e-05
5.435,1.8459666102609337e-05
5.4375,1.8459666102609337e-05
5.44,1.8459666102609333e-05
5.4425,1.8459666102609337e-05
5.445,1.8459666102609337e-05
5.4475,1.8459666102609337e-05
5.45,1.845966610260933e-05
5.4525,1.8459666102609326e-05
5.455,1.845966610260933e-05
5.4575,1.8459666102609337e-05
5.46,1.8459666102609337e-05
5.4625,1.8459666102609337e-05
5.465,1.8459666102609337e-05
5.4675,1.8459666102609337e-05
5.47,1.8459666102609347e-05
5.4725,1.8459666102609347e-05
5.475,1.8459666102609357e-05
5.4775,1.8459666102609367e-05
5.48,1.845966610260937e-05
5.4825,1.8459666102609377e-05
5.485,1.8459666102609377e-05
5.4875,1.8459666102609384e-05
5.49,1.8459666102609391e-05
5.4925,1.8459666102609404e-05
5.495,1.8459666102609418e-05
5.4975,1.8459666102609425e-05
5.5,1.8459666102609431e-05
5.5025,1.8459666102609438e-05
5.505,1.8459666102609452e-05
5.5075,1.8459666102609459e-05
5.51,1.8459666102609465e-05
5.5125,1.8459666102609475e-05
5.515,1.8459666102609492e-05
5.5175,1.8459666102609499e-05
5.52,1.8459666102609506e-05
5.5225,1.8459666102609523e-05
5.525,1.8459666102609526e-05
5.5275,1.8459666102609543e-05
5.53,1.845966610260955e-05
5.5325,1.8459666102609564e-05
5.535,1.8459666102609574e-05
5.5375,1.8459666102609591e-05
5.54,1.8459666102609591e-05
5.5425,1.8459666102609604e-05
5.545,1.8459666102609614e-05
5.5475,1.8459666102609625e-05
5.55,1.8459666102609631e-05
5.5525,1.8459666102609635e-05
5.555,1.8459666102609641e-05
5.5575,1.8459666102609645e-05
5.56,1.8459666102609652e-05
5.5625,1.8459666102609652e-05
5.565,1.8459666102609658e-05
5.5675,1.8459666102609658e-05
5.57,1.8459666102609658e-05
5.5725,1.8459666102609658e-05
5.575,1.8459666102609652e-05
5.5775,1.8459666102609652e-05
5.58,1.8459666102609652e-05
5.5825,1.8459666102609652e-05
5.585,1.8459666102609652e-05
5.5875,1.8459666102609652e-05
5.59,1.8459666102609645e-05
5.5925,1.8459666102609645e-05
5.595,1.8459666102609641e-05
5.5975,1.8459666102609635e-05
5.6,1.8459666102609631e-05
5.6025,1.8459666102609631e-05
5.605,1.8459666102609625e-05
5.6075,1.8459666102609614e-05
5.61,1.8459666102609608e-05
5.6125,1.8459666102609594e-05
5.615,1.8459666102609594e-05
5.6175,1.8459666102609584e-05
5.62,1.8459666102609577e-05
5.6225,1.845966610260957e-05
5.625,1.845966610260956e-05
5.6275,1.845966610260955e-05
5.63,1.8459666102609547e-05
5.6325,1.845966610260953e-05
5.635,1.845966610260952e-05
5.6375,1.8459666102609506e-05
5.64,1.8459666102609503e-05
5.6425,1.8459666102609489e-05
5.645,1.8459666102609472e-05
5.6475,1.8459666102609469e-05
5.65,1.8459666102609455e-05
5.6525,1.8459666102609438e-05
5.655,1.8459666102609431e-05
5.6575,1.8459666102609425e-05
5.66,1.8459666102609418e-05
5.6625,1.8459666102609408e-05
5.665,1.8459666102609401e-05
5.6675,1.8459666102609387e-05
5.67,1.8459666102609377e-05
5.6725,1.845966610260937e-05
5.675,1.8459666102609357e-05
5.6775,1.8459666102609347e-05
5.68,1.8459666102609333e-05
5.6825,1.8459666102609337e-05
5.685,1.8459666102609337e-05
5.6875,1.845966610260933e-05
5.69,1.8459666102609323e-05
5.6925,1.8459666102609323e-05
5.695,1.8459666102609323e-05
5.6975,1.845966610260932e-05
5.7,1.8459666102609316e-05
5.7025,1.8459666102609316e-05
5.705,1.8459666102609316e-05
5.7075,1.8459666102609323e-05
5.71,1.8459666102609326e-05
5.7125,1.845966610260933e-05
5.715,1.8459666102609337e-05
5.7175,1.8459666102609337e-05
5.72,1.8459666102609337e-05
5.7225,1.845966610260935e-05
5.725,1.8459666102609364e-05
5.7275,1.845966610260937e-05
5.73,1.8459666102609377e-05
5.7325,1.8459666102609384e-05
5.735,1.8459666102609391e-05
5.7375,1.8459666102609401e-05
5.74,1.8459666102609414e-05
5.7425,1.8459666102609425e-05
5.745,1.8459666102609431e-05
5.7475,1.8459666102609435e-05
5.75,1.8459666102609452e-05
5.7525,1.8459666102609459e-05
5.755,1.8459666102609472e-05
5.7575,1.8459666102609482e-05
5.76,1.8459666102609496e-05
5.7625,1.8459666102609506e-05
5.765,1.8459666102609513e-05
5.7675,1.8459666102609526e-05
5.77,1.845966610260954e-05
5.7725,1.845966610260955e-05
5.775,1.845966610260956e-05
5.7775,1.845966610260957e-05
5.78,1.8459666102609584e-05
5.7825,1.8459666102609594e-05
5.785,1.8459666102609608e-05
5.7875,1.8459666102609614e-05
5.79,1.8459666102609631e-05
5.7925,1.8459666102609638e-05
5.795,1.8459666102609652e-05
5.7975,1.8459666102609658e-05
5.8,1.8459666102609669e-05
5.8025,1.8459666102609682e-05
5.805,1.8459666102609689e-05
5.8075,1.8459666102609702e-05
5.81,1.8459666102609709e-05
5.8125,1.8459666102609713e-05
5.815,1.8459666102609716e-05
5.8175,1.8459666102609719e-05
5.82,1.8459666102609726e-05
5.8225,1.845966610260973e-05
5.825,1.8459666102609736e-05
5.8275,1.8459666102609743e-05
5.83,1.8459666102609743e-05
5.8325,1.8459666102609743e-05
5.835,1.8459666102609743e-05
5.8375,1.845966610260974e-05
5.84,1.8459666102609733e-05
5.8425,1.8459666102609726e-05
5.845,1.8459666102609719e-05
5.8475,1.8459666102609723e-05
5.85,1.8459666102609713e-05
5.8525,1.8459666102609709e-05
5.855,1.8459666102609702e-05
5.8575,1.8459666102609689e-05
5.86,1.8459666102609682e-05
5.8625,1.8459666102609679e-05
5.865,1.8459666102609662e-05
5.8675,1.8459666102609652e-05
5.87,1.8459666102609641e-05
5.8725,1.8459666102609635e-05
5.875,1.8459666102609625e-05
5.8775,1.8459666102609611e-05
5.88,1.8459666102609591e-05
5.8825,1.8459666102609581e-05
5.885,1.8459666102609564e-05
5.8875,1.8459666102609553e-05
5.89,1.8459666102609547e-05
5.8925,1.8459666102609526e-05
5.895,1.8459666102609513e-05
5.8975,1.8459666102609506e-05
5.9,1.8459666102609496e-05
5.9025,1.8459666102609475e-05
5.905,1.8459666102609469e-05
5.9075,1.8459666102609452e-05
5.91,1.8459666102609435e-05
5.9125,1.8459666102609425e-05
5.915,1.8459666102609408e-05
5.9175,1.8459666102609391e-05
5.92,1.8459666102609377e-05
5.9225,1.845966610260937e-05
5.925,1.8459666102609357e-05
5.9275,1.8459666102609337e-05
5.93,1.845966610260933e-05
5.9325,1.8459666102609316e-05
5.935,1.8459666102609309e-05
5.9375,1.8459666102609299e-05
5.94,1.8459666102609296e-05
5.9425,1.8459666102609286e-05
5.945,1.8459666102609279e-05
5.9475,1.8459666102609272e-05
5.95,1.8459666102609269e-05
5.9525,1.8459666102609265e-05
5.955,1.8459666102609265e-05
5.9575,1.8459666102609265e-05
5.96,1.8459666102609269e-05
5.9625,1.8459666102609269e-05
5.965,1.8459666102609265e-05
5.9675,1.8459666102609272e-05
5.97,1.8459666102609272e-05
5.9725,1.8459666102609279e-05
5.975,1.8459666102609289e-05
5.9775,1.8459666102609296e-05
5.98,1.8459666102609296e-05
5.9825,1.8459666102609299e-05
5.985,1.8459666102609309e-05
5.9875,1.8459666102609316e-05
5.99,1.8459666102609326e-05
5.9925,1.8459666102609337e-05
5.995,1.8459666102609337e-05
5.9975,1.8459666102609354e-05
6.0,1.8459666102609367e-05
6.0025,1.845966610260937e-05
6.005,1.8459666102609381e-05
6.0075,1.8459666102609391e-05
6.01,1.8459666102609411e-05
6.0125,1.8459666102609425e-05
6.015,1.8459666102609435e-05
6.0175,1.8459666102609452e-05
6.02,1.8459666102609469e-05
6.0225,1.8459666102609479e-05
6.025,1.8459666102609499e-05
6.0275,1.8459666102609513e-05
6.03,1.845966610260953e-05
6.0325,1.845966610260955e-05
6.035,1.8459666102609564e-05
6.0375,1.8459666102609577e-05
6.04,1.8459666102609594e-05
6.0425,1.8459666102609608e-05
6.045,1.8459666102609625e-05
6.0475,1.8459666102609635e-05
6.05,1.8459666102609645e-05
6.0525,1.8459666102609662e-05
6.055,1.8459666102609679e-05
6.0575,1.8459666102609682e-05
6.06,1.8459666102609696e-05
6.0625,1.8459666102609709e-05
6.065,1.8459666102609713e-05
6.0675,1.8459666102609723e-05
6.07,1.8459666102609726e-05
6.0725,1.845966610260973e-05
6.075,1.8459666102609736e-05
6.0775,1.8459666102609743e-05
6.08,1.845966610260975e-05
6.0825,1.845966610260975e-05
6.085,1.8459666102609753e-05
6.0875,1.845966610260976e-05
6.09,1.8459666102609757e-05
6.0925,1.8459666102609753e-05
6.095,1.8459666102609753e-05
6.0975,1.845966610260975e-05
6.1,1.845966610260975e-05
6.1025,1.8459666102609743e-05
6.105,1.845966610260974e-05
6.1075,1.8459666102609733e-05
6.11,1.8459666102609726e-05
6.1125,1.8459666102609719e-05
6.115,1.8459666102609713e-05
6.1175,1.8459666102609709e-05
6.12,1.8459666102609692e-05
6.1225,1.8459666102609682e-05
6.125,1.8459666102609669e-05
6.1275,1.8459666102609652e-05
6.13,1.8459666102609635e-05
6.1325,1.8459666102609625e-05
6.135,1.8459666102609611e-05
6.1375,1.8459666102609594e-05
6.14,1.8459666102609577e-05
6.1425,1.8459666102609564e-05
6.145,1.8459666102609553e-05
6.1475,1.845966610260953e-05
6.15,1.8459666102609513e-05
6.1525,1.8459666102609503e-05
6.155,1.8459666102609486e-05
6.1575,1.8459666102609469e-05
6.16,1.8459666102609455e-05
6.1625,1.8459666102609435e-05
6.165,1.8459666102609425e-05
6.1675,1.8459666102609411e-05
6.17,1.8459666102609391e-05
6.1725,1.8459666102609377e-05
6.175,1.8459666102609364e-05
6.1775,1.8459666102609337e-05
6.18,1.845966610260933e-05
6.1825,1.8459666102609316e-05
6.185,1.8459666102609299e-05
6.1875,1.8459666102609296e-05
6.19,1.8459666102609279e-05
6.1925,1.8459666102609269e-05
6.195,1.8459666102609252e-05
6.1975,1.8459666102609245e-05
6.2,1.8459666102609235e-05
6.2025,1.8459666102609228e-05
6.205,1.8459666102609225e-05
6.2075,1.8459666102609218e-05
6.21,1.8459666102609211e-05
6.2125,1.8459666102609204e-05
6.215,1.8459666102609201e-05
6.2175,1.8459666102609201e-05
6.22,1.8459666102609198e-05
6.2225,1.8459666102609198e-05
6.225,1.8459666102609198e-05
6.2275,1.8459666102609198e-05
6.23,1.8459666102609201e-05
6.2325,1.8459666102609201e-05
6.235,1.8459666102609208e-05
6.2375,1.8459666102609208e-05
6.24,1.8459666102609218e-05
6.2425,1.8459666102609225e-05
6.245,1.8459666102609228e-05
6.2475,1.8459666102609235e-05
6.25,1.8459666102609245e-05
6.2525,1.8459666102609252e-05
6.255,1.8459666102609269e-05
6.2575,1.8459666102609279e-05
6.26,1.8459666102609289e-05
6.2625,1.8459666102609299e-05
6.265,1.8459666102609316e-05
6.2675,1.845966610260933e-05
6.27,1.8459666102609337e-05
6.2725,1.8459666102609364e-05
6.275,1.8459666102609377e-05
6.2775,1.8459666102609387e-05
6.28,1.8459666102609408e-05
6.2825,1.8459666102609425e-05
6.285,1.8459666102609435e-05
6.2875,1.8459666102609455e-05
6.29,1.8459666102609469e-05
6.2925,1.8459666102609486e-05
6.295,1.8459666102609506e-05
6.2975,1.845966610260952e-05
6.3,1.8459666102609543e-05
6.3025,1.845966610260955e-05
6.305,1.845966610260957e-05
6.3075,1.8459666102609591e-05
6.31,1.8459666102609597e-05
6.3125,1.8459666102609614e-05
6.315,1.8459666102609635e-05
6.3175,1.8459666102609645e-05
6.32,1.8459666102609658e-05
6.3225,1.8459666102609669e-05
6.325,1.8459666102609682e-05
6.3275,1.8459666102609689e-05
6.33,1.8459666102609699e-05
6.3325,1.8459666102609713e-05
6.335,1.8459666102609726e-05
6.3375,1.845966610260973e-05
6.34,1.8459666102609736e-05
6.3425,1.8459666102609743e-05
6.345,1.845966610260975e-05
6.3475,1.8459666102609757e-05
6.35,1.845966610260976e-05
6.3525,1.845966610260976e-05
6.355,1.8459666102609767e-05
6.3575,1.8459666102609767e-05
6.36,1.8459666102609767e-05
6.3625,1.845966610260976e-05
6.365,1.8459666102609763e-05
6.3675,1.845966610260976e-05
6.37,1.8459666102609753e-05
6.3725,1.845966610260975e-05
6.375,1.845966610260974e-05
6.3775,1.8459666102609733e-05
6.38,1.8459666102609726e-05
6.3825,1.8459666102609716e-05
6.385,1.8459666102609709e-05
6.3875,1.8459666102609696e-05
6.39,1.8459666102609682e-05
6.3925,1.8459666102609679e-05
6.395,1.8459666102609658e-05
6.3975,1.8459666102609645e-05
6.4,1.8459666102609635e-05
6.4025,1.8459666102609614e-05
6.405,1.8459666102609608e-05
6.4075,1.8459666102609594e-05
6.41,1.8459666102609581e-05
6.4125,1.8459666102609564e-05
6.415,1.8459666102609553e-05
6.4175,1.845966610260953e-05
6.42,1.8459666102609523e-05
6.4225,1.8459666102609509e-05
6.425,1.8459666102609492e-05
6.4275,1.8459666102609472e-05
6.43,1.8459666102609459e-05
6.4325,1.8459666102609442e-05
6.435,1.8459666102609431e-05
6.4375,1.8459666102609425e-05
6.44,1.8459666102609408e-05
6.4425,1.8459666102609391e-05
6.445,1.8459666102609381e-05
6.4475,1.845966610260937e-05
6.45,1.8459666102609357e-05
6.4525,1.8459666102609347e-05
6.455,1.8459666102609333e-05
6.4575,1.845966610260933e-05
6.46,1.845966610260932e-05
6.4625,1.8459666102609313e-05
6.465,1.8459666102609313e-05
6.4675,1.8459666102609296e-05
6.47,1.8459666102609293e-05
6.4725,1.8459666102609296e-05
6.475,1.8459666102609289e-05
6.4775,1.8459666102609286e-05
6.48,1.8459666102609279e-05
6.4825,1.8459666102609279e-05
6.485,1.8459666102609279e-05
6.4875,1.8459666102609279e-05
6.49,1.8459666102609279e-05
6.4925,1.8459666102609279e-05
6.495,1.8459666102609286e-05
6.4975,1.8459666102609289e-05
6.5,1.8459666102609289e-05
6.5025,1.8459666102609289e-05
6.505,1.8459666102609293e-05
6.5075,1.8459666102609296e-05
6.51,1.8459666102609293e-05
6.5125,1.8459666102609296e-05
6.515,1.8459666102609313e-05
6.5175,1.8459666102609316e-05
6.52,1.845966610260932e-05
6.5225,1.8459666102609326e-05
6.525,1.8459666102609337e-05
6.5275,1.8459666102609347e-05
6.53,1.8459666102609357e-05
6.5325,1.845966610260937e-05
6.535,1.8459666102609377e-05
6.5375,1.8459666102609391e-05
6.54,1.8459666102609408e-05
6.5425,1.8459666102609425e-05
6.545,1.8459666102609435e-05
6.5475,1.8459666102609452e-05
6.55,1.8459666102609465e-05
6.5525,1.8459666102609479e-05
6.555,1.8459666102609496e-05
6.5575,1.8459666102609506e-05
6.56,1.845966610260952e-05
6.5625,1.845966610260954e-05
6.565,1.8459666102609553e-05
6.5675,1.845966610260956e-05
6.57,1.845966610260957e-05
6.5725,1.8459666102609584e-05
6.575,1.8459666102609594e-05
6.5775,1.8459666102609604e-05
6.58,1.8459666102609614e-05
6.5825,1.8459666102609631e-05
6.585,1.8459666102609635e-05
6.5875,1.8459666102609645e-05
6.59,1.8459666102609658e-05
6.5925,1.8459666102609662e-05
6.595,1.8459666102609669e-05
6.5975,1.8459666102609679e-05
6.6,1.8459666102609682e-05
6.6025,1.8459666102609682e-05
6.605,1.8459666102609682e-05
6.6075,1.8459666102609689e-05
6.61,1.8459666102609692e-05
6.6125,1.8459666102609696e-05
6.615,1.8459666102609702e-05
6.6175,1.8459666102609699e-05
6.62,1.8459666102609709e-05
6.6225,1.8459666102609709e-05
6.625,1.8459666102609699e-05
6.6275,1.8459666102609702e-05
6.63,1.8459666102609696e-05
6.6325,1.8459666102609689e-05
6.635,1.8459666102609682e-05
6.6375,1.8459666102609682e-05
6.64,1.8459666102609679e-05
6.6425,1.8459666102609665e-05
6.645,1.8459666102609658e-05
6.6475,1.8459666102609645e-05
6.65,1.8459666102609635e-05
6.6525,1.8459666102609631e-05
6.655,1.8459666102609625e-05
6.6575,1.8459666102609611e-05
6.66,1.8459666102609594e-05
6.6625,1.8459666102609591e-05
6.665,1.8459666102609574e-05
6.6675,1.845966610260956e-05
6.67,1.845966610260955e-05
6.6725,1.845966610260953e-05
6.675,1.8459666102609523e-05
6.6775,1.8459666102609506e-05
6.68,1.8459666102609499e-05
6.6825,1.8459666102609486e-05
6.685,1.8459666102609472e-05
6.6875,1.8459666102609459e-05
6.69,1.8459666102609442e-05
6.6925,1.8459666102609431e-05
6.695,1.8459666102609418e-05
6.6975,1.8459666102609408e-05
6.7,1.8459666102609401e-05
6.7025,1.8459666102609384e-05
6.705,1.8459666102609377e-05
6.7075,1.845966610260937e-05
6.71,1.8459666102609364e-05
6.7125,1.8459666102609354e-05
6.715,1.8459666102609347e-05
6.7175,1.8459666102609337e-05
6.72,1.8459666102609337e-05
6.7225,1.845966610260933e-05
6.725,1.8459666102609323e-05
6.7275,1.8459666102609316e-05
6.73,1.8459666102609313e-05
6.7325,1.8459666102609309e-05
6.735,1.8459666102609309e-05
6.7375,1.8459666102609313e-05
6.74,1.8459666102609303e-05
6.7425,1.8459666102609303e-05
6.745,1.8459666102609303e-05
6.7475,1.8459666102609303e-05
6.75,1.8459666102609303e-05
6.7525,1.8459666102609313e-05
6.755,1.8459666102609313e-05
6.7575,1.8459666102609316e-05
6.76,1.8459666102609323e-05
6.7625,1.8459666102609326e-05
6.765,1.845966610260933e-05
6.7675,1.8459666102609337e-05
6.77,1.8459666102609333e-05
6.7725,1.8459666102609337e-05
6.775,1.8459666102609347e-05
6.7775,1.8459666102609357e-05
6.78,1.845966610260937e-05
6.7825,1.8459666102609377e-05
6.785,1.8459666102609387e-05
6.7875,1.8459666102609401e-05
6.79,1.8459666102609408e-05
6.7925,1.8459666102609418e-05
6.795,1.8459666102609431e-05
6.7975,1.8459666102609435e-05
6.8,1.8459666102609455e-05
6.8025,1.8459666102609465e-05
6.805,1.8459666102609475e-05
6.8075,1.8459666102609492e-05
6.81,1.8459666102609503e-05
6.8125,1.8459666102609506e-05
6.815,1.845966610260952e-05
6.8175,1.845966610260953e-05
6.82,1.8459666102609547e-05
6.8225,1.8459666102609553e-05
6.825,1.8459666102609564e-05
6.8275,1.8459666102609577e-05
6.83,1.8459666102609591e-05
6.8325,1.8459666102609591e-05
6.835,1.8459666102609608e-05
6.8375,1.8459666102609614e-05
6.84,1.8459666102609625e-05
6.8425,1.8459666102609635e-05
6.845,1.8459666102609638e-05
6.8475,1.8459666102609645e-05
6.85,1.8459666102609658e-05
6.8525,1.8459666102609662e-05
6.855,1.8459666102609665e-05
6.8575,1.8459666102609669e-05
6.86,1.8459666102609679e-05
6.8625,1.8459666102609679e-05
6.865,1.8459666102609682e-05
6.8675,1.8459666102609682e-05
6.87,1.8459666102609682e-05
6.8725,1.8459666102609682e-05
6.875,1.8459666102609682e-05
6.8775,1.8459666102609682e-05
6.88,1.8459666102609682e-05
6.8825,1.8459666102609682e-05
6.885,1.8459666102609679e-05
6.8875,1.8459666102609669e-05
6.89,1.8459666102609662e-05
6.8925,1.8459666102609658e-05
6.895,1.8459666102609652e-05
6.8975,1.8459666102609645e-05
6.9,1.8459666102609638e-05
6.9025,1.8459666102609635e-05
6.905,1.8459666102609631e-05
6.9075,1.8459666102609614e-05
6.91,1.8459666102609608e-05
6.9125,1.8459666102609591e-05
6.915,1.8459666102609591e-05
6.9175,1.8459666102609574e-05
6.92,1.8459666102609564e-05
6.9225,1.845966610260955e-05
6.925,1.8459666102609543e-05
6.9275,1.8459666102609526e-05
6.93,1.8459666102609513e-05
6.9325,1.8459666102609509e-05
6.935,1.8459666102609496e-05
6.9375,1.8459666102609482e-05
6.94,1.8459666102609469e-05
6.9425,1.8459666102609459e-05
6.945,1.8459666102609452e-05
6.9475,1.8459666102609438e-05
6.95,1.8459666102609435e-05
6.9525,1.8459666102609425e-05
6.955,1.8459666102609418e-05
6.9575,1.8459666102609411e-05
6.96,1.8459666102609401e-05
6.9625,1.8459666102609387e-05
6.965,1.8459666102609381e-05
6.9675,1.8459666102609377e-05
6.97,1.845966610260937e-05
6.9725,1.8459666102609357e-05
6.975,1.8459666102609354e-05
6.9775,1.8459666102609347e-05
6.98,1.8459666102609337e-05
6.9825,1.8459666102609337e-05
6.985,1.8459666102609337e-05
6.9875,1.8459666102609337e-05
6.99,1.845966610260933e-05
6.9925,1.8459666102609337e-05
6.995,1.8459666102609337e-05
6.9975,1.8459666102609337e-05
7.0,1.8459666102609337e-05
