Physical Time (s),FreestreamAbsolutePressure Monitor (Pa)
0.0025,101325.0000006426
0.005,101325.00000458513
0.0075,101325.00001626987
0.01,101325.00004259711
0.0125,101325.00009268211
0.015,101325.00018386892
0.0175,101325.00033086615
0.02,101325.00044875362
0.0225,101325.00068000388
0.025,101325.00109142144
0.0275,101325.00175717929
0.03,101325.00274403636
0.0325,101325.0040711645
0.035,101325.0056699423
0.0375,101325.00734920836
0.04,101325.0087922472
0.0425,101325.00959795064
0.045,101325.00937351359
0.0475,101325.00787045062
0.05,101325.00507928025
0.0525,101325.00134340549
0.055,101324.99729886623
0.0575,101324.99377071844
0.06,101324.99158806371
0.0625,101324.99133694162
0.065,101324.99315599253
0.0675,101324.99663454609
0.07,101325.00094742754
0.0725,101325.00506475696
0.075,101325.00795942663
0.0775,101325.00887916691
0.08,101325.0075637546
0.0825,101325.00431124349
0.085,101324.99985549021
0.0875,101324.99517222944
0.09,101324.99120613096
0.0925,101324.98869404953
0.095,101324.98800779534
0.0975,101324.9890493743
0.1,101324.9914515891
0.1025,101324.99466823266
0.105,101324.99807978215
0.1075,101325.0011414717
0.11,101325.00348425588
0.1125,101325.00494209169
0.115,101325.00554761969
0.1175,101325.00546347734
0.12,101325.00492057089
0.1225,101325.0041439014
0.125,101325.00330197341
0.1275,101325.00249457241
0.13,101325.00176824842
0.1325,101325.00113148702
0.135,101325.00057060941
0.1375,101325.00007019821
0.14,101324.9996272728
0.1425,101324.9992553568
0.145,101324.99897858112
0.1475,101324.99882117474
0.15,101324.99879854624
0.1525,101324.99891139867
0.155,101324.99914252831
0.1575,101324.99945759354
0.16,101324.99981014118
0.1625,101325.00014913152
0.165,101325.0004285287
0.1675,101325.00061516513
0.17,101325.00069749409
0.1725,101325.00068341862
0.175,101325.00059928616
0.1775,101325.00048054705
0.18,101325.00036282901
0.1825,101325.00027484485
0.185,101325.00023219529
0.1875,101325.00023590784
0.19,101325.00027432939
0.1925,101325.00032726505
0.195,101325.00037042404
0.1975,101325.00038175276
0.2,101325.00034678294
0.2025,101325.00026176788
0.205,101325.00013440158
0.2075,101324.99998201702
0.21,101324.99982705637
0.2125,101324.99969403536
0.215,101324.99960563985
0.2175,101324.99957819168
0.22,101324.99962042278
0.2225,101324.99973075835
0.225,101324.99989979019
0.2275,101325.00011164515
0.23,101325.00034518246
0.2325,101325.00057715365
0.235,101325.0007852079
0.2375,101325.00095029637
0.24,101325.00105706668
0.2425,101325.00110356878
0.245,101325.00109080353
0.2475,101325.00102364016
0.25,101325.00090904172
0.2525,101325.00075977521
0.255,101325.0005960063
0.2575,101325.00042970541
0.26,101325.00027526687
0.2625,101325.00014113278
0.265,101325.00003502046
0.2675,101324.99995887211
0.27,101324.99991331703
0.2725,101324.99989968752
0.275,101324.99991491091
0.2775,101324.99995416983
0.28,101325.00000942075
0.2825,101325.0000761261
0.285,101325.00014765498
0.2875,101325.00022103064
0.29,101325.00029221657
0.2925,101325.00035779274
0.295,101325.00041412443
0.2975,101325.00045946328
0.3,101325.00049455957
0.3025,101325.00051972552
0.305,101325.00053535143
0.3075,101325.00054433856
0.31,101325.00054797575
0.3125,101325.00054781146
0.315,101325.00054726703
0.3175,101325.00054774007
0.32,101325.00055070526
0.3225,101325.00055744323
0.325,101325.00056699457
0.3275,101325.00057751879
0.33,101325.00058666131
0.3325,101325.00059213597
0.335,101325.00059245119
0.3375,101325.00058817465
0.34,101325.00058035625
0.3425,101325.00057066001
0.345,101325.00056040495
0.3475,101325.00054971284
0.35,101325.00054453476
0.3525,101325.0005478799
0.355,101325.00056226668
0.3575,101325.00058948179
0.36,101325.00063036417
0.3625,101325.00068467946
0.365,101325.00075120185
0.3675,101325.00082791873
0.37,101325.00091229456
0.3725,101325.00100351252
0.375,101325.00109486969
0.3775,101325.00118567563
0.38,101325.00127350094
0.3825,101325.00135611354
0.385,101325.00143141774
0.3875,101325.00149736703
0.39,101325.00155186327
0.3925,101325.00159283276
0.395,101325.00161827385
0.3975,101325.00162635151
0.4,101325.00161552509
0.4025,101325.0015846654
0.405,101325.00153187483
0.4075,101325.00145671346
0.41,101325.00135998485
0.4125,101325.00124249184
0.415,101325.00110876844
0.4175,101325.00095982922
0.42,101325.00079710617
0.4225,101325.00062717259
0.425,101325.00045307314
0.4275,101325.0002766184
0.43,101325.00010632312
0.4325,101324.99993998639
0.435,101324.99977368477
0.4375,101324.99961437644
0.44,101324.99945960047
0.4425,101324.99930942834
0.445,101324.99916374848
0.4475,101324.99902481642
0.45,101324.99889107006
0.4525,101324.99876025468
0.455,101324.99863044446
0.4575,101324.99850107932
0.46,101324.9983789399
0.4625,101324.99826330254
0.465,101324.99815313848
0.4675,101324.99805251164
0.47,101324.99796622232
0.4725,101324.99789944891
0.475,101324.99785708124
0.4775,101324.99784431195
0.48,101324.99786609942
0.4825,101324.99792228003
0.485,101324.9980116841
0.4875,101324.99813141054
0.49,101324.99828024437
0.4925,101324.99845645929
0.495,101324.9986574941
0.4975,101324.99887851923
0.5,101324.99911559785
0.5025,101324.99936209009
0.505,101324.99961330972
0.5075,101324.99986302396
0.51,101325.00010493978
0.5125,101325.00033310171
0.515,101325.00054365634
0.5175,101325.00073249698
0.52,101325.00089574829
0.5225,101325.00103223305
0.525,101325.00114206485
0.5275,101325.00122653198
0.53,101325.00128725338
0.5325,101325.00132431863
0.535,101325.00134031616
0.5375,101325.00133562023
0.54,101325.00131835368
0.5425,101325.00129093179
0.545,101325.00125530534
0.5475,101325.00121324227
0.55,101325.00116540329
0.5525,101325.00111288051
0.555,101325.00105681768
0.5575,101325.0009980584
0.56,101325.00093724631
0.5625,101325.00087496683
0.565,101325.0008116681
0.5675,101325.0007477021
0.57,101325.00068337361
0.5725,101325.00061893922
0.575,101325.0005545935
0.5775,101325.00049045107
0.58,101325.0004266828
0.5825,101325.0003634257
0.585,101325.00030085586
0.5875,101325.00023935093
0.59,101325.00017950323
0.5925,101325.00012213254
0.595,101325.00006825446
0.5975,101325.00001911761
0.6,101324.99997619945
0.6025,101324.99994113525
0.605,101324.99991547229
0.6075,101324.99990053161
0.61,101324.99989722336
0.6125,101324.99990595691
0.615,101324.99992660285
0.6175,101324.99995850249
0.62,101325.00000052038
0.6225,101325.00005111221
0.625,101325.00010835391
0.6275,101325.00017021508
0.63,101325.00023455074
0.6325,101325.00029924184
0.635,101325.00036223934
0.6375,101325.00042169653
0.64,101325.00047599035
0.6425,101325.00052375907
0.645,101325.0005639061
0.6475,101325.00059557986
0.65,101325.00061829537
0.6525,101325.0006319441
0.655,101325.0006368708
0.6575,101325.00063385212
0.66,101325.00062398284
0.6625,101325.00060851552
0.665,101325.00058873936
0.6675,101325.00056590964
0.67,101325.00054120997
0.6725,101325.00051571085
0.675,101325.00049030028
0.6775,101325.00046565829
0.68,101325.00044225447
0.6825,101325.00042033929
0.685,101325.00039991045
0.6875,101325.00038096646
0.69,101325.00036325857
0.6925,101325.00034647124
0.695,101325.00033026056
0.6975,101325.00031428332
0.7,101325.00029823081
0.7025,101325.00028185634
0.705,101325.0002649941
0.7075,101325.00024757248
0.71,101325.00022961886
0.7125,101325.00021126145
0.715,101325.00019271218
0.7175,101325.0001742657
0.72,101325.00015630058
0.7225,101325.00013920615
0.725,101325.00012336847
0.7275,101325.00010918544
0.73,101325.0000970509
0.7325,101325.0000873003
0.735,101325.00008006419
0.7375,101325.0000752777
0.74,101325.0000728423
0.7425,101325.00007261716
0.745,101325.00007435378
0.7475,101325.0000776806
0.75,101325.00008211896
0.7525,101325.00008710682
0.755,101325.00009202576
0.7575,101325.00009622864
0.76,101325.00009907069
0.7625,101325.00009992738
0.765,101325.000098216
0.7675,101325.00009341948
0.77,101325.00008507326
0.7725,101325.00007289143
0.775,101325.0000566298
0.7775,101325.00003610004
0.78,101325.00001123051
0.7825,101324.99998204381
0.785,101324.99994864332
0.7875,101324.99991124084
0.79,101324.99987013481
0.7925,101324.99982568029
0.795,101324.99977837194
0.7975,101324.99972884695
0.8,101324.99967790878
0.8025,101324.99962650212
0.805,101324.99957567862
0.8075,101324.99952655869
0.81,101324.99948029696
0.8125,101324.99943802995
0.815,101324.99940085576
0.8175,101324.99936977231
0.82,101324.99934567191
0.8225,101324.9993293053
0.825,101324.99932126392
0.8275,101324.99932196768
0.83,101324.99933166755
0.8325,101324.99935045067
0.835,101324.99937824522
0.8375,101324.9994148472
0.84,101324.99945992317
0.8425,101324.99951299508
0.845,101324.99957345203
0.8475,101324.99964059507
0.85,101324.99971353268
0.8525,101324.99979133169
0.855,101324.99987302745
0.8575,101324.99995767519
0.86,101325.00004433691
0.8625,101325.00013216755
0.865,101325.0002204411
0.8675,101325.00030855169
0.87,101325.00039602919
0.8725,101325.0004824973
0.875,101325.00056770616
0.8775,101325.00065142997
0.88,101325.00073351264
0.8825,101325.00081383898
0.885,101325.00089232954
0.8875,101325.00096891381
0.89,101325.00104348372
0.8925,101325.00111587238
0.895,101325.00118595012
0.8975,101325.00125354815
0.9,101325.00131837143
0.9025,101325.00138006276
0.905,101325.00143820302
0.9075,101325.00149226266
0.91,101325.00154163211
0.9125,101325.00158559556
0.915,101325.00162329827
0.9175,101325.001653834
0.92,101325.00167622381
0.9225,101325.00168958349
0.925,101325.00169323993
0.9275,101325.0016867192
0.93,101325.00166969675
0.9325,101325.00164196601
0.935,101325.0016034381
0.9375,101325.00155415789
0.94,101325.00149432497
0.9425,101325.00142430782
0.945,101325.00134466094
0.9475,101325.00125613667
0.95,101325.00115965644
0.9525,101325.00105629997
0.955,101325.00094728913
0.9575,101325.00083396479
0.96,101325.00071776229
0.9625,101325.00060018108
0.965,101325.00048274169
0.9675,101325.0003669225
0.97,101325.00025417168
0.9725,101325.00014589394
0.975,101325.00004342977
0.9775,101324.99994800444
0.98,101324.99986069534
0.9825,101324.99978245812
0.985,101324.99971405949
0.9875,101324.99965607248
0.99,101324.99960887346
0.9925,101324.99957264629
0.995,101324.99954740024
0.9975,101324.99953298613
1.0,101324.99952910488
1.0025,101324.99953531219
1.005,101324.99955102663
1.0075,101324.9995755417
1.01,101324.99960804702
1.0125,101324.99964764324
1.015,101324.99969336884
1.0175,101324.99974419177
1.02,101324.99979910838
1.0225,101324.99985708935
1.025,101324.99991709749
1.0275,101324.99997812793
1.03,101325.00003921134
1.0325,101325.0000994583
1.035,101325.00015805614
1.0375,101325.00021423404
1.04,101325.00026733743
1.0425,101325.00031672427
1.045,101325.0003618527
1.0475,101325.00040227549
1.05,101325.00043762522
1.0525,101325.00046761656
1.055,101325.00049204267
1.0575,101325.00051077345
1.06,101325.00052374881
1.0625,101325.00053097543
1.065,101325.00053252064
1.0675,101325.00052850968
1.07,101325.00051912111
1.0725,101325.00050458511
1.075,101325.00048518575
1.0775,101325.00046125868
1.08,101325.00043319653
1.0825,101325.00040144016
1.085,101325.00036649637
1.0875,101325.00032892879
1.09,101325.00028935264
1.0925,101325.0002484241
1.095,101325.00020684341
1.0975,101325.00016533892
1.1,101325.00012462093
1.1025,101325.00008536925
1.105,101325.00004822233
1.1075,101325.00001376258
1.11,101324.99998250909
1.1125,101324.99995493944
1.115,101324.99993147765
1.1175,101324.99991248625
1.12,101324.99989826238
1.1225,101324.99988901457
1.125,101324.99988485035
1.1275,101324.99988578848
1.13,101324.99989174875
1.1325,101324.99990255488
1.135,101324.99991794277
1.1375,101324.99993756981
1.14,101324.99996102946
1.1425,101324.99998783739
1.145,101325.00001747374
1.1475,101325.00004938967
1.15,101325.00008301952
1.1525,101325.00011779391
1.155,101325.00015316268
1.1575,101325.00018859441
1.16,101325.00022357701
1.1625,101325.00025764226
1.165,101325.00029037692
1.1675,101325.00032142908
1.17,101325.00035051416
1.1725,101325.00037741958
1.175,101325.00040200759
1.1775,101325.00042422068
1.18,101325.0004440897
1.1825,101325.00046174249
1.185,101325.00047737907
1.1875,101325.00049121582
1.19,101325.00050346588
1.1925,101325.00051435539
1.195,101325.00052413174
1.1975,101325.00053307165
1.2,101325.00054145828
1.2025,101325.00054956556
1.205,101325.00055765289
1.2075,101325.00056595885
1.21,101325.00057469755
1.2125,101325.0005840589
1.215,101325.00059420346
1.2175,101325.00060526014
1.22,101325.00061732614
1.2225,101325.00063046205
1.225,101325.00064469187
1.2275,101325.00066000201
1.23,101325.00067634047
1.2325,101325.00069361829
1.235,101325.00071170939
1.2375,101325.00073045846
1.24,101325.00074967848
1.2425,101325.00076915519
1.245,101325.00078865033
1.2475,101325.00080790922
1.25,101325.00082666107
1.2525,101325.00084460567
1.255,101325.00086144457
1.2575,101325.00087687584
1.26,101325.00089058996
1.2625,101325.00090229386
1.265,101325.00091168363
1.2675,101325.00091846734
1.27,101325.00092236207
1.2725,101325.00092313309
1.275,101325.00092050631
1.2775,101325.0009142495
1.28,101325.00090416295
1.2825,101325.00089007946
1.285,101325.00087186421
1.2875,101325.00084942246
1.29,101325.00082270193
1.2925,101325.00079169418
1.295,101325.00075643844
1.2975,101325.00071702263
1.3,101325.00067357914
1.3025,101325.00062628544
1.305,101325.00057535856
1.3075,101325.00052105376
1.31,101325.00046366313
1.3125,101325.00040350345
1.315,101325.00034091782
1.3175,101325.000276267
1.32,101325.0002099305
1.3225,101325.00014230302
1.325,101325.00007379538
1.3275,101325.00000484398
1.33,101324.99993590763
1.3325,101324.9998674528
1.335,101324.99980002166
1.3375,101324.9997340516
1.34,101324.99967002444
1.3425,101324.99960843612
1.345,101324.99954976667
1.3475,101324.99949450829
1.35,101324.99944308995
1.3525,101324.99939599576
1.355,101324.99935363999
1.3575,101324.99931638276
1.36,101324.999284538
1.3625,101324.99925836734
1.365,101324.99923808021
1.3675,101324.99922383236
1.37,101324.99921572201
1.3725,101324.99921378742
1.375,101324.99921800889
1.3775,101324.99922831441
1.38,101324.99924458885
1.3825,101324.99926667669
1.385,101324.99929438159
1.3875,101324.99932746176
1.39,101324.99936563159
1.3925,101324.99940855853
1.395,101324.99945586713
1.3975,101324.99950714581
1.4,101324.99956192749
1.4025,101324.9996197533
1.405,101324.99968013288
1.4075,101324.99974253395
1.41,101324.99980643128
1.4125,101324.99987128607
1.415,101324.99993655657
1.4175,101325.00000170154
1.42,101325.00006618652
1.4225,101325.00012949706
1.425,101325.00019111496
1.4275,101325.00025056124
1.43,101325.00030737314
1.4325,101325.00036112031
1.435,101325.00041141632
1.4375,101325.00045792357
1.44,101325.00050035038
1.4425,101325.00053845698
1.445,101325.00057205056
1.4475,101325.00060098158
1.45,101325.00062513859
1.4525,101325.00064444427
1.455,101325.00065885854
1.4575,101325.00066838523
1.46,101325.00067307694
1.4625,101325.00067303705
1.465,101325.0006684206
1.4675,101325.00065943212
1.47,101325.0006463231
1.4725,101325.00062938761
1.475,101325.00060895889
1.4775,101325.0005854045
1.48,101325.00055912262
1.4825,101325.00053053572
1.485,101325.00050008761
1.4875,101325.00046822552
1.49,101325.00043541877
1.4925,101325.00040215292
1.495,101325.00036889994
1.4975,101325.00033611989
1.5,101325.00030425419
1.5025,101325.00027372268
1.505,101325.0002449193
1.5075,101325.00021820958
1.51,101325.0001939174
1.5125,101325.00017234967
1.515,101325.00015377234
1.5175,101325.00013841083
1.52,101325.00012644743
1.5225,101325.00011802002
1.525,101325.00011322078
1.5275,101325.00011209391
1.53,101325.00011463395
1.5325,101325.0001207832
1.535,101325.00013043056
1.5375,101325.00014341262
1.54,101325.00015951431
1.5425,101325.00017847877
1.545,101325.0002000096
1.5475,101325.00022378105
1.55,101325.00024943633
1.5525,101325.00027662092
1.555,101325.0003049572
1.5575,101325.0003340541
1.56,101325.00036351068
1.5625,101325.00039293242
1.565,101325.00042192901
1.5675,101325.00045010887
1.57,101325.00047709333
1.5725,101325.00050251577
1.575,101325.00052602438
1.5775,101325.00054727789
1.58,101325.00056596851
1.5825,101325.00058181905
1.585,101325.00059458423
1.5875,101325.00060405444
1.59,101325.00061005841
1.5925,101325.00061246434
1.595,101325.00061118336
1.5975,101325.0006061695
1.6,101325.00059741978
1.6025,101325.00058498351
1.605,101325.00056894407
1.6075,101325.00054942834
1.61,101325.00052660605
1.6125,101325.00050068636
1.615,101325.00047190659
1.6175,101325.00044054636
1.62,101325.00040690904
1.6225,101325.00037132189
1.625,101325.00033411685
1.6275,101325.0002956392
1.63,101325.00025625524
1.6325,101325.00021632061
1.635,101325.00017619223
1.6375,101325.00013621409
1.64,101325.00009671559
1.6425,101325.00005800823
1.645,101325.00002037402
1.6475,101324.99998408512
1.65,101324.99994938271
1.6525,101324.99991648406
1.655,101324.99988557849
1.6575,101324.99985682263
1.66,101324.9998303398
1.6625,101324.99980621837
1.665,101324.9997845092
1.6675,101324.99976523685
1.67,101324.99974839076
1.6725,101324.99973393262
1.675,101324.99972179889
1.6775,101324.99971190431
1.68,101324.99970414449
1.6825,101324.99969840104
1.685,101324.99969454635
1.6875,101324.99969244965
1.69,101324.99969197572
1.6925,101324.999692992
1.695,101324.99969537194
1.6975,101324.99969899772
1.7,101324.99970376295
1.7025,101324.99970957548
1.705,101324.9997163564
1.7075,101324.99972404253
1.71,101324.99973258805
1.7125,101324.99974199501
1.715,101324.99975223037
1.7175,101324.99976330505
1.72,101324.99977524734
1.7225,101324.99978810718
1.725,101324.9998019496
1.7275,101324.99981685606
1.73,101324.99983291136
1.7325,101324.99985024649
1.735,101324.999868951
1.7375,101324.99988911122
1.74,101324.99991080978
1.7425,101324.9999341189
1.745,101324.99995909887
1.7475,101324.99998580113
1.75,101325.00001425137
1.7525,101325.0000444592
1.755,101325.00007641598
1.7575,101325.00011009189
1.76,101325.0001454329
1.7625,101325.00018236342
1.765,101325.00022078653
1.7675,101325.0002605856
1.77,101325.00030162302
1.7725,101325.00034374006
1.775,101325.00038676038
1.7775,101325.00043048714
1.78,101325.00047470292
1.7825,101325.00051917607
1.785,101325.0005636657
1.7875,101325.00060791713
1.79,101325.00065167141
1.7925,101325.00069466745
1.795,101325.0007366424
1.7975,101325.00077733427
1.8,101325.00081648216
1.8025,101325.0008538113
1.805,101325.00088907048
1.8075,101325.00092198902
1.81,101325.00095229901
1.8125,101325.00097975173
1.815,101325.00100410946
1.8175,101325.0010251614
1.82,101325.00104271987
1.8225,101325.00105662868
1.825,101325.00106676208
1.8275,101325.00107302904
1.83,101325.00107536928
1.8325,101325.00107375528
1.835,101325.00106819035
1.8375,101325.0010587055
1.84,101325.00104536222
1.8425,101325.00102824783
1.845,101325.00100748101
1.8475,101325.00098320784
1.85,101325.00095560391
1.8525,101325.00092487568
1.855,101325.00089125968
1.8575,101325.00085502099
1.86,101325.00081645018
1.8625,101325.00077585998
1.865,101325.00073357241
1.8675,101325.00068993169
1.87,101325.00064528269
1.8725,101325.00059998163
1.875,101325.00055438832
1.8775,101325.00050885364
1.88,101325.00046372115
1.8825,101325.00041932687
1.885,101325.00037599387
1.8875,101325.00033404415
1.89,101325.00029377791
1.8925,101325.00025548175
1.895,101325.00021942244
1.8975,101325.00018583919
1.9,101325.00015494433
1.9025,101325.00012691875
1.905,101325.00010190642
1.9075,101325.00008002517
1.91,101325.00006135208
1.9125,101325.0000459299
1.915,101325.00003376507
1.9175,101325.00002483097
1.92,101325.00001907344
1.9225,101325.00001640651
1.925,101325.00001672006
1.9275,101325.00001988163
1.93,101325.00002571418
1.9325,101325.00003403822
1.935,101325.00004465431
1.9375,101325.00005734459
1.94,101325.00007187619
1.9425,101325.00008800376
1.945,101325.00010547176
1.9475,101325.00012401916
1.95,101325.00014338043
1.9525,101325.00016328711
1.955,101325.00018347318
1.9575,101325.00020367406
1.96,101325.00022363344
1.9625,101325.00024310309
1.965,101325.00026184329
1.9675,101325.00027961931
1.97,101325.00029622501
1.9725,101325.00031147698
1.975,101325.00032520565
1.9775,101325.00033734512
1.98,101325.0003476991
1.9825,101325.00035616789
1.985,101325.00036267168
1.9875,101325.00036715153
1.99,101325.00036956728
1.9925,101325.00036990752
1.995,101325.00036819579
1.9975,101325.00036449039
2.0,101325.00035887594
2.0025,101325.00035145856
2.005,101325.00034236244
2.0075,101325.00033173223
2.01,101325.00031972869
2.0125,101325.00030661756
2.015,101325.00029248503
2.0175,101325.00027754006
2.02,101325.0002619942
2.0225,101325.00024606827
2.025,101325.00022999072
2.0275,101325.00021399227
2.03,101325.00019831065
2.0325,101325.00018318408
2.035,101325.00016885497
2.0375,101325.00015555652
2.04,101325.00014351567
2.0425,101325.00013294695
2.045,101325.00012405845
2.0475,101325.00011703015
2.05,101325.00011203482
2.0525,101325.00010922317
2.055,101325.00010872167
2.0575,101325.00011062948
2.06,101325.00011501387
2.0625,101325.00012191846
2.065,101325.0001313613
2.0675,101325.00014332712
2.07,101325.00015777427
2.0725,101325.00017464311
2.075,101325.00019385287
2.0775,101325.00021530646
2.08,101325.00023887478
2.0825,101325.00026441952
2.085,101325.0002917808
2.0875,101325.00032078008
2.09,101325.00035121803
2.0925,101325.00038287579
2.095,101325.00041552652
2.0975,101325.00044893162
2.1,101325.0004828362
2.1025,101325.00051698188
2.105,101325.00055110993
2.1075,101325.00058496243
2.11,101325.00061827672
2.1125,101325.00065081228
2.115,101325.00068232775
2.1175,101325.00071259026
2.12,101325.00074138444
2.1225,101325.00076848466
2.125,101325.00079369119
2.1275,101325.00081681379
2.13,101325.0008376832
2.1325,101325.000856144
2.135,101325.00087206819
2.1375,101325.00088534776
2.14,101325.00089590046
2.1425,101325.00090367348
2.145,101325.00090863154
2.1475,101325.00091076584
2.15,101325.00091009191
2.1525,101325.00090664858
2.155,101325.0009004946
2.1575,101325.00089171194
2.16,101325.00088034161
2.1625,101325.00086654506
2.165,101325.00085045447
2.1675,101325.00083221564
2.17,101325.00081198578
2.1725,101325.00078993458
2.175,101325.00076623357
2.1775,101325.00074105854
2.18,101325.00071460442
2.1825,101325.00068702645
2.185,101325.00065848907
2.1875,101325.00062915475
2.19,101325.00059917812
2.1925,101325.00056871529
2.195,101325.00053791776
2.1975,101325.00050702252
2.2,101325.00047605134
2.2025,101325.00044512986
2.205,101325.0004143863
2.2075,101325.00038392683
2.21,101325.00035385092
2.2125,101325.00032424935
2.215,101325.00029519522
2.2175,101325.00026675846
2.22,101325.00023900639
2.2225,101325.00021199328
2.225,101325.00018577
2.2275,101325.00016037496
2.23,101325.00013584508
2.2325,101325.00011221248
2.235,101325.00008949399
2.2375,101325.00006770054
2.24,101325.00004683946
2.2425,101325.0000269122
2.245,101325.00000792138
2.2475,101324.99998983908
2.25,101324.99997268629
2.2525,101324.99995647547
2.255,101324.99994122786
2.2575,101324.99992697222
2.26,101324.99991374262
2.2625,101324.99990157963
2.265,101324.99989052299
2.2675,101324.9998806099
2.27,101324.9998718773
2.2725,101324.99986435726
2.275,101324.99985808169
2.2775,101324.99985308293
2.28,101324.99984939501
2.2825,101324.99984705486
2.285,101324.9998461014
2.2875,101324.99984658153
2.29,101324.99984852152
2.2925,101324.99985196287
2.295,101324.99985693184
2.2975,101324.99986344956
2.3,101324.99987152495
2.3025,101324.99988116146
2.305,101324.99989235206
2.3075,101324.99990507896
2.31,101324.99991931384
2.3125,101324.99993501908
2.315,101324.99995214168
2.3175,101324.99997061615
2.32,101324.99999035642
2.3225,101325.00001126296
2.325,101325.00003326804
2.3275,101325.00005620647
2.33,101325.00007993971
2.3325,101325.00010431434
2.335,101325.00012916827
2.3375,101325.00015434333
2.34,101325.00017967033
2.3425,101325.00020497797
2.345,101325.00023009314
2.3475,101325.00025484616
2.35,101325.00027906732
2.3525,101325.00030258924
2.355,101325.00032516543
2.3575,101325.00034674126
2.36,101325.00036716927
2.3625,101325.00038628728
2.365,101325.00040396744
2.3675,101325.0004200676
2.37,101325.000434473
2.3725,101325.00044708235
2.375,101325.00045781076
2.3775,101325.00046659667
2.38,101325.00047339736
2.3825,101325.00047818992
2.385,101325.00048097258
2.3875,101325.00048176404
2.39,101325.00048060337
2.3925,101325.00047754939
2.395,101325.00047268051
2.3975,101325.00046609378
2.4,101325.00045790379
2.4025,101325.00044824224
2.405,101325.00043725522
2.4075,101325.00042510302
2.41,101325.00041195432
2.4125,101325.00039799965
2.415,101325.00038341399
2.4175,101325.00036838552
2.42,101325.00035299821
2.4225,101325.00033752577
2.425,101325.00032214836
2.4275,101325.00030704387
2.43,101325.00029238952
2.4325,101325.00027836159
2.435,101325.00026512913
2.4375,101325.00025285697
2.44,101325.00024169947
2.4425,101325.00023180025
2.445,101325.00022328386
2.4475,101325.00021625802
2.45,101325.00021080649
2.4525,101325.00020699135
2.455,101325.00020484912
2.4575,101325.00020439019
2.46,101325.00020560175
2.4625,101325.00020844932
2.465,101325.00021287923
2.4675,101325.0002188205
2.47,101325.00022618633
2.4725,101325.00023487593
2.475,101325.00024477569
2.4775,101325.00025575914
2.48,101325.0002676906
2.4825,101325.00028042277
2.485,101325.00029379885
2.4875,101325.00030756844
2.49,101325.00032164583
2.4925,101325.00033585202
2.495,101325.00034999516
2.4975,101325.00036388023
2.5,101325.00037731043
2.5025,101325.0003900881
2.505,101325.00040202209
2.5075,101325.00041292691
2.51,101325.00042263772
2.5125,101325.00043096852
2.515,101325.00043781628
2.5175,101325.00044305703
2.52,101325.00044663677
2.5225,101325.00044842187
2.525,101325.00044834937
2.5275,101325.00044637015
2.53,101325.0004424471
2.5325,101325.00043655431
2.535,101325.00042867872
2.5375,101325.00041882097
2.54,101325.00040700065
2.5425,101325.00039325679
2.545,101325.00037764941
2.5475,101325.0003602631
2.55,101325.00034120552
2.5525,101325.00032060746
2.555,101325.00029861982
2.5575,101325.00027540972
2.56,101325.00025115788
2.5625,101325.00022606709
2.565,101325.00020032859
2.5675,101325.0001741486
2.57,101325.00014773024
2.5725,101325.00012127748
2.575,101325.00009499426
2.5775,101325.0000690818
2.58,101325.00004373978
2.5825,101325.00001915968
2.585,101324.99999552789
2.5875,101324.99997301667
2.59,101324.99995179447
2.5925,101324.99993201342
2.595,101324.99991382114
2.5975,101324.99989735597
2.6,101324.99988274729
2.6025,101324.99987011158
2.605,101324.99985954733
2.6075,101324.99985113382
2.61,101324.99984493344
2.6125,101324.99984099111
2.615,101324.99983932852
2.6175,101324.99983994705
2.62,101324.99984282658
2.6225,101324.99984792601
2.625,101324.99985518631
2.6275,101324.99986453027
2.63,101324.99987586928
2.6325,101324.99988909744
2.635,101324.99990410314
2.6375,101324.99992076367
2.64,101324.99993895103
2.6425,101324.99995852612
2.645,101324.99997934337
2.6475,101325.00000124346
2.65,101325.00002407696
2.6525,101325.00004768491
2.655,101325.00007190653
2.6575,101325.00009658538
2.66,101325.00012156382
2.6625,101325.00014668792
2.665,101325.0001718088
2.6675,101325.00019678348
2.67,101325.00022147656
2.6725,101325.00024575788
2.675,101325.00026950712
2.6775,101325.00029261253
2.68,101325.00031497153
2.6825,101325.00033648852
2.685,101325.00035707228
2.6875,101325.00037664833
2.69,101325.00039516037
2.6925,101325.00041257159
2.695,101325.00042885287
2.6975,101325.0004439828
2.7,101325.00045795503
2.7025,101325.00047077287
2.705,101325.00048245376
2.7075,101325.00049302021
2.71,101325.00050250351
2.7125,101325.00051094651
2.715,101325.00051839408
2.7175,101325.0005248935
2.72,101325.0005304919
2.7225,101325.00053523661
2.725,101325.00053917605
2.7275,101325.00054236061
2.73,101325.00054484372
2.7325,101325.00054668172
2.735,101325.00054793377
2.7375,101325.00054866135
2.74,101325.00054892665
2.7425,101325.00054878807
2.745,101325.00054830767
2.7475,101325.00054753985
2.75,101325.00054653278
2.7525,101325.00054532752
2.755,101325.00054395752
2.7575,101325.00054244792
2.76,101325.00054081983
2.7625,101325.0005390822
2.765,101325.00053723835
2.7675,101325.00053528811
2.77,101325.00053322756
2.7725,101325.00053104984
2.775,101325.00052874688
2.7775,101325.00052630952
2.78,101325.00052372881
2.7825,101325.00052099513
2.785,101325.00051809949
2.7875,101325.00051503308
2.79,101325.00051178686
2.7925,101325.00050835119
2.795,101325.0005047161
2.7975,101325.00050087235
2.8,101325.00049681036
2.8025,101325.00049252259
2.805,101325.00048800325
2.8075,101325.00048325062
2.81,101325.00047826479
2.8125,101325.00047305116
2.815,101325.00046762031
2.8175,101325.00046198824
2.82,101325.00045617635
2.8225,101325.000450211
2.825,101325.00044412448
2.8275,101325.00043795195
2.83,101325.00043173326
2.8325,101325.00042550982
2.835,101325.00041932565
2.8375,101325.00041322393
2.84,101325.00040726537
2.8425,101325.00040146989
2.845,101325.00039587666
2.8475,101325.00039052372
2.85,101325.00038544516
2.8525,101325.0003806708
2.855,101325.00037622561
2.8575,101325.00037213133
2.86,101325.00036840088
2.8625,101325.00036504658
2.865,101325.00036207397
2.8675,101325.00035948047
2.87,101325.00035725768
2.8725,101325.00035539181
2.875,101325.00035386112
2.8775,101325.00035263732
2.88,101325.00035168615
2.8825,101325.00035096728
2.885,101325.00035043467
2.8875,101325.0003500368
2.89,101325.00034971726
2.8925,101325.0003494156
2.895,101325.00034906871
2.8975,101325.00034861184
2.9,101325.0003479806
2.9025,101325.00034711217
2.905,101325.00034594678
2.9075,101325.00034442691
2.91,101325.00034250104
2.9125,101325.00034011938
2.915,101325.00033723493
2.9175,101325.00033380318
2.92,101325.00032978221
2.9225,101325.00032513507
2.925,101325.0003198254
2.9275,101325.00031383589
2.93,101325.00030715528
2.9325,101325.00029978719
2.935,101325.00029175406
2.9375,101325.00028309897
2.94,101325.00027387758
2.9425,101325.00026416383
2.945,101325.00025404908
2.9475,101325.00024363473
2.95,101325.0002330296
2.9525,101325.00022234772
2.955,101325.00021170505
2.9575,101325.0002012167
2.96,101325.00019099841
2.9625,101325.00018116749
2.965,101325.00017183325
2.9675,101325.00016310606
2.97,101325.00015509952
2.9725,101325.00014792949
2.975,101325.00014171521
2.9775,101325.00013657844
2.98,101325.00013264296
2.9825,101325.00013002743
2.985,101325.00012884496
2.9875,101325.00012920263
2.99,101325.00013119618
2.9925,101325.00013490746
2.995,101325.00014040135
2.9975,101325.00014772468
3.0,101325.00015690395
3.0025,101325.00016794704
3.005,101325.00018084307
3.0075,101325.00019556067
3.01,101325.00021205514
3.0125,101325.00023026436
3.015,101325.00025011209
3.0175,101325.00027150796
3.02,101325.00029434747
3.0225,101325.00031851289
3.025,101325.00034387577
3.0275,101325.00037028875
3.03,101325.00039759761
3.0325,101325.00042563994
3.035,101325.00045424294
3.0375,101325.000483223
3.04,101325.00051239559
3.0425,101325.00054157464
3.045,101325.00057056983
3.0475,101325.00059919264
3.05,101325.00062724795
3.0525,101325.0006545435
3.055,101325.00068089513
3.0575,101325.00070611945
3.06,101325.00073001561
3.0625,101325.00075243105
3.065,101325.00077319422
3.0675,101325.00079214849
3.07,101325.00080915436
3.0725,101325.00082408453
3.075,101325.00083683015
3.0775,101325.00084729842
3.08,101325.0008554142
3.0825,101325.00086112489
3.085,101325.00086439926
3.0875,101325.00086522927
3.09,101325.0008636297
3.0925,101325.00085963529
3.095,101325.00085329817
3.0975,101325.00084468667
3.1,101325.00083388182
3.1025,101325.0008209774
3.105,101325.00080607913
3.1075,101325.0007893053
3.11,101325.0007707827
3.1125,101325.00075065238
3.115,101325.00072905769
3.1175,101325.00070615296
3.12,101325.00068210308
3.1225,101325.00065707081
3.125,101325.00063122516
3.1275,101325.00060473166
3.13,101325.00057775578
3.1325,101325.00055045834
3.135,101325.00052300107
3.1375,101325.00049553932
3.14,101325.00046822033
3.1425,101325.00044118718
3.145,101325.00041458709
3.1475,101325.00038853585
3.15,101325.00036314299
3.1525,101325.00033850709
3.155,101325.00031471913
3.1575,101325.00029185557
3.16,101325.00026998042
3.1625,101325.00024914525
3.165,101325.00022938692
3.1675,101325.00021074354
3.17,101325.00019323951
3.1725,101325.00017689023
3.175,101325.00016170037
3.1775,101325.00014766231
3.18,101325.00013476434
3.1825,101325.00012298045
3.185,101325.00011227855
3.1875,101325.00010262032
3.19,101325.00009396263
3.1925,101325.00008625303
3.195,101325.00007944037
3.1975,101325.00007347122
3.2,101325.00006828891
3.2025,101325.00006383605
3.205,101325.00006005379
3.2075,101325.00005688617
3.21,101325.00005427742
3.2125,101325.0000521875
3.215,101325.00005055784
3.2175,101325.00004933889
3.22,101325.00004849251
3.2225,101325.00004798693
3.225,101325.00004779575
3.2275,101325.00004789693
3.23,101325.00004827211
3.2325,101325.00004890593
3.235,101325.00004978685
3.2375,101325.00005090745
3.24,101325.00005226333
3.2425,101325.00005385475
3.245,101325.00005568578
3.2475,101325.00005776413
3.25,101325.00006010104
3.2525,101325.00006270998
3.255,101325.00006560671
3.2575,101325.00006880958
3.26,101325.00007233761
3.2625,101325.00007621208
3.265,101325.00008045427
3.2675,101325.00008508474
3.27,101325.00009012371
3.2725,101325.00009558778
3.275,101325.00010149209
3.2775,101325.00010784743
3.28,101325.00011466036
3.2825,101325.00012193294
3.285,101325.00012966224
3.2875,101325.00013784027
3.29,101325.00014645507
3.2925,101325.00015549056
3.295,101325.00016492789
3.2975,101325.00017474352
3.3,101325.00018491359
3.3025,101325.00019541279
3.305,101325.00020621442
3.3075,101325.00021728985
3.31,101325.00022860969
3.3125,101325.00024014388
3.315,101325.00025185838
3.3175,101325.00026371659
3.32,101325.00027567772
3.3225,101325.00028769819
3.325,101325.00029973021
3.3275,101325.00031172502
3.33,101325.00032363238
3.3325,101325.00033540206
3.335,101325.00034698671
3.3375,101325.00035834147
3.34,101325.00036942583
3.3425,101325.00038020221
3.345,101325.00039063787
3.3475,101325.0004007058
3.35,101325.00041038264
3.3525,101325.00041964861
3.355,101325.00042848698
3.3575,101325.00043688269
3.36,101325.00044482468
3.3625,101325.00045230272
3.365,101325.00045930922
3.3675,101325.00046583785
3.37,101325.00047188338
3.3725,101325.00047744293
3.375,101325.00048251452
3.3775,101325.00048709773
3.38,101325.00049119277
3.3825,101325.00049480076
3.385,101325.00049792315
3.3875,101325.00050056122
3.39,101325.00050271653
3.3925,101325.00050438946
3.395,101325.00050557987
3.3975,101325.00050628689
3.4,101325.0005065085
3.4025,101325.00050624162
3.405,101325.00050548188
3.4075,101325.00050422364
3.41,101325.00050246035
3.4125,101325.00050018409
3.415,101325.00049738577
3.4175,101325.00049405497
3.42,101325.00049017923
3.4225,101325.00048574543
3.425,101325.00048073857
3.4275,101325.00047514115
3.43,101325.00046893525
3.4325,101325.00046209985
3.435,101325.00045461328
3.4375,101325.00044645334
3.44,101325.0004376
3.4425,101325.00042803116
3.445,101325.00041772836
3.4475,101325.00040667629
3.45,101325.00039486504
3.4525,101325.00038228621
3.455,101325.00036893925
3.4575,101325.00035482988
3.46,101325.00033996982
3.4625,101325.00032437584
3.465,101325.00030807289
3.4675,101325.00029109027
3.47,101325.00027346332
3.4725,101325.00025523255
3.475,101325.00023644506
3.4775,101325.00021714944
3.48,101325.00019740217
3.4825,101325.00017726579
3.485,101325.0001568068
3.4875,101325.00013609882
3.49,101325.00011521879
3.4925,101325.00009425264
3.495,101325.00007328992
3.4975,101325.0000524257
3.5,101325.00003176098
3.5025,101325.00001139639
3.505,101324.99999143991
3.5075,101324.99997199775
3.51,101324.99995317834
3.5125,101324.99993509089
3.515,101324.99991784296
3.5175,101324.99990154398
3.52,101324.99988629702
3.5225,101324.99987220796
3.525,101324.99985937656
3.5275,101324.99984789752
3.53,101324.9998378622
3.5325,101324.99982935218
3.535,101324.99982244329
3.5375,101324.99981720212
3.54,101324.99981368506
3.5425,101324.99981193854
3.545,101324.99981199618
3.5475,101324.9998138798
3.55,101324.99981759912
3.5525,101324.99982314976
3.555,101324.99983051792
3.5575,101324.99983967432
3.56,101324.99985058224
3.5625,101324.99986319512
3.565,101324.99987745483
3.5675,101324.99989329593
3.57,101324.99991064648
3.5725,101324.99992942523
3.575,101324.99994954128
3.5775,101324.99997089672
3.58,101324.99999338634
3.5825,101325.00001689589
3.585,101325.00004130666
3.5875,101325.00006649102
3.59,101325.00009231773
3.5925,101325.00011865633
3.595,101325.00014536837
3.5975,101325.00017232206
3.6,101325.00019938553
3.6025,101325.00022643204
3.605,101325.00025333565
3.6075,101325.0002799776
3.61,101325.00030624314
3.6125,101325.00033202364
3.615,101325.00035721544
3.6175,101325.00038171842
3.62,101325.00040543778
3.6225,101325.00042828363
3.625,101325.0004501731
3.6275,101325.00047102908
3.63,101325.00049077813
3.6325,101325.00050935608
3.635,101325.00052670614
3.6375,101325.00054277614
3.64,101325.00055753067
3.6425,101325.00057093668
3.645,101325.00058296674
3.6475,101325.00059360886
3.65,101325.00060285696
3.6525,101325.0006107158
3.655,101325.00061719501
3.6575,101325.00062231168
3.66,101325.00062608642
3.6625,101325.00062854688
3.665,101325.00062973106
3.6675,101325.0006296746
3.67,101325.00062841504
3.6725,101325.00062600162
3.675,101325.00062248671
3.6775,101325.0006179246
3.68,101325.00061237518
3.6825,101325.00060590167
3.685,101325.00059856627
3.6875,101325.00059043425
3.69,101325.00058157147
3.6925,101325.00057204481
3.695,101325.00056192001
3.6975,101325.00055126323
3.7,101325.00054014052
3.7025,101325.00052861687
3.705,101325.00051675941
3.7075,101325.00050463289
3.71,101325.00049230344
3.7125,101325.00047983295
3.715,101325.00046728396
3.7175,101325.00045471407
3.72,101325.00044217966
3.7225,101325.00042973465
3.725,101325.0004174278
3.7275,101325.00040530383
3.73,101325.00039340697
3.7325,101325.00038177408
3.735,101325.00037044032
3.7375,101325.0003594367
3.74,101325.00034879171
3.7425,101325.00033852999
3.745,101325.00032867314
3.7475,101325.00031923939
3.75,101325.00031024351
3.7525,101325.00030169694
3.755,101325.00029360766
3.7575,101325.00028597908
3.76,101325.0002788142
3.7625,101325.00027211166
3.765,101325.00026586808
3.7675,101325.00026007813
3.77,101325.00025473451
3.7725,101325.00024982767
3.775,101325.00024534835
3.7775,101325.0002412849
3.78,101325.00023762659
3.7825,101325.00023436212
3.785,101325.00023148012
3.7875,101325.00022896971
3.79,101325.00022681981
3.7925,101325.00022501867
3.795,101325.00022355429
3.7975,101325.00022241336
3.8,101325.00022158142
3.8025,101325.00022104301
3.805,101325.00022078099
3.8075,101325.00022077726
3.81,101325.00022101324
3.8125,101325.00022147007
3.815,101325.00022212918
3.8175,101325.00022297307
3.82,101325.00022398568
3.8225,101325.00022515305
3.825,101325.00022646366
3.8275,101325.00022790808
3.83,101325.00022947932
3.8325,101325.00023117184
3.835,101325.00023298102
3.8375,101325.0002349031
3.84,101325.00023693392
3.8425,101325.00023906933
3.845,101325.00024130459
3.8475,101325.000243635
3.85,101325.00024605659
3.8525,101325.00024856631
3.855,101325.0002511637
3.8575,101325.00025385128
3.86,101325.00025663406
3.8625,101325.00025952111
3.865,101325.00026252458
3.8675,101325.0002656593
3.87,101325.0002689423
3.8725,101325.00027239237
3.875,101325.00027602994
3.8775,101325.00027987422
3.88,101325.00028394525
3.8825,101325.00028826238
3.885,101325.00029284452
3.8875,101325.00029770953
3.89,101325.00030287444
3.8925,101325.00030835514
3.895,101325.00031416574
3.8975,101325.00032031925
3.9,101325.00032682523
3.9025,101325.00033369199
3.905,101325.00034092384
3.9075,101325.00034852122
3.91,101325.00035648046
3.9125,101325.00036479413
3.915,101325.00037345066
3.9175,101325.00038243309
3.92,101325.00039172103
3.9225,101325.00040129245
3.925,101325.0004111181
3.9275,101325.00042116891
3.93,101325.00043141287
3.9325,101325.0004418138
3.935,101325.00045233467
3.9375,101325.00046293596
3.94,101325.00047357564
3.9425,101325.00048420983
3.945,101325.0004947917
3.9475,101325.00050527154
3.95,101325.00051559783
3.9525,101325.00052571591
3.955,101325.0005355711
3.9575,101325.00054510846
3.96,101325.00055427499
3.9625,101325.0005630173
3.965,101325.00057128583
3.9675,101325.00057903353
3.97,101325.00058621622
3.9725,101325.00059279487
3.975,101325.00059873254
3.9775,101325.00060399735
3.98,101325.00060856034
3.9825,101325.0006123966
3.985,101325.00061548461
3.9875,101325.00061780684
3.99,101325.00061934917
3.9925,101325.00062010244
3.995,101325.00062006143
3.9975,101325.00061922528
4.0,101325.00061759756
4.0025,101325.00061518664
4.005,101325.00061200571
4.0075,101325.00060807276
4.01,101325.00060341014
4.0125,101325.00059804489
4.015,101325.00059200602
4.0175,101325.00058532687
4.02,101325.00057804347
4.0225,101325.00057019496
4.025,101325.00056182162
4.0275,101325.00055296686
4.03,101325.00054367355
4.0325,101325.00053398611
4.035,101325.00052395173
4.0375,101325.00051361627
4.04,101325.00050302647
4.0425,101325.00049222875
4.045,101325.00048126873
4.0475,101325.00047019297
4.05,101325.00045904823
4.0525,101325.000447877
4.055,101325.00043672431
4.0575,101325.00042563054
4.06,101325.00041463469
4.0625,101325.00040377557
4.065,101325.00039308576
4.0675,101325.00038259705
4.07,101325.00037233799
4.0725,101325.00036233313
4.075,101325.00035260756
4.0775,101325.00034318145
4.08,101325.00033407455
4.0825,101325.00032530598
4.085,101325.00031689403
4.0875,101325.00030885541
4.09,101325.0003012056
4.0925,101325.00029395887
4.095,101325.00028712758
4.0975,101325.00028072076
4.1,101325.00027474502
4.1025,101325.00026920281
4.105,101325.00026409351
4.1075,101325.00025941407
4.11,101325.0002551592
4.1125,101325.00025132287
4.115,101325.00024789867
4.1175,101325.00024488021
4.12,101325.00024226324
4.1225,101325.00024004407
4.125,101325.00023822047
4.1275,101325.00023679181
4.13,101325.00023575721
4.1325,101325.00023511582
4.135,101325.00023486627
4.1375,101325.0002350057
4.14,101325.00023552992
4.1425,101325.00023643288
4.145,101325.00023770699
4.1475,101325.00023934289
4.15,101325.00024132985
4.1525,101325.000243656
4.155,101325.00024630821
4.1575,101325.0002492725
4.16,101325.00025253346
4.1625,101325.00025607373
4.165,101325.00025987423
4.1675,101325.00026391383
4.17,101325.00026816808
4.1725,101325.00027261079
4.175,101325.00027721227
4.1775,101325.00028194026
4.18,101325.00028676157
4.1825,101325.0002916417
4.185,101325.00029654297
4.1875,101325.00030142907
4.19,101325.00030626434
4.1925,101325.00031101223
4.195,101325.00031563606
4.1975,101325.00032010059
4.2,101325.00032437214
4.2025,101325.00032841504
4.205,101325.00033219501
4.2075,101325.00033567898
4.21,101325.00033883518
4.2125,101325.00034163414
4.215,101325.00034404903
4.2175,101325.00034605531
4.22,101325.00034763261
4.2225,101325.00034876438
4.225,101325.00034943804
4.2275,101325.00034964526
4.23,101325.00034938235
4.2325,101325.00034865025
4.235,101325.00034745444
4.2375,101325.00034580487
4.24,101325.00034371625
4.2425,101325.00034120771
4.245,101325.0003383029
4.2475,101325.00033502981
4.25,101325.00033142102
4.2525,101325.00032751285
4.255,101325.00032334603
4.2575,101325.00031896522
4.26,101325.00031441824
4.2625,101325.00030975584
4.265,101325.00030503124
4.2675,101325.00030029843
4.27,101325.0002956126
4.2725,101325.00029102886
4.275,101325.00028660022
4.2775,101325.00028237875
4.28,101325.00027841506
4.2825,101325.00027475654
4.285,101325.00027144901
4.2875,101325.0002685357
4.29,101325.00026605716
4.2925,101325.00026405156
4.295,101325.00026255415
4.2975,101325.00026159594
4.3,101325.00026120408
4.3025,101325.00026140067
4.305,101325.0002622024
4.3075,101325.00026361982
4.31,101325.00026565623
4.3125,101325.00026830916
4.315,101325.00027156773
4.3175,101325.00027541562
4.32,101325.00027982908
4.3225,101325.00028477743
4.325,101325.0002902251
4.3275,101325.00029612961
4.33,101325.00030244209
4.3325,101325.00030910998
4.335,101325.00031607342
4.3375,101325.00032326867
4.34,101325.00033062897
4.3425,101325.00033808185
4.345,101325.00034555474
4.3475,101325.0003529737
4.35,101325.00036026526
4.3525,101325.00036735609
4.355,101325.00037417338
4.3575,101325.000380647
4.36,101325.00038670881
4.3625,101325.00039229123
4.365,101325.00039732974
4.3675,101325.00040176313
4.37,101325.00040553322
4.3725,101325.00040858702
4.375,101325.00041087675
4.3775,101325.00041236087
4.38,101325.00041300459
4.3825,101325.00041278319
4.385,101325.0004116784
4.3875,101325.00040968016
4.39,101325.00040678683
4.3925,101325.00040300419
4.395,101325.00039834622
4.3975,101325.00039283425
4.4,101325.00038649146
4.4025,101325.00037935174
4.405,101325.00037145251
4.4075,101325.00036283743
4.41,101325.00035355325
4.4125,101325.00034365361
4.415,101325.00033319362
4.4175,101325.00032223518
4.42,101325.00031084091
4.4225,101325.00029907736
4.425,101325.00028701195
4.4275,101325.00027471194
4.43,101325.00026224504
4.4325,101325.00024967799
4.435,101325.00023707435
4.4375,101325.00022449541
4.44,101325.00021199802
4.4425,101325.00019963714
4.445,101325.00018746879
4.4475,101325.00017554263
4.45,101325.00016390631
4.4525,101325.00015260665
4.455,101325.00014168577
4.4575,101325.00013118121
4.46,101325.000121128
4.4625,101325.00011155594
4.465,101325.00010249246
4.4675,101325.00009395703
4.47,101325.00008596788
4.4725,101325.00007853817
4.475,101325.00007167736
4.4775,101325.00006538982
4.48,101325.00005967953
4.4825,101325.0000545472
4.485,101325.00004999121
4.4875,101325.00004600898
4.49,101325.00004259683
4.4925,101325.00003974963
4.495,101325.00003746166
4.4975,101325.00003572607
4.5,101325.00003453555
4.5025,101325.00003388189
4.505,101325.00003375688
4.5075,101325.00003415221
4.51,101325.00003506028
4.5125,101325.00003647324
4.515,101325.0000383836
4.5175,101325.00004078442
4.52,101325.00004366876
4.5225,101325.0000470298
4.525,101325.00005085986
4.5275,101325.0000551511
4.53,101325.00005989509
4.5325,101325.00006508242
4.535,101325.00007070364
4.5375,101325.00007674927
4.54,101325.00008320874
4.5425,101325.00009007291
4.545,101325.00009733249
4.5475,101325.0001049788
4.55,101325.00011300202
4.5525,101325.00012139347
4.555,101325.00013014163
4.5575,101325.00013923692
4.56,101325.00014866659
4.5625,101325.00015841615
4.565,101325.00016847142
4.5675,101325.00017881523
4.57,101325.00018942742
4.5725,101325.00020028961
4.575,101325.0002113784
4.5775,101325.00022266926
4.58,101325.00023413754
4.5825,101325.00024575376
4.585,101325.00025748946
4.5875,101325.00026931195
4.59,101325.00028118944
4.5925,101325.00029308633
4.595,101325.00030496466
4.5975,101325.00031678744
4.6,101325.00032851513
4.6025,101325.00034010687
4.605,101325.00035152226
4.6075,101325.00036271992
4.61,101325.00037365941
4.6125,101325.00038430048
4.615,101325.00039460136
4.6175,101325.00040452139
4.62,101325.00041402124
4.6225,101325.00042306155
4.625,101325.00043160321
4.6275,101325.00043960974
4.63,101325.00044704595
4.6325,101325.00045388113
4.635,101325.00046008651
4.6375,101325.00046563834
4.64,101325.00047051602
4.6425,101325.00047470575
4.645,101325.0004781977
4.6475,101325.00048098675
4.65,101325.0004830734
4.6525,101325.00048446341
4.655,101325.00048516701
4.6575,101325.00048519886
4.66,101325.0004845783
4.6625,101325.00048332855
4.665,101325.00048147619
4.6675,101325.00047905197
4.67,101325.00047608829
4.6725,101325.00047262029
4.675,101325.00046868678
4.6775,101325.00046432453
4.68,101325.00045957323
4.6825,101325.00045447215
4.685,101325.00044906102
4.6875,101325.0004433767
4.69,101325.00043745524
4.6925,101325.00043132972
4.695,101325.00042503318
4.6975,101325.00041859403
4.7,101325.00041203923
4.7025,101325.00040539147
4.705,101325.0003986728
4.7075,101325.00039190149
4.71,101325.00038509291
4.7125,101325.00037826109
4.715,101325.00037141578
4.7175,101325.00036456549
4.72,101325.00035771477
4.7225,101325.00035086554
4.725,101325.00034401791
4.7275,101325.00033716972
4.73,101325.00033031705
4.7325,101325.0003234537
4.735,101325.00031657382
4.7375,101325.00030966933
4.74,101325.00030273336
4.7425,101325.00029576002
4.745,101325.00028874389
4.7475,101325.00028168187
4.75,101325.00027457214
4.7525,101325.00026741464
4.755,101325.00026021022
4.7575,101325.00025296402
4.76,101325.00024568192
4.7625,101325.00023837286
4.765,101325.00023104926
4.7675,101325.0002237248
4.77,101325.00021641831
4.7725,101325.00020914906
4.775,101325.00020194122
4.7775,101325.00019482135
4.78,101325.00018781755
4.7825,101325.00018096136
4.785,101325.00017428587
4.7875,101325.0001678246
4.79,101325.00016161331
4.7925,101325.0001556887
4.795,101325.00015008741
4.7975,101325.00014484793
4.8,101325.00014000901
4.8025,101325.00013560895
4.805,101325.00013168772
4.8075,101325.00012828312
4.81,101325.00012543314
4.8125,101325.00012317518
4.815,101325.0001215447
4.8175,101325.0001205757
4.82,101325.0001202993
4.8225,101325.00012074395
4.825,101325.00012193472
4.8275,101325.0001238932
4.83,101325.00012663686
4.8325,101325.00013017937
4.835,101325.00013452971
4.8375,101325.00013969271
4.84,101325.00014566985
4.8425,101325.00015245694
4.845,101325.00016004653
4.8475,101325.00016842694
4.85,101325.00017758264
4.8525,101325.00018749179
4.855,101325.00019812939
4.8575,101325.00020946488
4.86,101325.00022146534
4.8625,101325.00023409315
4.865,101325.00024730618
4.8675,101325.00026106033
4.87,101325.00027530931
4.8725,101325.00029000295
4.875,101325.00030509036
4.8775,101325.00032051651
4.88,101325.00033622699
4.8825,101325.00035216458
4.885,101325.00036826827
4.8875,101325.00038447791
4.89,101325.00040073214
4.8925,101325.00041696735
4.895,101325.00043312117
4.8975,101325.00044913545
4.9,101325.00046495015
4.9025,101325.00048051111
4.905,101325.00049576684
4.9075,101325.00051066434
4.91,101325.00052516104
4.9125,101325.0005392114
4.915,101325.00055277473
4.9175,101325.00056581611
4.92,101325.0005783002
4.9225,101325.00059019397
4.925,101325.0006014672
4.9275,101325.00061209583
4.93,101325.00062205628
4.9325,101325.00063132643
4.935,101325.00063988774
4.9375,101325.00064772421
4.94,101325.00065482227
4.9425,101325.00066116852
4.945,101325.00066675324
4.9475,101325.0006715675
4.95,101325.00067560333
4.9525,101325.00067885363
4.955,101325.00068131227
4.9575,101325.00068297402
4.96,101325.0006838343
4.9625,101325.00068388945
4.965,101325.00068313639
4.9675,101325.00068157278
4.97,101325.00067919694
4.9725,101325.00067600921
4.975,101325.00067200973
4.9775,101325.00066720178
4.98,101325.00066158851
4.9825,101325.00065517573
4.985,101325.00064797078
4.9875,101325.00063998449
4.99,101325.0006312292
4.9925,101325.00062171968
4.995,101325.00061147365
4.9975,101325.0006005102
5.0,101325.00058885182
5.0025,101325.00057652504
5.005,101325.00056355722
5.0075,101325.00054998207
5.01,101325.00053583393
5.0125,101325.00052115109
5.015,101325.00050597708
5.0175,101325.00049035838
5.02,101325.00047434449
5.0225,101325.00045798915
5.025,101325.00044135129
5.0275,101325.00042448934
5.03,101325.00040746752
5.0325,101325.0003903498
5.035,101325.00037320489
5.0375,101325.00035609971
5.04,101325.00033910459
5.0425,101325.00032228841
5.045,101325.00030572069
5.0475,101325.00028946892
5.05,101325.00027360361
5.0525,101325.00025819088
5.055,101325.0002432969
5.0575,101325.00022898533
5.06,101325.00021531714
5.0625,101325.00020235103
5.065,101325.0001901441
5.0675,101325.00017874865
5.07,101325.0001682124
5.0725,101325.00015858212
5.075,101325.0001498966
5.0775,101325.00014219075
5.08,101325.0001354937
5.0825,101325.00012983056
5.085,101325.00012522048
5.0875,101325.00012167773
5.09,101325.00011921162
5.0925,101325.00011782516
5.095,101325.00011751585
5.0975,101325.00011827552
5.1,101325.00012008994
5.1025,101325.00012293902
5.105,101325.00012679632
5.1075,101325.00013162904
5.11,101325.00013740067
5.1125,101325.00014406558
5.115,101325.00015157601
5.1175,101325.00015987702
5.12,101325.00016891072
5.1225,101325.00017861596
5.125,101325.00018892663
5.1275,101325.00019977437
5.13,101325.00021108959
5.1325,101325.00022279921
5.135,101325.00023483225
5.1375,101325.000247116
5.14,101325.00025957852
5.1425,101325.000272149
5.145,101325.00028475927
5.1475,101325.00029734487
5.15,101325.00030984284
5.1525,101325.00032219446
5.155,101325.00033434109
5.1575,101325.00034623354
5.16,101325.00035782314
5.1625,101325.00036906837
5.165,101325.00037993098
5.1675,101325.00039037786
5.17,101325.00040038132
5.1725,101325.00040991942
5.175,101325.00041897441
5.1775,101325.00042753472
5.18,101325.00043559453
5.1825,101325.00044315131
5.185,101325.00045020615
5.1875,101325.00045676633
5.19,101325.00046284069
5.1925,101325.00046844278
5.195,101325.00047358801
5.1975,101325.0004782927
5.2,101325.0004825763
5.2025,101325.00048645632
5.205,101325.00048995113
5.2075,101325.00049307842
5.21,101325.000495855
5.2125,101325.00049829601
5.215,101325.00050041487
5.2175,101325.00050222377
5.22,101325.00050373221
5.2225,101325.0005049477
5.225,101325.00050587537
5.2275,101325.00050651761
5.23,101325.00050687414
5.2325,101325.00050694241
5.235,101325.00050671749
5.2375,101325.00050619223
5.24,101325.00050535794
5.2425,101325.00050420479
5.245,101325.00050272235
5.2475,101325.00050089962
5.25,101325.00049872567
5.2525,101325.00049619003
5.255,101325.00049328236
5.2575,101325.00048999254
5.26,101325.00048631159
5.2625,101325.00048223078
5.265,101325.00047774294
5.2675,101325.00047284164
5.27,101325.00046752336
5.2725,101325.00046178613
5.275,101325.00045563206
5.2775,101325.00044906617
5.28,101325.00044209854
5.2825,101325.00043474219
5.285,101325.00042701626
5.2875,101325.00041893989
5.29,101325.00041053917
5.2925,101325.0004018422
5.295,101325.00039287754
5.2975,101325.00038367897
5.3,101325.00037428181
5.3025,101325.00036471942
5.305,101325.00035502984
5.3075,101325.00034525138
5.31,101325.00033542141
5.3125,101325.00032557912
5.315,101325.00031576221
5.3175,101325.00030600955
5.32,101325.0002963602
5.3225,101325.00028685083
5.325,101325.0002775177
5.3275,101325.00026839768
5.33,101325.00025952357
5.3325,101325.00025092777
5.335,101325.00024264083
5.3375,101325.00023469103
5.34,101325.00022710329
5.3425,101325.00021989972
5.345,101325.00021309945
5.3475,101325.00020671933
5.35,101325.00020077261
5.3525,101325.00019527013
5.355,101325.00019021919
5.3575,101325.0001856251
5.36,101325.00018148887
5.3625,101325.00017780968
5.365,101325.00017458256
5.3675,101325.00017179955
5.37,101325.00016944902
5.3725,101325.00016751657
5.375,101325.00016598392
5.3775,101325.00016483074
5.38,101325.00016403449
5.3825,101325.0001635705
5.385,101325.00016341258
5.3875,101325.00016353336
5.39,101325.00016390457
5.3925,101325.00016449747
5.395,101325.00016528337
5.3975,101325.00016623372
5.4,101325.00016732067
5.4025,101325.00016851751
5.405,101325.00016979854
5.4075,101325.00017113981
5.41,101325.00017251965
5.4125,101325.00017391873
5.415,101325.00017531934
5.4175,101325.00017670688
5.42,101325.00017806901
5.4225,101325.00017939659
5.425,101325.00018068343
5.4275,101325.00018192646
5.43,101325.00018312551
5.4325,101325.00018428433
5.435,101325.0001854096
5.4375,101325.00018651165
5.44,101325.0001876038
5.4425,101325.00018870246
5.445,101325.00018982615
5.4475,101325.00019099585
5.45,101325.00019223336
5.4525,101325.00019356087
5.455,101325.00019500077
5.4575,101325.00019657417
5.46,101325.00019830147
5.4625,101325.00020020045
5.465,101325.00020228735
5.4675,101325.00020457532
5.47,101325.00020707501
5.4725,101325.00020979402
5.475,101325.00021273625
5.4775,101325.00021590236
5.48,101325.00021928869
5.4825,101325.00022288815
5.485,101325.0002266894
5.4875,101325.00023067788
5.49,101325.0002348344
5.4925,101325.00023913551
5.495,101325.00024355542
5.4975,101325.0002480664
5.5,101325.00025263734
5.5025,101325.0002572357
5.505,101325.00026182861
5.5075,101325.00026638286
5.51,101325.00027086417
5.5125,101325.00027523901
5.515,101325.00027947387
5.5175,101325.00028353544
5.52,101325.00028739123
5.5225,101325.00029101007
5.525,101325.00029436115
5.5275,101325.00029741635
5.53,101325.00030014951
5.5325,101325.00030253734
5.535,101325.00030456009
5.5375,101325.0003062021
5.54,101325.00030745202
5.5425,101325.00030830369
5.545,101325.00030875586
5.5475,101325.00030881139
5.55,101325.00030847781
5.5525,101325.00030776714
5.555,101325.00030669509
5.5575,101325.0003052808
5.56,101325.00030354643
5.5625,101325.00030151605
5.565,101325.00029921651
5.5675,101325.00029667614
5.57,101325.00029392494
5.5725,101325.00029099478
5.575,101325.00028791909
5.5775,101325.00028473213
5.58,101325.00028147003
5.5825,101325.00027816885
5.585,101325.00027486516
5.5875,101325.00027159689
5.59,101325.00026840022
5.5925,101325.00026531119
5.595,101325.00026236392
5.5975,101325.00025959083
5.6,101325.00025702205
5.6025,101325.00025468502
5.605,101325.00025260411
5.6075,101325.00025080061
5.61,101325.00024929263
5.6125,101325.00024809493
5.615,101325.00024721819
5.6175,101325.00024666946
5.62,101325.00024645176
5.6225,101325.00024656419
5.625,101325.00024700159
5.6275,101325.00024775487
5.63,101325.00024881124
5.6325,101325.00025015425
5.635,101325.00025176429
5.6375,101325.00025361906
5.64,101325.00025569348
5.6425,101325.00025796061
5.645,101325.0002603918
5.6475,101325.00026295672
5.65,101325.00026562413
5.6525,101325.00026836293
5.655,101325.00027114076
5.6575,101325.00027392658
5.66,101325.00027668875
5.6625,101325.00027939775
5.665,101325.00028202464
5.6675,101325.00028454322
5.67,101325.00028692816
5.6725,101325.00028915757
5.675,101325.00029121133
5.6775,101325.00029307223
5.68,101325.00029472589
5.6825,101325.00029616039
5.685,101325.0002973669
5.6875,101325.00029833945
5.69,101325.00029907537
5.6925,101325.00029957511
5.695,101325.0002998422
5.6975,101325.00029988326
5.7,101325.00029970751
5.7025,101325.00029932646
5.705,101325.00029875398
5.7075,101325.00029800522
5.71,101325.0002970963
5.7125,101325.00029604377
5.715,101325.00029486415
5.7175,101325.00029357399
5.72,101325.00029218913
5.7225,101325.00029072459
5.725,101325.00028919415
5.7275,101325.00028761066
5.73,101325.00028598533
5.7325,101325.00028432786
5.735,101325.00028264656
5.7375,101325.00028094751
5.74,101325.00027923462
5.7425,101325.00027750921
5.745,101325.00027577046
5.7475,101325.00027401518
5.75,101325.00027223796
5.7525,101325.00027043125
5.755,101325.00026858658
5.7575,101325.00026669489
5.76,101325.00026474698
5.7625,101325.00026273423
5.765,101325.00026064899
5.7675,101325.0002584848
5.77,101325.00025623702
5.7725,101325.00025390321
5.775,101325.00025148201
5.7775,101325.00024897375
5.78,101325.00024638082
5.7825,101325.00024370656
5.785,101325.00024095674
5.7875,101325.00023813837
5.79,101325.00023526118
5.7925,101325.0002323373
5.795,101325.00022938229
5.7975,101325.00022641456
5.8,101325.00022345621
5.8025,101325.00022053308
5.805,101325.00021767443
5.8075,101325.00021491249
5.81,101325.0002122829
5.8125,101325.00020982287
5.815,101325.00020757131
5.8175,101325.00020556741
5.82,101325.00020385048
5.8225,101325.00020245889
5.825,101325.00020142988
5.8275,101325.00020079939
5.83,101325.00020060173
5.8325,101325.00020086956
5.835,101325.00020163388
5.8375,101325.000202924
5.84,101325.00020476669
5.8425,101325.00020718605
5.845,101325.00021020373
5.8475,101325.00021383658
5.85,101325.00021809932
5.8525,101325.00022300039
5.855,101325.00022854465
5.8575,101325.0002347328
5.86,101325.00024155916
5.8625,101325.00024901412
5.865,101325.00025708503
5.8675,101325.00026575297
5.87,101325.00027499393
5.8725,101325.00028478302
5.875,101325.00029508637
5.8775,101325.00030586895
5.88,101325.0003170893
5.8825,101325.00032870291
5.885,101325.00034066102
5.8875,101325.00035290758
5.89,101325.00036538758
5.8925,101325.00037804166
5.895,101325.00039080787
5.8975,101325.00040362545
5.9,101325.00041642893
5.9025,101325.00042915436
5.905,101325.00044173544
5.9075,101325.00045410711
5.91,101325.0004662042
5.9125,101325.00047796308
5.915,101325.00048932069
5.9175,101325.00050021808
5.92,101325.00051059878
5.9225,101325.00052041054
5.925,101325.0005296048
5.9275,101325.00053814134
5.93,101325.00054598083
5.9325,101325.00055309085
5.935,101325.0005594463
5.9375,101325.00056502387
5.94,101325.00056980667
5.9425,101325.00057378321
5.945,101325.00057694754
5.9475,101325.00057929903
5.95,101325.00058084188
5.9525,101325.00058158771
5.955,101325.00058155438
5.9575,101325.00058076452
5.96,101325.00057924628
5.9625,101325.00057703014
5.965,101325.00057415187
5.9675,101325.00057064823
5.97,101325.00056655817
5.9725,101325.00056192167
5.975,101325.00055677847
5.9775,101325.00055116926
5.98,101325.00054513392
5.9825,101325.00053871104
5.985,101325.00053193969
5.9875,101325.00052485455
5.99,101325.00051749191
5.9925,101325.00050988438
5.995,101325.00050206239
5.9975,101325.00049405439
6.0,101325.00048588691
6.0025,101325.00047758096
6.005,101325.0004691575
6.0075,101325.0004606314
6.01,101325.00045201732
6.0125,101325.00044332635
6.015,101325.00043456619
6.0175,101325.00042574796
6.02,101325.00041687647
6.0225,101325.0004079591
6.025,101325.00039900161
6.0275,101325.00039000802
6.03,101325.00038098742
6.0325,101325.00037194653
6.035,101325.00036289259
6.0375,101325.00035383301
6.04,101325.00034477811
6.0425,101325.00033573528
6.045,101325.00032671647
6.0475,101325.00031773302
6.05,101325.00030879816
6.0525,101325.00029992843
6.055,101325.00029114384
6.0575,101325.00028246515
6.06,101325.00027391927
6.0625,101325.00026553372
6.065,101325.00025733965
6.0675,101325.00024937264
6.07,101325.0002416692
6.0725,101325.00023426804
6.075,101325.00022720905
6.0775,101325.00022053129
6.08,101325.00021427333
6.0825,101325.00020847247
6.085,101325.00020316597
6.0875,101325.00019838921
6.09,101325.00019417687
6.0925,101325.00019056088
6.095,101325.00018757263
6.0975,101325.00018524138
6.1,101325.00018359409
6.1025,101325.00018265517
6.105,101325.00018244567
6.1075,101325.00018298259
6.11,101325.00018427863
6.1125,101325.00018634224
6.115,101325.00018917683
6.1175,101325.00019278144
6.12,101325.00019715136
6.1225,101325.00020227607
6.125,101325.00020814115
6.1275,101325.00021472685
6.13,101325.00022200933
6.1325,101325.00022996035
6.135,101325.0002385471
6.1375,101325.00024773159
6.14,101325.00025747261
6.1425,101325.00026772304
6.145,101325.00027843603
6.1475,101325.00028955725
6.15,101325.00030103196
6.1525,101325.00031280334
6.155,101325.00032481385
6.1575,101325.00033700473
6.16,101325.00034931571
6.1625,101325.00036168583
6.165,101325.00037405475
6.1675,101325.0003863639
6.17,101325.0003985527
6.1725,101325.00041056468
6.175,101325.00042234501
6.1775,101325.00043384118
6.18,101325.00044500305
6.1825,101325.00045578674
6.185,101325.00046614971
6.1875,101325.00047605253
6.19,101325.0004854641
6.1925,101325.00049435304
6.195,101325.00050269403
6.1975,101325.00051046643
6.2,101325.00051765419
6.2025,101325.00052424578
6.205,101325.00053023505
6.2075,101325.00053561977
6.21,101325.00054040411
6.2125,101325.00054459489
6.215,101325.00054820643
6.2175,101325.00055125314
6.22,101325.00055375297
6.2225,101325.0005557276
6.225,101325.00055719927
6.2275,101325.00055818993
6.23,101325.00055872274
6.2325,101325.00055882015
6.235,101325.00055850331
6.2375,101325.00055779231
6.24,101325.00055670655
6.2425,101325.00055526395
6.245,101325.00055348108
6.2475,101325.00055137297
6.25,101325.00054895216
6.2525,101325.00054622951
6.255,101325.00054321246
6.2575,101325.00053990565
6.26,101325.00053631037
6.2625,101325.00053242432
6.265,101325.00052824375
6.2675,101325.00052376023
6.27,101325.00051896539
6.2725,101325.00051384872
6.275,101325.00050839972
6.2775,101325.00050260744
6.28,101325.00049645994
6.2825,101325.00048994696
6.285,101325.00048305826
6.2875,101325.00047578756
6.29,101325.00046812771
6.2925,101325.00046007481
6.295,101325.0004516264
6.2975,101325.00044278087
6.3,101325.00043354086
6.3025,101325.00042390981
6.305,101325.00041389302
6.3075,101325.00040350086
6.31,101325.00039274641
6.3125,101325.000381645
6.315,101325.00037021827
6.3175,101325.00035849064
6.32,101325.00034649235
6.3225,101325.00033425723
6.325,101325.00032182617
6.3275,101325.00030924096
6.33,101325.00029654801
6.3325,101325.00028379812
6.335,101325.00027103971
6.3375,101325.00025832601
6.34,101325.00024570586
6.3425,101325.0002332343
6.345,101325.00022096316
6.3475,101325.00020894433
6.35,101325.00019723122
6.3525,101325.00018587674
6.355,101325.00017492971
6.3575,101325.00016444264
6.36,101325.00015446424
6.3625,101325.00014504264
6.365,101325.00013622041
6.3675,101325.00012804076
6.37,101325.00012054044
6.3725,101325.0001137543
6.375,101325.00010771347
6.3775,101325.00010244409
6.38,101325.00009796853
6.3825,101325.00009430553
6.385,101325.00009146887
6.3875,101325.00008946768
6.39,101325.00008830539
6.3925,101325.00008797919
6.395,101325.00008848087
6.3975,101325.00008979641
6.4,101325.00009190582
6.4025,101325.00009478359
6.405,101325.00009840021
6.4075,101325.00010272165
6.41,101325.00010770984
6.4125,101325.0001133246
6.415,101325.00011952208
6.4175,101325.00012625639
6.42,101325.00013347913
6.4225,101325.0001411408
6.425,101325.00014918899
6.4275,101325.00015757131
6.43,101325.00016623543
6.4325,101325.00017512728
6.435,101325.00018419589
6.4375,101325.00019339019
6.44,101325.00020266327
6.4425,101325.00021196829
6.445,101325.0002212635
6.4475,101325.00023050775
6.45,101325.00023966399
6.4525,101325.00024869842
6.455,101325.00025757993
6.4575,101325.0002662828
6.46,101325.00027478352
6.4625,101325.00028306502
6.465,101325.00029111032
6.4675,101325.00029890986
6.47,101325.00030645533
6.4725,101325.00031374235
6.475,101325.00032076841
6.4775,101325.00032753541
6.48,101325.00033404349
6.4825,101325.00034029542
6.485,101325.00034629306
6.4875,101325.00035204052
6.49,101325.00035754127
6.4925,101325.00036279745
6.495,101325.00036781114
6.4975,101325.00037258363
6.5,101325.00037711296
6.5025,101325.00038139844
6.505,101325.00038543541
6.5075,101325.00038921851
6.51,101325.00039274115
6.5125,101325.00039599279
6.515,101325.00039896219
6.5175,101325.0004016344
6.52,101325.00040399301
6.5225,101325.0004060182
6.525,101325.00040768943
6.5275,101325.00040898415
6.53,101325.00040987993
6.5325,101325.00041035432
6.535,101325.0004103859
6.5375,101325.00040995415
6.54,101325.00040904034
6.5425,101325.00040762802
6.545,101325.00040570241
6.5475,101325.00040325278
6.55,101325.00040027009
6.5525,101325.00039674726
6.555,101325.00039268243
6.5575,101325.00038807535
6.56,101325.00038292907
6.5625,101325.00037725088
6.565,101325.00037105205
6.5675,101325.00036434735
6.57,101325.00035715594
6.5725,101325.0003495024
6.575,101325.00034141622
6.5775,101325.00033293178
6.58,101325.00032408787
6.5825,101325.00031492945
6.585,101325.00030550311
6.5875,101325.00029586127
6.59,101325.00028605667
6.5925,101325.0002761451
6.595,101325.00026618004
6.5975,101325.00025621665
6.6,101325.00024630938
6.6025,101325.0002365145
6.605,101325.00022688509
6.6075,101325.0002174759
6.61,101325.00020833833
6.6125,101325.00019952362
6.615,101325.00019108268
6.6175,101325.00018306308
6.62,101325.00017550938
6.6225,101325.00016846386
6.625,101325.00016196235
6.6275,101325.0001560394
6.63,101325.00015072276
6.6325,101325.00014603608
6.635,101325.00014199817
6.6375,101325.00013862412
6.64,101325.00013592404
6.6425,101325.00013390211
6.645,101325.00013255875
6.6475,101325.00013188893
6.65,101325.00013188235
6.6525,101325.00013252343
6.655,101325.00013379107
6.6575,101325.00013565947
6.66,101325.00013809786
6.6625,101325.00014107114
6.665,101325.00014454013
6.6675,101325.00014846433
6.67,101325.00015279914
6.6725,101325.00015749871
6.675,101325.00016251609
6.6775,101325.00016780139
6.68,101325.00017330475
6.6825,101325.00017897658
6.685,101325.00018476654
6.6875,101325.00019062498
6.69,101325.00019650506
6.6925,101325.00020236103
6.695,101325.00020814931
6.6975,101325.00021383034
6.7,101325.00021936733
6.7025,101325.00022472808
6.705,101325.00022988292
6.7075,101325.00023480703
6.71,101325.00023947889
6.7125,101325.00024388217
6.715,101325.00024800443
6.7175,101325.0002518387
6.72,101325.00025538227
6.7225,101325.00025863691
6.725,101325.00026160963
6.7275,101325.00026431133
6.73,101325.00026675627
6.7325,101325.00026896309
6.735,101325.00027095192
6.7375,101325.00027274602
6.74,101325.00027436909
6.7425,101325.00027584504
6.745,101325.00027719919
6.7475,101325.00027845673
6.75,101325.00027964155
6.7525,101325.0002807765
6.755,101325.00028188215
6.7575,101325.00028297746
6.76,101325.00028407879
6.7625,101325.00028519984
6.765,101325.0002863519
6.7675,101325.00028754289
6.77,101325.00028877771
6.7725,101325.00029005817
6.775,101325.00029138297
6.7775,101325.00029274708
6.78,101325.00029414178
6.7825,101325.00029555583
6.785,101325.00029697454
6.7875,101325.00029838188
6.79,101325.00029976042
6.7925,101325.0003010917
6.795,101325.00030235766
6.7975,101325.00030354071
6.8,101325.00030462364
6.8025,101325.00030559041
6.805,101325.00030642613
6.8075,101325.00030711734
6.81,101325.0003076518
6.8125,101325.00030801879
6.815,101325.00030820926
6.8175,101325.00030821588
6.82,101325.00030803331
6.8225,101325.00030765851
6.825,101325.00030709108
6.8275,101325.000306334
6.83,101325.00030539406
6.8325,101325.00030428181
6.835,101325.00030301156
6.8375,101325.00030160241
6.84,101325.00030007715
6.8425,101325.00029846195
6.845,101325.00029678596
6.8475,101325.00029508007
6.85,101325.00029337649
6.8525,101325.00029170785
6.855,101325.00029010694
6.8575,101325.00028860623
6.86,101325.0002872382
6.8625,101325.00028603453
6.865,101325.00028502688
6.8675,101325.00028424595
6.87,101325.00028372179
6.8725,101325.00028348311
6.875,101325.00028355693
6.8775,101325.00028396808
6.88,101325.00028473789
6.8825,101325.0002858864
6.885,101325.00028742949
6.8875,101325.00028937946
6.89,101325.00029174473
6.8925,101325.00029452998
6.895,101325.00029773553
6.8975,101325.00030135963
6.9,101325.00030539355
6.9025,101325.0003098258
6.905,101325.00031464122
6.9075,101325.00031981758
6.91,101325.00032533104
6.9125,101325.00033115059
6.915,101325.00033724186
6.9175,101325.00034356568
6.92,101325.00035008071
6.9225,101325.00035674183
6.925,101325.00036350214
6.9275,101325.00037031391
6.93,101325.00037712936
6.9325,101325.00038389718
6.935,101325.00039057007
6.9375,101325.00039709746
6.94,101325.00040343258
6.9425,101325.00040952928
6.945,101325.00041534255
6.9475,101325.00042083181
6.95,101325.00042595719
6.9525,101325.00043068326
6.955,101325.00043497808
6.9575,101325.00043881471
6.96,101325.00044216929
6.9625,101325.00044502394
6.965,101325.00044736503
6.9675,101325.00044918437
6.97,101325.00045047884
6.9725,101325.00045125009
6.975,101325.00045150534
6.9775,101325.00045125725
6.98,101325.0004505234
6.9825,101325.00044932647
6.985,101325.00044769318
6.9875,101325.00044565358
6.99,101325.00044324169
6.9925,101325.00044049391
6.995,101325.0004374475
6.9975,101325.0004341412
7.0,101325.00043061434
