Physical Time (s),FreestreamTemperature Monitor (K)
0.0025,300.00000000000011
0.005,300.0000000000004
0.0075,300.00000000000114
0.01,300.00000000000261
0.0125,300.00000000000517
0.015,300.00000000000938
0.0175,300.00000000001484
0.02,300.00000000001808
0.0225,300.00000000002211
0.025,300.00000000002814
0.0275,300.00000000003638
0.03,300.00000000004593
0.0325,300.00000000005429
0.035,300.00000000005696
0.0375,300.00000000004775
0.04,300.00000000002626
0.0425,299.99999999999091
0.045,299.99999999996669
0.0475,299.99999999998192
0.05,299.99999999998676
0.0525,300.000000000103
0.055,300.00000000024369
0.0575,300.00000000034709
0.06,300.00000000037113
0.0625,300.00000000033117
0.065,300.00000000037488
0.0675,300.00000000043218
0.07,300.00000000044645
0.0725,300.00000000043866
0.075,300.00000000038705
0.0775,300.00000000030622
0.08,300.00000000027023
0.0825,300.00000000030718
0.085,300.00000000036965
0.0875,300.00000000053041
0.09,300.00000000069906
0.0925,300.00000000087215
0.095,300.00000000127005
0.0975,300.0000000015109
0.1,300.0000000016048
0.1025,300.00000000161651
0.105,300.00000000154984
0.1075,300.00000000148236
0.11,300.00000000142541
0.1125,300.00000000137464
0.115,300.00000000133804
0.1175,300.00000000131809
0.12,300.0000000013062
0.1225,300.00000000129779
0.125,300.00000000128449
0.1275,300.00000000129893
0.13,300.00000000128608
0.1325,300.00000000125704
0.135,300.00000000121724
0.1375,300.00000000117137
0.14,300.00000000112226
0.1425,300.00000000107406
0.145,300.00000000103216
0.1475,300.0000000009988
0.15,300.00000000097384
0.1525,300.00000000095559
0.155,300.00000000094059
0.1575,300.00000000092348
0.16,300.0000000009087
0.1625,300.00000000089381
0.165,300.000000000878
0.1675,300.00000000086141
0.17,300.00000000084418
0.1725,300.00000000082707
0.175,300.00000000081059
0.1775,300.0000000007953
0.18,300.00000000078114
0.1825,300.00000000076699
0.185,300.0000000007505
0.1875,300.00000000073123
0.19,300.00000000070997
0.1925,300.00000000068968
0.195,300.00000000066711
0.1975,300.0000000006454
0.2,300.00000000062641
0.2025,300.00000000061129
0.205,300.00000000059788
0.2075,300.00000000059487
0.21,300.00000000058827
0.2125,300.00000000058441
0.215,300.00000000057975
0.2175,300.00000000057622
0.22,300.00000000056912
0.2225,300.00000000055803
0.225,300.00000000054428
0.2275,300.00000000052876
0.23,300.00000000051239
0.2325,300.00000000049596
0.235,300.00000000048004
0.2375,300.00000000046549
0.24,300.00000000045247
0.2425,300.0000000004411
0.245,300.00000000043116
0.2475,300.00000000042235
0.25,300.00000000041416
0.2525,300.00000000040535
0.255,300.00000000039734
0.2575,300.00000000038926
0.26,300.00000000038096
0.2625,300.00000000037232
0.265,300.00000000036351
0.2675,300.0000000003547
0.27,300.00000000034623
0.2725,300.00000000033822
0.275,300.00000000033094
0.2775,300.00000000032435
0.28,300.00000000031832
0.2825,300.00000000031275
0.285,300.00000000030747
0.2875,300.00000000030235
0.29,300.00000000029729
0.2925,300.00000000029212
0.295,300.00000000028672
0.2975,300.00000000028149
0.3,300.00000000027626
0.3025,300.0000000002716
0.305,300.00000000026756
0.3075,300.00000000026398
0.31,300.00000000026102
0.3125,300.00000000025847
0.315,300.00000000025625
0.3175,300.00000000025415
0.32,300.00000000025204
0.3225,300.00000000024977
0.325,300.00000000024721
0.3275,300.00000000024426
0.33,300.00000000024119
0.3325,300.00000000023783
0.335,300.00000000023448
0.3375,300.00000000023124
0.34,300.00000000022823
0.3425,300.00000000022561
0.345,300.00000000022334
0.3475,300.00000000022118
0.35,300.0000000002193
0.3525,300.00000000021754
0.355,300.00000000021595
0.3575,300.00000000021441
0.36,300.00000000021288
0.3625,300.00000000021123
0.365,300.00000000020952
0.3675,300.00000000020776
0.37,300.00000000020583
0.3725,300.00000000020378
0.375,300.00000000020179
0.3775,300.00000000019969
0.38,300.00000000019759
0.3825,300.0000000001956
0.385,300.00000000019372
0.3875,300.00000000019179
0.39,300.00000000018997
0.3925,300.00000000018838
0.395,300.0000000001869
0.3975,300.00000000018565
0.4,300.00000000018446
0.4025,300.00000000018338
0.405,300.00000000018252
0.4075,300.00000000018184
0.41,300.00000000018133
0.4125,300.00000000018127
0.415,300.00000000018156
0.4175,300.0000000001819
0.42,300.00000000018207
0.4225,300.00000000018179
0.425,300.00000000018122
0.4275,300.00000000018053
0.43,300.00000000017991
0.4325,300.00000000017928
0.435,300.0000000001786
0.4375,300.00000000017792
0.44,300.00000000017729
0.4425,300.00000000017639
0.445,300.00000000017525
0.4475,300.00000000017428
0.45,300.00000000017349
0.4525,300.00000000017286
0.455,300.00000000017269
0.4575,300.00000000017297
0.46,300.00000000017343
0.4625,300.00000000017411
0.465,300.00000000017513
0.4675,300.00000000017616
0.47,300.00000000017735
0.4725,300.00000000017866
0.475,300.00000000018002
0.4775,300.00000000018144
0.48,300.00000000018287
0.4825,300.00000000018417
0.485,300.00000000018542
0.4875,300.0000000001894
0.49,300.0000000001894
0.4925,300.0000000001898
0.495,300.00000000019014
0.4975,300.00000000019077
0.5,300.00000000019145
0.5025,300.00000000019213
0.505,300.0000000001931
0.5075,300.00000000019378
0.51,300.00000000019475
0.5125,300.000000000196
0.515,300.00000000019736
0.5175,300.00000000019844
0.52,300.00000000019986
0.5225,300.00000000020162
0.525,300.00000000020202
0.5275,300.00000000020447
0.53,300.00000000020788
0.5325,300.00000000021146
0.535,300.00000000021504
0.5375,300.00000000021862
0.54,300.00000000022192
0.5425,300.00000000022499
0.545,300.00000000022794
0.5475,300.0000000002309
0.55,300.0000000002338
0.5525,300.00000000023698
0.555,300.00000000024022
0.5575,300.00000000024346
0.56,300.00000000024647
0.5625,300.00000000024943
0.565,300.00000000025227
0.5675,300.000000000255
0.57,300.00000000025778
0.5725,300.00000000026051
0.575,300.00000000026336
0.5775,300.00000000026631
0.58,300.00000000026944
0.5825,300.00000000027268
0.585,300.00000000027609
0.5875,300.00000000027956
0.59,300.00000000028314
0.5925,300.00000000028683
0.595,300.00000000029058
0.5975,300.00000000029416
0.6,300.00000000029792
0.6025,300.00000000030172
0.605,300.00000000030542
0.6075,300.00000000030906
0.61,300.00000000031264
0.6125,300.00000000031616
0.615,300.00000000031952
0.6175,300.0000000003227
0.62,300.00000000032577
0.6225,300.00000000032861
0.625,300.00000000033123
0.6275,300.00000000033373
0.63,300.00000000033623
0.6325,300.00000000033873
0.635,300.00000000034112
0.6375,300.00000000034368
0.64,300.00000000034623
0.6425,300.00000000034902
0.645,300.00000000035192
0.6475,300.00000000035499
0.65,300.00000000035828
0.6525,300.00000000036175
0.655,300.00000000036533
0.6575,300.00000000036897
0.66,300.00000000037272
0.6625,300.00000000037659
0.665,300.0000000003804
0.6675,300.00000000038409
0.67,300.00000000038767
0.6725,300.00000000039108
0.675,300.00000000039438
0.6775,300.00000000039756
0.68,300.00000000040063
0.6825,300.00000000040359
0.685,300.00000000040643
0.6875,300.00000000040916
0.69,300.00000000041183
0.6925,300.00000000041445
0.695,300.00000000041706
0.6975,300.00000000041967
0.7,300.00000000042223
0.7025,300.00000000042485
0.705,300.00000000042746
0.7075,300.00000000043019
0.71,300.00000000043292
0.7125,300.00000000043553
0.715,300.00000000043826
0.7175,300.00000000044088
0.72,300.00000000044349
0.7225,300.00000000044605
0.725,300.00000000044849
0.7275,300.00000000045083
0.73,300.00000000045299
0.7325,300.00000000045503
0.735,300.00000000045696
0.7375,300.00000000045873
0.74,300.00000000046032
0.7425,300.00000000046185
0.745,300.00000000046322
0.7475,300.00000000046452
0.75,300.0000000004656
0.7525,300.00000000046663
0.755,300.00000000046754
0.7575,300.00000000046828
0.76,300.00000000046896
0.7625,300.00000000046958
0.765,300.00000000047021
0.7675,300.00000000047078
0.77,300.00000000047208
0.7725,300.00000000047271
0.775,300.00000000047305
0.7775,300.00000000047322
0.78,300.00000000047328
0.7825,300.00000000047339
0.785,300.00000000047334
0.7875,300.00000000047322
0.79,300.00000000047299
0.7925,300.0000000004726
0.795,300.0000000004722
0.7975,300.00000000047163
0.8,300.00000000047106
0.8025,300.00000000047032
0.805,300.00000000046941
0.8075,300.00000000046845
0.81,300.00000000046725
0.8125,300.00000000046589
0.815,300.00000000046447
0.8175,300.00000000046293
0.82,300.00000000046123
0.8225,300.00000000045947
0.825,300.00000000045748
0.8275,300.00000000045532
0.83,300.00000000045316
0.8325,300.0000000004506
0.835,300.00000000044787
0.8375,300.00000000044491
0.84,300.00000000044184
0.8425,300.00000000043866
0.845,300.00000000043525
0.8475,300.00000000043173
0.85,300.00000000042809
0.8525,300.00000000042434
0.855,300.00000000042053
0.8575,300.00000000041655
0.86,300.00000000041251
0.8625,300.00000000040848
0.865,300.00000000040438
0.8675,300.00000000040012
0.87,300.00000000039586
0.8725,300.00000000039148
0.875,300.00000000038699
0.8775,300.00000000038256
0.88,300.00000000037801
0.8825,300.00000000037357
0.885,300.00000000036886
0.8875,300.00000000036397
0.89,300.00000000035908
0.8925,300.00000000035402
0.895,300.00000000034896
0.8975,300.00000000034379
0.9,300.00000000033862
0.9025,300.00000000033333
0.905,300.0000000003281
0.9075,300.00000000032298
0.91,300.00000000031787
0.9125,300.0000000003127
0.915,300.00000000030735
0.9175,300.00000000030212
0.92,300.00000000029701
0.9225,300.00000000029189
0.925,300.00000000028678
0.9275,300.00000000028172
0.93,300.00000000027671
0.9325,300.00000000027171
0.935,300.00000000026677
0.9375,300.00000000026199
0.94,300.00000000025722
0.9425,300.00000000025244
0.945,300.00000000024772
0.9475,300.00000000024312
0.95,300.00000000023869
0.9525,300.00000000023414
0.955,300.00000000022965
0.9575,300.00000000022533
0.96,300.00000000022106
0.9625,300.00000000021686
0.965,300.00000000021265
0.9675,300.00000000020856
0.97,300.00000000020458
0.9725,300.0000000002006
0.975,300.00000000019668
0.9775,300.0000000001927
0.98,300.00000000018883
0.9825,300.00000000018491
0.985,300.00000000018099
0.9875,300.00000000017724
0.99,300.00000000017343
0.9925,300.00000000016956
0.995,300.00000000016581
0.9975,300.00000000016206
1.0,300.00000000015825
1.0025,300.0000000001545
1.005,300.00000000015081
1.0075,300.00000000014705
1.01,300.00000000014347
1.0125,300.00000000013983
1.015,300.00000000013631
1.0175,300.00000000013279
1.02,300.00000000012938
1.0225,300.00000000012608
1.025,300.00000000012278
1.0275,300.0000000001196
1.03,300.00000000011642
1.0325,300.00000000011335
1.035,300.00000000011039
1.0375,300.00000000010749
1.04,300.00000000010476
1.0425,300.00000000010215
1.045,300.00000000009959
1.0475,300.00000000009709
1.05,300.00000000009464
1.0525,300.00000000009237
1.055,300.00000000009027
1.0575,300.00000000008816
1.06,300.00000000008617
1.0625,300.0000000000843
1.065,300.00000000008248
1.0675,300.0000000000806
1.07,300.00000000007884
1.0725,300.00000000007708
1.075,300.00000000007537
1.0775,300.00000000007384
1.08,300.00000000007225
1.0825,300.00000000007071
1.085,300.00000000006912
1.0875,300.00000000006759
1.09,300.00000000006611
1.0925,300.00000000006469
1.095,300.00000000006321
1.0975,300.00000000006185
1.1,300.00000000006054
1.1025,300.00000000005929
1.105,300.00000000005798
1.1075,300.00000000005679
1.11,300.00000000005554
1.1125,300.00000000005434
1.115,300.00000000005309
1.1175,300.00000000005184
1.12,300.0000000000507
1.1225,300.00000000004945
1.125,300.00000000004832
1.1275,300.00000000004712
1.13,300.00000000004593
1.1325,300.00000000004468
1.135,300.00000000004337
1.1375,300.00000000004212
1.14,300.00000000004087
1.1425,300.00000000003962
1.145,300.00000000003831
1.1475,300.00000000003718
1.15,300.00000000003598
1.1525,300.00000000003479
1.155,300.00000000003371
1.1575,300.00000000003251
1.16,300.00000000003138
1.1625,300.0000000000303
1.165,300.00000000002916
1.1675,300.00000000002814
1.17,300.00000000002706
1.1725,300.00000000002609
1.175,300.00000000002518
1.1775,300.00000000002422
1.18,300.00000000002331
1.1825,300.00000000002245
1.185,300.00000000002166
1.1875,300.00000000002086
1.19,300.00000000002018
1.1925,300.0000000000195
1.195,300.00000000001887
1.1975,300.00000000001819
1.2,300.00000000001756
1.2025,300.000000000017
1.205,300.00000000001643
1.2075,300.00000000001592
1.21,300.00000000001535
1.2125,300.00000000001484
1.215,300.00000000001432
1.2175,300.00000000001381
1.22,300.00000000001336
1.2225,300.00000000001279
1.225,300.00000000001239
1.2275,300.00000000001199
1.23,300.0000000000116
1.2325,300.0000000000112
1.235,300.00000000001074
1.2375,300.00000000001035
1.24,300.00000000000989
1.2425,300.00000000000955
1.245,300.00000000000921
1.2475,300.00000000000887
1.25,300.00000000000847
1.2525,300.00000000000813
1.255,300.00000000000784
1.2575,300.00000000000756
1.26,300.00000000000733
1.2625,300.00000000000705
1.265,300.00000000000676
1.2675,300.00000000000659
1.27,300.00000000000631
1.2725,300.00000000000608
1.275,300.00000000000591
1.2775,300.00000000000568
1.28,300.00000000000546
1.2825,300.00000000000529
1.285,300.00000000000506
1.2875,300.00000000000495
1.29,300.00000000000477
1.2925,300.00000000000466
1.295,300.0000000000046
1.2975,300.0000000000046
1.3,300.0000000000046
1.3025,300.00000000000466
1.305,300.00000000000472
1.3075,300.00000000000477
1.31,300.00000000000483
1.3125,300.00000000000489
1.315,300.000000000005
1.3175,300.00000000000517
1.32,300.00000000000534
1.3225,300.00000000000551
1.325,300.00000000000557
1.3275,300.00000000000568
1.33,300.0000000000058
1.3325,300.00000000000597
1.335,300.00000000000608
1.3375,300.00000000000625
1.34,300.00000000000642
1.3425,300.00000000000659
1.345,300.00000000000671
1.3475,300.00000000000688
1.35,300.00000000000705
1.3525,300.00000000000728
1.355,300.00000000000739
1.3575,300.00000000000745
1.36,300.0000000000075
1.3625,300.00000000000762
1.365,300.00000000000767
1.3675,300.00000000000773
1.37,300.00000000000773
1.3725,300.00000000000773
1.375,300.00000000000767
1.3775,300.00000000000762
1.38,300.00000000000756
1.3825,300.00000000000745
1.385,300.00000000000728
1.3875,300.00000000000705
1.39,300.00000000000688
1.3925,300.00000000000665
1.395,300.00000000000637
1.3975,300.00000000000608
1.4,300.0000000000058
1.4025,300.00000000000551
1.405,300.00000000000517
1.4075,300.00000000000489
1.41,300.0000000000046
1.4125,300.00000000000421
1.415,300.00000000000392
1.4175,300.00000000000358
1.42,300.00000000000324
1.4225,300.00000000000284
1.425,300.00000000000239
1.4275,300.00000000000199
1.43,300.00000000000171
1.4325,300.00000000000131
1.435,300.00000000000091
1.4375,300.00000000000063
1.44,300.00000000000028
1.4425,299.99999999999994
1.445,299.9999999999996
1.4475,299.99999999999932
1.45,299.99999999999898
1.4525,299.99999999999858
1.455,299.99999999999829
1.4575,299.99999999999801
1.46,299.99999999999767
1.4625,299.99999999999733
1.465,299.9999999999971
1.4675,299.99999999999687
1.47,299.99999999999665
1.4725,299.99999999999636
1.475,299.99999999999613
1.4775,299.99999999999596
1.48,299.99999999999579
1.4825,299.99999999999551
1.485,299.99999999999534
1.4875,299.99999999999523
1.49,299.99999999999511
1.4925,299.99999999999494
1.495,299.99999999999483
1.4975,299.99999999999471
1.5,299.9999999999946
1.5025,299.99999999999454
1.505,299.99999999999443
1.5075,299.99999999999432
1.51,299.99999999999415
1.5125,299.99999999999403
1.515,299.99999999999392
1.5175,299.9999999999938
1.52,299.99999999999363
1.5225,299.99999999999346
1.525,299.99999999999324
1.5275,299.99999999999301
1.53,299.99999999999278
1.5325,299.99999999999261
1.535,299.9999999999925
1.5375,299.99999999999244
1.54,299.99999999999238
1.5425,299.99999999999221
1.545,299.9999999999921
1.5475,299.99999999999187
1.55,299.9999999999917
1.5525,299.99999999999159
1.555,299.99999999999147
1.5575,299.99999999999136
1.56,299.9999999999913
1.5625,299.99999999999125
1.565,299.99999999999113
1.5675,299.99999999999102
1.57,299.99999999999085
1.5725,299.99999999999073
1.575,299.99999999999068
1.5775,299.99999999999068
1.58,299.99999999999073
1.5825,299.99999999999073
1.585,299.99999999999073
1.5875,299.99999999999079
1.59,299.99999999999091
1.5925,299.99999999999096
1.595,299.99999999999113
1.5975,299.9999999999913
1.6,299.99999999999153
1.6025,299.99999999999176
1.605,299.99999999999199
1.6075,299.99999999999221
1.61,299.9999999999925
1.6125,299.99999999999272
1.615,299.99999999999312
1.6175,299.99999999999346
1.62,299.9999999999938
1.6225,299.99999999999415
1.625,299.99999999999449
1.6275,299.99999999999488
1.63,299.99999999999523
1.6325,299.99999999999551
1.635,299.99999999999585
1.6375,299.99999999999619
1.64,299.99999999999653
1.6425,299.99999999999687
1.645,299.99999999999716
1.6475,299.9999999999975
1.65,299.9999999999979
1.6525,299.99999999999824
1.655,299.99999999999852
1.6575,299.99999999999892
1.66,299.99999999999926
1.6625,299.99999999999955
1.665,299.99999999999983
1.6675,300.00000000000006
1.67,300.00000000000034
1.6725,300.00000000000051
1.675,300.00000000000063
1.6775,300.0000000000008
1.68,300.00000000000097
1.6825,300.00000000000108
1.685,300.00000000000125
1.6875,300.00000000000136
1.69,300.00000000000159
1.6925,300.00000000000171
1.695,300.00000000000182
1.6975,300.00000000000188
1.7,300.00000000000188
1.7025,300.00000000000193
1.705,300.00000000000199
1.7075,300.00000000000199
1.71,300.00000000000199
1.7125,300.00000000000205
1.715,300.00000000000205
1.7175,300.0000000000021
1.72,300.00000000000222
1.7225,300.00000000000222
1.725,300.00000000000222
1.7275,300.00000000000222
1.73,300.00000000000222
1.7325,300.00000000000222
1.735,300.00000000000222
1.7375,300.00000000000216
1.74,300.00000000000205
1.7425,300.00000000000199
1.745,300.00000000000193
1.7475,300.00000000000182
1.75,300.00000000000171
1.7525,300.00000000000159
1.755,300.00000000000153
1.7575,300.00000000000136
1.76,300.00000000000125
1.7625,300.00000000000108
1.765,300.00000000000097
1.7675,300.0000000000008
1.77,300.00000000000068
1.7725,300.00000000000051
1.775,300.00000000000028
1.7775,300.00000000000011
1.78,299.99999999999994
1.7825,299.99999999999977
1.785,299.99999999999955
1.7875,299.99999999999932
1.79,299.99999999999915
1.7925,299.99999999999898
1.795,299.99999999999875
1.7975,299.99999999999847
1.8,299.99999999999829
1.8025,299.99999999999812
1.805,299.9999999999979
1.8075,299.99999999999767
1.81,299.99999999999744
1.8125,299.99999999999721
1.815,299.99999999999704
1.8175,299.99999999999687
1.82,299.9999999999967
1.8225,299.99999999999648
1.825,299.99999999999636
1.8275,299.99999999999619
1.83,299.99999999999613
1.8325,299.99999999999596
1.835,299.99999999999591
1.8375,299.99999999999579
1.84,299.99999999999562
1.8425,299.99999999999562
1.845,299.99999999999562
1.8475,299.99999999999562
1.85,299.99999999999562
1.8525,299.99999999999562
1.855,299.99999999999568
1.8575,299.99999999999562
1.86,299.99999999999568
1.8625,299.99999999999579
1.865,299.99999999999585
1.8675,299.99999999999591
1.87,299.99999999999602
1.8725,299.99999999999608
1.875,299.99999999999613
1.8775,299.99999999999619
1.88,299.99999999999625
1.8825,299.99999999999636
1.885,299.99999999999642
1.8875,299.99999999999648
1.89,299.99999999999659
1.8925,299.9999999999967
1.895,299.99999999999682
1.8975,299.99999999999687
1.9,299.99999999999693
1.9025,299.99999999999699
1.905,299.9999999999971
1.9075,299.99999999999716
1.91,299.99999999999721
1.9125,299.99999999999727
1.915,299.99999999999733
1.9175,299.99999999999733
1.92,299.99999999999733
1.9225,299.99999999999733
1.925,299.99999999999733
1.9275,299.99999999999721
1.93,299.99999999999716
1.9325,299.99999999999716
1.935,299.99999999999716
1.9375,299.99999999999716
1.94,299.99999999999716
1.9425,299.9999999999971
1.945,299.99999999999704
1.9475,299.99999999999699
1.95,299.99999999999693
1.9525,299.99999999999687
1.955,299.99999999999682
1.9575,299.99999999999682
1.96,299.99999999999676
1.9625,299.9999999999967
1.965,299.99999999999659
1.9675,299.99999999999676
1.97,299.9999999999967
1.9725,299.99999999999659
1.975,299.99999999999648
1.9775,299.99999999999642
1.98,299.99999999999636
1.9825,299.99999999999631
1.985,299.99999999999625
1.9875,299.99999999999613
1.99,299.99999999999608
1.9925,299.99999999999596
1.995,299.99999999999585
1.9975,299.99999999999579
2.0,299.99999999999568
2.0025,299.99999999999562
2.005,299.99999999999557
2.0075,299.99999999999545
2.01,299.99999999999545
2.0125,299.99999999999551
2.015,299.99999999999551
2.0175,299.99999999999557
2.02,299.99999999999562
2.0225,299.99999999999568
2.025,299.99999999999574
2.0275,299.99999999999579
2.03,299.99999999999579
2.0325,299.99999999999579
2.035,299.99999999999579
2.0375,299.99999999999568
2.04,299.99999999999562
2.0425,299.99999999999557
2.045,299.99999999999557
2.0475,299.99999999999551
2.05,299.99999999999545
2.0525,299.99999999999545
2.055,299.9999999999954
2.0575,299.99999999999528
2.06,299.99999999999523
2.0625,299.99999999999511
2.065,299.99999999999494
2.0675,299.99999999999477
2.07,299.99999999999454
2.0725,299.99999999999437
2.075,299.9999999999942
2.0775,299.99999999999409
2.08,299.99999999999392
2.0825,299.99999999999369
2.085,299.99999999999346
2.0875,299.99999999999329
2.09,299.99999999999312
2.0925,299.99999999999284
2.095,299.99999999999261
2.0975,299.99999999999238
2.1,299.99999999999221
2.1025,299.99999999999204
2.105,299.99999999999181
2.1075,299.99999999999159
2.11,299.99999999999136
2.1125,299.99999999999113
2.115,299.99999999999096
2.1175,299.99999999999073
2.12,299.99999999999056
2.1225,299.99999999999039
2.125,299.99999999999022
2.1275,299.99999999999
2.13,299.99999999998988
2.1325,299.99999999998971
2.135,299.99999999998954
2.1375,299.99999999998943
2.14,299.99999999998937
2.1425,299.99999999998931
2.145,299.9999999999892
2.1475,299.99999999998914
2.15,299.99999999998909
2.1525,299.99999999998903
2.155,299.99999999998897
2.1575,299.99999999998903
2.16,299.99999999998909
2.1625,299.99999999998914
2.165,299.9999999999892
2.1675,299.99999999998926
2.17,299.99999999998931
2.1725,299.99999999998937
2.175,299.99999999998937
2.1775,299.99999999998926
2.18,299.99999999998931
2.1825,299.99999999998943
2.185,299.99999999998948
2.1875,299.99999999998954
2.19,299.99999999998971
2.1925,299.99999999998988
2.195,299.99999999999
2.1975,299.99999999999017
2.2,299.99999999999028
2.2025,299.99999999999039
2.205,299.99999999999062
2.2075,299.99999999999079
2.21,299.99999999999102
2.2125,299.99999999999113
2.215,299.99999999999125
2.2175,299.99999999999142
2.22,299.99999999999153
2.2225,299.99999999999176
2.225,299.99999999999199
2.2275,299.99999999999216
2.23,299.99999999999238
2.2325,299.99999999999255
2.235,299.99999999999272
2.2375,299.99999999999289
2.24,299.99999999999312
2.2425,299.99999999999335
2.245,299.99999999999358
2.2475,299.9999999999938
2.25,299.99999999999397
2.2525,299.9999999999942
2.255,299.99999999999443
2.2575,299.99999999999471
2.26,299.99999999999488
2.2625,299.99999999999505
2.265,299.99999999999517
2.2675,299.99999999999534
2.27,299.99999999999551
2.2725,299.99999999999568
2.275,299.99999999999591
2.2775,299.99999999999602
2.28,299.99999999999619
2.2825,299.99999999999631
2.285,299.99999999999642
2.2875,299.99999999999653
2.29,299.99999999999676
2.2925,299.99999999999693
2.295,299.9999999999971
2.2975,299.99999999999727
2.3,299.99999999999739
2.3025,299.9999999999975
2.305,299.99999999999761
2.3075,299.99999999999773
2.31,299.99999999999778
2.3125,299.9999999999979
2.315,299.99999999999801
2.3175,299.99999999999812
2.32,299.99999999999818
2.3225,299.99999999999829
2.325,299.99999999999835
2.3275,299.99999999999835
2.33,299.99999999999835
2.3325,299.99999999999835
2.335,299.99999999999835
2.3375,299.99999999999835
2.34,299.99999999999829
2.3425,299.99999999999824
2.345,299.99999999999824
2.3475,299.99999999999812
2.35,299.99999999999807
2.3525,299.99999999999801
2.355,299.9999999999979
2.3575,299.99999999999784
2.36,299.99999999999778
2.3625,299.99999999999773
2.365,299.99999999999761
2.3675,299.9999999999975
2.37,299.99999999999739
2.3725,299.99999999999721
2.375,299.9999999999971
2.3775,299.99999999999699
2.38,299.99999999999687
2.3825,299.99999999999665
2.385,299.99999999999648
2.3875,299.99999999999631
2.39,299.99999999999613
2.3925,299.99999999999596
2.395,299.99999999999579
2.3975,299.99999999999562
2.4,299.99999999999557
2.4025,299.99999999999545
2.405,299.99999999999534
2.4075,299.99999999999528
2.41,299.99999999999528
2.4125,299.99999999999523
2.415,299.99999999999511
2.4175,299.999999999995
2.42,299.99999999999483
2.4225,299.99999999999466
2.425,299.99999999999454
2.4275,299.99999999999449
2.43,299.99999999999437
2.4325,299.9999999999942
2.435,299.99999999999409
2.4375,299.99999999999397
2.44,299.99999999999386
2.4425,299.9999999999938
2.445,299.99999999999369
2.4475,299.99999999999352
2.45,299.99999999999341
2.4525,299.99999999999329
2.455,299.99999999999318
2.4575,299.99999999999307
2.46,299.99999999999295
2.4625,299.99999999999278
2.465,299.99999999999261
2.4675,299.9999999999925
2.47,299.99999999999238
2.4725,299.99999999999227
2.475,299.99999999999216
2.4775,299.99999999999204
2.48,299.99999999999193
2.4825,299.99999999999181
2.485,299.99999999999176
2.4875,299.99999999999164
2.49,299.99999999999153
2.4925,299.99999999999142
2.495,299.9999999999913
2.4975,299.99999999999125
2.5,299.99999999999125
2.5025,299.99999999999125
2.505,299.99999999999125
2.5075,299.99999999999125
2.51,299.99999999999113
2.5125,299.99999999999102
2.515,299.99999999999102
2.5175,299.99999999999113
2.52,299.99999999999125
2.5225,299.99999999999136
2.525,299.99999999999153
2.5275,299.99999999999164
2.53,299.99999999999181
2.5325,299.99999999999199
2.535,299.99999999999216
2.5375,299.99999999999227
2.54,299.99999999999238
2.5425,299.9999999999925
2.545,299.99999999999261
2.5475,299.99999999999284
2.55,299.99999999999307
2.5525,299.99999999999335
2.555,299.99999999999358
2.5575,299.9999999999938
2.56,299.99999999999409
2.5625,299.99999999999437
2.565,299.99999999999466
2.5675,299.99999999999494
2.57,299.99999999999517
2.5725,299.9999999999954
2.575,299.99999999999568
2.5775,299.99999999999591
2.58,299.99999999999613
2.5825,299.99999999999636
2.585,299.99999999999659
2.5875,299.99999999999682
2.59,299.99999999999704
2.5925,299.99999999999727
2.595,299.99999999999756
2.5975,299.99999999999784
2.6,299.99999999999812
2.6025,299.99999999999841
2.605,299.99999999999864
2.6075,299.99999999999892
2.61,299.99999999999909
2.6125,299.99999999999926
2.615,299.99999999999932
2.6175,299.99999999999943
2.62,299.99999999999949
2.6225,299.9999999999996
2.625,299.99999999999972
2.6275,299.99999999999977
2.63,299.99999999999989
2.6325,299.99999999999989
2.635,299.99999999999989
2.6375,299.99999999999994
2.64,299.99999999999994
2.6425,300
2.645,300.00000000000006
2.6475,300.00000000000006
2.65,299.99999999999994
2.6525,299.99999999999989
2.655,299.99999999999977
2.6575,299.99999999999977
2.66,299.99999999999977
2.6625,299.99999999999966
2.665,299.99999999999955
2.6675,299.99999999999949
2.67,299.99999999999943
2.6725,299.99999999999932
2.675,299.9999999999992
2.6775,299.99999999999903
2.68,299.99999999999886
2.6825,299.99999999999875
2.685,299.99999999999858
2.6875,299.99999999999835
2.69,299.99999999999807
2.6925,299.99999999999784
2.695,299.99999999999778
2.6975,299.99999999999773
2.7,299.99999999999744
2.7025,299.99999999999682
2.705,299.99999999999636
2.7075,299.99999999999613
2.71,299.99999999999591
2.7125,299.99999999999568
2.715,299.99999999999551
2.7175,299.99999999999528
2.72,299.99999999999505
2.7225,299.99999999999488
2.725,299.99999999999466
2.7275,299.99999999999443
2.73,299.9999999999942
2.7325,299.99999999999397
2.735,299.9999999999938
2.7375,299.99999999999358
2.74,299.99999999999341
2.7425,299.99999999999329
2.745,299.99999999999307
2.7475,299.99999999999278
2.75,299.99999999999255
2.7525,299.99999999999238
2.755,299.99999999999221
2.7575,299.99999999999204
2.76,299.99999999999187
2.7625,299.9999999999917
2.765,299.99999999999153
2.7675,299.99999999999136
2.77,299.99999999999113
2.7725,299.99999999999096
2.775,299.99999999999085
2.7775,299.99999999999073
2.78,299.99999999999056
2.7825,299.99999999999045
2.785,299.99999999999039
2.7875,299.99999999999028
2.79,299.99999999999017
2.7925,299.99999999999011
2.795,299.99999999999005
2.7975,299.99999999999011
2.8,299.99999999999011
2.8025,299.99999999999005
2.805,299.99999999999017
2.8075,299.99999999999017
2.81,299.99999999999022
2.8125,299.99999999999028
2.815,299.99999999999039
2.8175,299.99999999999039
2.82,299.99999999999045
2.8225,299.99999999999051
2.825,299.99999999999062
2.8275,299.99999999999085
2.83,299.99999999999102
2.8325,299.99999999999125
2.835,299.99999999999142
2.8375,299.99999999999164
2.84,299.99999999999187
2.8425,299.9999999999921
2.845,299.99999999999233
2.8475,299.99999999999261
2.85,299.99999999999278
2.8525,299.99999999999307
2.855,299.99999999999335
2.8575,299.99999999999363
2.86,299.99999999999386
2.8625,299.99999999999415
2.865,299.99999999999449
2.8675,299.99999999999483
2.87,299.99999999999511
2.8725,299.99999999999545
2.875,299.99999999999585
2.8775,299.99999999999619
2.88,299.99999999999653
2.8825,299.99999999999687
2.885,299.99999999999721
2.8875,299.9999999999975
2.89,299.99999999999773
2.8925,299.99999999999795
2.895,299.99999999999818
2.8975,299.99999999999835
2.9,299.99999999999852
2.9025,299.99999999999881
2.905,299.99999999999909
2.9075,299.99999999999937
2.91,299.9999999999996
2.9125,299.99999999999983
2.915,300.00000000000006
2.9175,300.00000000000028
2.92,300.00000000000045
2.9225,300.00000000000063
2.925,300.0000000000008
2.9275,300.00000000000102
2.93,300.00000000000114
2.9325,300.00000000000131
2.935,300.00000000000153
2.9375,300.00000000000171
2.94,300.00000000000182
2.9425,300.00000000000193
2.945,300.00000000000199
2.9475,300.00000000000199
2.95,300.00000000000205
2.9525,300.00000000000205
2.955,300.0000000000021
2.9575,300.0000000000021
2.96,300.00000000000205
2.9625,300.00000000000199
2.965,300.00000000000193
2.9675,300.00000000000188
2.97,300.00000000000176
2.9725,300.00000000000165
2.975,300.00000000000148
2.9775,300.00000000000131
2.98,300.00000000000114
2.9825,300.00000000000097
2.985,300.0000000000008
2.9875,300.00000000000063
2.99,300.00000000000045
2.9925,300.00000000000023
2.995,299.99999999999994
2.9975,299.9999999999996
3.0,299.99999999999926
3.0025,299.99999999999898
3.005,299.99999999999869
3.0075,299.99999999999829
3.01,299.99999999999801
3.0125,299.99999999999767
3.015,299.99999999999733
3.0175,299.99999999999699
3.02,299.99999999999665
3.0225,299.99999999999631
3.025,299.99999999999596
3.0275,299.99999999999557
3.03,299.99999999999528
3.0325,299.999999999995
3.035,299.99999999999471
3.0375,299.99999999999437
3.04,299.99999999999403
3.0425,299.99999999999369
3.045,299.99999999999341
3.0475,299.99999999999312
3.05,299.99999999999272
3.0525,299.99999999999238
3.055,299.9999999999921
3.0575,299.99999999999187
3.06,299.99999999999164
3.0625,299.99999999999142
3.065,299.99999999999119
3.0675,299.99999999999096
3.07,299.99999999999073
3.0725,299.99999999999062
3.075,299.99999999999051
3.0775,299.99999999999039
3.08,299.99999999999028
3.0825,299.99999999999022
3.085,299.99999999999017
3.0875,299.99999999999011
3.09,299.99999999999011
3.0925,299.99999999999005
3.095,299.99999999999017
3.0975,299.99999999999022
3.1,299.99999999999028
3.1025,299.99999999999039
3.105,299.99999999999062
3.1075,299.99999999999079
3.11,299.99999999999102
3.1125,299.99999999999125
3.115,299.99999999999147
3.1175,299.9999999999917
3.12,299.99999999999199
3.1225,299.99999999999227
3.125,299.99999999999255
3.1275,299.99999999999284
3.13,299.99999999999318
3.1325,299.99999999999346
3.135,299.99999999999369
3.1375,299.99999999999397
3.14,299.99999999999432
3.1425,299.9999999999946
3.145,299.99999999999494
3.1475,299.99999999999528
3.15,299.99999999999562
3.1525,299.99999999999602
3.155,299.99999999999636
3.1575,299.99999999999665
3.16,299.99999999999699
3.1625,299.99999999999727
3.165,299.99999999999756
3.1675,299.9999999999979
3.17,299.99999999999812
3.1725,299.99999999999841
3.175,299.99999999999881
3.1775,299.99999999999903
3.18,299.99999999999926
3.1825,299.99999999999949
3.185,299.99999999999977
3.1875,300
3.19,300.00000000000017
3.1925,300.00000000000034
3.195,300.00000000000057
3.1975,300.00000000000068
3.2,300.0000000000008
3.2025,300.00000000000097
3.205,300.00000000000114
3.2075,300.00000000000131
3.21,300.00000000000142
3.2125,300.00000000000148
3.215,300.00000000000165
3.2175,300.00000000000165
3.22,300.00000000000171
3.2225,300.00000000000171
3.225,300.00000000000165
3.2275,300.00000000000165
3.23,300.00000000000159
3.2325,300.00000000000148
3.235,300.00000000000136
3.2375,300.00000000000125
3.24,300.00000000000108
3.2425,300.00000000000097
3.245,300.00000000000085
3.2475,300.00000000000074
3.25,300.00000000000057
3.2525,300.00000000000034
3.255,300.00000000000006
3.2575,299.99999999999983
3.26,299.99999999999955
3.2625,299.9999999999992
3.265,299.99999999999886
3.2675,299.99999999999847
3.27,299.99999999999812
3.2725,299.99999999999784
3.275,299.9999999999975
3.2775,299.99999999999716
3.28,299.99999999999682
3.2825,299.99999999999648
3.285,299.99999999999613
3.2875,299.99999999999568
3.29,299.99999999999528
3.2925,299.99999999999488
3.295,299.99999999999443
3.2975,299.99999999999409
3.3,299.99999999999369
3.3025,299.99999999999335
3.305,299.99999999999295
3.3075,299.99999999999255
3.31,299.99999999999221
3.3125,299.99999999999187
3.315,299.99999999999153
3.3175,299.99999999999113
3.32,299.99999999999085
3.3225,299.99999999999056
3.325,299.99999999999034
3.3275,299.99999999999
3.33,299.99999999998983
3.3325,299.9999999999896
3.335,299.99999999998943
3.3375,299.99999999998926
3.34,299.99999999998909
3.3425,299.99999999998892
3.345,299.9999999999888
3.3475,299.99999999998875
3.35,299.99999999998863
3.3525,299.99999999998852
3.355,299.99999999998846
3.3575,299.99999999998846
3.36,299.99999999998846
3.3625,299.99999999998846
3.365,299.99999999998852
3.3675,299.99999999998857
3.37,299.99999999998857
3.3725,299.99999999998863
3.375,299.99999999998869
3.3775,299.9999999999888
3.38,299.99999999998892
3.3825,299.99999999998903
3.385,299.99999999998914
3.3875,299.99999999998937
3.39,299.99999999998954
3.3925,299.99999999998977
3.395,299.99999999999005
3.3975,299.99999999999034
3.4,299.99999999999062
3.4025,299.99999999999096
3.405,299.99999999999119
3.4075,299.99999999999147
3.41,299.99999999999176
3.4125,299.9999999999921
3.415,299.99999999999244
3.4175,299.99999999999278
3.42,299.99999999999318
3.4225,299.99999999999352
3.425,299.99999999999386
3.4275,299.9999999999942
3.43,299.9999999999946
3.4325,299.999999999995
3.435,299.9999999999954
3.4375,299.99999999999579
3.44,299.99999999999613
3.4425,299.99999999999653
3.445,299.99999999999687
3.4475,299.99999999999721
3.45,299.99999999999756
3.4525,299.9999999999979
3.455,299.99999999999824
3.4575,299.99999999999858
3.46,299.99999999999892
3.4625,299.99999999999926
3.465,299.99999999999955
3.4675,299.99999999999983
3.47,300.00000000000017
3.4725,300.00000000000057
3.475,300.00000000000091
3.4775,300.00000000000125
3.48,300.00000000000159
3.4825,300.00000000000182
3.485,300.00000000000205
3.4875,300.00000000000222
3.49,300.00000000000239
3.4925,300.00000000000261
3.495,300.00000000000273
3.4975,300.0000000000029
3.5,300.00000000000301
3.5025,300.00000000000313
3.505,300.00000000000313
3.5075,300.00000000000313
3.51,300.00000000000318
3.5125,300.00000000000318
3.515,300.00000000000313
3.5175,300.00000000000307
3.52,300.00000000000307
3.5225,300.00000000000296
3.525,300.0000000000029
3.5275,300.00000000000279
3.53,300.00000000000267
3.5325,300.00000000000261
3.535,300.0000000000025
3.5375,300.00000000000239
3.54,300.00000000000222
3.5425,300.00000000000199
3.545,300.00000000000176
3.5475,300.00000000000159
3.55,300.00000000000131
3.5525,300.00000000000108
3.555,300.00000000000085
3.5575,300.00000000000051
3.56,300.00000000000017
3.5625,299.99999999999983
3.565,299.99999999999949
3.5675,299.9999999999992
3.57,299.99999999999892
3.5725,299.99999999999858
3.575,299.99999999999829
3.5775,299.9999999999979
3.58,299.99999999999756
3.5825,299.99999999999727
3.585,299.99999999999693
3.5875,299.99999999999653
3.59,299.99999999999619
3.5925,299.99999999999579
3.595,299.99999999999545
3.5975,299.99999999999511
3.6,299.99999999999483
3.6025,299.99999999999454
3.605,299.99999999999426
3.6075,299.99999999999403
3.61,299.9999999999938
3.6125,299.99999999999363
3.615,299.99999999999346
3.6175,299.99999999999329
3.62,299.99999999999312
3.6225,299.99999999999295
3.625,299.99999999999272
3.6275,299.99999999999255
3.63,299.99999999999238
3.6325,299.99999999999227
3.635,299.99999999999216
3.6375,299.9999999999921
3.64,299.99999999999204
3.6425,299.99999999999199
3.645,299.99999999999199
3.6475,299.99999999999199
3.65,299.99999999999204
3.6525,299.9999999999921
3.655,299.99999999999216
3.6575,299.99999999999221
3.66,299.99999999999221
3.6625,299.99999999999227
3.665,299.99999999999238
3.6675,299.9999999999925
3.67,299.99999999999261
3.6725,299.99999999999272
3.675,299.99999999999289
3.6775,299.99999999999307
3.68,299.99999999999324
3.6825,299.99999999999346
3.685,299.99999999999363
3.6875,299.99999999999386
3.69,299.99999999999409
3.6925,299.99999999999432
3.695,299.99999999999449
3.6975,299.99999999999477
3.7,299.999999999995
3.7025,299.99999999999523
3.705,299.99999999999545
3.7075,299.99999999999568
3.71,299.99999999999596
3.7125,299.99999999999619
3.715,299.99999999999636
3.7175,299.99999999999653
3.72,299.9999999999967
3.7225,299.99999999999693
3.725,299.9999999999971
3.7275,299.99999999999727
3.73,299.99999999999744
3.7325,299.99999999999761
3.735,299.99999999999784
3.7375,299.99999999999807
3.74,299.99999999999829
3.7425,299.99999999999847
3.745,299.99999999999858
3.7475,299.99999999999875
3.75,299.99999999999886
3.7525,299.99999999999892
3.755,299.99999999999898
3.7575,299.99999999999903
3.76,299.99999999999909
3.7625,299.99999999999909
3.765,299.99999999999915
3.7675,299.99999999999915
3.77,299.99999999999909
3.7725,299.99999999999898
3.775,299.99999999999892
3.7775,299.99999999999892
3.78,299.99999999999886
3.7825,299.99999999999875
3.785,299.99999999999864
3.7875,299.99999999999852
3.79,299.99999999999841
3.7925,299.99999999999835
3.795,299.99999999999829
3.7975,299.99999999999818
3.8,299.99999999999801
3.8025,299.99999999999784
3.805,299.99999999999767
3.8075,299.9999999999975
3.81,299.99999999999733
3.8125,299.99999999999716
3.815,299.99999999999699
3.8175,299.99999999999682
3.82,299.99999999999665
3.8225,299.99999999999648
3.825,299.99999999999631
3.8275,299.99999999999608
3.83,299.99999999999585
3.8325,299.99999999999557
3.835,299.99999999999534
3.8375,299.99999999999517
3.84,299.99999999999505
3.8425,299.99999999999494
3.845,299.99999999999477
3.8475,299.99999999999454
3.85,299.99999999999432
3.8525,299.9999999999942
3.855,299.99999999999409
3.8575,299.99999999999392
3.86,299.9999999999938
3.8625,299.99999999999375
3.865,299.99999999999363
3.8675,299.99999999999346
3.87,299.99999999999335
3.8725,299.99999999999324
3.875,299.99999999999318
3.8775,299.99999999999307
3.88,299.99999999999295
3.8825,299.99999999999289
3.885,299.99999999999284
3.8875,299.99999999999278
3.89,299.99999999999278
3.8925,299.99999999999278
3.895,299.99999999999278
3.8975,299.99999999999284
3.9,299.99999999999278
3.9025,299.99999999999278
3.905,299.99999999999284
3.9075,299.99999999999301
3.91,299.99999999999312
3.9125,299.99999999999318
3.915,299.99999999999329
3.9175,299.99999999999335
3.92,299.99999999999346
3.9225,299.99999999999363
3.925,299.9999999999938
3.9275,299.99999999999397
3.93,299.99999999999409
3.9325,299.99999999999426
3.935,299.99999999999443
3.9375,299.9999999999946
3.94,299.99999999999471
3.9425,299.99999999999488
3.945,299.99999999999505
3.9475,299.99999999999517
3.95,299.99999999999534
3.9525,299.99999999999551
3.955,299.99999999999574
3.9575,299.99999999999596
3.96,299.99999999999613
3.9625,299.99999999999636
3.965,299.99999999999659
3.9675,299.99999999999676
3.97,299.99999999999693
3.9725,299.99999999999704
3.975,299.99999999999721
3.9775,299.99999999999739
3.98,299.9999999999975
3.9825,299.99999999999761
3.985,299.99999999999773
3.9875,299.99999999999784
3.99,299.99999999999795
3.9925,299.99999999999807
3.995,299.99999999999818
3.9975,299.99999999999829
4.0,299.99999999999835
4.0025,299.99999999999847
4.005,299.99999999999852
4.0075,299.99999999999858
4.01,299.99999999999864
4.0125,299.99999999999875
4.015,299.99999999999881
4.0175,299.99999999999881
4.02,299.99999999999875
4.0225,299.99999999999881
4.025,299.99999999999886
4.0275,299.99999999999881
4.03,299.99999999999875
4.0325,299.99999999999875
4.035,299.99999999999875
4.0375,299.99999999999864
4.04,299.99999999999852
4.0425,299.99999999999841
4.045,299.99999999999829
4.0475,299.99999999999818
4.05,299.99999999999807
4.0525,299.9999999999979
4.055,299.99999999999773
4.0575,299.99999999999767
4.06,299.99999999999756
4.0625,299.99999999999744
4.065,299.99999999999721
4.0675,299.99999999999699
4.07,299.99999999999676
4.0725,299.99999999999653
4.075,299.99999999999636
4.0775,299.99999999999613
4.08,299.99999999999591
4.0825,299.99999999999568
4.085,299.99999999999551
4.0875,299.99999999999534
4.09,299.99999999999523
4.0925,299.99999999999505
4.095,299.99999999999488
4.0975,299.99999999999466
4.1,299.99999999999449
4.1025,299.99999999999432
4.105,299.9999999999942
4.1075,299.99999999999403
4.11,299.99999999999386
4.1125,299.99999999999375
4.115,299.99999999999363
4.1175,299.99999999999346
4.12,299.99999999999329
4.1225,299.99999999999324
4.125,299.99999999999318
4.1275,299.99999999999312
4.13,299.99999999999307
4.1325,299.99999999999307
4.135,299.99999999999301
4.1375,299.99999999999295
4.14,299.99999999999284
4.1425,299.99999999999289
4.145,299.99999999999289
4.1475,299.99999999999301
4.15,299.99999999999301
4.1525,299.99999999999307
4.155,299.99999999999318
4.1575,299.99999999999324
4.16,299.99999999999335
4.1625,299.99999999999341
4.165,299.99999999999352
4.1675,299.99999999999363
4.17,299.9999999999938
4.1725,299.99999999999392
4.175,299.99999999999403
4.1775,299.9999999999942
4.18,299.99999999999432
4.1825,299.99999999999443
4.185,299.99999999999454
4.1875,299.99999999999471
4.19,299.99999999999483
4.1925,299.99999999999494
4.195,299.99999999999511
4.1975,299.99999999999523
4.2,299.9999999999954
4.2025,299.99999999999557
4.205,299.99999999999574
4.2075,299.99999999999602
4.21,299.99999999999619
4.2125,299.99999999999636
4.215,299.99999999999653
4.2175,299.9999999999967
4.22,299.99999999999693
4.2225,299.99999999999704
4.225,299.99999999999716
4.2275,299.99999999999727
4.23,299.99999999999739
4.2325,299.99999999999756
4.235,299.99999999999767
4.2375,299.99999999999773
4.24,299.99999999999778
4.2425,299.9999999999979
4.245,299.99999999999795
4.2475,299.99999999999807
4.25,299.99999999999818
4.2525,299.99999999999824
4.255,299.99999999999829
4.2575,299.99999999999835
4.26,299.99999999999841
4.2625,299.99999999999841
4.265,299.99999999999847
4.2675,299.99999999999847
4.27,299.99999999999847
4.2725,299.99999999999847
4.275,299.99999999999841
4.2775,299.99999999999835
4.28,299.99999999999829
4.2825,299.99999999999824
4.285,299.99999999999807
4.2875,299.9999999999979
4.29,299.99999999999778
4.2925,299.99999999999767
4.295,299.9999999999975
4.2975,299.99999999999727
4.3,299.99999999999704
4.3025,299.99999999999682
4.305,299.99999999999665
4.3075,299.99999999999642
4.31,299.99999999999625
4.3125,299.99999999999602
4.315,299.99999999999579
4.3175,299.99999999999545
4.32,299.99999999999523
4.3225,299.999999999995
4.325,299.99999999999477
4.3275,299.99999999999449
4.33,299.99999999999426
4.3325,299.99999999999403
4.335,299.9999999999938
4.3375,299.99999999999352
4.34,299.99999999999329
4.3425,299.99999999999307
4.345,299.99999999999272
4.3475,299.99999999999255
4.35,299.99999999999238
4.3525,299.99999999999221
4.355,299.99999999999199
4.3575,299.99999999999176
4.36,299.99999999999153
4.3625,299.99999999999136
4.365,299.99999999999119
4.3675,299.99999999999108
4.37,299.99999999999091
4.3725,299.99999999999073
4.375,299.99999999999056
4.3775,299.99999999999045
4.38,299.99999999999034
4.3825,299.99999999999017
4.385,299.99999999999
4.3875,299.99999999998994
4.39,299.99999999998988
4.3925,299.99999999998977
4.395,299.99999999998977
4.3975,299.99999999998977
4.4,299.99999999998983
4.4025,299.99999999998988
4.405,299.99999999999
4.4075,299.99999999999011
4.41,299.99999999999017
4.4125,299.99999999999028
4.415,299.99999999999039
4.4175,299.99999999999056
4.42,299.99999999999068
4.4225,299.99999999999085
4.425,299.99999999999108
4.4275,299.99999999999136
4.43,299.99999999999164
4.4325,299.99999999999193
4.435,299.99999999999216
4.4375,299.99999999999238
4.44,299.99999999999261
4.4425,299.99999999999289
4.445,299.99999999999324
4.4475,299.99999999999352
4.45,299.99999999999375
4.4525,299.99999999999397
4.455,299.99999999999432
4.4575,299.99999999999466
4.46,299.99999999999494
4.4625,299.99999999999523
4.465,299.99999999999557
4.4675,299.99999999999596
4.47,299.99999999999625
4.4725,299.99999999999653
4.475,299.99999999999682
4.4775,299.9999999999971
4.48,299.99999999999744
4.4825,299.99999999999778
4.485,299.99999999999818
4.4875,299.99999999999858
4.49,299.99999999999892
4.4925,299.99999999999915
4.495,299.99999999999937
4.4975,299.99999999999966
4.5,299.99999999999989
4.5025,300.00000000000017
4.505,300.00000000000034
4.5075,300.00000000000057
4.51,300.00000000000074
4.5125,300.00000000000091
4.515,300.00000000000108
4.5175,300.00000000000125
4.52,300.00000000000136
4.5225,300.00000000000142
4.525,300.00000000000148
4.5275,300.00000000000153
4.53,300.00000000000148
4.5325,300.00000000000148
4.535,300.00000000000142
4.5375,300.00000000000136
4.54,300.00000000000125
4.5425,300.00000000000108
4.545,300.00000000000091
4.5475,300.00000000000074
4.55,300.00000000000057
4.5525,300.00000000000045
4.555,300.00000000000023
4.5575,300
4.56,299.99999999999977
4.5625,299.99999999999955
4.565,299.99999999999932
4.5675,299.99999999999903
4.57,299.99999999999869
4.5725,299.99999999999829
4.575,299.99999999999795
4.5775,299.99999999999761
4.58,299.99999999999733
4.5825,299.99999999999699
4.585,299.99999999999659
4.5875,299.99999999999619
4.59,299.99999999999579
4.5925,299.99999999999534
4.595,299.99999999999494
4.5975,299.99999999999454
4.6,299.9999999999942
4.6025,299.99999999999386
4.605,299.99999999999352
4.6075,299.99999999999324
4.61,299.99999999999295
4.6125,299.99999999999261
4.615,299.99999999999227
4.6175,299.99999999999199
4.62,299.99999999999176
4.6225,299.99999999999153
4.625,299.9999999999913
4.6275,299.99999999999108
4.63,299.99999999999079
4.6325,299.99999999999056
4.635,299.99999999999034
4.6375,299.99999999999017
4.64,299.99999999998994
4.6425,299.99999999998977
4.645,299.99999999998965
4.6475,299.99999999998948
4.65,299.99999999998937
4.6525,299.99999999998931
4.655,299.99999999998926
4.6575,299.99999999998926
4.66,299.99999999998926
4.6625,299.99999999998931
4.665,299.99999999998937
4.6675,299.99999999998948
4.67,299.99999999998954
4.6725,299.99999999998965
4.675,299.99999999998983
4.6775,299.99999999998994
4.68,299.99999999999017
4.6825,299.99999999999034
4.685,299.99999999999051
4.6875,299.99999999999068
4.69,299.99999999999085
4.6925,299.99999999999102
4.695,299.99999999999125
4.6975,299.99999999999153
4.7,299.99999999999181
4.7025,299.99999999999216
4.705,299.9999999999925
4.7075,299.99999999999278
4.71,299.99999999999318
4.7125,299.99999999999352
4.715,299.9999999999938
4.7175,299.99999999999415
4.72,299.99999999999449
4.7225,299.99999999999483
4.725,299.99999999999517
4.7275,299.99999999999551
4.73,299.99999999999591
4.7325,299.99999999999631
4.735,299.9999999999967
4.7375,299.9999999999971
4.74,299.9999999999975
4.7425,299.99999999999784
4.745,299.99999999999818
4.7475,299.99999999999852
4.75,299.99999999999892
4.7525,299.9999999999992
4.755,299.99999999999955
4.7575,299.99999999999983
4.76,300.00000000000017
4.7625,300.00000000000045
4.765,300.00000000000074
4.7675,300.00000000000102
4.77,300.00000000000131
4.7725,300.00000000000165
4.775,300.00000000000188
4.7775,300.0000000000021
4.78,300.00000000000227
4.7825,300.00000000000244
4.785,300.00000000000256
4.7875,300.00000000000261
4.79,300.00000000000267
4.7925,300.00000000000273
4.795,300.00000000000279
4.7975,300.00000000000284
4.8,300.00000000000284
4.8025,300.00000000000284
4.805,300.00000000000279
4.8075,300.00000000000267
4.81,300.00000000000261
4.8125,300.00000000000256
4.815,300.00000000000244
4.8175,300.00000000000227
4.82,300.0000000000021
4.8225,300.00000000000193
4.825,300.00000000000176
4.8275,300.00000000000153
4.83,300.00000000000125
4.8325,300.00000000000108
4.835,300.00000000000085
4.8375,300.00000000000057
4.84,300.00000000000023
4.8425,299.99999999999989
4.845,299.99999999999955
4.8475,299.9999999999992
4.85,299.99999999999886
4.8525,299.99999999999847
4.855,299.99999999999818
4.8575,299.9999999999979
4.86,299.99999999999756
4.8625,299.99999999999721
4.865,299.99999999999687
4.8675,299.99999999999653
4.87,299.99999999999619
4.8725,299.99999999999579
4.875,299.9999999999954
4.8775,299.999999999995
4.88,299.9999999999946
4.8825,299.99999999999426
4.885,299.99999999999392
4.8875,299.99999999999358
4.89,299.99999999999329
4.8925,299.99999999999295
4.895,299.99999999999267
4.8975,299.99999999999238
4.9,299.99999999999216
4.9025,299.99999999999193
4.905,299.99999999999176
4.9075,299.99999999999153
4.91,299.99999999999136
4.9125,299.99999999999119
4.915,299.99999999999102
4.9175,299.99999999999091
4.92,299.99999999999073
4.9225,299.99999999999068
4.925,299.99999999999062
4.9275,299.99999999999056
4.93,299.99999999999051
4.9325,299.99999999999051
4.935,299.99999999999045
4.9375,299.99999999999045
4.94,299.99999999999051
4.9425,299.99999999999056
4.945,299.99999999999056
4.9475,299.99999999999062
4.95,299.99999999999073
4.9525,299.99999999999085
4.955,299.99999999999096
4.9575,299.99999999999119
4.96,299.99999999999136
4.9625,299.99999999999153
4.965,299.99999999999176
4.9675,299.99999999999193
4.97,299.99999999999216
4.9725,299.99999999999233
4.975,299.99999999999255
4.9775,299.99999999999284
4.98,299.99999999999312
4.9825,299.99999999999341
4.985,299.99999999999363
4.9875,299.99999999999392
4.99,299.9999999999942
4.9925,299.9999999999946
4.995,299.999999999995
4.9975,299.99999999999528
5.0,299.99999999999557
5.0025,299.99999999999591
5.005,299.99999999999613
5.0075,299.99999999999648
5.01,299.99999999999682
5.0125,299.9999999999971
5.015,299.99999999999739
5.0175,299.99999999999767
5.02,299.99999999999801
5.0225,299.99999999999835
5.025,299.99999999999864
5.0275,299.99999999999892
5.03,299.9999999999992
5.0325,299.99999999999955
5.035,299.99999999999977
5.0375,300
5.04,300.00000000000023
5.0425,300.00000000000045
5.045,300.00000000000068
5.0475,300.0000000000008
5.05,300.00000000000091
5.0525,300.00000000000102
5.055,300.00000000000114
5.0575,300.00000000000119
5.06,300.00000000000119
5.0625,300.00000000000119
5.065,300.00000000000119
5.0675,300.00000000000114
5.07,300.00000000000114
5.0725,300.00000000000114
5.075,300.00000000000114
5.0775,300.00000000000108
5.08,300.00000000000108
5.0825,300.00000000000097
5.085,300.00000000000091
5.0875,300.0000000000008
5.09,300.00000000000063
5.0925,300.00000000000045
5.095,300.00000000000028
5.0975,300.00000000000011
5.1,299.99999999999994
5.1025,299.99999999999977
5.105,299.99999999999955
5.1075,299.99999999999932
5.11,299.99999999999909
5.1125,299.99999999999881
5.115,299.99999999999841
5.1175,299.99999999999812
5.12,299.99999999999778
5.1225,299.9999999999975
5.125,299.99999999999721
5.1275,299.99999999999693
5.13,299.99999999999665
5.1325,299.99999999999636
5.135,299.99999999999608
5.1375,299.99999999999574
5.14,299.9999999999954
5.1425,299.99999999999511
5.145,299.99999999999477
5.1475,299.99999999999449
5.15,299.9999999999942
5.1525,299.99999999999397
5.155,299.99999999999369
5.1575,299.99999999999346
5.16,299.99999999999329
5.1625,299.99999999999307
5.165,299.99999999999284
5.1675,299.99999999999267
5.17,299.99999999999244
5.1725,299.99999999999227
5.175,299.99999999999204
5.1775,299.99999999999187
5.18,299.9999999999917
5.1825,299.99999999999159
5.185,299.99999999999153
5.1875,299.99999999999147
5.19,299.99999999999142
5.1925,299.99999999999142
5.195,299.99999999999142
5.1975,299.99999999999142
5.2,299.99999999999142
5.2025,299.99999999999136
5.205,299.99999999999136
5.2075,299.99999999999147
5.21,299.99999999999147
5.2125,299.99999999999147
5.215,299.99999999999153
5.2175,299.99999999999164
5.22,299.99999999999187
5.2225,299.99999999999204
5.225,299.99999999999216
5.2275,299.99999999999233
5.23,299.9999999999925
5.2325,299.99999999999272
5.235,299.99999999999289
5.2375,299.99999999999318
5.24,299.99999999999335
5.2425,299.99999999999352
5.245,299.99999999999375
5.2475,299.99999999999397
5.25,299.9999999999942
5.2525,299.99999999999443
5.255,299.99999999999466
5.2575,299.99999999999488
5.26,299.99999999999511
5.2625,299.99999999999534
5.265,299.99999999999557
5.2675,299.99999999999585
5.27,299.99999999999602
5.2725,299.99999999999619
5.275,299.99999999999642
5.2775,299.99999999999665
5.28,299.99999999999693
5.2825,299.99999999999716
5.285,299.99999999999739
5.2875,299.99999999999767
5.29,299.9999999999979
5.2925,299.99999999999812
5.295,299.99999999999829
5.2975,299.99999999999847
5.3,299.99999999999864
5.3025,299.99999999999881
5.305,299.99999999999892
5.3075,299.99999999999903
5.31,299.99999999999909
5.3125,299.99999999999915
5.315,299.99999999999926
5.3175,299.99999999999932
5.32,299.99999999999943
5.3225,299.99999999999949
5.325,299.9999999999996
5.3275,299.99999999999966
5.33,299.9999999999996
5.3325,299.9999999999996
5.335,299.99999999999955
5.3375,299.99999999999943
5.34,299.99999999999932
5.3425,299.9999999999992
5.345,299.99999999999909
5.3475,299.99999999999898
5.35,299.99999999999881
5.3525,299.99999999999858
5.355,299.99999999999841
5.3575,299.99999999999824
5.36,299.99999999999812
5.3625,299.99999999999795
5.365,299.99999999999778
5.3675,299.99999999999761
5.37,299.99999999999744
5.3725,299.99999999999733
5.375,299.99999999999716
5.3775,299.99999999999693
5.38,299.9999999999967
5.3825,299.99999999999642
5.385,299.99999999999625
5.3875,299.99999999999602
5.39,299.99999999999579
5.3925,299.99999999999545
5.395,299.99999999999517
5.3975,299.99999999999494
5.4,299.99999999999477
5.4025,299.99999999999454
5.405,299.99999999999437
5.4075,299.9999999999942
5.41,299.99999999999397
5.4125,299.9999999999938
5.415,299.99999999999363
5.4175,299.99999999999352
5.42,299.99999999999335
5.4225,299.99999999999324
5.425,299.99999999999312
5.4275,299.99999999999307
5.43,299.99999999999289
5.4325,299.99999999999278
5.435,299.99999999999272
5.4375,299.99999999999267
5.44,299.99999999999261
5.4425,299.99999999999255
5.445,299.9999999999925
5.4475,299.9999999999925
5.45,299.99999999999244
5.4525,299.99999999999238
5.455,299.99999999999244
5.4575,299.9999999999925
5.46,299.9999999999925
5.4625,299.99999999999255
5.465,299.99999999999267
5.4675,299.99999999999272
5.47,299.99999999999278
5.4725,299.99999999999284
5.475,299.99999999999301
5.4775,299.99999999999318
5.48,299.99999999999329
5.4825,299.99999999999341
5.485,299.99999999999352
5.4875,299.99999999999363
5.49,299.99999999999386
5.4925,299.99999999999403
5.495,299.99999999999426
5.4975,299.99999999999443
5.5,299.9999999999946
5.5025,299.99999999999483
5.505,299.999999999995
5.5075,299.99999999999517
5.51,299.99999999999534
5.5125,299.99999999999557
5.515,299.99999999999585
5.5175,299.99999999999602
5.52,299.99999999999625
5.5225,299.99999999999648
5.525,299.99999999999665
5.5275,299.99999999999687
5.53,299.99999999999716
5.5325,299.99999999999739
5.535,299.99999999999761
5.5375,299.99999999999784
5.54,299.99999999999807
5.5425,299.99999999999824
5.545,299.99999999999847
5.5475,299.99999999999864
5.55,299.99999999999881
5.5525,299.99999999999898
5.555,299.99999999999909
5.5575,299.9999999999992
5.56,299.99999999999926
5.5625,299.99999999999932
5.565,299.99999999999937
5.5675,299.99999999999943
5.57,299.99999999999943
5.5725,299.99999999999937
5.575,299.99999999999932
5.5775,299.99999999999926
5.58,299.99999999999926
5.5825,299.99999999999926
5.585,299.99999999999926
5.5875,299.99999999999926
5.59,299.9999999999992
5.5925,299.99999999999915
5.595,299.99999999999909
5.5975,299.99999999999898
5.6,299.99999999999881
5.6025,299.99999999999875
5.605,299.99999999999858
5.6075,299.99999999999847
5.61,299.99999999999829
5.6125,299.99999999999812
5.615,299.99999999999795
5.6175,299.99999999999778
5.62,299.99999999999767
5.6225,299.9999999999975
5.625,299.99999999999733
5.6275,299.99999999999716
5.63,299.99999999999699
5.6325,299.99999999999676
5.635,299.99999999999653
5.6375,299.99999999999631
5.64,299.99999999999608
5.6425,299.99999999999579
5.645,299.99999999999545
5.6475,299.99999999999528
5.65,299.99999999999505
5.6525,299.99999999999483
5.655,299.9999999999946
5.6575,299.99999999999443
5.66,299.99999999999432
5.6625,299.99999999999409
5.665,299.99999999999392
5.6675,299.99999999999369
5.67,299.99999999999341
5.6725,299.99999999999324
5.675,299.99999999999301
5.6775,299.99999999999278
5.68,299.99999999999261
5.6825,299.99999999999255
5.685,299.9999999999925
5.6875,299.99999999999244
5.69,299.99999999999233
5.6925,299.99999999999233
5.695,299.99999999999233
5.6975,299.99999999999227
5.7,299.99999999999221
5.7025,299.99999999999216
5.705,299.99999999999221
5.7075,299.99999999999233
5.71,299.99999999999238
5.7125,299.99999999999244
5.715,299.99999999999255
5.7175,299.99999999999267
5.72,299.99999999999272
5.7225,299.99999999999289
5.725,299.99999999999312
5.7275,299.99999999999329
5.73,299.99999999999346
5.7325,299.99999999999363
5.735,299.9999999999938
5.7375,299.99999999999397
5.74,299.9999999999942
5.7425,299.99999999999437
5.745,299.99999999999454
5.7475,299.99999999999471
5.75,299.99999999999494
5.7525,299.99999999999523
5.755,299.99999999999545
5.7575,299.99999999999568
5.76,299.99999999999596
5.7625,299.99999999999613
5.765,299.99999999999636
5.7675,299.99999999999659
5.77,299.99999999999682
5.7725,299.99999999999704
5.775,299.99999999999733
5.7775,299.99999999999756
5.78,299.99999999999778
5.7825,299.99999999999801
5.785,299.99999999999829
5.7875,299.99999999999852
5.79,299.99999999999881
5.7925,299.99999999999903
5.795,299.99999999999926
5.7975,299.99999999999943
5.8,299.99999999999966
5.8025,299.99999999999989
5.805,300.00000000000011
5.8075,300.00000000000028
5.81,300.00000000000045
5.8125,300.00000000000051
5.815,300.00000000000063
5.8175,300.00000000000074
5.82,300.00000000000085
5.8225,300.00000000000097
5.825,300.00000000000108
5.8275,300.00000000000119
5.83,300.00000000000119
5.8325,300.00000000000119
5.835,300.00000000000119
5.8375,300.00000000000114
5.84,300.00000000000102
5.8425,300.00000000000085
5.845,300.00000000000074
5.8475,300.00000000000068
5.85,300.00000000000057
5.8525,300.00000000000045
5.855,300.00000000000028
5.8575,300.00000000000011
5.86,299.99999999999994
5.8625,299.99999999999972
5.865,299.99999999999949
5.8675,299.99999999999926
5.87,299.99999999999909
5.8725,299.99999999999886
5.875,299.99999999999858
5.8775,299.99999999999835
5.88,299.99999999999807
5.8825,299.99999999999773
5.885,299.99999999999744
5.8875,299.99999999999721
5.89,299.99999999999693
5.8925,299.99999999999665
5.895,299.99999999999636
5.8975,299.99999999999613
5.9,299.99999999999591
5.9025,299.99999999999557
5.905,299.99999999999528
5.9075,299.999999999995
5.91,299.99999999999466
5.9125,299.99999999999437
5.915,299.99999999999409
5.9175,299.9999999999938
5.92,299.99999999999352
5.9225,299.99999999999329
5.925,299.99999999999301
5.9275,299.99999999999272
5.93,299.99999999999244
5.9325,299.99999999999216
5.935,299.99999999999204
5.9375,299.99999999999187
5.94,299.99999999999164
5.9425,299.99999999999147
5.945,299.99999999999136
5.9475,299.99999999999125
5.95,299.99999999999113
5.9525,299.99999999999108
5.955,299.99999999999108
5.9575,299.99999999999108
5.96,299.99999999999113
5.9625,299.99999999999113
5.965,299.99999999999119
5.9675,299.99999999999125
5.97,299.99999999999125
5.9725,299.99999999999136
5.975,299.99999999999153
5.9775,299.99999999999164
5.98,299.99999999999176
5.9825,299.99999999999187
5.985,299.99999999999204
5.9875,299.99999999999221
5.99,299.99999999999238
5.9925,299.99999999999255
5.995,299.99999999999272
5.9975,299.99999999999295
6.0,299.99999999999318
6.0025,299.99999999999335
6.005,299.99999999999358
6.0075,299.99999999999386
6.01,299.99999999999415
6.0125,299.99999999999437
6.015,299.99999999999466
6.0175,299.999999999995
6.02,299.99999999999528
6.0225,299.99999999999562
6.025,299.99999999999602
6.0275,299.99999999999636
6.03,299.9999999999967
6.0325,299.99999999999704
6.035,299.99999999999739
6.0375,299.99999999999767
6.04,299.99999999999795
6.0425,299.99999999999829
6.045,299.99999999999858
6.0475,299.99999999999892
6.05,299.9999999999992
6.0525,299.99999999999949
6.055,299.99999999999977
6.0575,300
6.06,300.00000000000023
6.0625,300.0000000000004
6.065,300.00000000000057
6.0675,300.00000000000068
6.07,300.0000000000008
6.0725,300.00000000000091
6.075,300.00000000000108
6.0775,300.00000000000119
6.08,300.00000000000125
6.0825,300.00000000000131
6.085,300.00000000000142
6.0875,300.00000000000153
6.09,300.00000000000148
6.0925,300.00000000000142
6.095,300.00000000000142
6.0975,300.00000000000136
6.1,300.00000000000131
6.1025,300.00000000000119
6.105,300.00000000000114
6.1075,300.00000000000102
6.11,300.00000000000085
6.1125,300.00000000000074
6.115,300.00000000000057
6.1175,300.0000000000004
6.12,300.00000000000017
6.1225,299.99999999999989
6.125,299.9999999999996
6.1275,299.99999999999932
6.13,299.99999999999898
6.1325,299.99999999999864
6.135,299.99999999999835
6.1375,299.99999999999801
6.14,299.99999999999767
6.1425,299.99999999999739
6.145,299.9999999999971
6.1475,299.99999999999676
6.15,299.99999999999642
6.1525,299.99999999999608
6.155,299.99999999999574
6.1575,299.9999999999954
6.16,299.99999999999505
6.1625,299.99999999999471
6.165,299.99999999999443
6.1675,299.99999999999415
6.17,299.9999999999938
6.1725,299.99999999999346
6.175,299.99999999999312
6.1775,299.99999999999272
6.18,299.99999999999244
6.1825,299.99999999999216
6.185,299.99999999999187
6.1875,299.99999999999164
6.19,299.99999999999136
6.1925,299.99999999999113
6.195,299.99999999999091
6.1975,299.99999999999068
6.2,299.99999999999045
6.2025,299.99999999999034
6.205,299.99999999999022
6.2075,299.99999999999011
6.21,299.99999999999
6.2125,299.99999999998988
6.215,299.99999999998977
6.2175,299.99999999998971
6.22,299.99999999998965
6.2225,299.9999999999896
6.225,299.9999999999896
6.2275,299.99999999998965
6.23,299.99999999998971
6.2325,299.99999999998977
6.235,299.99999999998983
6.2375,299.99999999998994
6.24,299.99999999999011
6.2425,299.99999999999022
6.245,299.99999999999034
6.2475,299.99999999999045
6.25,299.99999999999062
6.2525,299.99999999999091
6.255,299.99999999999113
6.2575,299.99999999999136
6.26,299.99999999999153
6.2625,299.99999999999187
6.265,299.99999999999216
6.2675,299.99999999999244
6.27,299.99999999999272
6.2725,299.99999999999312
6.275,299.99999999999341
6.2775,299.99999999999369
6.28,299.99999999999409
6.2825,299.99999999999443
6.285,299.99999999999471
6.2875,299.99999999999505
6.29,299.9999999999954
6.2925,299.99999999999574
6.295,299.99999999999613
6.2975,299.99999999999653
6.3,299.99999999999687
6.3025,299.99999999999716
6.305,299.9999999999975
6.3075,299.99999999999784
6.31,299.99999999999818
6.3125,299.99999999999847
6.315,299.99999999999886
6.3175,299.99999999999915
6.32,299.99999999999937
6.3225,299.9999999999996
6.325,299.99999999999989
6.3275,300.00000000000011
6.33,300.00000000000034
6.3325,300.00000000000057
6.335,300.0000000000008
6.3375,300.00000000000097
6.34,300.00000000000108
6.3425,300.00000000000119
6.345,300.00000000000136
6.3475,300.00000000000148
6.35,300.00000000000165
6.3525,300.00000000000165
6.355,300.00000000000171
6.3575,300.00000000000176
6.36,300.00000000000171
6.3625,300.00000000000165
6.365,300.00000000000159
6.3675,300.00000000000153
6.37,300.00000000000142
6.3725,300.00000000000125
6.375,300.00000000000114
6.3775,300.00000000000102
6.38,300.00000000000085
6.3825,300.00000000000063
6.385,300.00000000000045
6.3875,300.00000000000023
6.39,300
6.3925,299.99999999999972
6.395,299.99999999999943
6.3975,299.99999999999915
6.4,299.99999999999886
6.4025,299.99999999999852
6.405,299.99999999999829
6.4075,299.99999999999801
6.41,299.99999999999773
6.4125,299.99999999999739
6.415,299.9999999999971
6.4175,299.99999999999676
6.42,299.99999999999648
6.4225,299.99999999999619
6.425,299.99999999999585
6.4275,299.99999999999551
6.43,299.99999999999523
6.4325,299.99999999999488
6.435,299.9999999999946
6.4375,299.99999999999437
6.44,299.99999999999409
6.4425,299.9999999999938
6.445,299.99999999999358
6.4475,299.99999999999329
6.45,299.99999999999307
6.4525,299.99999999999284
6.455,299.99999999999261
6.4575,299.99999999999244
6.46,299.99999999999227
6.4625,299.9999999999921
6.465,299.99999999999199
6.4675,299.99999999999181
6.47,299.9999999999917
6.4725,299.99999999999164
6.475,299.99999999999153
6.4775,299.99999999999147
6.48,299.99999999999142
6.4825,299.99999999999136
6.485,299.99999999999136
6.4875,299.99999999999136
6.49,299.99999999999136
6.4925,299.99999999999142
6.495,299.99999999999147
6.4975,299.99999999999153
6.5,299.99999999999153
6.5025,299.99999999999153
6.505,299.99999999999159
6.5075,299.99999999999164
6.51,299.9999999999917
6.5125,299.99999999999181
6.515,299.99999999999199
6.5175,299.99999999999216
6.52,299.99999999999227
6.5225,299.99999999999238
6.525,299.99999999999255
6.5275,299.99999999999278
6.53,299.99999999999301
6.5325,299.99999999999324
6.535,299.99999999999352
6.5375,299.9999999999938
6.54,299.99999999999409
6.5425,299.99999999999437
6.545,299.99999999999471
6.5475,299.999999999995
6.55,299.99999999999534
6.5525,299.99999999999562
6.555,299.99999999999596
6.5575,299.99999999999625
6.56,299.99999999999653
6.5625,299.99999999999682
6.565,299.9999999999971
6.5675,299.99999999999733
6.57,299.99999999999756
6.5725,299.99999999999778
6.575,299.99999999999801
6.5775,299.99999999999824
6.58,299.99999999999847
6.5825,299.99999999999875
6.585,299.99999999999898
6.5875,299.9999999999992
6.59,299.99999999999937
6.5925,299.99999999999949
6.595,299.9999999999996
6.5975,299.99999999999972
6.6,299.99999999999983
6.6025,299.99999999999989
6.605,300
6.6075,300.00000000000006
6.61,300.00000000000017
6.6125,300.00000000000023
6.615,300.00000000000028
6.6175,300.00000000000034
6.62,300.0000000000004
6.6225,300.0000000000004
6.625,300.00000000000034
6.6275,300.00000000000028
6.63,300.00000000000023
6.6325,300.00000000000011
6.635,300
6.6375,299.99999999999983
6.64,299.99999999999972
6.6425,299.99999999999955
6.645,299.99999999999937
6.6475,299.9999999999992
6.65,299.99999999999898
6.6525,299.99999999999881
6.655,299.99999999999858
6.6575,299.99999999999835
6.66,299.99999999999812
6.6625,299.9999999999979
6.665,299.99999999999761
6.6675,299.99999999999733
6.67,299.99999999999704
6.6725,299.99999999999676
6.675,299.99999999999648
6.6775,299.99999999999625
6.68,299.99999999999602
6.6825,299.99999999999574
6.685,299.99999999999551
6.6875,299.99999999999523
6.69,299.99999999999488
6.6925,299.9999999999946
6.695,299.99999999999432
6.6975,299.99999999999409
6.7,299.99999999999392
6.7025,299.99999999999363
6.705,299.99999999999352
6.7075,299.99999999999335
6.71,299.99999999999312
6.7125,299.99999999999295
6.715,299.99999999999278
6.7175,299.99999999999267
6.72,299.9999999999925
6.7225,299.99999999999244
6.725,299.99999999999233
6.7275,299.99999999999221
6.73,299.9999999999921
6.7325,299.99999999999204
6.735,299.99999999999204
6.7375,299.99999999999199
6.74,299.99999999999193
6.7425,299.99999999999193
6.745,299.99999999999193
6.7475,299.99999999999193
6.75,299.99999999999193
6.7525,299.99999999999199
6.755,299.9999999999921
6.7575,299.99999999999221
6.76,299.99999999999233
6.7625,299.99999999999238
6.765,299.99999999999244
6.7675,299.9999999999925
6.77,299.99999999999261
6.7725,299.99999999999272
6.775,299.99999999999284
6.7775,299.99999999999301
6.78,299.99999999999324
6.7825,299.99999999999346
6.785,299.99999999999369
6.7875,299.99999999999392
6.79,299.99999999999409
6.7925,299.99999999999432
6.795,299.99999999999454
6.7975,299.99999999999477
6.8,299.99999999999505
6.8025,299.99999999999534
6.805,299.99999999999557
6.8075,299.99999999999585
6.81,299.99999999999608
6.8125,299.99999999999631
6.815,299.99999999999653
6.8175,299.99999999999676
6.82,299.99999999999699
6.8225,299.99999999999721
6.825,299.99999999999744
6.8275,299.99999999999767
6.83,299.9999999999979
6.8325,299.99999999999807
6.835,299.99999999999829
6.8375,299.99999999999847
6.84,299.99999999999869
6.8425,299.99999999999886
6.845,299.99999999999903
6.8475,299.9999999999992
6.85,299.99999999999937
6.8525,299.99999999999949
6.855,299.99999999999955
6.8575,299.99999999999966
6.86,299.99999999999972
6.8625,299.99999999999977
6.865,299.99999999999983
6.8675,299.99999999999989
6.87,299.99999999999994
6.8725,300
6.875,300
6.8775,299.99999999999994
6.88,299.99999999999989
6.8825,299.99999999999983
6.885,299.99999999999972
6.8875,299.9999999999996
6.89,299.99999999999949
6.8925,299.99999999999937
6.895,299.99999999999926
6.8975,299.99999999999915
6.9,299.99999999999903
6.9025,299.99999999999892
6.905,299.99999999999881
6.9075,299.99999999999852
6.91,299.99999999999829
6.9125,299.99999999999807
6.915,299.99999999999784
6.9175,299.99999999999761
6.92,299.99999999999739
6.9225,299.99999999999716
6.925,299.99999999999687
6.9275,299.99999999999665
6.93,299.99999999999642
6.9325,299.99999999999619
6.935,299.99999999999596
6.9375,299.99999999999568
6.94,299.9999999999954
6.9425,299.99999999999517
6.945,299.999999999995
6.9475,299.99999999999483
6.95,299.99999999999466
6.9525,299.99999999999449
6.955,299.99999999999432
6.9575,299.99999999999415
6.96,299.99999999999392
6.9625,299.99999999999375
6.965,299.99999999999358
6.9675,299.99999999999341
6.97,299.99999999999329
6.9725,299.99999999999307
6.975,299.99999999999295
6.9775,299.99999999999278
6.98,299.99999999999267
6.9825,299.99999999999255
6.985,299.9999999999925
6.9875,299.9999999999925
6.99,299.99999999999244
6.9925,299.9999999999925
6.995,299.9999999999925
6.9975,299.9999999999925
7.0,299.9999999999925
