Physical Time (s),FreestreamDensity Monitor (kg/m^3)
0.0025,1.18415
0.005,1.18415
0.0075,1.18415
0.01,1.18415
0.0125,1.18415
0.015,1.18415
0.0175,1.18415
0.02,1.18415
0.0225,1.18415
0.025,1.18415
0.0275,1.18415
0.03,1.18415
0.0325,1.18415
0.035,1.18415
0.0375,1.18415
0.04,1.18415
0.0425,1.18415
0.045,1.18415
0.0475,1.18415
0.05,1.18415
0.0525,1.18415
0.055,1.18415
0.0575,1.18415
0.06,1.18415
0.0625,1.18415
0.065,1.18415
0.0675,1.18415
0.07,1.18415
0.0725,1.18415
0.075,1.18415
0.0775,1.18415
0.08,1.18415
0.0825,1.18415
0.085,1.18415
0.0875,1.18415
0.09,1.18415
0.0925,1.18415
0.095,1.18415
0.0975,1.18415
0.1,1.18415
0.1025,1.18415
0.105,1.18415
0.1075,1.18415
0.11,1.18415
0.1125,1.18415
0.115,1.18415
0.1175,1.18415
0.12,1.18415
0.1225,1.18415
0.125,1.18415
0.1275,1.18415
0.13,1.18415
0.1325,1.18415
0.135,1.18415
0.1375,1.18415
0.14,1.18415
0.1425,1.18415
0.145,1.18415
0.1475,1.18415
0.15,1.18415
0.1525,1.18415
0.155,1.18415
0.1575,1.18415
0.16,1.18415
0.1625,1.18415
0.165,1.18415
0.1675,1.18415
0.17,1.18415
0.1725,1.18415
0.175,1.18415
0.1775,1.18415
0.18,1.18415
0.1825,1.18415
0.185,1.18415
0.1875,1.18415
0.19,1.18415
0.1925,1.18415
0.195,1.18415
0.1975,1.18415
0.2,1.18415
0.2025,1.18415
0.205,1.18415
0.2075,1.18415
0.21,1.18415
0.2125,1.18415
0.215,1.18415
0.2175,1.18415
0.22,1.18415
0.2225,1.18415
0.225,1.18415
0.2275,1.18415
0.23,1.18415
0.2325,1.18415
0.235,1.18415
0.2375,1.18415
0.24,1.18415
0.2425,1.18415
0.245,1.18415
0.2475,1.18415
0.25,1.18415
0.2525,1.18415
0.255,1.18415
0.2575,1.18415
0.26,1.18415
0.2625,1.18415
0.265,1.18415
0.2675,1.18415
0.27,1.18415
0.2725,1.18415
0.275,1.18415
0.2775,1.18415
0.28,1.18415
0.2825,1.18415
0.285,1.18415
0.2875,1.18415
0.29,1.18415
0.2925,1.18415
0.295,1.18415
0.2975,1.18415
0.3,1.18415
0.3025,1.18415
0.305,1.18415
0.3075,1.18415
0.31,1.18415
0.3125,1.18415
0.315,1.18415
0.3175,1.18415
0.32,1.18415
0.3225,1.18415
0.325,1.18415
0.3275,1.18415
0.33,1.18415
0.3325,1.18415
0.335,1.18415
0.3375,1.18415
0.34,1.18415
0.3425,1.18415
0.345,1.18415
0.3475,1.18415
0.35,1.18415
0.3525,1.18415
0.355,1.18415
0.3575,1.18415
0.36,1.18415
0.3625,1.18415
0.365,1.18415
0.3675,1.18415
0.37,1.18415
0.3725,1.18415
0.375,1.18415
0.3775,1.18415
0.38,1.18415
0.3825,1.18415
0.385,1.18415
0.3875,1.18415
0.39,1.18415
0.3925,1.18415
0.395,1.18415
0.3975,1.18415
0.4,1.18415
0.4025,1.18415
0.405,1.18415
0.4075,1.18415
0.41,1.18415
0.4125,1.18415
0.415,1.18415
0.4175,1.18415
0.42,1.18415
0.4225,1.18415
0.425,1.18415
0.4275,1.18415
0.43,1.18415
0.4325,1.18415
0.435,1.18415
0.4375,1.18415
0.44,1.18415
0.4425,1.18415
0.445,1.18415
0.4475,1.18415
0.45,1.18415
0.4525,1.18415
0.455,1.18415
0.4575,1.18415
0.46,1.18415
0.4625,1.18415
0.465,1.18415
0.4675,1.18415
0.47,1.18415
0.4725,1.18415
0.475,1.18415
0.4775,1.18415
0.48,1.18415
0.4825,1.18415
0.485,1.18415
0.4875,1.18415
0.49,1.18415
0.4925,1.18415
0.495,1.18415
0.4975,1.18415
0.5,1.18415
0.5025,1.18415
0.505,1.18415
0.5075,1.18415
0.51,1.18415
0.5125,1.18415
0.515,1.18415
0.5175,1.18415
0.52,1.18415
0.5225,1.18415
0.525,1.18415
0.5275,1.18415
0.53,1.18415
0.5325,1.18415
0.535,1.18415
0.5375,1.18415
0.54,1.18415
0.5425,1.18415
0.545,1.18415
0.5475,1.18415
0.55,1.18415
0.5525,1.18415
0.555,1.18415
0.5575,1.18415
0.56,1.18415
0.5625,1.18415
0.565,1.18415
0.5675,1.18415
0.57,1.18415
0.5725,1.18415
0.575,1.18415
0.5775,1.18415
0.58,1.18415
0.5825,1.18415
0.585,1.18415
0.5875,1.18415
0.59,1.18415
0.5925,1.18415
0.595,1.18415
0.5975,1.18415
0.6,1.18415
0.6025,1.18415
0.605,1.18415
0.6075,1.18415
0.61,1.18415
0.6125,1.18415
0.615,1.18415
0.6175,1.18415
0.62,1.18415
0.6225,1.18415
0.625,1.18415
0.6275,1.18415
0.63,1.18415
0.6325,1.18415
0.635,1.18415
0.6375,1.18415
0.64,1.18415
0.6425,1.18415
0.645,1.18415
0.6475,1.18415
0.65,1.18415
0.6525,1.18415
0.655,1.18415
0.6575,1.18415
0.66,1.18415
0.6625,1.18415
0.665,1.18415
0.6675,1.18415
0.67,1.18415
0.6725,1.18415
0.675,1.18415
0.6775,1.18415
0.68,1.18415
0.6825,1.18415
0.685,1.18415
0.6875,1.18415
0.69,1.18415
0.6925,1.18415
0.695,1.18415
0.6975,1.18415
0.7,1.18415
0.7025,1.18415
0.705,1.18415
0.7075,1.18415
0.71,1.18415
0.7125,1.18415
0.715,1.18415
0.7175,1.18415
0.72,1.18415
0.7225,1.18415
0.725,1.18415
0.7275,1.18415
0.73,1.18415
0.7325,1.18415
0.735,1.18415
0.7375,1.18415
0.74,1.18415
0.7425,1.18415
0.745,1.18415
0.7475,1.18415
0.75,1.18415
0.7525,1.18415
0.755,1.18415
0.7575,1.18415
0.76,1.18415
0.7625,1.18415
0.765,1.18415
0.7675,1.18415
0.77,1.18415
0.7725,1.18415
0.775,1.18415
0.7775,1.18415
0.78,1.18415
0.7825,1.18415
0.785,1.18415
0.7875,1.18415
0.79,1.18415
0.7925,1.18415
0.795,1.18415
0.7975,1.18415
0.8,1.18415
0.8025,1.18415
0.805,1.18415
0.8075,1.18415
0.81,1.18415
0.8125,1.18415
0.815,1.18415
0.8175,1.18415
0.82,1.18415
0.8225,1.18415
0.825,1.18415
0.8275,1.18415
0.83,1.18415
0.8325,1.18415
0.835,1.18415
0.8375,1.18415
0.84,1.18415
0.8425,1.18415
0.845,1.18415
0.8475,1.18415
0.85,1.18415
0.8525,1.18415
0.855,1.18415
0.8575,1.18415
0.86,1.18415
0.8625,1.18415
0.865,1.18415
0.8675,1.18415
0.87,1.18415
0.8725,1.18415
0.875,1.18415
0.8775,1.18415
0.88,1.18415
0.8825,1.18415
0.885,1.18415
0.8875,1.18415
0.89,1.18415
0.8925,1.18415
0.895,1.18415
0.8975,1.18415
0.9,1.18415
0.9025,1.18415
0.905,1.18415
0.9075,1.18415
0.91,1.18415
0.9125,1.18415
0.915,1.18415
0.9175,1.18415
0.92,1.18415
0.9225,1.18415
0.925,1.18415
0.9275,1.18415
0.93,1.18415
0.9325,1.18415
0.935,1.18415
0.9375,1.18415
0.94,1.18415
0.9425,1.18415
0.945,1.18415
0.9475,1.18415
0.95,1.18415
0.9525,1.18415
0.955,1.18415
0.9575,1.18415
0.96,1.18415
0.9625,1.18415
0.965,1.18415
0.9675,1.18415
0.97,1.18415
0.9725,1.18415
0.975,1.18415
0.9775,1.18415
0.98,1.18415
0.9825,1.18415
0.985,1.18415
0.9875,1.18415
0.99,1.18415
0.9925,1.18415
0.995,1.18415
0.9975,1.18415
1.0,1.18415
1.0025,1.18415
1.005,1.18415
1.0075,1.18415
1.01,1.18415
1.0125,1.18415
1.015,1.18415
1.0175,1.18415
1.02,1.18415
1.0225,1.18415
1.025,1.18415
1.0275,1.18415
1.03,1.18415
1.0325,1.18415
1.035,1.18415
1.0375,1.18415
1.04,1.18415
1.0425,1.18415
1.045,1.18415
1.0475,1.18415
1.05,1.18415
1.0525,1.18415
1.055,1.18415
1.0575,1.18415
1.06,1.18415
1.0625,1.18415
1.065,1.18415
1.0675,1.18415
1.07,1.18415
1.0725,1.18415
1.075,1.18415
1.0775,1.18415
1.08,1.18415
1.0825,1.18415
1.085,1.18415
1.0875,1.18415
1.09,1.18415
1.0925,1.18415
1.095,1.18415
1.0975,1.18415
1.1,1.18415
1.1025,1.18415
1.105,1.18415
1.1075,1.18415
1.11,1.18415
1.1125,1.18415
1.115,1.18415
1.1175,1.18415
1.12,1.18415
1.1225,1.18415
1.125,1.18415
1.1275,1.18415
1.13,1.18415
1.1325,1.18415
1.135,1.18415
1.1375,1.18415
1.14,1.18415
1.1425,1.18415
1.145,1.18415
1.1475,1.18415
1.15,1.18415
1.1525,1.18415
1.155,1.18415
1.1575,1.18415
1.16,1.18415
1.1625,1.18415
1.165,1.18415
1.1675,1.18415
1.17,1.18415
1.1725,1.18415
1.175,1.18415
1.1775,1.18415
1.18,1.18415
1.1825,1.18415
1.185,1.18415
1.1875,1.18415
1.19,1.18415
1.1925,1.18415
1.195,1.18415
1.1975,1.18415
1.2,1.18415
1.2025,1.18415
1.205,1.18415
1.2075,1.18415
1.21,1.18415
1.2125,1.18415
1.215,1.18415
1.2175,1.18415
1.22,1.18415
1.2225,1.18415
1.225,1.18415
1.2275,1.18415
1.23,1.18415
1.2325,1.18415
1.235,1.18415
1.2375,1.18415
1.24,1.18415
1.2425,1.18415
1.245,1.18415
1.2475,1.18415
1.25,1.18415
1.2525,1.18415
1.255,1.18415
1.2575,1.18415
1.26,1.18415
1.2625,1.18415
1.265,1.18415
1.2675,1.18415
1.27,1.18415
1.2725,1.18415
1.275,1.18415
1.2775,1.18415
1.28,1.18415
1.2825,1.18415
1.285,1.18415
1.2875,1.18415
1.29,1.18415
1.2925,1.18415
1.295,1.18415
1.2975,1.18415
1.3,1.18415
1.3025,1.18415
1.305,1.18415
1.3075,1.18415
1.31,1.18415
1.3125,1.18415
1.315,1.18415
1.3175,1.18415
1.32,1.18415
1.3225,1.18415
1.325,1.18415
1.3275,1.18415
1.33,1.18415
1.3325,1.18415
1.335,1.18415
1.3375,1.18415
1.34,1.18415
1.3425,1.18415
1.345,1.18415
1.3475,1.18415
1.35,1.18415
1.3525,1.18415
1.355,1.18415
1.3575,1.18415
1.36,1.18415
1.3625,1.18415
1.365,1.18415
1.3675,1.18415
1.37,1.18415
1.3725,1.18415
1.375,1.18415
1.3775,1.18415
1.38,1.18415
1.3825,1.18415
1.385,1.18415
1.3875,1.18415
1.39,1.18415
1.3925,1.18415
1.395,1.18415
1.3975,1.18415
1.4,1.18415
1.4025,1.18415
1.405,1.18415
1.4075,1.18415
1.41,1.18415
1.4125,1.18415
1.415,1.18415
1.4175,1.18415
1.42,1.18415
1.4225,1.18415
1.425,1.18415
1.4275,1.18415
1.43,1.18415
1.4325,1.18415
1.435,1.18415
1.4375,1.18415
1.44,1.18415
1.4425,1.18415
1.445,1.18415
1.4475,1.18415
1.45,1.18415
1.4525,1.18415
1.455,1.18415
1.4575,1.18415
1.46,1.18415
1.4625,1.18415
1.465,1.18415
1.4675,1.18415
1.47,1.18415
1.4725,1.18415
1.475,1.18415
1.4775,1.18415
1.48,1.18415
1.4825,1.18415
1.485,1.18415
1.4875,1.18415
1.49,1.18415
1.4925,1.18415
1.495,1.18415
1.4975,1.18415
1.5,1.18415
1.5025,1.18415
1.505,1.18415
1.5075,1.18415
1.51,1.18415
1.5125,1.18415
1.515,1.18415
1.5175,1.18415
1.52,1.18415
1.5225,1.18415
1.525,1.18415
1.5275,1.18415
1.53,1.18415
1.5325,1.18415
1.535,1.18415
1.5375,1.18415
1.54,1.18415
1.5425,1.18415
1.545,1.18415
1.5475,1.18415
1.55,1.18415
1.5525,1.18415
1.555,1.18415
1.5575,1.18415
1.56,1.18415
1.5625,1.18415
1.565,1.18415
1.5675,1.18415
1.57,1.18415
1.5725,1.18415
1.575,1.18415
1.5775,1.18415
1.58,1.18415
1.5825,1.18415
1.585,1.18415
1.5875,1.18415
1.59,1.18415
1.5925,1.18415
1.595,1.18415
1.5975,1.18415
1.6,1.18415
1.6025,1.18415
1.605,1.18415
1.6075,1.18415
1.61,1.18415
1.6125,1.18415
1.615,1.18415
1.6175,1.18415
1.62,1.18415
1.6225,1.18415
1.625,1.18415
1.6275,1.18415
1.63,1.18415
1.6325,1.18415
1.635,1.18415
1.6375,1.18415
1.64,1.18415
1.6425,1.18415
1.645,1.18415
1.6475,1.18415
1.65,1.18415
1.6525,1.18415
1.655,1.18415
1.6575,1.18415
1.66,1.18415
1.6625,1.18415
1.665,1.18415
1.6675,1.18415
1.67,1.18415
1.6725,1.18415
1.675,1.18415
1.6775,1.18415
1.68,1.18415
1.6825,1.18415
1.685,1.18415
1.6875,1.18415
1.69,1.18415
1.6925,1.18415
1.695,1.18415
1.6975,1.18415
1.7,1.18415
1.7025,1.18415
1.705,1.18415
1.7075,1.18415
1.71,1.18415
1.7125,1.18415
1.715,1.18415
1.7175,1.18415
1.72,1.18415
1.7225,1.18415
1.725,1.18415
1.7275,1.18415
1.73,1.18415
1.7325,1.18415
1.735,1.18415
1.7375,1.18415
1.74,1.18415
1.7425,1.18415
1.745,1.18415
1.7475,1.18415
1.75,1.18415
1.7525,1.18415
1.755,1.18415
1.7575,1.18415
1.76,1.18415
1.7625,1.18415
1.765,1.18415
1.7675,1.18415
1.77,1.18415
1.7725,1.18415
1.775,1.18415
1.7775,1.18415
1.78,1.18415
1.7825,1.18415
1.785,1.18415
1.7875,1.18415
1.79,1.18415
1.7925,1.18415
1.795,1.18415
1.7975,1.18415
1.8,1.18415
1.8025,1.18415
1.805,1.18415
1.8075,1.18415
1.81,1.18415
1.8125,1.18415
1.815,1.18415
1.8175,1.18415
1.82,1.18415
1.8225,1.18415
1.825,1.18415
1.8275,1.18415
1.83,1.18415
1.8325,1.18415
1.835,1.18415
1.8375,1.18415
1.84,1.18415
1.8425,1.18415
1.845,1.18415
1.8475,1.18415
1.85,1.18415
1.8525,1.18415
1.855,1.18415
1.8575,1.18415
1.86,1.18415
1.8625,1.18415
1.865,1.18415
1.8675,1.18415
1.87,1.18415
1.8725,1.18415
1.875,1.18415
1.8775,1.18415
1.88,1.18415
1.8825,1.18415
1.885,1.18415
1.8875,1.18415
1.89,1.18415
1.8925,1.18415
1.895,1.18415
1.8975,1.18415
1.9,1.18415
1.9025,1.18415
1.905,1.18415
1.9075,1.18415
1.91,1.18415
1.9125,1.18415
1.915,1.18415
1.9175,1.18415
1.92,1.18415
1.9225,1.18415
1.925,1.18415
1.9275,1.18415
1.93,1.18415
1.9325,1.18415
1.935,1.18415
1.9375,1.18415
1.94,1.18415
1.9425,1.18415
1.945,1.18415
1.9475,1.18415
1.95,1.18415
1.9525,1.18415
1.955,1.18415
1.9575,1.18415
1.96,1.18415
1.9625,1.18415
1.965,1.18415
1.9675,1.18415
1.97,1.18415
1.9725,1.18415
1.975,1.18415
1.9775,1.18415
1.98,1.18415
1.9825,1.18415
1.985,1.18415
1.9875,1.18415
1.99,1.18415
1.9925,1.18415
1.995,1.18415
1.9975,1.18415
2.0,1.18415
2.0025,1.18415
2.005,1.18415
2.0075,1.18415
2.01,1.18415
2.0125,1.18415
2.015,1.18415
2.0175,1.18415
2.02,1.18415
2.0225,1.18415
2.025,1.18415
2.0275,1.18415
2.03,1.18415
2.0325,1.18415
2.035,1.18415
2.0375,1.18415
2.04,1.18415
2.0425,1.18415
2.045,1.18415
2.0475,1.18415
2.05,1.18415
2.0525,1.18415
2.055,1.18415
2.0575,1.18415
2.06,1.18415
2.0625,1.18415
2.065,1.18415
2.0675,1.18415
2.07,1.18415
2.0725,1.18415
2.075,1.18415
2.0775,1.18415
2.08,1.18415
2.0825,1.18415
2.085,1.18415
2.0875,1.18415
2.09,1.18415
2.0925,1.18415
2.095,1.18415
2.0975,1.18415
2.1,1.18415
2.1025,1.18415
2.105,1.18415
2.1075,1.18415
2.11,1.18415
2.1125,1.18415
2.115,1.18415
2.1175,1.18415
2.12,1.18415
2.1225,1.18415
2.125,1.18415
2.1275,1.18415
2.13,1.18415
2.1325,1.18415
2.135,1.18415
2.1375,1.18415
2.14,1.18415
2.1425,1.18415
2.145,1.18415
2.1475,1.18415
2.15,1.18415
2.1525,1.18415
2.155,1.18415
2.1575,1.18415
2.16,1.18415
2.1625,1.18415
2.165,1.18415
2.1675,1.18415
2.17,1.18415
2.1725,1.18415
2.175,1.18415
2.1775,1.18415
2.18,1.18415
2.1825,1.18415
2.185,1.18415
2.1875,1.18415
2.19,1.18415
2.1925,1.18415
2.195,1.18415
2.1975,1.18415
2.2,1.18415
2.2025,1.18415
2.205,1.18415
2.2075,1.18415
2.21,1.18415
2.2125,1.18415
2.215,1.18415
2.2175,1.18415
2.22,1.18415
2.2225,1.18415
2.225,1.18415
2.2275,1.18415
2.23,1.18415
2.2325,1.18415
2.235,1.18415
2.2375,1.18415
2.24,1.18415
2.2425,1.18415
2.245,1.18415
2.2475,1.18415
2.25,1.18415
2.2525,1.18415
2.255,1.18415
2.2575,1.18415
2.26,1.18415
2.2625,1.18415
2.265,1.18415
2.2675,1.18415
2.27,1.18415
2.2725,1.18415
2.275,1.18415
2.2775,1.18415
2.28,1.18415
2.2825,1.18415
2.285,1.18415
2.2875,1.18415
2.29,1.18415
2.2925,1.18415
2.295,1.18415
2.2975,1.18415
2.3,1.18415
2.3025,1.18415
2.305,1.18415
2.3075,1.18415
2.31,1.18415
2.3125,1.18415
2.315,1.18415
2.3175,1.18415
2.32,1.18415
2.3225,1.18415
2.325,1.18415
2.3275,1.18415
2.33,1.18415
2.3325,1.18415
2.335,1.18415
2.3375,1.18415
2.34,1.18415
2.3425,1.18415
2.345,1.18415
2.3475,1.18415
2.35,1.18415
2.3525,1.18415
2.355,1.18415
2.3575,1.18415
2.36,1.18415
2.3625,1.18415
2.365,1.18415
2.3675,1.18415
2.37,1.18415
2.3725,1.18415
2.375,1.18415
2.3775,1.18415
2.38,1.18415
2.3825,1.18415
2.385,1.18415
2.3875,1.18415
2.39,1.18415
2.3925,1.18415
2.395,1.18415
2.3975,1.18415
2.4,1.18415
2.4025,1.18415
2.405,1.18415
2.4075,1.18415
2.41,1.18415
2.4125,1.18415
2.415,1.18415
2.4175,1.18415
2.42,1.18415
2.4225,1.18415
2.425,1.18415
2.4275,1.18415
2.43,1.18415
2.4325,1.18415
2.435,1.18415
2.4375,1.18415
2.44,1.18415
2.4425,1.18415
2.445,1.18415
2.4475,1.18415
2.45,1.18415
2.4525,1.18415
2.455,1.18415
2.4575,1.18415
2.46,1.18415
2.4625,1.18415
2.465,1.18415
2.4675,1.18415
2.47,1.18415
2.4725,1.18415
2.475,1.18415
2.4775,1.18415
2.48,1.18415
2.4825,1.18415
2.485,1.18415
2.4875,1.18415
2.49,1.18415
2.4925,1.18415
2.495,1.18415
2.4975,1.18415
2.5,1.18415
2.5025,1.18415
2.505,1.18415
2.5075,1.18415
2.51,1.18415
2.5125,1.18415
2.515,1.18415
2.5175,1.18415
2.52,1.18415
2.5225,1.18415
2.525,1.18415
2.5275,1.18415
2.53,1.18415
2.5325,1.18415
2.535,1.18415
2.5375,1.18415
2.54,1.18415
2.5425,1.18415
2.545,1.18415
2.5475,1.18415
2.55,1.18415
2.5525,1.18415
2.555,1.18415
2.5575,1.18415
2.56,1.18415
2.5625,1.18415
2.565,1.18415
2.5675,1.18415
2.57,1.18415
2.5725,1.18415
2.575,1.18415
2.5775,1.18415
2.58,1.18415
2.5825,1.18415
2.585,1.18415
2.5875,1.18415
2.59,1.18415
2.5925,1.18415
2.595,1.18415
2.5975,1.18415
2.6,1.18415
2.6025,1.18415
2.605,1.18415
2.6075,1.18415
2.61,1.18415
2.6125,1.18415
2.615,1.18415
2.6175,1.18415
2.62,1.18415
2.6225,1.18415
2.625,1.18415
2.6275,1.18415
2.63,1.18415
2.6325,1.18415
2.635,1.18415
2.6375,1.18415
2.64,1.18415
2.6425,1.18415
2.645,1.18415
2.6475,1.18415
2.65,1.18415
2.6525,1.18415
2.655,1.18415
2.6575,1.18415
2.66,1.18415
2.6625,1.18415
2.665,1.18415
2.6675,1.18415
2.67,1.18415
2.6725,1.18415
2.675,1.18415
2.6775,1.18415
2.68,1.18415
2.6825,1.18415
2.685,1.18415
2.6875,1.18415
2.69,1.18415
2.6925,1.18415
2.695,1.18415
2.6975,1.18415
2.7,1.18415
2.7025,1.18415
2.705,1.18415
2.7075,1.18415
2.71,1.18415
2.7125,1.18415
2.715,1.18415
2.7175,1.18415
2.72,1.18415
2.7225,1.18415
2.725,1.18415
2.7275,1.18415
2.73,1.18415
2.7325,1.18415
2.735,1.18415
2.7375,1.18415
2.74,1.18415
2.7425,1.18415
2.745,1.18415
2.7475,1.18415
2.75,1.18415
2.7525,1.18415
2.755,1.18415
2.7575,1.18415
2.76,1.18415
2.7625,1.18415
2.765,1.18415
2.7675,1.18415
2.77,1.18415
2.7725,1.18415
2.775,1.18415
2.7775,1.18415
2.78,1.18415
2.7825,1.18415
2.785,1.18415
2.7875,1.18415
2.79,1.18415
2.7925,1.18415
2.795,1.18415
2.7975,1.18415
2.8,1.18415
2.8025,1.18415
2.805,1.18415
2.8075,1.18415
2.81,1.18415
2.8125,1.18415
2.815,1.18415
2.8175,1.18415
2.82,1.18415
2.8225,1.18415
2.825,1.18415
2.8275,1.18415
2.83,1.18415
2.8325,1.18415
2.835,1.18415
2.8375,1.18415
2.84,1.18415
2.8425,1.18415
2.845,1.18415
2.8475,1.18415
2.85,1.18415
2.8525,1.18415
2.855,1.18415
2.8575,1.18415
2.86,1.18415
2.8625,1.18415
2.865,1.18415
2.8675,1.18415
2.87,1.18415
2.8725,1.18415
2.875,1.18415
2.8775,1.18415
2.88,1.18415
2.8825,1.18415
2.885,1.18415
2.8875,1.18415
2.89,1.18415
2.8925,1.18415
2.895,1.18415
2.8975,1.18415
2.9,1.18415
2.9025,1.18415
2.905,1.18415
2.9075,1.18415
2.91,1.18415
2.9125,1.18415
2.915,1.18415
2.9175,1.18415
2.92,1.18415
2.9225,1.18415
2.925,1.18415
2.9275,1.18415
2.93,1.18415
2.9325,1.18415
2.935,1.18415
2.9375,1.18415
2.94,1.18415
2.9425,1.18415
2.945,1.18415
2.9475,1.18415
2.95,1.18415
2.9525,1.18415
2.955,1.18415
2.9575,1.18415
2.96,1.18415
2.9625,1.18415
2.965,1.18415
2.9675,1.18415
2.97,1.18415
2.9725,1.18415
2.975,1.18415
2.9775,1.18415
2.98,1.18415
2.9825,1.18415
2.985,1.18415
2.9875,1.18415
2.99,1.18415
2.9925,1.18415
2.995,1.18415
2.9975,1.18415
3.0,1.18415
3.0025,1.18415
3.005,1.18415
3.0075,1.18415
3.01,1.18415
3.0125,1.18415
3.015,1.18415
3.0175,1.18415
3.02,1.18415
3.0225,1.18415
3.025,1.18415
3.0275,1.18415
3.03,1.18415
3.0325,1.18415
3.035,1.18415
3.0375,1.18415
3.04,1.18415
3.0425,1.18415
3.045,1.18415
3.0475,1.18415
3.05,1.18415
3.0525,1.18415
3.055,1.18415
3.0575,1.18415
3.06,1.18415
3.0625,1.18415
3.065,1.18415
3.0675,1.18415
3.07,1.18415
3.0725,1.18415
3.075,1.18415
3.0775,1.18415
3.08,1.18415
3.0825,1.18415
3.085,1.18415
3.0875,1.18415
3.09,1.18415
3.0925,1.18415
3.095,1.18415
3.0975,1.18415
3.1,1.18415
3.1025,1.18415
3.105,1.18415
3.1075,1.18415
3.11,1.18415
3.1125,1.18415
3.115,1.18415
3.1175,1.18415
3.12,1.18415
3.1225,1.18415
3.125,1.18415
3.1275,1.18415
3.13,1.18415
3.1325,1.18415
3.135,1.18415
3.1375,1.18415
3.14,1.18415
3.1425,1.18415
3.145,1.18415
3.1475,1.18415
3.15,1.18415
3.1525,1.18415
3.155,1.18415
3.1575,1.18415
3.16,1.18415
3.1625,1.18415
3.165,1.18415
3.1675,1.18415
3.17,1.18415
3.1725,1.18415
3.175,1.18415
3.1775,1.18415
3.18,1.18415
3.1825,1.18415
3.185,1.18415
3.1875,1.18415
3.19,1.18415
3.1925,1.18415
3.195,1.18415
3.1975,1.18415
3.2,1.18415
3.2025,1.18415
3.205,1.18415
3.2075,1.18415
3.21,1.18415
3.2125,1.18415
3.215,1.18415
3.2175,1.18415
3.22,1.18415
3.2225,1.18415
3.225,1.18415
3.2275,1.18415
3.23,1.18415
3.2325,1.18415
3.235,1.18415
3.2375,1.18415
3.24,1.18415
3.2425,1.18415
3.245,1.18415
3.2475,1.18415
3.25,1.18415
3.2525,1.18415
3.255,1.18415
3.2575,1.18415
3.26,1.18415
3.2625,1.18415
3.265,1.18415
3.2675,1.18415
3.27,1.18415
3.2725,1.18415
3.275,1.18415
3.2775,1.18415
3.28,1.18415
3.2825,1.18415
3.285,1.18415
3.2875,1.18415
3.29,1.18415
3.2925,1.18415
3.295,1.18415
3.2975,1.18415
3.3,1.18415
3.3025,1.18415
3.305,1.18415
3.3075,1.18415
3.31,1.18415
3.3125,1.18415
3.315,1.18415
3.3175,1.18415
3.32,1.18415
3.3225,1.18415
3.325,1.18415
3.3275,1.18415
3.33,1.18415
3.3325,1.18415
3.335,1.18415
3.3375,1.18415
3.34,1.18415
3.3425,1.18415
3.345,1.18415
3.3475,1.18415
3.35,1.18415
3.3525,1.18415
3.355,1.18415
3.3575,1.18415
3.36,1.18415
3.3625,1.18415
3.365,1.18415
3.3675,1.18415
3.37,1.18415
3.3725,1.18415
3.375,1.18415
3.3775,1.18415
3.38,1.18415
3.3825,1.18415
3.385,1.18415
3.3875,1.18415
3.39,1.18415
3.3925,1.18415
3.395,1.18415
3.3975,1.18415
3.4,1.18415
3.4025,1.18415
3.405,1.18415
3.4075,1.18415
3.41,1.18415
3.4125,1.18415
3.415,1.18415
3.4175,1.18415
3.42,1.18415
3.4225,1.18415
3.425,1.18415
3.4275,1.18415
3.43,1.18415
3.4325,1.18415
3.435,1.18415
3.4375,1.18415
3.44,1.18415
3.4425,1.18415
3.445,1.18415
3.4475,1.18415
3.45,1.18415
3.4525,1.18415
3.455,1.18415
3.4575,1.18415
3.46,1.18415
3.4625,1.18415
3.465,1.18415
3.4675,1.18415
3.47,1.18415
3.4725,1.18415
3.475,1.18415
3.4775,1.18415
3.48,1.18415
3.4825,1.18415
3.485,1.18415
3.4875,1.18415
3.49,1.18415
3.4925,1.18415
3.495,1.18415
3.4975,1.18415
3.5,1.18415
3.5025,1.18415
3.505,1.18415
3.5075,1.18415
3.51,1.18415
3.5125,1.18415
3.515,1.18415
3.5175,1.18415
3.52,1.18415
3.5225,1.18415
3.525,1.18415
3.5275,1.18415
3.53,1.18415
3.5325,1.18415
3.535,1.18415
3.5375,1.18415
3.54,1.18415
3.5425,1.18415
3.545,1.18415
3.5475,1.18415
3.55,1.18415
3.5525,1.18415
3.555,1.18415
3.5575,1.18415
3.56,1.18415
3.5625,1.18415
3.565,1.18415
3.5675,1.18415
3.57,1.18415
3.5725,1.18415
3.575,1.18415
3.5775,1.18415
3.58,1.18415
3.5825,1.18415
3.585,1.18415
3.5875,1.18415
3.59,1.18415
3.5925,1.18415
3.595,1.18415
3.5975,1.18415
3.6,1.18415
3.6025,1.18415
3.605,1.18415
3.6075,1.18415
3.61,1.18415
3.6125,1.18415
3.615,1.18415
3.6175,1.18415
3.62,1.18415
3.6225,1.18415
3.625,1.18415
3.6275,1.18415
3.63,1.18415
3.6325,1.18415
3.635,1.18415
3.6375,1.18415
3.64,1.18415
3.6425,1.18415
3.645,1.18415
3.6475,1.18415
3.65,1.18415
3.6525,1.18415
3.655,1.18415
3.6575,1.18415
3.66,1.18415
3.6625,1.18415
3.665,1.18415
3.6675,1.18415
3.67,1.18415
3.6725,1.18415
3.675,1.18415
3.6775,1.18415
3.68,1.18415
3.6825,1.18415
3.685,1.18415
3.6875,1.18415
3.69,1.18415
3.6925,1.18415
3.695,1.18415
3.6975,1.18415
3.7,1.18415
3.7025,1.18415
3.705,1.18415
3.7075,1.18415
3.71,1.18415
3.7125,1.18415
3.715,1.18415
3.7175,1.18415
3.72,1.18415
3.7225,1.18415
3.725,1.18415
3.7275,1.18415
3.73,1.18415
3.7325,1.18415
3.735,1.18415
3.7375,1.18415
3.74,1.18415
3.7425,1.18415
3.745,1.18415
3.7475,1.18415
3.75,1.18415
3.7525,1.18415
3.755,1.18415
3.7575,1.18415
3.76,1.18415
3.7625,1.18415
3.765,1.18415
3.7675,1.18415
3.77,1.18415
3.7725,1.18415
3.775,1.18415
3.7775,1.18415
3.78,1.18415
3.7825,1.18415
3.785,1.18415
3.7875,1.18415
3.79,1.18415
3.7925,1.18415
3.795,1.18415
3.7975,1.18415
3.8,1.18415
3.8025,1.18415
3.805,1.18415
3.8075,1.18415
3.81,1.18415
3.8125,1.18415
3.815,1.18415
3.8175,1.18415
3.82,1.18415
3.8225,1.18415
3.825,1.18415
3.8275,1.18415
3.83,1.18415
3.8325,1.18415
3.835,1.18415
3.8375,1.18415
3.84,1.18415
3.8425,1.18415
3.845,1.18415
3.8475,1.18415
3.85,1.18415
3.8525,1.18415
3.855,1.18415
3.8575,1.18415
3.86,1.18415
3.8625,1.18415
3.865,1.18415
3.8675,1.18415
3.87,1.18415
3.8725,1.18415
3.875,1.18415
3.8775,1.18415
3.88,1.18415
3.8825,1.18415
3.885,1.18415
3.8875,1.18415
3.89,1.18415
3.8925,1.18415
3.895,1.18415
3.8975,1.18415
3.9,1.18415
3.9025,1.18415
3.905,1.18415
3.9075,1.18415
3.91,1.18415
3.9125,1.18415
3.915,1.18415
3.9175,1.18415
3.92,1.18415
3.9225,1.18415
3.925,1.18415
3.9275,1.18415
3.93,1.18415
3.9325,1.18415
3.935,1.18415
3.9375,1.18415
3.94,1.18415
3.9425,1.18415
3.945,1.18415
3.9475,1.18415
3.95,1.18415
3.9525,1.18415
3.955,1.18415
3.9575,1.18415
3.96,1.18415
3.9625,1.18415
3.965,1.18415
3.9675,1.18415
3.97,1.18415
3.9725,1.18415
3.975,1.18415
3.9775,1.18415
3.98,1.18415
3.9825,1.18415
3.985,1.18415
3.9875,1.18415
3.99,1.18415
3.9925,1.18415
3.995,1.18415
3.9975,1.18415
4.0,1.18415
4.0025,1.18415
4.005,1.18415
4.0075,1.18415
4.01,1.18415
4.0125,1.18415
4.015,1.18415
4.0175,1.18415
4.02,1.18415
4.0225,1.18415
4.025,1.18415
4.0275,1.18415
4.03,1.18415
4.0325,1.18415
4.035,1.18415
4.0375,1.18415
4.04,1.18415
4.0425,1.18415
4.045,1.18415
4.0475,1.18415
4.05,1.18415
4.0525,1.18415
4.055,1.18415
4.0575,1.18415
4.06,1.18415
4.0625,1.18415
4.065,1.18415
4.0675,1.18415
4.07,1.18415
4.0725,1.18415
4.075,1.18415
4.0775,1.18415
4.08,1.18415
4.0825,1.18415
4.085,1.18415
4.0875,1.18415
4.09,1.18415
4.0925,1.18415
4.095,1.18415
4.0975,1.18415
4.1,1.18415
4.1025,1.18415
4.105,1.18415
4.1075,1.18415
4.11,1.18415
4.1125,1.18415
4.115,1.18415
4.1175,1.18415
4.12,1.18415
4.1225,1.18415
4.125,1.18415
4.1275,1.18415
4.13,1.18415
4.1325,1.18415
4.135,1.18415
4.1375,1.18415
4.14,1.18415
4.1425,1.18415
4.145,1.18415
4.1475,1.18415
4.15,1.18415
4.1525,1.18415
4.155,1.18415
4.1575,1.18415
4.16,1.18415
4.1625,1.18415
4.165,1.18415
4.1675,1.18415
4.17,1.18415
4.1725,1.18415
4.175,1.18415
4.1775,1.18415
4.18,1.18415
4.1825,1.18415
4.185,1.18415
4.1875,1.18415
4.19,1.18415
4.1925,1.18415
4.195,1.18415
4.1975,1.18415
4.2,1.18415
4.2025,1.18415
4.205,1.18415
4.2075,1.18415
4.21,1.18415
4.2125,1.18415
4.215,1.18415
4.2175,1.18415
4.22,1.18415
4.2225,1.18415
4.225,1.18415
4.2275,1.18415
4.23,1.18415
4.2325,1.18415
4.235,1.18415
4.2375,1.18415
4.24,1.18415
4.2425,1.18415
4.245,1.18415
4.2475,1.18415
4.25,1.18415
4.2525,1.18415
4.255,1.18415
4.2575,1.18415
4.26,1.18415
4.2625,1.18415
4.265,1.18415
4.2675,1.18415
4.27,1.18415
4.2725,1.18415
4.275,1.18415
4.2775,1.18415
4.28,1.18415
4.2825,1.18415
4.285,1.18415
4.2875,1.18415
4.29,1.18415
4.2925,1.18415
4.295,1.18415
4.2975,1.18415
4.3,1.18415
4.3025,1.18415
4.305,1.18415
4.3075,1.18415
4.31,1.18415
4.3125,1.18415
4.315,1.18415
4.3175,1.18415
4.32,1.18415
4.3225,1.18415
4.325,1.18415
4.3275,1.18415
4.33,1.18415
4.3325,1.18415
4.335,1.18415
4.3375,1.18415
4.34,1.18415
4.3425,1.18415
4.345,1.18415
4.3475,1.18415
4.35,1.18415
4.3525,1.18415
4.355,1.18415
4.3575,1.18415
4.36,1.18415
4.3625,1.18415
4.365,1.18415
4.3675,1.18415
4.37,1.18415
4.3725,1.18415
4.375,1.18415
4.3775,1.18415
4.38,1.18415
4.3825,1.18415
4.385,1.18415
4.3875,1.18415
4.39,1.18415
4.3925,1.18415
4.395,1.18415
4.3975,1.18415
4.4,1.18415
4.4025,1.18415
4.405,1.18415
4.4075,1.18415
4.41,1.18415
4.4125,1.18415
4.415,1.18415
4.4175,1.18415
4.42,1.18415
4.4225,1.18415
4.425,1.18415
4.4275,1.18415
4.43,1.18415
4.4325,1.18415
4.435,1.18415
4.4375,1.18415
4.44,1.18415
4.4425,1.18415
4.445,1.18415
4.4475,1.18415
4.45,1.18415
4.4525,1.18415
4.455,1.18415
4.4575,1.18415
4.46,1.18415
4.4625,1.18415
4.465,1.18415
4.4675,1.18415
4.47,1.18415
4.4725,1.18415
4.475,1.18415
4.4775,1.18415
4.48,1.18415
4.4825,1.18415
4.485,1.18415
4.4875,1.18415
4.49,1.18415
4.4925,1.18415
4.495,1.18415
4.4975,1.18415
4.5,1.18415
4.5025,1.18415
4.505,1.18415
4.5075,1.18415
4.51,1.18415
4.5125,1.18415
4.515,1.18415
4.5175,1.18415
4.52,1.18415
4.5225,1.18415
4.525,1.18415
4.5275,1.18415
4.53,1.18415
4.5325,1.18415
4.535,1.18415
4.5375,1.18415
4.54,1.18415
4.5425,1.18415
4.545,1.18415
4.5475,1.18415
4.55,1.18415
4.5525,1.18415
4.555,1.18415
4.5575,1.18415
4.56,1.18415
4.5625,1.18415
4.565,1.18415
4.5675,1.18415
4.57,1.18415
4.5725,1.18415
4.575,1.18415
4.5775,1.18415
4.58,1.18415
4.5825,1.18415
4.585,1.18415
4.5875,1.18415
4.59,1.18415
4.5925,1.18415
4.595,1.18415
4.5975,1.18415
4.6,1.18415
4.6025,1.18415
4.605,1.18415
4.6075,1.18415
4.61,1.18415
4.6125,1.18415
4.615,1.18415
4.6175,1.18415
4.62,1.18415
4.6225,1.18415
4.625,1.18415
4.6275,1.18415
4.63,1.18415
4.6325,1.18415
4.635,1.18415
4.6375,1.18415
4.64,1.18415
4.6425,1.18415
4.645,1.18415
4.6475,1.18415
4.65,1.18415
4.6525,1.18415
4.655,1.18415
4.6575,1.18415
4.66,1.18415
4.6625,1.18415
4.665,1.18415
4.6675,1.18415
4.67,1.18415
4.6725,1.18415
4.675,1.18415
4.6775,1.18415
4.68,1.18415
4.6825,1.18415
4.685,1.18415
4.6875,1.18415
4.69,1.18415
4.6925,1.18415
4.695,1.18415
4.6975,1.18415
4.7,1.18415
4.7025,1.18415
4.705,1.18415
4.7075,1.18415
4.71,1.18415
4.7125,1.18415
4.715,1.18415
4.7175,1.18415
4.72,1.18415
4.7225,1.18415
4.725,1.18415
4.7275,1.18415
4.73,1.18415
4.7325,1.18415
4.735,1.18415
4.7375,1.18415
4.74,1.18415
4.7425,1.18415
4.745,1.18415
4.7475,1.18415
4.75,1.18415
4.7525,1.18415
4.755,1.18415
4.7575,1.18415
4.76,1.18415
4.7625,1.18415
4.765,1.18415
4.7675,1.18415
4.77,1.18415
4.7725,1.18415
4.775,1.18415
4.7775,1.18415
4.78,1.18415
4.7825,1.18415
4.785,1.18415
4.7875,1.18415
4.79,1.18415
4.7925,1.18415
4.795,1.18415
4.7975,1.18415
4.8,1.18415
4.8025,1.18415
4.805,1.18415
4.8075,1.18415
4.81,1.18415
4.8125,1.18415
4.815,1.18415
4.8175,1.18415
4.82,1.18415
4.8225,1.18415
4.825,1.18415
4.8275,1.18415
4.83,1.18415
4.8325,1.18415
4.835,1.18415
4.8375,1.18415
4.84,1.18415
4.8425,1.18415
4.845,1.18415
4.8475,1.18415
4.85,1.18415
4.8525,1.18415
4.855,1.18415
4.8575,1.18415
4.86,1.18415
4.8625,1.18415
4.865,1.18415
4.8675,1.18415
4.87,1.18415
4.8725,1.18415
4.875,1.18415
4.8775,1.18415
4.88,1.18415
4.8825,1.18415
4.885,1.18415
4.8875,1.18415
4.89,1.18415
4.8925,1.18415
4.895,1.18415
4.8975,1.18415
4.9,1.18415
4.9025,1.18415
4.905,1.18415
4.9075,1.18415
4.91,1.18415
4.9125,1.18415
4.915,1.18415
4.9175,1.18415
4.92,1.18415
4.9225,1.18415
4.925,1.18415
4.9275,1.18415
4.93,1.18415
4.9325,1.18415
4.935,1.18415
4.9375,1.18415
4.94,1.18415
4.9425,1.18415
4.945,1.18415
4.9475,1.18415
4.95,1.18415
4.9525,1.18415
4.955,1.18415
4.9575,1.18415
4.96,1.18415
4.9625,1.18415
4.965,1.18415
4.9675,1.18415
4.97,1.18415
4.9725,1.18415
4.975,1.18415
4.9775,1.18415
4.98,1.18415
4.9825,1.18415
4.985,1.18415
4.9875,1.18415
4.99,1.18415
4.9925,1.18415
4.995,1.18415
4.9975,1.18415
5.0,1.18415
5.0025,1.18415
5.005,1.18415
5.0075,1.18415
5.01,1.18415
5.0125,1.18415
5.015,1.18415
5.0175,1.18415
5.02,1.18415
5.0225,1.18415
5.025,1.18415
5.0275,1.18415
5.03,1.18415
5.0325,1.18415
5.035,1.18415
5.0375,1.18415
5.04,1.18415
5.0425,1.18415
5.045,1.18415
5.0475,1.18415
5.05,1.18415
5.0525,1.18415
5.055,1.18415
5.0575,1.18415
5.06,1.18415
5.0625,1.18415
5.065,1.18415
5.0675,1.18415
5.07,1.18415
5.0725,1.18415
5.075,1.18415
5.0775,1.18415
5.08,1.18415
5.0825,1.18415
5.085,1.18415
5.0875,1.18415
5.09,1.18415
5.0925,1.18415
5.095,1.18415
5.0975,1.18415
5.1,1.18415
5.1025,1.18415
5.105,1.18415
5.1075,1.18415
5.11,1.18415
5.1125,1.18415
5.115,1.18415
5.1175,1.18415
5.12,1.18415
5.1225,1.18415
5.125,1.18415
5.1275,1.18415
5.13,1.18415
5.1325,1.18415
5.135,1.18415
5.1375,1.18415
5.14,1.18415
5.1425,1.18415
5.145,1.18415
5.1475,1.18415
5.15,1.18415
5.1525,1.18415
5.155,1.18415
5.1575,1.18415
5.16,1.18415
5.1625,1.18415
5.165,1.18415
5.1675,1.18415
5.17,1.18415
5.1725,1.18415
5.175,1.18415
5.1775,1.18415
5.18,1.18415
5.1825,1.18415
5.185,1.18415
5.1875,1.18415
5.19,1.18415
5.1925,1.18415
5.195,1.18415
5.1975,1.18415
5.2,1.18415
5.2025,1.18415
5.205,1.18415
5.2075,1.18415
5.21,1.18415
5.2125,1.18415
5.215,1.18415
5.2175,1.18415
5.22,1.18415
5.2225,1.18415
5.225,1.18415
5.2275,1.18415
5.23,1.18415
5.2325,1.18415
5.235,1.18415
5.2375,1.18415
5.24,1.18415
5.2425,1.18415
5.245,1.18415
5.2475,1.18415
5.25,1.18415
5.2525,1.18415
5.255,1.18415
5.2575,1.18415
5.26,1.18415
5.2625,1.18415
5.265,1.18415
5.2675,1.18415
5.27,1.18415
5.2725,1.18415
5.275,1.18415
5.2775,1.18415
5.28,1.18415
5.2825,1.18415
5.285,1.18415
5.2875,1.18415
5.29,1.18415
5.2925,1.18415
5.295,1.18415
5.2975,1.18415
5.3,1.18415
5.3025,1.18415
5.305,1.18415
5.3075,1.18415
5.31,1.18415
5.3125,1.18415
5.315,1.18415
5.3175,1.18415
5.32,1.18415
5.3225,1.18415
5.325,1.18415
5.3275,1.18415
5.33,1.18415
5.3325,1.18415
5.335,1.18415
5.3375,1.18415
5.34,1.18415
5.3425,1.18415
5.345,1.18415
5.3475,1.18415
5.35,1.18415
5.3525,1.18415
5.355,1.18415
5.3575,1.18415
5.36,1.18415
5.3625,1.18415
5.365,1.18415
5.3675,1.18415
5.37,1.18415
5.3725,1.18415
5.375,1.18415
5.3775,1.18415
5.38,1.18415
5.3825,1.18415
5.385,1.18415
5.3875,1.18415
5.39,1.18415
5.3925,1.18415
5.395,1.18415
5.3975,1.18415
5.4,1.18415
5.4025,1.18415
5.405,1.18415
5.4075,1.18415
5.41,1.18415
5.4125,1.18415
5.415,1.18415
5.4175,1.18415
5.42,1.18415
5.4225,1.18415
5.425,1.18415
5.4275,1.18415
5.43,1.18415
5.4325,1.18415
5.435,1.18415
5.4375,1.18415
5.44,1.18415
5.4425,1.18415
5.445,1.18415
5.4475,1.18415
5.45,1.18415
5.4525,1.18415
5.455,1.18415
5.4575,1.18415
5.46,1.18415
5.4625,1.18415
5.465,1.18415
5.4675,1.18415
5.47,1.18415
5.4725,1.18415
5.475,1.18415
5.4775,1.18415
5.48,1.18415
5.4825,1.18415
5.485,1.18415
5.4875,1.18415
5.49,1.18415
5.4925,1.18415
5.495,1.18415
5.4975,1.18415
5.5,1.18415
5.5025,1.18415
5.505,1.18415
5.5075,1.18415
5.51,1.18415
5.5125,1.18415
5.515,1.18415
5.5175,1.18415
5.52,1.18415
5.5225,1.18415
5.525,1.18415
5.5275,1.18415
5.53,1.18415
5.5325,1.18415
5.535,1.18415
5.5375,1.18415
5.54,1.18415
5.5425,1.18415
5.545,1.18415
5.5475,1.18415
5.55,1.18415
5.5525,1.18415
5.555,1.18415
5.5575,1.18415
5.56,1.18415
5.5625,1.18415
5.565,1.18415
5.5675,1.18415
5.57,1.18415
5.5725,1.18415
5.575,1.18415
5.5775,1.18415
5.58,1.18415
5.5825,1.18415
5.585,1.18415
5.5875,1.18415
5.59,1.18415
5.5925,1.18415
5.595,1.18415
5.5975,1.18415
5.6,1.18415
5.6025,1.18415
5.605,1.18415
5.6075,1.18415
5.61,1.18415
5.6125,1.18415
5.615,1.18415
5.6175,1.18415
5.62,1.18415
5.6225,1.18415
5.625,1.18415
5.6275,1.18415
5.63,1.18415
5.6325,1.18415
5.635,1.18415
5.6375,1.18415
5.64,1.18415
5.6425,1.18415
5.645,1.18415
5.6475,1.18415
5.65,1.18415
5.6525,1.18415
5.655,1.18415
5.6575,1.18415
5.66,1.18415
5.6625,1.18415
5.665,1.18415
5.6675,1.18415
5.67,1.18415
5.6725,1.18415
5.675,1.18415
5.6775,1.18415
5.68,1.18415
5.6825,1.18415
5.685,1.18415
5.6875,1.18415
5.69,1.18415
5.6925,1.18415
5.695,1.18415
5.6975,1.18415
5.7,1.18415
5.7025,1.18415
5.705,1.18415
5.7075,1.18415
5.71,1.18415
5.7125,1.18415
5.715,1.18415
5.7175,1.18415
5.72,1.18415
5.7225,1.18415
5.725,1.18415
5.7275,1.18415
5.73,1.18415
5.7325,1.18415
5.735,1.18415
5.7375,1.18415
5.74,1.18415
5.7425,1.18415
5.745,1.18415
5.7475,1.18415
5.75,1.18415
5.7525,1.18415
5.755,1.18415
5.7575,1.18415
5.76,1.18415
5.7625,1.18415
5.765,1.18415
5.7675,1.18415
5.77,1.18415
5.7725,1.18415
5.775,1.18415
5.7775,1.18415
5.78,1.18415
5.7825,1.18415
5.785,1.18415
5.7875,1.18415
5.79,1.18415
5.7925,1.18415
5.795,1.18415
5.7975,1.18415
5.8,1.18415
5.8025,1.18415
5.805,1.18415
5.8075,1.18415
5.81,1.18415
5.8125,1.18415
5.815,1.18415
5.8175,1.18415
5.82,1.18415
5.8225,1.18415
5.825,1.18415
5.8275,1.18415
5.83,1.18415
5.8325,1.18415
5.835,1.18415
5.8375,1.18415
5.84,1.18415
5.8425,1.18415
5.845,1.18415
5.8475,1.18415
5.85,1.18415
5.8525,1.18415
5.855,1.18415
5.8575,1.18415
5.86,1.18415
5.8625,1.18415
5.865,1.18415
5.8675,1.18415
5.87,1.18415
5.8725,1.18415
5.875,1.18415
5.8775,1.18415
5.88,1.18415
5.8825,1.18415
5.885,1.18415
5.8875,1.18415
5.89,1.18415
5.8925,1.18415
5.895,1.18415
5.8975,1.18415
5.9,1.18415
5.9025,1.18415
5.905,1.18415
5.9075,1.18415
5.91,1.18415
5.9125,1.18415
5.915,1.18415
5.9175,1.18415
5.92,1.18415
5.9225,1.18415
5.925,1.18415
5.9275,1.18415
5.93,1.18415
5.9325,1.18415
5.935,1.18415
5.9375,1.18415
5.94,1.18415
5.9425,1.18415
5.945,1.18415
5.9475,1.18415
5.95,1.18415
5.9525,1.18415
5.955,1.18415
5.9575,1.18415
5.96,1.18415
5.9625,1.18415
5.965,1.18415
5.9675,1.18415
5.97,1.18415
5.9725,1.18415
5.975,1.18415
5.9775,1.18415
5.98,1.18415
5.9825,1.18415
5.985,1.18415
5.9875,1.18415
5.99,1.18415
5.9925,1.18415
5.995,1.18415
5.9975,1.18415
6.0,1.18415
6.0025,1.18415
6.005,1.18415
6.0075,1.18415
6.01,1.18415
6.0125,1.18415
6.015,1.18415
6.0175,1.18415
6.02,1.18415
6.0225,1.18415
6.025,1.18415
6.0275,1.18415
6.03,1.18415
6.0325,1.18415
6.035,1.18415
6.0375,1.18415
6.04,1.18415
6.0425,1.18415
6.045,1.18415
6.0475,1.18415
6.05,1.18415
6.0525,1.18415
6.055,1.18415
6.0575,1.18415
6.06,1.18415
6.0625,1.18415
6.065,1.18415
6.0675,1.18415
6.07,1.18415
6.0725,1.18415
6.075,1.18415
6.0775,1.18415
6.08,1.18415
6.0825,1.18415
6.085,1.18415
6.0875,1.18415
6.09,1.18415
6.0925,1.18415
6.095,1.18415
6.0975,1.18415
6.1,1.18415
6.1025,1.18415
6.105,1.18415
6.1075,1.18415
6.11,1.18415
6.1125,1.18415
6.115,1.18415
6.1175,1.18415
6.12,1.18415
6.1225,1.18415
6.125,1.18415
6.1275,1.18415
6.13,1.18415
6.1325,1.18415
6.135,1.18415
6.1375,1.18415
6.14,1.18415
6.1425,1.18415
6.145,1.18415
6.1475,1.18415
6.15,1.18415
6.1525,1.18415
6.155,1.18415
6.1575,1.18415
6.16,1.18415
6.1625,1.18415
6.165,1.18415
6.1675,1.18415
6.17,1.18415
6.1725,1.18415
6.175,1.18415
6.1775,1.18415
6.18,1.18415
6.1825,1.18415
6.185,1.18415
6.1875,1.18415
6.19,1.18415
6.1925,1.18415
6.195,1.18415
6.1975,1.18415
6.2,1.18415
6.2025,1.18415
6.205,1.18415
6.2075,1.18415
6.21,1.18415
6.2125,1.18415
6.215,1.18415
6.2175,1.18415
6.22,1.18415
6.2225,1.18415
6.225,1.18415
6.2275,1.18415
6.23,1.18415
6.2325,1.18415
6.235,1.18415
6.2375,1.18415
6.24,1.18415
6.2425,1.18415
6.245,1.18415
6.2475,1.18415
6.25,1.18415
6.2525,1.18415
6.255,1.18415
6.2575,1.18415
6.26,1.18415
6.2625,1.18415
6.265,1.18415
6.2675,1.18415
6.27,1.18415
6.2725,1.18415
6.275,1.18415
6.2775,1.18415
6.28,1.18415
6.2825,1.18415
6.285,1.18415
6.2875,1.18415
6.29,1.18415
6.2925,1.18415
6.295,1.18415
6.2975,1.18415
6.3,1.18415
6.3025,1.18415
6.305,1.18415
6.3075,1.18415
6.31,1.18415
6.3125,1.18415
6.315,1.18415
6.3175,1.18415
6.32,1.18415
6.3225,1.18415
6.325,1.18415
6.3275,1.18415
6.33,1.18415
6.3325,1.18415
6.335,1.18415
6.3375,1.18415
6.34,1.18415
6.3425,1.18415
6.345,1.18415
6.3475,1.18415
6.35,1.18415
6.3525,1.18415
6.355,1.18415
6.3575,1.18415
6.36,1.18415
6.3625,1.18415
6.365,1.18415
6.3675,1.18415
6.37,1.18415
6.3725,1.18415
6.375,1.18415
6.3775,1.18415
6.38,1.18415
6.3825,1.18415
6.385,1.18415
6.3875,1.18415
6.39,1.18415
6.3925,1.18415
6.395,1.18415
6.3975,1.18415
6.4,1.18415
6.4025,1.18415
6.405,1.18415
6.4075,1.18415
6.41,1.18415
6.4125,1.18415
6.415,1.18415
6.4175,1.18415
6.42,1.18415
6.4225,1.18415
6.425,1.18415
6.4275,1.18415
6.43,1.18415
6.4325,1.18415
6.435,1.18415
6.4375,1.18415
6.44,1.18415
6.4425,1.18415
6.445,1.18415
6.4475,1.18415
6.45,1.18415
6.4525,1.18415
6.455,1.18415
6.4575,1.18415
6.46,1.18415
6.4625,1.18415
6.465,1.18415
6.4675,1.18415
6.47,1.18415
6.4725,1.18415
6.475,1.18415
6.4775,1.18415
6.48,1.18415
6.4825,1.18415
6.485,1.18415
6.4875,1.18415
6.49,1.18415
6.4925,1.18415
6.495,1.18415
6.4975,1.18415
6.5,1.18415
6.5025,1.18415
6.505,1.18415
6.5075,1.18415
6.51,1.18415
6.5125,1.18415
6.515,1.18415
6.5175,1.18415
6.52,1.18415
6.5225,1.18415
6.525,1.18415
6.5275,1.18415
6.53,1.18415
6.5325,1.18415
6.535,1.18415
6.5375,1.18415
6.54,1.18415
6.5425,1.18415
6.545,1.18415
6.5475,1.18415
6.55,1.18415
6.5525,1.18415
6.555,1.18415
6.5575,1.18415
6.56,1.18415
6.5625,1.18415
6.565,1.18415
6.5675,1.18415
6.57,1.18415
6.5725,1.18415
6.575,1.18415
6.5775,1.18415
6.58,1.18415
6.5825,1.18415
6.585,1.18415
6.5875,1.18415
6.59,1.18415
6.5925,1.18415
6.595,1.18415
6.5975,1.18415
6.6,1.18415
6.6025,1.18415
6.605,1.18415
6.6075,1.18415
6.61,1.18415
6.6125,1.18415
6.615,1.18415
6.6175,1.18415
6.62,1.18415
6.6225,1.18415
6.625,1.18415
6.6275,1.18415
6.63,1.18415
6.6325,1.18415
6.635,1.18415
6.6375,1.18415
6.64,1.18415
6.6425,1.18415
6.645,1.18415
6.6475,1.18415
6.65,1.18415
6.6525,1.18415
6.655,1.18415
6.6575,1.18415
6.66,1.18415
6.6625,1.18415
6.665,1.18415
6.6675,1.18415
6.67,1.18415
6.6725,1.18415
6.675,1.18415
6.6775,1.18415
6.68,1.18415
6.6825,1.18415
6.685,1.18415
6.6875,1.18415
6.69,1.18415
6.6925,1.18415
6.695,1.18415
6.6975,1.18415
6.7,1.18415
6.7025,1.18415
6.705,1.18415
6.7075,1.18415
6.71,1.18415
6.7125,1.18415
6.715,1.18415
6.7175,1.18415
6.72,1.18415
6.7225,1.18415
6.725,1.18415
6.7275,1.18415
6.73,1.18415
6.7325,1.18415
6.735,1.18415
6.7375,1.18415
6.74,1.18415
6.7425,1.18415
6.745,1.18415
6.7475,1.18415
6.75,1.18415
6.7525,1.18415
6.755,1.18415
6.7575,1.18415
6.76,1.18415
6.7625,1.18415
6.765,1.18415
6.7675,1.18415
6.77,1.18415
6.7725,1.18415
6.775,1.18415
6.7775,1.18415
6.78,1.18415
6.7825,1.18415
6.785,1.18415
6.7875,1.18415
6.79,1.18415
6.7925,1.18415
6.795,1.18415
6.7975,1.18415
6.8,1.18415
6.8025,1.18415
6.805,1.18415
6.8075,1.18415
6.81,1.18415
6.8125,1.18415
6.815,1.18415
6.8175,1.18415
6.82,1.18415
6.8225,1.18415
6.825,1.18415
6.8275,1.18415
6.83,1.18415
6.8325,1.18415
6.835,1.18415
6.8375,1.18415
6.84,1.18415
6.8425,1.18415
6.845,1.18415
6.8475,1.18415
6.85,1.18415
6.8525,1.18415
6.855,1.18415
6.8575,1.18415
6.86,1.18415
6.8625,1.18415
6.865,1.18415
6.8675,1.18415
6.87,1.18415
6.8725,1.18415
6.875,1.18415
6.8775,1.18415
6.88,1.18415
6.8825,1.18415
6.885,1.18415
6.8875,1.18415
6.89,1.18415
6.8925,1.18415
6.895,1.18415
6.8975,1.18415
6.9,1.18415
6.9025,1.18415
6.905,1.18415
6.9075,1.18415
6.91,1.18415
6.9125,1.18415
6.915,1.18415
6.9175,1.18415
6.92,1.18415
6.9225,1.18415
6.925,1.18415
6.9275,1.18415
6.93,1.18415
6.9325,1.18415
6.935,1.18415
6.9375,1.18415
6.94,1.18415
6.9425,1.18415
6.945,1.18415
6.9475,1.18415
6.95,1.18415
6.9525,1.18415
6.955,1.18415
6.9575,1.18415
6.96,1.18415
6.9625,1.18415
6.965,1.18415
6.9675,1.18415
6.97,1.18415
6.9725,1.18415
6.975,1.18415
6.9775,1.18415
6.98,1.18415
6.9825,1.18415
6.985,1.18415
6.9875,1.18415
6.99,1.18415
6.9925,1.18415
6.995,1.18415
6.9975,1.18415
7.0,1.18415
