Physical Time (s),lift Monitor (N)
0.0025,-5.4562770920958225e-05
0.005,-2.7890228732275815e-05
0.0075,-2.6510031745623303e-06
0.01,-1.4246279060214568e-05
0.0125,-1.7970792453753309e-05
0.015,-2.5701448405115166e-06
0.0175,-2.2111578452615904e-07
0.02,-3.9804150896179885e-06
0.0225,-3.2495856666333982e-06
0.025,5.7938168598913063e-07
0.0275,2.099769441163553e-06
0.03,2.5234699315549518e-06
0.0325,2.5872841694814517e-06
0.035,1.695962669681108e-06
0.0375,3.463204494193346e-07
0.04,-3.7960005919356782e-07
0.0425,-1.4213622147504729e-08
0.045,1.1330409614500877e-06
0.0475,2.4628152490991788e-06
0.05,3.5150041314128681e-06
0.0525,4.1289388921230667e-06
0.055,4.3254427860488798e-06
0.0575,4.1977649208423502e-06
0.06,3.8731075048485825e-06
0.0625,3.5236800235285904e-06
0.065,3.3105367594217393e-06
0.0675,3.3242942747373899e-06
0.07,3.5236501782848569e-06
0.0725,3.7946412676015975e-06
0.075,4.022249927068141e-06
0.0775,4.1490597657268808e-06
0.08,4.1719530749504318e-06
0.0825,4.127735335980014e-06
0.085,4.05102881536748e-06
0.0875,3.9698513752768792e-06
0.09,3.8976012856522773e-06
0.0925,3.8329566951211796e-06
0.095,3.7738318894082328e-06
0.0975,3.7053812523201237e-06
0.1,3.6244173883888961e-06
0.1025,3.528136035792025e-06
0.105,3.4221149372740568e-06
0.1075,3.3096580251149504e-06
0.11,3.203468386875654e-06
0.1125,3.1051317249161233e-06
0.115,3.0101295886748226e-06
0.1175,2.9133863911138643e-06
0.12,2.8067563338446594e-06
0.1225,2.6894842616640626e-06
0.125,2.5616925816007107e-06
0.1275,2.4222320720913065e-06
0.13,2.2819135622733888e-06
0.1325,2.1360857614786118e-06
0.135,1.9853138901773035e-06
0.1375,1.8265327072833443e-06
0.14,1.6649445012904272e-06
0.1425,1.5038316988733502e-06
0.145,1.3513409367785354e-06
0.1475,1.2104071262469797e-06
0.15,1.0817549175969852e-06
0.1525,9.7039217241489372e-07
0.155,8.7558856377920408e-07
0.1575,7.9157812014402483e-07
0.16,7.0773028449076853e-07
0.1625,6.1274271269677058e-07
0.165,4.9614074643443007e-07
0.1675,3.5333982818292791e-07
0.17,1.8678080614514724e-07
0.1725,4.4300049876547187e-09
0.175,-1.8072349116818898e-07
0.1775,-3.5226459457471704e-07
0.18,-4.9604322793737599e-07
0.1825,-6.0234959668778023e-07
0.185,-6.6935944629811744e-07
0.1875,-7.0446457466676847e-07
0.19,-7.2085475937740194e-07
0.1925,-7.3579760543302347e-07
0.195,-7.6650669715508563e-07
0.1975,-8.2520882830414158e-07
0.2,-9.1697441507850927e-07
0.2025,-1.0377960389750165e-06
0.205,-1.1771922744677943e-06
0.2075,-1.3187498237658975e-06
0.21,-1.4448203491743991e-06
0.2125,-1.5422761358281496e-06
0.215,-1.6027855141675392e-06
0.2175,-1.6258846548612334e-06
0.22,-1.6188090275652868e-06
0.2225,-1.5939817467123403e-06
0.225,-1.566365137435906e-06
0.2275,-1.5496359048503438e-06
0.23,-1.5533538744686349e-06
0.2325,-1.5808897035924682e-06
0.235,-1.6285057682803606e-06
0.2375,-1.6876049431239027e-06
0.24,-1.7523339717294201e-06
0.2425,-1.7874168680994643e-06
0.245,-1.8053642766373509e-06
0.2475,-1.7932776603901757e-06
0.25,-1.7592066830338968e-06
0.2525,-1.7078028668513397e-06
0.255,-1.6426436947560346e-06
0.2575,-1.5619241297855193e-06
0.26,-1.4904120520031546e-06
0.2625,-1.430214384195637e-06
0.265,-1.3935429907463315e-06
0.2675,-1.3565968565927993e-06
0.27,-1.3230125591692069e-06
0.2725,-1.282801642457627e-06
0.275,-1.2445680509119092e-06
0.2775,-1.1968785739527008e-06
0.28,-1.132744212516669e-06
0.2825,-1.0508766868095129e-06
0.285,-9.5329396067275671e-07
0.2875,-8.4690446935879437e-07
0.29,-7.4285759285111863e-07
0.2925,-6.4385047706656633e-07
0.295,-5.4885685067670766e-07
0.2975,-4.5062547033662851e-07
0.3,-3.4674857773018552e-07
0.3025,-2.4124077181911273e-07
0.305,-1.4229147413780854e-07
0.3075,-4.6612779131942098e-08
0.31,5.9484235753332161e-08
0.3125,1.7589740586473688e-07
0.315,2.9433433286958341e-07
0.3175,4.1270884402321102e-07
0.32,5.2362833551874662e-07
0.3225,6.3861996690386517e-07
0.325,7.5272688311234051e-07
0.3275,8.634924747161493e-07
0.33,9.7010211256489228e-07
0.3325,1.0740391354952398e-06
0.335,1.180971077008709e-06
0.3375,1.2772935175571462e-06
0.34,1.3716112613949247e-06
0.3425,1.471972857486736e-06
0.345,1.5817220886355222e-06
0.3475,1.6863260105731734e-06
0.35,1.8054310015609258e-06
0.3525,1.9200667685503323e-06
0.355,2.0246602585743624e-06
0.3575,2.1188815342545532e-06
0.36,2.2052434828508654e-06
0.3625,2.2855331695196436e-06
0.365,2.3603358722541418e-06
0.3675,2.4301373739928715e-06
0.37,2.4956802980627808e-06
0.3725,2.5604618791062745e-06
0.375,2.6065130049932076e-06
0.3775,2.6651988898526395e-06
0.38,2.7221311210945605e-06
0.3825,2.7739135024147225e-06
0.385,2.817707193960988e-06
0.3875,2.8542905191735227e-06
0.39,2.8852474854082285e-06
0.3925,2.9109118593415468e-06
0.395,2.9304045599341893e-06
0.3975,2.9431013982405265e-06
0.4,2.9488741394985892e-06
0.4025,2.9478911892331105e-06
0.405,2.9400739865448754e-06
0.4075,2.9195304736034581e-06
0.41,2.8894317529818914e-06
0.4125,2.8531385752636463e-06
0.415,2.8141538680200036e-06
0.4175,2.7784242104705504e-06
0.42,2.7406581825076811e-06
0.4225,2.6963580687332477e-06
0.425,2.6538866296743981e-06
0.4275,2.601669546715013e-06
0.43,2.5444426604733537e-06
0.4325,2.482568758983723e-06
0.435,2.4030579581817988e-06
0.4375,2.3104450494648286e-06
0.44,2.2101187855098521e-06
0.4425,2.0983809538569152e-06
0.445,1.989430259810537e-06
0.4475,1.8797331014864177e-06
0.45,1.7699627360093213e-06
0.4525,1.657000253819246e-06
0.455,1.5403611209914102e-06
0.4575,1.4196368502317768e-06
0.46,1.301295662332984e-06
0.4625,1.1784881953396425e-06
0.465,1.0453832559573979e-06
0.4675,9.0627533432779286e-07
0.47,7.6177210318903528e-07
0.4725,6.1089367726028304e-07
0.475,4.5525501540672668e-07
0.4775,2.9514640333066305e-07
0.48,1.3469230965892526e-07
0.4825,-1.9235228608483541e-08
0.485,-1.6687595283613974e-07
0.4875,-3.1565085048247718e-07
0.49,-4.6574192865671025e-07
0.4925,-6.1577545007761912e-07
0.495,-7.6658981295455858e-07
0.4975,-9.1970296756204186e-07
0.5,-1.0778826313306053e-06
0.5025,-1.2314787363513752e-06
0.505,-1.3909918258042677e-06
0.5075,-1.5456093987451913e-06
0.51,-1.6941408494029766e-06
0.5125,-1.8369104099313817e-06
0.515,-1.9790215243238251e-06
0.5175,-2.1095645159461606e-06
0.52,-2.2354848895402598e-06
0.5225,-2.3630873658983167e-06
0.525,-2.4922097531587786e-06
0.5275,-2.6197144460063618e-06
0.53,-2.7423488979957332e-06
0.5325,-2.8578427957663818e-06
0.535,-2.9670884523593012e-06
0.5375,-3.071715534396253e-06
0.54,-3.1928893845499484e-06
0.5425,-3.296782735090434e-06
0.545,-3.3784126445922313e-06
0.5475,-3.4497010471550734e-06
0.55,-3.5003459037292729e-06
0.5525,-3.5381356944264643e-06
0.555,-3.5827193830859875e-06
0.5575,-3.6347413269633207e-06
0.56,-3.683095781336224e-06
0.5625,-3.7213659695268441e-06
0.565,-3.7485215777456533e-06
0.5675,-3.7661023068702445e-06
0.57,-3.7746664087200828e-06
0.5725,-3.7743867790220011e-06
0.575,-3.7656961068960451e-06
0.5775,-3.7490436058445834e-06
0.58,-3.7246811772762529e-06
0.5825,-3.692625774011679e-06
0.585,-3.6526588954881005e-06
0.5875,-3.6045137763509638e-06
0.59,-3.5479827372107385e-06
0.5925,-3.4829249342681492e-06
0.595,-3.4088656940481936e-06
0.5975,-3.3251731394907612e-06
0.6,-3.2315657147639607e-06
0.6025,-3.1283317346346118e-06
0.605,-3.0162216016901641e-06
0.6075,-2.8959626238340542e-06
0.61,-2.7684696908310141e-06
0.6125,-2.6346267221178018e-06
0.615,-2.4949642463530517e-06
0.6175,-2.3495502986172857e-06
0.62,-2.1984192592155979e-06
0.6225,-2.041788835622027e-06
0.625,-1.8795109688275141e-06
0.6275,-1.7114542492716515e-06
0.63,-1.5376637930045375e-06
0.6325,-1.3581016491433998e-06
0.635,-1.1731305033076359e-06
0.6375,-9.8340153161184358e-07
0.64,-7.8967587931792418e-07
0.6425,-5.9256457205899274e-07
0.645,-3.9262102880200923e-07
0.6475,-1.904620043975936e-07
0.65,1.3442099503631693e-08
0.6525,2.1883980630235339e-07
0.655,4.2559207130150237e-07
0.6575,6.3384477038018964e-07
0.66,8.4404721169983295e-07
0.6625,1.0560309751349351e-06
0.665,1.2687907235973545e-06
0.6675,1.4814321183608498e-06
0.67,1.692963685844022e-06
0.6725,1.9027339489381257e-06
0.675,2.1102396009646746e-06
0.6775,2.3149553173886936e-06
0.68,2.516503022593193e-06
0.6825,2.7145630053087619e-06
0.685,2.9087648002988207e-06
0.6875,3.0985645181814756e-06
0.69,3.2835802165198508e-06
0.6925,3.4635491393065184e-06
0.695,3.6379084174552369e-06
0.6975,3.8059390670178231e-06
0.7,3.9671662332325365e-06
0.7025,4.121097750252575e-06
0.705,4.2671902361452519e-06
0.7075,4.4048540914938545e-06
0.71,4.5336625593845256e-06
0.7125,4.6534548067865219e-06
0.715,4.7643364948931436e-06
0.7175,4.8662428668676814e-06
0.72,4.9589471026759281e-06
0.7225,5.0423849820030198e-06
0.725,5.1164572978586996e-06
0.7275,5.1808461543305385e-06
0.73,5.235977116561166e-06
0.7325,5.2831868866054589e-06
0.735,5.3255641078683331e-06
0.7375,5.3624074232280137e-06
0.74,5.3849587441004365e-06
0.7425,5.3874595123135625e-06
0.745,5.3715686348123409e-06
0.7475,5.3421169693851206e-06
0.75,5.3023805404593438e-06
0.7525,5.2530614519466158e-06
0.755,5.1936514268013589e-06
0.7575,5.1237484871149068e-06
0.76,5.0432085209627841e-06
0.7625,4.9519009960452898e-06
0.765,4.8494343192342683e-06
0.7675,4.7355603532893529e-06
0.77,4.6102782712449816e-06
0.7725,4.4737996334174806e-06
0.775,4.3264724559800905e-06
0.7775,4.168516966629386e-06
0.78,4.0001169284316468e-06
0.7825,3.8213553645093411e-06
0.785,3.6323840043790199e-06
0.7875,3.4334238106094735e-06
0.79,3.224701789657103e-06
0.7925,3.0064896936249376e-06
0.795,2.7793159895725351e-06
0.7975,2.5437889436445268e-06
0.8,2.3006353725433056e-06
0.8025,2.0505505384280407e-06
0.805,1.7941243777511803e-06
0.8075,1.5316583967222895e-06
0.81,1.2635709955824645e-06
0.8125,9.9031503191074175e-07
0.815,7.1235522501912415e-07
0.8175,4.3023493215231125e-07
0.82,1.4456603793648725e-07
0.8225,-1.4425547769134681e-07
0.825,-4.3559273730080165e-07
0.8275,-7.2883437756565855e-07
0.83,-1.023316627693165e-06
0.8325,-1.3184169088579142e-06
0.835,-1.6134850629363586e-06
0.8375,-1.9077534152622349e-06
0.84,-2.2006243478633723e-06
0.8425,-2.4912143051975472e-06
0.845,-2.7790977638645693e-06
0.8475,-3.0637603401910948e-06
0.85,-3.3448048253831792e-06
0.8525,-3.6216773338808933e-06
0.855,-3.8938927607872139e-06
0.8575,-4.1611242543236783e-06
0.86,-4.4227144871421336e-06
0.8625,-4.6780058224016555e-06
0.865,-4.9262180598896064e-06
0.8675,-5.1663180880519633e-06
0.87,-5.3972520859100307e-06
0.8725,-5.6179724540330915e-06
0.875,-5.8277466906491812e-06
0.8775,-6.0260715910248314e-06
0.88,-6.2125451196593238e-06
0.8825,-6.3867401545388679e-06
0.885,-6.5484402679357142e-06
0.8875,-6.6975451884797585e-06
0.89,-6.8338160705739747e-06
0.8925,-6.9568263161995713e-06
0.895,-7.0662330109197544e-06
0.8975,-7.1615973453820612e-06
0.9,-7.2421795773353833e-06
0.9025,-7.3074176369641121e-06
0.905,-7.3568873447275383e-06
0.9075,-7.3898252915536566e-06
0.91,-7.4053592855762194e-06
0.9125,-7.4030489733272264e-06
0.915,-7.3828990500570924e-06
0.9175,-7.3456920831212367e-06
0.92,-7.2931160567102671e-06
0.9225,-7.2273186420272777e-06
0.925,-7.1494430897068266e-06
0.9275,-7.0587372994879517e-06
0.93,-6.953210795734464e-06
0.9325,-6.8308358776841751e-06
0.935,-6.6898776469929417e-06
0.9375,-6.5297261262349852e-06
0.94,-6.3509082032183395e-06
0.9425,-6.1545354785786102e-06
0.945,-5.9416783066360447e-06
0.9475,-5.7131647002489286e-06
0.95,-5.4700308108146025e-06
0.9525,-5.2127958896996586e-06
0.955,-4.9413761206962319e-06
0.9575,-4.6563079203395092e-06
0.96,-4.3578182409862421e-06
0.9625,-4.0461508386397929e-06
0.965,-3.7219272044579635e-06
0.9675,-3.3855710233081839e-06
0.97,-3.038137379519002e-06
0.9725,-2.6802676730436573e-06
0.975,-2.3128382496849213e-06
0.9775,-1.9361171482649662e-06
0.98,-1.550600419948351e-06
0.9825,-1.1571704138694832e-06
0.985,-7.5654017209133441e-07
0.9875,-3.4956452617531874e-07
0.99,6.2791235298703127e-08
0.9925,4.7988115406505434e-07
0.995,9.0093182198591442e-07
0.9975,1.3250701789304092e-06
1.0,1.7509767955657393e-06
1.0025,2.1777410865889739e-06
1.005,2.6046607422761144e-06
1.0075,3.030925380110754e-06
1.01,3.455875959744021e-06
1.0125,3.8786063002329476e-06
1.015,4.2982110755105553e-06
1.0175,4.7134014204596993e-06
1.02,5.1229447625891005e-06
1.0225,5.5258564843041501e-06
1.025,5.9214079171522622e-06
1.0275,6.3084958833625761e-06
1.03,6.6859890979315784e-06
1.0325,7.0528395345978148e-06
1.035,7.4078813726587405e-06
1.0375,7.7500828724390208e-06
1.04,8.0788377463514898e-06
1.0425,8.3931788043394164e-06
1.045,8.6922376436125512e-06
1.0475,8.9749199027216956e-06
1.05,9.2405058259245671e-06
1.0525,9.4886619390495713e-06
1.055,9.7185473482460178e-06
1.0575,9.9291740956125728e-06
1.06,1.0119192485517194e-05
1.0625,1.0288288345203107e-05
1.065,1.0436121993712375e-05
1.0675,1.0561927655369121e-05
1.07,1.0664652035152225e-05
1.0725,1.0743391658253728e-05
1.075,1.0798463653922384e-05
1.0775,1.08297310439522e-05
1.08,1.0836699205983217e-05
1.0825,1.0818911325719726e-05
1.085,1.0776034066031351e-05
1.0875,1.0708099111206775e-05
1.09,1.0615413203968807e-05
1.0925,1.0497995369997229e-05
1.095,1.0355795490091579e-05
1.0975,1.0188832955897844e-05
1.1,9.9971820121911137e-06
1.1025,9.7805875536111818e-06
1.105,9.5388411294777779e-06
1.1075,9.2716430739814183e-06
1.11,8.9782478148196745e-06
1.1125,8.6582502440596804e-06
1.115,8.3124590921823584e-06
1.1175,7.9420010418088997e-06
1.12,7.5469418391302512e-06
1.1225,7.1283075120488977e-06
1.125,6.687813625689076e-06
1.1275,6.2262290869776035e-06
1.13,5.7441300567835364e-06
1.1325,5.2424046922378795e-06
1.135,4.7217421263698042e-06
1.1375,4.1836882928087146e-06
1.14,3.6285787142976816e-06
1.1425,3.0575981004990922e-06
1.145,2.4719979474281574e-06
1.1475,1.872641904227342e-06
1.15,1.260600756027593e-06
1.1525,6.3726775686590987e-07
1.155,3.6314572620518021e-09
1.1575,-6.3886035516565117e-07
1.16,-1.2882137138078806e-06
1.1625,-1.9430898155682279e-06
1.165,-2.6021297658619665e-06
1.1675,-3.2639060724598281e-06
1.17,-3.9265579393434234e-06
1.1725,-4.5893236341378074e-06
1.175,-5.2509467742191321e-06
1.1775,-5.9099098348519261e-06
1.18,-6.5646994161349887e-06
1.1825,-7.2139419859724495e-06
1.185,-7.8546755105586359e-06
1.1875,-8.4810228267422348e-06
1.19,-9.0882485065918e-06
1.1925,-9.6773357474389764e-06
1.195,-1.0253334219056202e-05
1.1975,-1.0817166619440662e-05
1.2,-1.1365175887938351e-05
1.2025,-1.1892898722100311e-05
1.205,-1.2398158115319761e-05
1.2075,-1.2879863807820533e-05
1.21,-1.3337146647052582e-05
1.2125,-1.3768646473807432e-05
1.215,-1.4171067708408115e-05
1.2175,-1.4542001199685012e-05
1.22,-1.4881489932108716e-05
1.2225,-1.5187670214308475e-05
1.225,-1.5459147522469788e-05
1.2275,-1.5695187680092839e-05
1.23,-1.5895282025089225e-05
1.2325,-1.6057675298776e-05
1.235,-1.6181090141566164e-05
1.2375,-1.6265380333318107e-05
1.24,-1.6309518022883221e-05
1.2425,-1.6311954126199977e-05
1.245,-1.6272080623133515e-05
1.2475,-1.6190373352936233e-05
1.25,-1.6066646762249478e-05
1.2525,-1.5900348346347265e-05
1.255,-1.5690884643897769e-05
1.2575,-1.5438559418535794e-05
1.26,-1.5143517854240696e-05
1.2625,-1.4805211001323596e-05
1.265,-1.4423219085768647e-05
1.2675,-1.3997183730604947e-05
1.27,-1.3527322859773934e-05
1.2725,-1.301523175318191e-05
1.275,-1.246289159676279e-05
1.2775,-1.187148835321792e-05
1.28,-1.1241598102989652e-05
1.2825,-1.0573720552093696e-05
1.285,-9.8697839794140106e-06
1.2875,-9.1307638467196953e-06
1.29,-8.3575833485467509e-06
1.2925,-7.5510557618470333e-06
1.295,-6.7133781618343493e-06
1.2975,-5.8465456865648598e-06
1.3,-4.9524102749487269e-06
1.3025,-4.0334923174089369e-06
1.305,-3.0917109176021384e-06
1.3075,-2.1296274356766993e-06
1.31,-1.1491115721784296e-06
1.3125,-1.5271178458821124e-07
1.315,8.5777153601498078e-07
1.3175,1.8803216235060967e-06
1.32,2.9117412645866438e-06
1.3225,3.9485793991855401e-06
1.325,4.9877834690526507e-06
1.3275,6.0258772198416253e-06
1.33,7.0605701652342096e-06
1.3325,8.0889983796991708e-06
1.335,9.1071736310240832e-06
1.3375,1.0112036541169593e-05
1.34,1.1100945694525882e-05
1.3425,1.2071281086929642e-05
1.345,1.3020550940580159e-05
1.3475,1.3946193277362149e-05
1.35,1.4844750596601643e-05
1.3525,1.5713058753044541e-05
1.355,1.6548485082146144e-05
1.3575,1.7347342593888952e-05
1.36,1.8106564342354246e-05
1.3625,1.8824660154153136e-05
1.365,1.9499841191096611e-05
1.3675,2.0129564315171364e-05
1.37,2.0711323214015575e-05
1.3725,2.1242874846341157e-05
1.375,2.1721768661786362e-05
1.3775,2.21448672090869e-05
1.38,2.2509564802445276e-05
1.3825,2.2813556486111318e-05
1.385,2.3054845714544866e-05
1.3875,2.3230916676940351e-05
1.39,2.3341058286871449e-05
1.3925,2.338560298939697e-05
1.395,2.3364061593127024e-05
1.3975,2.3275762131067602e-05
1.4,2.3120147540523465e-05
1.4025,2.2896517053197908e-05
1.405,2.260527881637823e-05
1.4075,2.2245337751192843e-05
1.41,2.1816820710344722e-05
1.4125,2.1320582217544933e-05
1.415,2.0757704920641246e-05
1.4175,2.0128703081814476e-05
1.42,1.9434240420777109e-05
1.4225,1.8675043433889968e-05
1.425,1.7852664088806564e-05
1.4275,1.696938544317684e-05
1.43,1.602691353166938e-05
1.4325,1.5026781616109905e-05
1.435,1.3970948855911262e-05
1.4375,1.2862795008600401e-05
1.44,1.1704789512476448e-05
1.4425,1.0499994647568804e-05
1.445,9.249563644230377e-06
1.4475,7.9550164062505994e-06
1.45,6.6210477916730228e-06
1.4525,5.2532629526128373e-06
1.455,3.8551886800304072e-06
1.4575,2.4291288377994179e-06
1.46,9.7942105186451075e-07
1.4625,-4.8862574665392286e-07
1.465,-1.9694115357135022e-06
1.4675,-3.4604655988468573e-06
1.47,-4.9570226392778537e-06
1.4725,-6.454885209116837e-06
1.475,-7.9496795016021358e-06
1.4775,-9.4360818874740888e-06
1.48,-1.0910494101814772e-05
1.4825,-1.2368184992333068e-05
1.485,-1.3804382067145257e-05
1.4875,-1.521452189284291e-05
1.49,-1.6592903879179416e-05
1.4925,-1.7933925277235835e-05
1.495,-1.9233302073988385e-05
1.4975,-2.0488174245640524e-05
1.5,-2.169353537959085e-05
1.5025,-2.2844716478995304e-05
1.505,-2.3937025684973714e-05
1.5075,-2.4965452839253067e-05
1.51,-2.5927455141061678e-05
1.5125,-2.6819815011740725e-05
1.515,-2.7638496075717819e-05
1.5175,-2.8379831261408764e-05
1.52,-2.9040380475530391e-05
1.5225,-2.9615729471149325e-05
1.525,-3.0104261808085853e-05
1.5275,-3.0504880722592307e-05
1.53,-3.0816189497170815e-05
1.5325,-3.1036176569564084e-05
1.535,-3.116475886750602e-05
1.5375,-3.1201457111043023e-05
1.54,-3.1143551497532554e-05
1.5425,-3.0990662109201403e-05
1.545,-3.0742867795464087e-05
1.5475,-3.0399037941570446e-05
1.55,-2.9957853015588033e-05
1.5525,-2.9418859092978866e-05
1.555,-2.878145915256648e-05
1.5575,-2.8045630905338474e-05
1.56,-2.7214002003836015e-05
1.5625,-2.628872948514921e-05
1.565,-2.5271832483199369e-05
1.5675,-2.4165137720060657e-05
1.57,-2.297222351409054e-05
1.5725,-2.1696984254883864e-05
1.575,-2.0341364053416709e-05
1.5775,-1.8910418742046571e-05
1.58,-1.7406415982936569e-05
1.5825,-1.5832547399273425e-05
1.585,-1.4194322418042226e-05
1.5875,-1.2498195058698194e-05
1.59,-1.0745370159108632e-05
1.5925,-8.9423237312446991e-06
1.595,-7.0952393402459786e-06
1.5975,-5.2091818921625651e-06
1.6,-3.2883186407921437e-06
1.6025,-1.3395999242390285e-06
1.605,6.3122904756922055e-07
1.6075,2.6189840560569981e-06
1.61,4.6159367654545081e-06
1.6125,6.6156502500601755e-06
1.615,8.6127988688730475e-06
1.6175,1.0601008674218017e-05
1.62,1.2573295671015471e-05
1.6225,1.4522856707212184e-05
1.625,1.64431063033021e-05
1.6275,1.8327107359284934e-05
1.63,2.0168971123767384e-05
1.6325,2.1962258973466662e-05
1.635,2.3700118843131808e-05
1.6375,2.5378448617180046e-05
1.64,2.6990299501073218e-05
1.6425,2.8528707182688113e-05
1.645,2.9986775926663732e-05
1.6475,3.1358534905813491e-05
1.65,3.2640745048729586e-05
1.6525,3.3826752681626957e-05
1.655,3.4911890014378919e-05
1.6575,3.5894171097868477e-05
1.66,3.6768325320486042e-05
1.6625,3.7530498932607985e-05
1.665,3.8177565136547914e-05
1.6675,3.8706165763406817e-05
1.67,3.911357444547089e-05
1.6725,3.9399150230775282e-05
1.675,3.9560494543810343e-05
1.6775,3.9594543287196475e-05
1.68,3.9500237886972034e-05
1.6825,3.9276854982093575e-05
1.685,3.892526809292969e-05
1.6875,3.8444719321124529e-05
1.69,3.7834764226193569e-05
1.6925,3.7096100658612933e-05
1.695,3.6230642888174503e-05
1.6975,3.5241329163162815e-05
1.7,3.4130166525936012e-05
1.7025,3.2899646445901594e-05
1.705,3.1553710032079242e-05
1.7075,3.0094279031317204e-05
1.71,2.852660898716781e-05
1.7125,2.6858702004110498e-05
1.715,2.5088226231505312e-05
1.7175,2.3212664626614433e-05
1.72,2.1248929034814083e-05
1.7225,1.9199576048865516e-05
1.725,1.7067092847666839e-05
1.7275,1.4860196483222298e-05
1.73,1.2593269719704705e-05
1.7325,1.0259969604635254e-05
1.735,7.8756803716723636e-06
1.7375,5.4432086910198478e-06
1.74,2.9744141464533186e-06
1.7425,4.8519732166824626e-07
1.745,-2.0220243864362762e-06
1.7475,-4.5455517760984359e-06
1.75,-7.0768645388449034e-06
1.7525,-9.6080212871094722e-06
1.755,-1.2125259231733276e-05
1.7575,-1.4620616178040736e-05
1.76,-1.7086604772576655e-05
1.7625,-1.9515219224872781e-05
1.765,-2.18980911035943e-05
1.7675,-2.4225580005429037e-05
1.77,-2.6489742525108612e-05
1.7725,-2.868368266280842e-05
1.775,-3.0798204549067861e-05
1.7775,-3.2825661907681333e-05
1.78,-3.4758358404518481e-05
1.7825,-3.6588164202624163e-05
1.785,-3.8308749917784412e-05
1.7875,-3.9916736579576286e-05
1.79,-4.140353616271926e-05
1.7925,-4.2761475516421377e-05
1.795,-4.3985531091417548e-05
1.7975,-4.5069146297903186e-05
1.8,-4.6009316042216519e-05
1.8025,-4.6801539286447545e-05
1.805,-4.744151663415704e-05
1.8075,-4.7925550445194199e-05
1.81,-4.8250479648937166e-05
1.8125,-4.8414478982187451e-05
1.815,-4.8417920234161605e-05
1.8175,-4.826086294231029e-05
1.82,-4.7942326914730674e-05
1.8225,-4.7462365121533553e-05
1.825,-4.6821639473442478e-05
1.8275,-4.6020516337245661e-05
1.83,-4.5058810611636572e-05
1.8325,-4.3938173107262938e-05
1.835,-4.2662503885682642e-05
1.8375,-4.1234968269896376e-05
1.84,-3.9659866026780312e-05
1.8425,-3.7942187798656051e-05
1.845,-3.6084385599361844e-05
1.8475,-3.4091522161869979e-05
1.85,-3.197154086363175e-05
1.8525,-2.9729415047826504e-05
1.855,-2.7371299024637041e-05
1.8575,-2.4904751916626233e-05
1.86,-2.2337186969921678e-05
1.8625,-1.9675703683536168e-05
1.865,-1.6931394076149911e-05
1.8675,-1.4111620309487557e-05
1.87,-1.1224677881634289e-05
1.8725,-8.2800900578149503e-06
1.875,-5.2874540463127501e-06
1.8775,-2.2575615947170841e-06
1.88,7.9970791576520635e-07
1.8825,3.873240461559803e-06
1.885,6.9545562545973753e-06
1.8875,1.0034006681437427e-05
1.89,1.3099053222391569e-05
1.8925,1.6140244269742001e-05
1.895,1.914578630846011e-05
1.8975,2.2105876132391347e-05
1.9,2.5009546207367026e-05
1.9025,2.7846426004763801e-05
1.905,3.0606507002236355e-05
1.9075,3.3279408066673603e-05
1.91,3.5856396171668534e-05
1.9125,3.8327299352404167e-05
1.915,4.0681788319346188e-05
1.9175,4.2912856843292958e-05
1.92,4.5008489660759327e-05
1.9225,4.6959937832048879e-05
1.925,4.8761829008873704e-05
1.9275,5.0408728259043635e-05
1.93,5.1892080090754542e-05
1.9325,5.3206304208764724e-05
1.935,5.4347095722714965e-05
1.9375,5.5309205731658633e-05
1.94,5.6086882628685605e-05
1.9425,5.6675491870097714e-05
1.945,5.7071032716242682e-05
1.9475,5.72724916843774e-05
1.95,5.7277762474481774e-05
1.9525,5.7087491199612639e-05
1.955,5.6699790686876115e-05
1.9575,5.6114323037292931e-05
1.96,5.5332869747346983e-05
1.9625,5.4357363093918743e-05
1.965,5.3189763482675012e-05
1.9675,5.1834185029506093e-05
1.97,5.0293418858613505e-05
1.9725,4.8572103938552028e-05
1.975,4.6673300425335479e-05
1.9775,4.4612382516230116e-05
1.98,4.237900211310759e-05
1.9825,3.9971157830003082e-05
1.985,3.7412648282476753e-05
1.9875,3.471015263277284e-05
1.99,3.1871672219686138e-05
1.9925,2.8914312283159761e-05
1.995,2.5853742469371725e-05
1.9975,2.2698342142953399e-05
2.0,1.9449239109042678e-05
2.0025,1.6113648149381401e-05
2.005,1.2701654434177023e-05
2.0075,9.2246325867066855e-06
2.01,5.6929594142253429e-06
2.0125,2.121193497432914e-06
2.015,-1.4888531483693747e-06
2.0175,-5.110274295890205e-06
2.02,-8.735984010346711e-06
2.0225,-1.2350092065745176e-05
2.025,-1.5932173675728627e-05
2.0275,-1.9473238724664956e-05
2.03,-2.2968511999345232e-05
2.0325,-2.6409521321447149e-05
2.035,-2.9780851935631808e-05
2.0375,-3.3065524928049964e-05
2.04,-3.6251854552830607e-05
2.0425,-3.9330035883854784e-05
2.045,-4.2287968246663988e-05
2.0475,-4.5114476709002394e-05
2.05,-4.7796975715664624e-05
2.0525,-5.0325259271861566e-05
2.055,-5.2688774962306452e-05
2.0575,-5.4880683629283238e-05
2.06,-5.689360974064476e-05
2.0625,-5.8718158948591176e-05
2.065,-6.0347881341626345e-05
2.0675,-6.1776229921132954e-05
2.07,-6.2993859955223091e-05
2.0725,-6.3994853320999281e-05
2.075,-6.4776007598397963e-05
2.0775,-6.5334234308222003e-05
2.08,-6.5666142376980327e-05
2.0825,-6.5770935962652517e-05
2.085,-6.5644814720510061e-05
2.0875,-6.5289347083750973e-05
2.09,-6.4704768920407458e-05
2.0925,-6.3892057324240601e-05
2.095,-6.2851643915551872e-05
2.0975,-6.1586538759267521e-05
2.1,-6.0100490803600836e-05
2.1025,-5.8399685722907751e-05
2.105,-5.648869345553123e-05
2.1075,-5.4371808474229876e-05
2.11,-5.2057833589805018e-05
2.1125,-4.9554809839514845e-05
2.115,-4.6869484180000321e-05
2.1175,-4.4010341288077172e-05
2.12,-4.0984591360359389e-05
2.1225,-3.7804500292632577e-05
2.125,-3.4479185051009163e-05
2.1275,-3.1020035611896954e-05
2.13,-2.7439997233454942e-05
2.1325,-2.3747393552082821e-05
2.135,-1.9957042130268277e-05
2.1375,-1.6081836884541251e-05
2.14,-1.2137088812323231e-05
2.1425,-8.1298457107184555e-06
2.145,-4.0747474631216001e-06
2.1475,1.3638166351483865e-08
2.15,4.121866903549794e-06
2.1525,8.2344568348248005e-06
2.155,1.2335762120051337e-05
2.1575,1.641282429474411e-05
2.16,2.0462130963903328e-05
2.1625,2.4454909199454548e-05
2.165,2.8377535453333354e-05
2.1675,3.2208106044668754e-05
2.17,3.5943338424668536e-05
2.1725,3.9579238455198155e-05
2.175,4.3101164285469166e-05
2.1775,4.6484031974510629e-05
2.18,4.9711917670604598e-05
2.1825,5.2775798849975795e-05
2.185,5.5668412230506156e-05
2.1875,5.8375295353608828e-05
2.19,6.0885613844564979e-05
2.1925,6.3185799090785931e-05
2.195,6.5268401246316987e-05
2.1975,6.7106321310686192e-05
2.2,6.8727257899344033e-05
2.2025,7.0119968241727352e-05
2.205,7.1273106423200527e-05
2.2075,7.2175261186338825e-05
2.21,7.2816703190439866e-05
2.2125,7.3194690596881714e-05
2.215,7.3314327298191204e-05
2.2175,7.3179410756159892e-05
2.22,7.2790889282663905e-05
2.2225,7.2144088497347775e-05
2.225,7.1238492636693996e-05
2.2275,7.0078485140521887e-05
2.23,6.8669026327083027e-05
2.2325,6.701599727538648e-05
2.235,6.5121745125118022e-05
2.2375,6.299425445275627e-05
2.24,6.063874272849789e-05
2.2425,5.806296340195393e-05
2.245,5.5276556769293935e-05
2.2475,5.2297354053108877e-05
2.25,4.9121025734400938e-05
2.2525,4.5748169564835795e-05
2.255,4.2207861722017104e-05
2.2575,3.8509470249813678e-05
2.26,3.466117600346158e-05
2.2625,3.0679448152832229e-05
2.265,2.6579887113785623e-05
2.2675,2.2374035432529286e-05
2.27,1.8075839260680296e-05
2.2725,1.3698721873548374e-05
2.275,9.2563129447705994e-06
2.2775,4.7665940914976624e-06
2.28,2.4375407016499412e-07
2.2825,-4.2976122125937582e-06
2.285,-8.8433023873416846e-06
2.2875,-1.3369165414996974e-05
2.29,-1.7876544967140025e-05
2.2925,-2.2337609157424183e-05
2.295,-2.6740826571330429e-05
2.2975,-3.1064866451455003e-05
2.3,-3.5287622608365271e-05
2.3025,-3.9397026762055695e-05
2.305,-4.3383439813721536e-05
2.3075,-4.7238699557775495e-05
2.31,-5.0942409893121263e-05
2.3125,-5.4477112408766418e-05
2.315,-5.7826407911729478e-05
2.3175,-6.0977753969951742e-05
2.32,-6.3919959725756504e-05
2.3225,-6.6646593841244325e-05
2.325,-6.9162019114488244e-05
2.3275,-7.1436892905187382e-05
2.33,-7.3444432502239409e-05
2.3325,-7.5176022637391012e-05
2.335,-7.6644375154689926e-05
2.3375,-7.7860930548228496e-05
2.34,-7.8812780109326655e-05
2.3425,-7.9479503109539519e-05
2.345,-7.9853381187813095e-05
2.3475,-7.9938153124672114e-05
2.35,-7.9738973892309775e-05
2.3525,-7.9257725034511721e-05
2.355,-7.8474019776294583e-05
2.3575,-7.7421297594538357e-05
2.36,-7.6101423246983084e-05
2.3625,-7.4506761213251335e-05
2.365,-7.2644979282251974e-05
2.3675,-7.052047523587143e-05
2.37,-6.8139054112223375e-05
2.3725,-6.550894398497764e-05
2.375,-6.2645238726443447e-05
2.3775,-5.9562724530229883e-05
2.38,-5.6265342035657329e-05
2.3825,-5.2760726016636529e-05
2.385,-4.9058850746631173e-05
2.3875,-4.5177016765103687e-05
2.39,-4.1129747270216428e-05
2.3925,-3.6927695399265699e-05
2.395,-3.2584441951674237e-05
2.3975,-2.8115994005263642e-05
2.4,-2.3533476121767595e-05
2.4025,-1.8854665560249972e-05
2.405,-1.4098721846859257e-05
2.4075,-9.2770879208929742e-06
2.41,-4.4071892804227524e-06
2.4125,4.93858459094898e-07
2.415,5.4108023991498696e-06
2.4175,1.0325104782047409e-05
2.42,1.5229120935652435e-05
2.4225,2.008223010767757e-05
2.425,2.488320880446546e-05
2.4275,2.9607864496896113e-05
2.43,3.4243503412547282e-05
2.4325,3.8779040954917676e-05
2.435,4.3195351242434879e-05
2.4375,4.746445984144642e-05
2.44,5.1568431997980429e-05
2.4425,5.5495733696773919e-05
2.445,5.9242049904770393e-05
2.4475,6.27847646420882e-05
2.45,6.6111477471513788e-05
2.4525,6.9208553783433178e-05
2.455,7.2066623676428696e-05
2.4575,7.4677799145728897e-05
2.46,7.7030303054745632e-05
2.4625,7.9113804016191271e-05
2.465,8.0917627560620587e-05
2.4675,8.2431785445755959e-05
2.47,8.3647933990833452e-05
2.4725,8.4561194360165703e-05
2.475,8.5169203037220077e-05
2.4775,8.5468314880110934e-05
2.48,8.5458596860401347e-05
2.4825,8.5141664146877444e-05
2.485,8.4518008908026273e-05
2.4875,8.3568250198675495e-05
2.49,8.232885684564896e-05
2.4925,8.081064538978764e-05
2.495,7.9001980839259772e-05
2.4975,7.6909663668212419e-05
2.5,7.4542152781468228e-05
2.5025,7.1903773795199932e-05
2.505,6.9003839920164469e-05
2.5075,6.5858338818457223e-05
2.51,6.2480514956204887e-05
2.5125,5.8880225060647438e-05
2.515,5.5065796700817801e-05
2.5175,5.1049581405157483e-05
2.52,4.6851977780168161e-05
2.5225,4.248193424302161e-05
2.525,3.7941754854268063e-05
2.5275,3.326378790144346e-05
2.53,2.8459047235318589e-05
2.5325,2.353686534316688e-05
2.535,1.8519380047618173e-05
2.5375,1.3426468120045226e-05
2.54,8.2757269761321022e-06
2.5425,3.0813977978692322e-06
2.545,-2.1384911275390395e-06
2.5475,-7.3658840711260762e-06
2.55,-1.2580957198935746e-05
2.5525,-1.7767179460840432e-05
2.555,-2.2908430020767423e-05
2.5575,-2.7984968273966186e-05
2.56,-3.2974979937593066e-05
2.5625,-3.786074294214981e-05
2.565,-4.2623483966472937e-05
2.5675,-4.724789711564546e-05
2.57,-5.1714310839880067e-05
2.5725,-5.6003538809194309e-05
2.575,-6.0104177127943104e-05
2.5775,-6.3996258014811707e-05
2.58,-6.766307696891939e-05
2.5825,-7.1091647593992402e-05
2.585,-7.4268976321855001e-05
2.5875,-7.7182463318559104e-05
2.59,-7.9821032358441888e-05
2.5925,-8.2176349360757778e-05
2.595,-8.4236818842428634e-05
2.5975,-8.5992385650948919e-05
2.6,-8.7438324981110773e-05
2.6025,-8.8567598674894253e-05
2.605,-8.9376395772368267e-05
2.6075,-8.9864373788653545e-05
2.61,-9.0025574614062867e-05
2.6125,-8.9860819294962328e-05
2.615,-8.9373775856035626e-05
2.6175,-8.8564172469521901e-05
2.62,-8.7437677175601994e-05
2.6225,-8.6000008588899614e-05
2.625,-8.4256949307167395e-05
2.6275,-8.221496441147922e-05
2.63,-7.9881601123641603e-05
2.6325,-7.7263221302482519e-05
2.635,-7.4368883449961058e-05
2.6375,-7.1208209939952738e-05
2.64,-6.7791549221004303e-05
2.6425,-6.4131148429104009e-05
2.645,-6.024055048779568e-05
2.6475,-5.6130892146895144e-05
2.65,-5.1819754995032923e-05
2.6525,-4.732085309147508e-05
2.655,-4.2646206687131912e-05
2.6575,-3.781576954894993e-05
2.66,-3.2843713446225767e-05
2.6625,-2.7746992700257982e-05
2.665,-2.2541289252064188e-05
2.6675,-1.7246736274604806e-05
2.67,-1.1879309956578258e-05
2.6725,-6.456490225647618e-06
2.675,-9.9729713957374588e-07
2.6775,4.4765410892869457e-06
2.68,9.9462745641764052e-06
2.6825,1.5394823668722873e-05
2.685,2.0805402485508512e-05
2.6875,2.6158120384438576e-05
2.69,3.1431204609156235e-05
2.6925,3.6605427956203562e-05
2.695,4.165867042508116e-05
2.6975,4.6573742216264438e-05
2.7,5.1333372254946037e-05
2.7025,5.5918187010623373e-05
2.705,6.0310911459640839e-05
2.7075,6.4493371936683323e-05
2.71,6.8450013337640193e-05
2.7125,7.2164309899377694e-05
2.715,7.5618397394114814e-05
2.7175,7.8802923767297609e-05
2.72,8.1704954393021701e-05
2.7225,8.4314042998647604e-05
2.725,8.6619877833298096e-05
2.7275,8.8611049093100051e-05
2.73,9.0281783360341491e-05
2.7325,9.1625546116233484e-05
2.735,9.2638371666865622e-05
2.7375,9.3317155634382824e-05
2.74,9.3657348138101437e-05
2.7425,9.3659160629945603e-05
2.745,9.3324220487477373e-05
2.7475,9.2650835131002725e-05
2.75,9.1641482132170883e-05
2.7525,9.0303567462231656e-05
2.755,8.864065541310033e-05
2.7575,8.6659648145182285e-05
2.76,8.4369591219652667e-05
2.7625,8.1776934834109846e-05
2.765,7.8892029673067568e-05
2.7675,7.5726595264769239e-05
2.77,7.2290385362704828e-05
2.7725,6.8595349426480999e-05
2.775,6.4655426933230763e-05
2.7775,6.0484702199350199e-05
2.78,5.6098183703344959e-05
2.7825,5.1509176549095456e-05
2.785,4.6732561704294472e-05
2.7875,4.1785671761390824e-05
2.79,3.6685558296857291e-05
2.7925,3.144887885060232e-05
2.795,2.6091098496686266e-05
2.7975,2.0633018834292267e-05
2.8,1.5093542274518955e-05
2.8025,9.4892605416900835e-06
2.805,3.8378066293595775e-06
2.8075,-1.837745814964988e-06
2.81,-7.5170329036767512e-06
2.8125,-1.318247415807853e-05
2.815,-1.8815706442327273e-05
2.8175,-2.4395296464671232e-05
2.82,-2.9901117234567676e-05
2.8225,-3.5311867013191271e-05
2.825,-4.0606995193470422e-05
2.8275,-4.5766497482127631e-05
2.83,-5.0769879257126906e-05
2.8325,-5.5601136024072484e-05
2.835,-6.0239255622614361e-05
2.8375,-6.4667268728779785e-05
2.84,-6.8852601611760325e-05
2.8425,-7.2790355767556947e-05
2.845,-7.6477977327514565e-05
2.8475,-7.9900155228766829e-05
2.85,-8.3039447795376641e-05
2.8525,-8.5866435121241129e-05
2.855,-8.8375155874311959e-05
2.8575,-9.0567273773101684e-05
2.86,-9.2438935121131894e-05
2.8625,-9.3977101253789151e-05
2.865,-9.5172770891908782e-05
2.8675,-9.6023700212014956e-05
2.87,-9.6549088220022528e-05
2.8725,-9.6709874548948151e-05
2.875,-9.6498785581594876e-05
2.8775,-9.5930028114000085e-05
2.88,-9.5011908221596578e-05
2.8825,-9.3757557144830166e-05
2.885,-9.2177406144586924e-05
2.8875,-9.0267988100281848e-05
2.89,-8.8031398660938948e-05
2.8925,-8.547251262043892e-05
2.895,-8.2604939794941382e-05
2.8975,-7.9442995563531885e-05
2.9,-7.6002188379871986e-05
2.9025,-7.2292995437320549e-05
2.905,-6.8327146033813404e-05
2.9075,-6.4121705674260093e-05
2.91,-5.9688559950655832e-05
2.9125,-5.5043763553139832e-05
2.915,-5.0202941429222832e-05
2.9175,-4.5181253975800799e-05
2.92,-3.9994325052089076e-05
2.9225,-3.4663001297534783e-05
2.925,-2.9202337150042293e-05
2.9275,-2.362775084780097e-05
2.93,-1.7962422993884706e-05
2.9325,-1.2222070890947532e-05
2.935,-6.4282151634287534e-06
2.9375,-6.0119830100075295e-07
2.94,5.2371793079715485e-06
2.9425,1.1069941113650133e-05
2.945,1.6874018295630484e-05
2.9475,2.2631946307385348e-05
2.95,2.8323471325095014e-05
2.9525,3.3924056499798203e-05
2.955,3.9412667913955658e-05
2.9575,4.4768395113687837e-05
2.96,4.9971288707744106e-05
2.9625,5.5002768038287611e-05
2.965,5.9841766301959047e-05
2.9675,6.4471018334103739e-05
2.97,6.8872375094652442e-05
2.9725,7.3026249581978174e-05
2.975,7.6916125143561279e-05
2.9775,8.0528006374432068e-05
2.98,8.3849418569609789e-05
2.9825,8.6868233137626238e-05
2.985,8.9570605652992898e-05
2.9875,9.1947251722735083e-05
2.99,9.3988957776112606e-05
2.9925,9.5686965010220243e-05
2.995,9.703478894342229e-05
2.9975,9.8028622271208876e-05
3.0,9.866596162820208e-05
3.0025,9.8945268161026583e-05
3.005,9.8865236335947106e-05
3.0075,9.8426751509003759e-05
3.01,9.7632946047283809e-05
3.0125,9.6486129036031708e-05
3.015,9.4990225508767635e-05
3.0175,9.315477264014015e-05
3.02,9.0987391226305178e-05
3.0225,8.8496428274267668e-05
3.025,8.5690703414001987e-05
3.0275,8.2579799666745524e-05
3.03,7.9176607250811771e-05
3.0325,7.5493107516255993e-05
3.035,7.154120401744653e-05
3.0375,6.7336150914404908e-05
3.04,6.2893241687497485e-05
3.0425,5.8228570139141734e-05
3.045,5.3355203332495752e-05
3.0475,4.8290279673162748e-05
3.05,4.3050631755134767e-05
3.0525,3.7655416644975483e-05
3.055,3.2121021745561724e-05
3.0575,2.6465938152052854e-05
3.06,2.0710239570866007e-05
3.0625,1.4872743338612275e-05
3.065,8.9719271992575333e-06
3.0675,3.0307020992694985e-06
3.07,-2.9317138976568285e-06
3.0725,-8.8920799750831463e-06
3.075,-1.4832575463523946e-05
3.0775,-2.0732169421116446e-05
3.08,-2.6569630139110046e-05
3.0825,-3.2324420302335915e-05
3.085,-3.7971113161148379e-05
3.0875,-4.3490239948461388e-05
3.09,-4.8862910965066409e-05
3.0925,-5.4071152682524662e-05
3.095,-5.9091752686642865e-05
3.0975,-6.39021387552971e-05
3.1,-6.8485115963666776e-05
3.1025,-7.2822216065580793e-05
3.105,-7.6891834182947591e-05
3.1075,-8.0679847084899286e-05
3.11,-8.4175077191340139e-05
3.1125,-8.7361359739983414e-05
3.115,-9.0228308652863553e-05
3.1175,-9.2765510426792071e-05
3.12,-9.4962304371705225e-05
3.1225,-9.6811590806377933e-05
3.125,-9.8303653185873076e-05
3.1275,-9.9435033000949263e-05
3.13,-0.00010020356106743954
3.1325,-0.00010060714316447165
3.135,-0.00010064146708641348
3.1375,-0.00010030993994487842
3.14,-9.9616385063935574e-05
3.1425,-9.8560769223256941e-05
3.145,-9.7149095810730458e-05
3.1475,-9.5389280667888119e-05
3.15,-9.3287996322870834e-05
3.1525,-9.0852128856241151e-05
3.155,-8.8095534568983347e-05
3.1575,-8.5027839398903708e-05
3.16,-8.1654699223018124e-05
3.1625,-7.7993378259651354e-05
3.165,-7.4056065433289101e-05
3.1675,-6.9859299708553111e-05
3.17,-6.5413849828814151e-05
3.1725,-6.0736992497558445e-05
3.175,-5.5846362358940976e-05
3.1775,-5.0755606940879572e-05
3.18,-4.5483566474318779e-05
3.1825,-4.0047321700440373e-05
3.185,-3.4465821818540577e-05
3.1875,-2.8758460792872217e-05
3.19,-2.2940810098329158e-05
3.1925,-1.7037072177625326e-05
3.195,-1.1064029881431957e-05
3.1975,-5.0440015233195864e-06
3.2,1.003296949361097e-06
3.2025,7.055507775377717e-06
3.205,1.3094079618369821e-05
3.2075,1.9094032271446637e-05
3.21,2.5039376843076098e-05
3.2125,3.0905884722251002e-05
3.215,3.667235509115642e-05
3.2175,4.2311533391647781e-05
3.22,4.7805587690120595e-05
3.2225,5.3134121959875599e-05
3.225,5.8275765921686501e-05
3.2275,6.321238002408508e-05
3.23,6.7921672105127618e-05
3.2325,7.2385650303777467e-05
3.235,7.6588752300514126e-05
3.2375,8.0509841083691299e-05
3.24,8.4136450718180994e-05
3.2425,8.7456661389677384e-05
3.245,9.0455728400852181e-05
3.2475,9.3123183249396041e-05
3.25,9.5448972449945098e-05
3.2525,9.7422067559751606e-05
3.255,9.9037021372241373e-05
3.2575,0.00010028883422681611
3.26,0.00010117130041232362
3.2625,0.00010168449769521559
3.265,0.00010182631439753742
3.2675,0.00010159677445630767
3.27,0.00010099875973651743
3.2725,0.00010003454690886093
3.275,9.8707469660626622e-05
3.2775,9.7023848858555694e-05
3.28,9.4992219496544246e-05
3.2825,9.2620787293614773e-05
3.285,8.9920149465720189e-05
3.2875,8.6898901527038074e-05
3.29,8.3569594585420693e-05
3.2925,7.9943611169903982e-05
3.295,7.6033809331467074e-05
3.2975,7.1854575133288549e-05
3.3,6.742127850079807e-05
3.3025,6.2751546836816222e-05
3.305,5.7859100643854236e-05
3.3075,5.275977150944677e-05
3.31,4.7473739302234765e-05
3.3125,4.2015996357700578e-05
3.315,3.6406436335127992e-05
3.3175,3.0663095071398617e-05
3.32,2.480512771400779e-05
3.3225,1.8851800747645518e-05
3.325,1.2824868557376836e-05
3.3275,6.7432680644608567e-06
3.33,6.2911884168456746e-07
3.3325,-5.4945396251685406e-06
3.335,-1.1608188017458544e-05
3.3375,-1.7691831089430176e-05
3.34,-2.3724369494320847e-05
3.3425,-2.9680850844967849e-05
3.345,-3.5540549498421173e-05
3.3475,-4.1282946745506152e-05
3.35,-4.6880541665034554e-05
3.3525,-5.2314569104546801e-05
3.355,-5.7564433583131821e-05
3.3575,-6.2609971135631963e-05
3.36,-6.7430591908668655e-05
3.3625,-7.2005366167970835e-05
3.365,-7.6317644786196272e-05
3.3675,-8.03500384632952e-05
3.37,-8.4088438138615448e-05
3.3725,-8.7518203397500297e-05
3.375,-9.0629019915454976e-05
3.3775,-9.341045960898435e-05
3.38,-9.5848435138906726e-05
3.3825,-9.7934235609434565e-05
3.385,-9.9660322095090228e-05
3.3875,-0.00010101867530603763
3.39,-0.0001020069005228542
3.3925,-0.00010261733349405808
3.395,-0.00010285196904509087
3.3975,-0.00010270762375894
3.4,-0.00010218892661377875
3.4025,-0.00010129767938792758
3.405,-0.00010003741382067637
3.4075,-9.8415954290996944e-05
3.41,-9.6440628158131405e-05
3.4125,-9.4118636301613473e-05
3.415,-9.1460755523233326e-05
3.4175,-8.8476283601909221e-05
3.42,-8.5178109295085287e-05
3.4225,-8.1576801812545104e-05
3.425,-7.7685356280376552e-05
3.4275,-7.3521270792534463e-05
3.43,-6.9097175133923144e-05
3.4325,-6.4427618672894448e-05
3.435,-5.9531137244422048e-05
3.4375,-5.4422050923282777e-05
3.44,-4.9119915568121774e-05
3.4425,-4.3640938577143647e-05
3.445,-3.8003655577835787e-05
3.4475,-3.222862211422414e-05
3.45,-2.6332685394367392e-05
3.4525,-2.0336242756210485e-05
3.455,-1.4261011148230449e-05
3.4575,-8.1277805872040413e-06
3.46,-1.9600098918129783e-06
3.4625,4.2263803342391893e-06
3.465,1.0406460754617287e-05
3.4675,1.6559795484068453e-05
3.47,2.2664879964742927e-05
3.4725,2.869901066004969e-05
3.475,3.463948719223548e-05
3.4775,4.0464396236949418e-05
3.48,4.6150743998445111e-05
3.4825,5.1672377933451281e-05
3.485,5.7014523051777719e-05
3.4875,6.215495637766428e-05
3.49,6.7073787467038422e-05
3.4925,7.174772440665466e-05
3.495,7.6162318272146451e-05
3.4975,8.0296625835157709e-05
3.5,8.4134351419401748e-05
3.5025,8.766500520435715e-05
3.505,9.0871605602547742e-05
3.5075,9.3744642615026908e-05
3.51,9.6270276041348157e-05
3.5125,9.8437222012088882e-05
3.515,0.00010024021105361438
3.5175,0.00010167168030762989
3.52,0.00010272711330036777
3.5225,0.00010340083538844841
3.525,0.0001036945611084545
3.5275,0.0001036077202017953
3.53,0.0001031416487036675
3.5325,0.00010229931336040859
3.535,0.00010108217856359031
3.5375,9.9498024543343244e-05
3.54,9.7557174573754501e-05
3.5425,9.5265528954657991e-05
3.545,9.2636013056925711e-05
3.5475,8.9677885201108515e-05
3.55,8.6401039986705924e-05
3.5525,8.2819016182790576e-05
3.555,7.8946053243620111e-05
3.5575,7.4793972651930162e-05
3.56,7.0377598993600957e-05
3.5625,6.5713034400079667e-05
3.565,6.0815477338053056e-05
3.5675,5.5701748884664826e-05
3.57,5.0388894484909217e-05
3.5725,4.4893407372342333e-05
3.575,3.9236311747129185e-05
3.5775,3.3434618434651761e-05
3.58,2.7508043505158496e-05
3.5825,2.1476863863849367e-05
3.585,1.5362985779487945e-05
3.5875,9.1871692011570055e-06
3.59,2.9692759554280403e-06
3.5925,-3.2675647939697963e-06
3.595,-9.5004801304727778e-06
3.5975,-1.5710765814303736e-05
3.6,-2.1876210287909527e-05
3.6025,-2.7973452067188027e-05
3.605,-3.397902518917523e-05
3.6075,-3.9872587712720999e-05
3.61,-4.5627934526584863e-05
3.6125,-5.1224703177749606e-05
3.615,-5.6643368867650711e-05
3.6175,-6.185985173275486e-05
3.62,-6.6854721268215476e-05
3.6225,-7.1606351033611174e-05
3.625,-7.6097019963848134e-05
3.6275,-8.0309669755375068e-05
3.63,-8.4227315649772127e-05
3.6325,-8.7833099156654402e-05
3.635,-9.1116643948688778e-05
3.6375,-9.406445223369522e-05
3.64,-9.6664353235889508e-05
3.6425,-9.8905895766460738e-05
3.645,-0.00010077995507444384
3.6475,-0.00010228119913498711
3.65,-0.00010340458539617106
3.6525,-0.00010414851440385662
3.655,-0.0001045068015190971
3.6575,-0.00010448289232342447
3.66,-0.00010407513845560405
3.6625,-0.00010328597016214319
3.665,-0.00010212129781872389
3.6675,-0.00010058505728836614
3.67,-9.8687879666748635e-05
3.6725,-9.6437517294969554e-05
3.675,-9.3838679705105735e-05
3.6775,-9.0906744133294317e-05
3.68,-8.7652150521660193e-05
3.6825,-8.4081998347258904e-05
3.685,-8.0213809532495915e-05
3.6875,-7.6063873991383409e-05
3.69,-7.1643838904014159e-05
3.6925,-6.6969741901793962e-05
3.695,-6.2059056366311382e-05
3.6975,-5.6928935771814719e-05
3.7,-5.1594510789608507e-05
3.7025,-4.6072783866880912e-05
3.705,-4.0384673429446002e-05
3.7075,-3.4550851722312625e-05
3.71,-2.8590900101271657e-05
3.7125,-2.2520996873589635e-05
3.715,-1.6363917079884078e-05
3.7175,-1.0140799005242999e-05
3.72,-3.8739962719523566e-06
3.7225,2.4137138004171632e-06
3.725,8.7021779171009762e-06
3.7275,1.4969914597322398e-05
3.73,2.1194370642553389e-05
3.7325,2.7353563251221157e-05
3.735,3.3422952498491416e-05
3.7375,3.938103369584018e-05
3.74,4.5203624650830133e-05
3.7425,5.0866505890657833e-05
3.745,5.635116192507242e-05
3.7475,6.1636480975729138e-05
3.75,6.6697746853509296e-05
3.7525,7.1516669761186342e-05
3.755,7.6075788524465645e-05
3.7575,8.0355369956475799e-05
3.76,8.4338387074597165e-05
3.7625,8.8012009592394801e-05
3.765,9.1358763145081893e-05
3.7675,9.4366134902207702e-05
3.77,9.7025154117865049e-05
3.7725,9.932503832477051e-05
3.775,0.00010125499321417241
3.7775,0.00010280929825876753
3.78,0.00010398260351401834
3.7825,0.00010477096530847393
3.785,0.00010517303846476298
3.7875,0.00010518974282779439
3.79,0.00010482074693041443
3.7925,0.00010406790222425394
3.795,0.00010293556327260303
3.7975,0.00010143010428277759
3.8,9.9557547461647327e-05
3.8025,9.7326712824933231e-05
3.805,9.4748025383334942e-05
3.8075,9.1830557353085322e-05
3.81,8.8584925683781449e-05
3.8125,8.5023527043926787e-05
3.815,8.1160264718531941e-05
3.8175,7.7009277290093997e-05
3.82,7.2584528534055438e-05
3.8225,6.7903457120854316e-05
3.825,6.2981920360762766e-05
3.8275,5.7836492122410917e-05
3.83,5.2484713608923805e-05
3.8325,4.6943896852703499e-05
3.835,4.1233194292896716e-05
3.8375,3.5373975457558425e-05
3.84,2.9385508910181856e-05
3.8425,2.3286475605870419e-05
3.845,1.7097847807457839e-05
3.8475,1.0840616280003305e-05
3.85,4.5354094490866342e-06
3.8525,-1.7919458359918469e-06
3.855,-8.1204304825245866e-06
3.8575,-1.4430469638106833e-05
3.86,-2.0698911669326867e-05
3.8625,-2.6904616508837374e-05
3.865,-3.3020469268316844e-05
3.8675,-3.902525309727892e-05
3.87,-4.4894642365011085e-05
3.8725,-5.0610511023523815e-05
3.875,-5.6148791573914582e-05
3.8775,-6.1482891528641932e-05
3.88,-6.6595611165165726e-05
3.8825,-7.1465071788604867e-05
3.885,-7.60718828937507e-05
3.8875,-8.0400709033245585e-05
3.89,-8.4431504629520942e-05
3.8925,-8.8150101854444639e-05
3.895,-9.1541817742634427e-05
3.8975,-9.4595243158786547e-05
3.9,-9.7296368434754058e-05
3.9025,-9.9636348918334715e-05
3.905,-0.00010160487705069948
3.9075,-0.00010319638399221665
3.91,-0.00010440510366430284
3.9125,-0.00010522791627189504
3.915,-0.0001056619869688968
3.9175,-0.00010570585831663918
3.92,-0.00010536209794838418
3.9225,-0.00010463289861359713
3.925,-0.00010352203023005987
3.9275,-0.00010203389325748276
3.93,-0.00010017630006748815
3.9325,-9.7959235069576382e-05
3.935,-9.5391532254982461e-05
3.9375,-9.2481676809693899e-05
3.94,-8.9244779460941526e-05
3.9425,-8.5688848507235485e-05
3.945,-8.1829146532318199e-05
3.9475,-7.7677606998536621e-05
3.95,-7.3252810628264569e-05
3.9525,-6.857215629074782e-05
3.955,-6.3647366182435701e-05
3.9575,-5.8496155097947666e-05
3.96,-5.3137142640393905e-05
3.9625,-4.7585285188147064e-05
3.965,-4.1863758090801643e-05
3.9675,-3.5991736054619613e-05
3.97,-2.9986317805773675e-05
3.9725,-2.3866897368862532e-05
3.975,-1.7655033477617711e-05
3.9775,-1.1375042040531909e-05
3.98,-5.0452944918091259e-06
3.9825,1.3092408341643005e-06
3.985,7.6674054377459131e-06
3.9875,1.4009470370941714e-05
3.99,2.0310415148457963e-05
3.9925,2.6547280631620889e-05
3.995,3.2696237784972512e-05
3.9975,3.873634280907803e-05
4.0,4.464345386035777e-05
4.0025,5.0392859526080303e-05
4.005,5.5963614013935988e-05
4.0075,6.1334830018303023e-05
4.01,6.6483904732802789e-05
4.0125,7.1388418443649117e-05
4.015,7.603612312961115e-05
4.0175,8.0402985405079576e-05
4.02,8.4469842787594278e-05
4.0225,8.822494620594476e-05
4.025,9.1654817477348645e-05
4.0275,9.4742608972028846e-05
4.03,9.7477948442120335e-05
4.0325,9.9848702910274647e-05
4.035,0.00010184695577120978
4.0375,0.00010346549877723074
4.04,0.00010469996042526079
4.0425,0.000105544920612233
4.045,0.00010599669288564469
4.0475,0.00010605521947997364
4.05,0.00010572329376219266
4.0525,0.00010500490718933769
4.055,0.0001039008489100222
4.0575,0.0001024181874075031
4.06,0.00010056360403265982
4.0625,9.8346795028364373e-05
4.065,9.5776902898299921e-05
4.0675,9.2862336458868992e-05
4.07,8.9616740719796742e-05
4.0725,8.6052220811706493e-05
4.075,8.2180952556578187e-05
4.0775,7.801883333902456e-05
4.08,7.3578912027793652e-05
4.0825,6.8878366933460369e-05
4.085,6.3934725514860186e-05
4.0875,5.8763183907529647e-05
4.09,5.3380960472287899e-05
4.0925,4.7806813941242378e-05
4.095,4.2061010139465564e-05
4.0975,3.6162619751804303e-05
4.1,3.0131600176466255e-05
4.1025,2.3985876037695796e-05
4.105,1.7748598182884218e-05
4.1075,1.1441144364172061e-05
4.11,5.0856999805595752e-06
4.1125,-1.2953658297546877e-06
4.115,-7.681121017427597e-06
4.1175,-1.4050814955686476e-05
4.12,-2.0378673708284581e-05
4.1225,-2.6642470434462198e-05
4.125,-3.2818542933596935e-05
4.1275,-3.8883352067042261e-05
4.13,-4.4813659262754752e-05
4.1325,-5.058777994820326e-05
4.135,-5.6185003031860507e-05
4.1375,-6.1579353105136941e-05
4.14,-6.6749327745276591e-05
4.1425,-7.1673942223789323e-05
4.145,-7.6336575630643014e-05
4.1475,-8.071747144892045e-05
4.15,-8.4799126417878023e-05
4.1525,-8.8565393787861413e-05
4.155,-9.2000507204743524e-05
4.1575,-9.5094796321155143e-05
4.16,-9.7833948380815676e-05
4.1625,-0.00010020592177930665
4.165,-0.00010220415744132812
4.1675,-0.0001038226401788194
4.17,-0.00010505434044202289
4.1725,-0.000105895315758154
4.175,-0.00010634391193401598
4.1775,-0.00010640067490836697
4.18,-0.00010606477889828688
4.1825,-0.00010533910197504951
4.185,-0.00010422717493217606
4.1875,-0.00010273705533198921
4.19,-0.00010087359379718966
4.1925,-9.8646630610264857e-05
4.195,-9.6063899736782547e-05
4.1975,-9.3134792382023595e-05
4.2,-8.9874889202903624e-05
4.2025,-8.6293549148280568e-05
4.205,-8.2403513269490729e-05
4.2075,-7.8221082263865732e-05
4.21,-7.3759103800032517e-05
4.2125,-6.9037945116799557e-05
4.215,-6.4073347127327474e-05
4.2175,-5.8879144055681266e-05
4.22,-5.3474142677786547e-05
4.2225,-4.7875357295626189e-05
4.225,-4.2106958631715526e-05
4.2275,-3.6183691462944996e-05
4.23,-3.0125693781638158e-05
4.2325,-2.3954580067350491e-05
4.235,-1.7691985529697724e-05
4.2375,-1.1358331137131496e-05
4.24,-4.9757416809502829e-06
4.2425,1.4333223060221589e-06
4.245,7.8452603374748802e-06
4.2475,1.423998739139678e-05
4.25,2.0592678586291947e-05
4.2525,2.6881241472808463e-05
4.255,3.3081017764188772e-05
4.2575,3.916996189316913e-05
4.26,4.512457341385522e-05
4.2625,5.0919578437641147e-05
4.265,5.653494843955687e-05
4.2675,6.1946399012597952e-05
4.27,6.713518309330648e-05
4.2725,7.2077800480980107e-05
4.275,7.6757581953282924e-05
4.2775,8.1152081047907641e-05
4.28,8.5242889744699475e-05
4.2825,8.9018693769157825e-05
4.285,9.2462907266746008e-05
4.2875,9.5561228455710474e-05
4.29,9.8303889217833708e-05
4.2925,0.00010067604006837845
4.295,0.00010267004142488418
4.2975,0.00010428142608217718
4.3,0.00010550099961318386
4.3025,0.00010632750222939321
4.305,0.00010676006659839902
4.3075,0.00010679614916592694
4.31,0.00010643837622213132
4.3125,0.00010569104948510335
4.315,0.00010455485969001071
4.3175,0.00010303857364023874
4.32,0.00010114686548455457
4.3225,9.8891255592987e-05
4.325,9.6280608730248479e-05
4.3275,9.3325086326285969e-05
4.33,9.0033468293516415e-05
4.3325,8.642095241755429e-05
4.335,8.2499254076594952e-05
4.3375,7.8284877601131589e-05
4.34,7.379119553265204e-05
4.3425,6.9034876698697786e-05
4.345,6.4033765203416908e-05
4.3475,5.8803461684457279e-05
4.35,5.3360792601029105e-05
4.3525,4.7725194283007693e-05
4.355,4.1918509857992781e-05
4.3575,3.5957170364841776e-05
4.36,2.986115501126576e-05
4.3625,2.3652350259753238e-05
4.365,1.7352920843576222e-05
4.3675,1.0983828210387541e-05
4.37,4.5674590922667241e-06
4.3725,-1.8738231284542619e-06
4.375,-8.3187509795841529e-06
4.3775,-1.4745134746473584e-05
4.38,-2.1126704323020507e-05
4.3825,-2.7442686036768971e-05
4.385,-3.3667008916387202e-05
4.3875,-3.9777651633536968e-05
4.39,-4.5753137230849684e-05
4.3925,-5.1568201564674285e-05
4.395,-5.7197929849308182e-05
4.3975,-6.2621883503598686e-05
4.4,-6.7818944202067274e-05
4.4025,-7.276792269092001e-05
4.405,-7.744955281596512e-05
4.4075,-8.1844721970256891e-05
4.41,-8.5935503947608425e-05
4.4125,-8.9705626339572827e-05
4.415,-9.3142161352209734e-05
4.4175,-9.6231765264434457e-05
4.42,-9.8961192322361856e-05
4.4225,-0.00010131880547000394
4.425,-0.00010329700575195579
4.4275,-0.00010488893555724629
4.43,-0.00010608897872272371
4.4325,-0.00010689304404304805
4.435,-0.00010730022856501985
4.4375,-0.00010731063045933644
4.44,-0.00010692457950134358
4.4425,-0.0001061424545044141
4.445,-0.00010497072202773428
4.4475,-0.0001034150004027562
4.45,-0.00010148335433298426
4.4525,-9.9184487784079612e-05
4.455,-9.6528885299062867e-05
4.4575,-9.3524672259487587e-05
4.46,-9.0186962004643284e-05
4.4625,-8.6525925325270213e-05
4.465,-8.2555944018341225e-05
4.4675,-7.8292540358805459e-05
4.47,-7.3748949706074049e-05
4.4725,-6.894513307774221e-05
4.475,-6.3895335031576101e-05
4.4775,-5.8617754522424044e-05
4.48,-5.3131459704887224e-05
4.4825,-4.7453270867708499e-05
4.485,-4.160262911638068e-05
4.4875,-3.5599971893674774e-05
4.49,-2.9464533016509301e-05
4.4925,-2.321744409857048e-05
4.495,-1.6881966016015227e-05
4.4975,-1.0477788826382898e-05
4.5,-4.0265877618971812e-06
4.5025,2.4479421527963561e-06
4.505,8.9221838406069141e-06
4.5075,1.5374502031181887e-05
4.51,2.178162147841732e-05
4.5125,2.8121737788268895e-05
4.515,3.4366027712932958e-05
4.5175,4.0493455665669408e-05
4.52,4.6481192861286733e-05
4.5225,5.2306437318154776e-05
4.525,5.7941550529979243e-05
4.5275,6.3369476015869052e-05
4.53,6.8569285220575335e-05
4.5325,7.3514932221316567e-05
4.535,7.8189352844906633e-05
4.5375,8.2576021779906116e-05
4.54,8.6656000539181172e-05
4.5425,9.0413804431251161e-05
4.545,9.3833413982172606e-05
4.5475,9.6900598610369468e-05
4.55,9.9602604325713616e-05
4.5525,0.00010193240969149201
4.555,0.00010387998479979125
4.5575,0.00010544032806177976
4.56,0.00010660315086496666
4.5625,0.00010736764433245288
4.565,0.00010773357164970889
4.5675,0.00010770068302630688
4.57,0.00010727070760157871
4.5725,0.00010644586391574327
4.575,0.00010522841085778535
4.5775,0.00010362708722794397
4.58,0.00010164908743081548
4.5825,9.9302681191050336e-05
4.585,9.6598765860738528e-05
4.5875,9.3547692266559727e-05
4.59,9.0161350878122096e-05
4.5925,8.6451081150079308e-05
4.595,8.2432842707208241e-05
4.5975,7.8121556966944292e-05
4.6,7.3531363217942903e-05
4.6025,6.8679563856706129e-05
4.605,6.3582654128795172e-05
4.6075,5.8259171479686962e-05
4.61,5.2726238794533961e-05
4.6125,4.7002059913699973e-05
4.615,4.1106458416625551e-05
4.6175,3.5061007234450095e-05
4.62,2.8884356744608514e-05
4.6225,2.2596933285745369e-05
4.625,1.6222081481398782e-05
4.6275,9.7809942010537397e-06
4.63,3.2959978155970817e-06
4.6325,-3.2093064618223279e-06
4.635,-9.7125691511901762e-06
4.6375,-1.6192491555929705e-05
4.64,-2.2621451830404297e-05
4.6425,-2.8979283454517255e-05
4.645,-3.5238818770076875e-05
4.6475,-4.137845763322014e-05
4.65,-4.7374840053805147e-05
4.6525,-5.3203983634665654e-05
4.655,-5.8842435070886161e-05
4.6575,-6.4267248691637975e-05
4.66,-6.9456442623906596e-05
4.6625,-7.4391912919493744e-05
4.665,-7.9052004003684145e-05
4.6675,-8.341815024401621e-05
4.67,-8.747307563640577e-05
4.6725,-9.1201133700780925e-05
4.675,-9.4586840137955656e-05
4.6775,-9.7617928474754597e-05
4.68,-0.00010028174943524021
4.6825,-0.00010256903229019509
4.685,-0.00010447016653470742
4.6875,-0.00010598043340325194
4.69,-0.00010709480977380376
4.6925,-0.0001078080175562571
4.695,-0.00010811777344140034
4.6975,-0.00010802746880328146
4.7,-0.00010753804446236242
4.7025,-0.00010665276536595193
4.705,-0.00010537316363171799
4.7075,-0.00010370822694416888
4.71,-0.00010166587501082611
4.7125,-9.925702435190442e-05
4.715,-9.6490430467534969e-05
4.7175,-9.3374189425612963e-05
4.72,-8.9926977721965299e-05
4.7225,-8.6156651380364137e-05
4.725,-8.2076756976230035e-05
4.7275,-7.7706262240950151e-05
4.73,-7.3059721857758863e-05
4.7325,-6.8153501571396256e-05
4.735,-6.3002058814626364e-05
4.7375,-5.7626227386480677e-05
4.74,-5.2044408172575415e-05
4.7425,-4.6274343328571449e-05
4.745,-4.0334551100844223e-05
4.7475,-3.4246955174038717e-05
4.75,-2.8031741470738164e-05
4.7525,-2.1705394742179082e-05
4.755,-1.5297251087628167e-05
4.7575,-8.8265805289074535e-06
4.76,-2.3151765308560975e-06
4.7625,4.213408434186338e-06
4.765,1.0735813727111656e-05
4.7675,1.7230639732202063e-05
4.77,2.3670463435414971e-05
4.7725,3.0036041758665931e-05
4.775,3.6299933890680031e-05
4.7775,4.2439128949835271e-05
4.78,4.8430041137481309e-05
4.7825,5.4247101708577742e-05
4.785,5.9868966147792253e-05
4.7875,6.5275585647107172e-05
4.79,7.0440797378098631e-05
4.7925,7.5344367221497381e-05
4.795,7.997117450564138e-05
4.7975,8.429968782599355e-05
4.8,8.831342417904953e-05
4.8025,9.1997413118252234e-05
4.805,9.5333165331748594e-05
4.8075,9.8312761739506626e-05
4.81,0.00010092187282985508
4.8125,0.00010314731591076683
4.815,0.000104984385102158
4.8175,0.00010642803940186207
4.82,0.00010747423842766649
4.8225,0.00010811621353231624
4.825,0.00010835383286654679
4.8275,0.00010818883874013486
4.83,0.00010762288295686304
4.8325,0.00010665951844419222
4.835,0.00010530442465802628
4.8375,0.00010356576919074497
4.84,0.00010144795414334365
4.8425,9.8961756466289596e-05
4.845,9.6116889085756663e-05
4.8475,9.2927021754079549e-05
4.85,8.9402690823933467e-05
4.8525,8.5558042343990276e-05
4.855,8.1409444864991639e-05
4.8575,7.6968649956855791e-05
4.86,7.2253106626225455e-05
4.8625,6.7279796692943622e-05
4.865,6.2064292116975053e-05
4.8675,5.6626431572080864e-05
4.87,5.0985832035423646e-05
4.8725,4.5159046820802151e-05
4.875,3.9165785685904671e-05
4.8775,3.3029247305284526e-05
4.88,2.6766235952017867e-05
4.8825,2.0400836853625752e-05
4.885,1.3956107463494959e-05
4.8875,7.4514292378705335e-06
4.89,9.1025131462798238e-07
4.8925,-5.6428776982076391e-06
4.895,-1.2184569188863648e-05
4.8975,-1.8694588465954392e-05
4.9,-2.5145012779398434e-05
4.9025,-3.1513523752027935e-05
4.905,-3.7776069346144562e-05
4.9075,-4.3907283464923414e-05
4.91,-4.9887898606740212e-05
4.9125,-5.5690851383853876e-05
4.915,-6.1290721572757184e-05
4.9175,-6.6668232199251261e-05
4.92,-7.1801106193645023e-05
4.9225,-7.666907598174346e-05
4.925,-8.125204589414245e-05
4.9275,-8.5532826503259855e-05
4.93,-8.9492426310919701e-05
4.9325,-9.3116084647193871e-05
4.935,-9.6387878258285281e-05
4.9375,-9.9298149951671072e-05
4.94,-0.00010183399688908949
4.9425,-0.0001039847430973605
4.945,-0.00010574410474416847
4.9475,-0.00010710480473301629
4.95,-0.00010806433553931956
4.9525,-0.00010861667962692905
4.955,-0.00010876425402777674
4.9575,-0.00010850748216484284
4.96,-0.00010784867780896633
4.9625,-0.00010679296776552774
4.965,-0.00010534221098523571
4.9675,-0.00010350631995048636
4.97,-0.00010129444932183729
4.9725,-9.8715278049078993e-05
4.975,-9.5779171798331114e-05
4.9775,-9.2496552367210907e-05
4.98,-8.8881917484666981e-05
4.9825,-8.4947069473072841e-05
4.985,-8.070795793353848e-05
4.9875,-7.6180334164745712e-05
4.99,-7.1379445635099144e-05
4.9925,-6.6323412789683073e-05
4.995,-6.1028451224121041e-05
4.9975,-5.5512406374674755e-05
5.0,-4.9795495295075224e-05
5.0025,-4.3897289151349352e-05
5.005,-3.7836517615902527e-05
5.0075,-3.1634525066372762e-05
5.01,-2.5310166186089741e-05
5.0125,-1.8887024812412335e-05
5.015,-1.2390396183049412e-05
5.0175,-5.8374041457994012e-06
5.02,7.4710090001578901e-07
5.0225,7.3397626896952371e-06
5.025,1.3915575238842005e-05
5.0275,2.0451077181913077e-05
5.03,2.692220298804911e-05
5.0325,3.330799125995066e-05
5.035,3.9577602224946558e-05
5.0375,4.5710526260998071e-05
5.04,5.1682929474394787e-05
5.0425,5.7471940838775322e-05
5.045,6.3052045428669133e-05
5.0475,6.8402541143841055e-05
5.05,7.3500579682746884e-05
5.0525,7.8326439349790376e-05
5.055,8.2862265609422972e-05
5.0575,8.7088863337544213e-05
5.06,9.0988628177380939e-05
5.0625,9.4544679301227459e-05
5.065,9.7742074411895211e-05
5.0675,0.00010056971930051625
5.07,0.00010301766739707065
5.0725,0.00010507495512447244
5.075,0.00010673488450402684
5.0775,0.00010799096051150729
5.08,0.00010884120674605758
5.0825,0.0001092816328580624
5.085,0.0001093151180165664
5.0875,0.00010894098161013208
5.09,0.00010816225387577862
5.0925,0.00010698433397682993
5.095,0.00010541090099875042
5.0975,0.00010345165241354536
5.1,0.00010111682280764543
5.1025,9.8412419118815004e-05
5.105,9.5352806131940272e-05
5.1075,9.1947433322797151e-05
5.11,8.8213871081739242e-05
5.1125,8.4161796989873738e-05
5.115,7.9807198104899689e-05
5.1175,7.5166643136964859e-05
5.12,7.0257653797550714e-05
5.1225,6.5095510488860262e-05
5.125,5.9698293939918124e-05
5.1275,5.4085094932098581e-05
5.13,4.8272456670770848e-05
5.1325,4.2282210037230961e-05
5.135,3.6136215108452753e-05
5.1375,2.98544174334252e-05
5.14,2.3456662648482161e-05
5.1425,1.6967303285542509e-05
5.145,1.0406238713282502e-05
5.1475,3.798374214776247e-06
5.15,-2.8336518655236297e-06
5.1525,-9.4650734256981558e-06
5.155,-1.6072145103390523e-05
5.1575,-2.2631047723470108e-05
5.16,-2.9115233947603455e-05
5.1625,-3.5505079579567179e-05
5.165,-4.1772423990530787e-05
5.1675,-4.7893538289569328e-05
5.17,-5.3844642845024975e-05
5.1725,-5.9602744918241677e-05
5.175,-6.5144469322990205e-05
5.1775,-7.044580671103049e-05
5.18,-7.5488008285743422e-05
5.1825,-8.0247230668012732e-05
5.185,-8.4705944409506269e-05
5.1875,-8.8847851625931584e-05
5.19,-9.2654863315386042e-05
5.1925,-9.6111312389449407e-05
5.195,-9.9202084429117347e-05
5.1975,-0.00010191743574931075
5.2,-0.00010424818249107649
5.2025,-0.00010618249271798114
5.205,-0.00010771601364562795
5.2075,-0.00010884304163112918
5.21,-0.00010955985016038991
5.2125,-0.00010986303825221384
5.215,-0.00010975503281199946
5.2175,-0.00010924051229861497
5.22,-0.00010832009626264081
5.2225,-0.00010699826359700544
5.225,-0.00010528157194582108
5.2275,-0.00010317889844832982
5.23,-0.00010069964296453499
5.2325,-9.7854288990013928e-05
5.235,-9.4653387579744073e-05
5.2375,-9.1110629015598248e-05
5.24,-8.7239295641697344e-05
5.2425,-8.3052560750560342e-05
5.245,-7.8569423608480324e-05
5.2475,-7.3803734405996735e-05
5.25,-6.8773598058306275e-05
5.2525,-6.3495321566730588e-05
5.255,-5.7988167675619796e-05
5.2575,-5.2271052644458347e-05
5.26,-4.6361221889761656e-05
5.2625,-4.0279781640822256e-05
5.265,-3.405002044631371e-05
5.2675,-2.769093856620391e-05
5.27,-2.1224768689333732e-05
5.2725,-1.4673159031599592e-05
5.275,-8.0620287353013868e-06
5.2775,-1.4107974368254672e-06
5.28,5.2557528166297543e-06
5.2825,1.1913328414590854e-05
5.285,1.8534027538617978e-05
5.2875,2.5099978422289665e-05
5.29,3.1581805130082607e-05
5.2925,3.7955720089603253e-05
5.295,4.4200127037906023e-05
5.2975,5.028717456475893e-05
5.3,5.6192313025513137e-05
5.3025,6.1897121252759197e-05
5.305,6.7370853187715736e-05
5.3075,7.2596490954245974e-05
5.31,7.7551220095814448e-05
5.3125,8.2215981663628923e-05
5.315,8.6572924961697293e-05
5.3175,9.0601012359439463e-05
5.32,9.4286317424136426e-05
5.3225,9.7613999402283683e-05
5.325,0.00010056981450440373
5.3275,0.00010314193694609721
5.33,0.00010532139338229412
5.3325,0.00010710046592543392
5.335,0.00010847325157823774
5.3375,0.00010943440205342546
5.34,0.00010998289750387733
5.3425,0.00011011789412072584
5.345,0.00010984163988517727
5.3475,0.00010915458561692044
5.35,0.00010806156817989369
5.3525,0.00010656826358688656
5.355,0.00010468334534707708
5.3575,0.00010241499021219331
5.36,9.977309597319026e-05
5.3625,9.6767498339843407e-05
5.365,9.3410882724511693e-05
5.3675,8.9718158517508348e-05
5.37,8.5701338300095062e-05
5.3725,8.137501538424718e-05
5.375,7.6756276864070334e-05
5.3775,7.1861361351851282e-05
5.38,6.670819006064257e-05
5.3825,6.1315799657104088e-05
5.385,5.570036138539623e-05
5.3875,4.9880410582125167e-05
5.39,4.3877131826651456e-05
5.3925,3.7712730146213998e-05
5.395,3.1406912575936209e-05
5.3975,2.4980297861644114e-05
5.4,1.8457211217809854e-05
5.4025,1.1857141168053345e-05
5.405,5.205922063319924e-06
5.4075,-1.4738738758733399e-06
5.41,-8.1568504758032547e-06
5.4125,-1.4822655541384906e-05
5.415,-2.1442169785812226e-05
5.4175,-2.7992292792607026e-05
5.42,-3.4448845210021505e-05
5.4225,-4.0786186748969471e-05
5.425,-4.6980916906284338e-05
5.4275,-5.300837452444081e-05
5.43,-5.8842916051169697e-05
5.4325,-6.4464905029770769e-05
5.435,-6.9845819158591781e-05
5.4375,-7.4967911730896173e-05
5.44,-7.9809573557279722e-05
5.4425,-8.4351892055130291e-05
5.445,-8.8573362439354957e-05
5.4475,-9.2461188447688519e-05
5.45,-9.5996708378718687e-05
5.4525,-9.916537631189117e-05
5.455,-0.00010195961705100743
5.4575,-0.00010436302294205856
5.46,-0.00010637060581381445
5.4625,-0.0001079726296216603
5.465,-0.00010916756189042719
5.4675,-0.0001099496665313114
5.47,-0.00011031653143128711
5.4725,-0.00011026838538855506
5.475,-0.00010980758460653445
5.4775,-0.00010893888936541602
5.48,-0.00010766605449302448
5.4825,-0.00010599742329340052
5.485,-0.0001039391029257911
5.4875,-0.00010149969697306025
5.49,-9.8688796618614824e-05
5.4925,-9.5519846804767371e-05
5.495,-9.2005537489082577e-05
5.4975,-8.8158485069569573e-05
5.5,-8.3991623971941488e-05
5.5025,-7.9526177108071993e-05
5.505,-7.4774254009875199e-05
5.5075,-6.9752635364144766e-05
5.51,-6.4479686733618719e-05
5.5125,-5.8973704839330577e-05
5.515,-5.3253715540192581e-05
5.5175,-4.7338754776419885e-05
5.52,-4.124922282115598e-05
5.5225,-3.5006499663586693e-05
5.525,-2.8631418094931178e-05
5.5275,-2.2145631898661698e-05
5.53,-1.5570701748325951e-05
5.5325,-8.9322482812978192e-06
5.535,-2.251358882645029e-06
5.5375,4.4481409457957404e-06
5.54,1.1141190780511916e-05
5.5425,1.780229917679244e-05
5.545,2.4408760209188122e-05
5.5475,3.0935873848081495e-05
5.55,3.7357112644136438e-05
5.5525,4.3650604647853213e-05
5.555,4.9789030257631382e-05
5.5575,5.5748246043829647e-05
5.56,6.1505452048370499e-05
5.5625,6.7034723707931509e-05
5.565,7.2316885344663498e-05
5.5675,7.7327960816268114e-05
5.57,8.2050606152709435e-05
5.5725,8.6463174927639216e-05
5.575,9.0548732455418326e-05
5.5775,9.4292242858550989e-05
5.58,9.7673536860126868e-05
5.5825,0.00010068310561719539
5.585,0.00010330944865605425
5.5875,0.00010554061080549053
5.59,0.00010737076241413646
5.5925,0.00010879235968110413
5.595,0.0001098014393591968
5.5975,0.00011039603934321402
5.6,0.00011057421859322451
5.6025,0.00011033816118996234
5.605,0.00010968947659190824
5.6075,0.000108631426566574
5.61,0.00010717148039719328
5.6125,0.00010531562823711877
5.615,0.00010307400109383028
5.6175,0.00010045569308821132
5.62,9.746973226958145e-05
5.6225,9.4130575248391708e-05
5.625,9.0452711737950756e-05
5.6275,8.6447574290664443e-05
5.63,8.2129085129395896e-05
5.6325,7.7513777286888501e-05
5.635,7.2620099121507354e-05
5.6375,6.746649932635951e-05
5.64,6.206845842841585e-05
5.6425,5.6444943588857315e-05
5.645,5.0613926273434932e-05
5.6475,4.4597042601520822e-05
5.65,3.8415891468661346e-05
5.6525,3.2090145769547887e-05
5.655,2.5641496145902402e-05
5.6575,1.9092508165451117e-05
5.66,1.2465502644853984e-05
5.6625,5.7843040464078924e-06
5.665,-9.2865000502384388e-07
5.6675,-7.6473050087639763e-06
5.67,-1.4347325247837165e-05
5.6725,-2.1006682951871547e-05
5.675,-2.7597027531976583e-05
5.6775,-3.4097617274035572e-05
5.68,-4.0480421967902709e-05
5.6825,-4.6720969226677662e-05
5.685,-5.2794884655017166e-05
5.6875,-5.8678385403511408e-05
5.69,-6.4348857035287927e-05
5.6925,-6.9781368079627922e-05
5.695,-7.4954248710134397e-05
5.6975,-7.9847094615422115e-05
5.7,-8.4439552929173485e-05
5.7025,-8.8713835310598742e-05
5.705,-9.2651830637197944e-05
5.7075,-9.6238179932457127e-05
5.71,-9.945697205330191e-05
5.7125,-0.00010229501202106284
5.715,-0.00010474626935448443
5.7175,-0.00010679602036582602
5.72,-0.00010844063598477087
5.7225,-0.00010967400498164201
5.725,-0.00011049229889738759
5.7275,-0.00011089155599972709
5.73,-0.00011087346874201834
5.7325,-0.00011044139965386673
5.735,-0.00010959787107395486
5.7375,-0.00010834748655486051
5.74,-0.00010669629543959837
5.7425,-0.0001046530510931538
5.745,-0.00010222568092112716
5.7475,-9.9426120626874557e-05
5.75,-9.6265730641982599e-05
5.7525,-9.2756643174552589e-05
5.755,-8.8912236043206335e-05
5.7575,-8.4745258572089104e-05
5.76,-8.0275817531031803e-05
5.7625,-7.551793992654121e-05
5.765,-7.0489150433235796e-05
5.7675,-6.5205321686871541e-05
5.77,-5.9684775623258301e-05
5.7725,-5.3948010496142081e-05
5.775,-4.8012704760766456e-05
5.7775,-4.1899793968128378e-05
5.78,-3.5632568930242436e-05
5.7825,-2.9230588619584108e-05
5.785,-2.2715947362791437e-05
5.7875,-1.61094235401188e-05
5.79,-9.4377173326898245e-06
5.7925,-2.7212664105714173e-06
5.795,4.0155363373703473e-06
5.7975,1.0748314883294528e-05
5.8,1.7448980768600428e-05
5.8025,2.4097647948275061e-05
5.805,3.0667441475932542e-05
5.8075,3.7133924566388048e-05
5.81,4.3471478840149956e-05
5.8125,4.9656502143787733e-05
5.815,5.5663371818372097e-05
5.8175,6.1466658805701599e-05
5.82,6.7041936519581636e-05
5.8225,7.2371962171336734e-05
5.825,7.7432251644388161e-05
5.8275,8.2202043358733186e-05
5.83,8.6661366757857322e-05
5.8325,9.0792509615161886e-05
5.835,9.4580204373342786e-05
5.8375,9.8007973823242313e-05
5.84,0.0001010618459838089
5.8425,0.00010372988934279228
5.845,0.00010600252863122382
5.8475,0.00010787021627657617
5.85,0.00010933022947453064
5.8525,0.00011037321968723018
5.855,0.00011100041645512971
5.8575,0.00011120902842337287
5.86,0.00011100056290430482
5.8625,0.00011037714902997464
5.865,0.00010934248391829145
5.8675,0.00010790325100894403
5.87,0.00010606626866443293
5.8725,0.00010384132484161614
5.875,0.00010123668868545449
5.8775,9.8262671587986925e-05
5.88,9.4932262696520819e-05
5.8825,9.1259525828756556e-05
5.885,8.7256503819737333e-05
5.8875,8.2938410701104064e-05
5.89,7.8322755643183225e-05
5.8925,7.3423708211174741e-05
5.895,6.8263062708757153e-05
5.8975,6.2854880638599903e-05
5.9,5.7218184807451975e-05
5.9025,5.1373963980776487e-05
5.905,4.533982061436227e-05
5.9075,3.9138168663573685e-05
5.91,3.2790956352945515e-05
5.9125,2.6317342798847155e-05
5.915,1.974218842006646e-05
5.9175,1.3086307514317758e-05
5.92,6.3741587564471832e-06
5.9225,-3.7147150962742404e-07
5.925,-7.1238789481119032e-06
5.9275,-1.3861556569143856e-05
5.93,-2.0558346240032927e-05
5.9325,-2.7187892112571345e-05
5.935,-3.3729680601476329e-05
5.9375,-4.0153279647448447e-05
5.94,-4.6435097941183082e-05
5.9425,-5.2552871583622103e-05
5.945,-5.8481369662390343e-05
5.9475,-6.4195684708454409e-05
5.95,-6.9673051676593609e-05
5.9525,-7.488981687921906e-05
5.955,-7.9827038565773059e-05
5.9575,-8.446426482715498e-05
5.96,-8.8781814261602429e-05
5.9625,-9.2762923063153776e-05
5.965,-9.6390069720167414e-05
5.9675,-9.9650951309395499e-05
5.97,-0.00010252907222737036
5.9725,-0.00010501827770600696
5.975,-0.00010710663598364314
5.9775,-0.00010878677510632477
5.98,-0.00011005511702946116
5.9825,-0.00011090576018686129
5.985,-0.00011133605481852565
5.9875,-0.00011134888333657638
5.99,-0.00011094285485207397
5.9925,-0.00011012507798542741
5.995,-0.00010889800318340889
5.9975,-0.00010726644294080873
6.0,-0.00010524226312095366
6.0025,-0.00010283240814420773
6.005,-0.00010004699274351784
6.0075,-9.6898204606506779e-05
6.01,-9.339641800326942e-05
6.0125,-8.9559452854577555e-05
6.015,-8.5398357535735716e-05
6.0175,-8.0930821736945944e-05
6.02,-7.6173584595255062e-05
6.0225,-7.1142336885752155e-05
6.025,-6.5854865461351494e-05
6.0275,-6.03277898504501e-05
6.03,-5.4582641710113439e-05
6.0325,-4.8638594209556841e-05
6.035,-4.2514797218266289e-05
6.0375,-3.6233682212469503e-05
6.04,-2.9817144384044748e-05
6.0425,-2.3285294472006483e-05
6.045,-1.6660649851033953e-05
6.0475,-9.9687990354429611e-06
6.05,-3.2308176812753744e-06
6.0525,3.5290244666176675e-06
6.055,1.0285184223549092e-05
6.0575,1.7012156873816833e-05
6.06,2.3686880661283955e-05
6.0625,3.0285343889280088e-05
6.065,3.6780458089859391e-05
6.0675,4.3148259443174519e-05
6.07,4.9364106296479008e-05
6.0725,5.5401684897466805e-05
6.075,6.1235625362732768e-05
6.0775,6.6844316758904573e-05
6.08,7.2205895140121671e-05
6.0825,7.729898487659913e-05
6.085,8.2100172156377685e-05
6.0875,8.6591451391742166e-05
6.09,9.0753877655388865e-05
6.0925,9.4573451110864352e-05
6.095,9.8030671882194719e-05
6.0975,0.00010111538270299914
6.1,0.00010381278797763369
6.1025,0.00010611302417888178
6.105,0.00010800847033321832
6.1075,0.00010949534425238297
6.11,0.00011056383440506352
6.1125,0.00011121600491803266
6.115,0.00011144743983821605
6.1175,0.00011126247296966068
6.12,0.00011066116470196026
6.1225,0.00010964530948938143
6.125,0.00010822421187192471
6.1275,0.0001064032847854857
6.13,0.0001041933617870256
6.1325,0.00010160312658273677
6.135,9.8641946590418306e-05
6.1375,9.5321231841392903e-05
6.14,9.165724618517635e-05
6.1425,8.7662198487130163e-05
6.145,8.335093372531917e-05
6.1475,7.873933038961735e-05
6.15,7.3843630902971634e-05
6.1525,6.8684444573859668e-05
6.155,6.3277656989039246e-05
6.1575,5.7640425717588335e-05
6.16,5.179453802907872e-05
6.1625,4.5757573645703112e-05
6.165,3.9551728830579589e-05
6.1675,3.3198560905789524e-05
6.17,2.6718942520868309e-05
6.1725,2.0136177240724713e-05
6.175,1.347135741420995e-05
6.1775,6.7482927754386699e-06
6.18,-8.3737909621148655e-09
6.1825,-6.7743232394317333e-06
6.185,-1.3525393124060098e-05
6.1875,-2.0236331957301841e-05
6.19,-2.6884128843770914e-05
6.1925,-3.344239886568415e-05
6.195,-3.9884059510276989e-05
6.1975,-4.6185515647218445e-05
6.2,-5.2322716925586549e-05
6.2025,-5.8271405262429401e-05
6.205,-6.4007583384155409e-05
6.2075,-6.9506861649855831e-05
6.21,-7.4746043621607702e-05
6.2125,-7.9704315579434053e-05
6.215,-8.4364218643616661e-05
6.2175,-8.8704816220264333e-05
6.22,-9.2708218906984412e-05
6.2225,-9.6358549719060611e-05
6.225,-9.9640836010951196e-05
6.2275,-0.00010254003663776281
6.23,-0.00010505112694681915
6.2325,-0.00010716077285090304
6.235,-0.0001088613097835024
6.2375,-0.00011014736669095635
6.24,-0.00011101596613269259
6.2425,-0.00011146572330165165
6.245,-0.00011149501507014874
6.2475,-0.0001111054812564228
6.25,-0.0001103029692368912
6.2525,-0.00010908971093918403
6.255,-0.00010747232320396918
6.2575,-0.00010545985597701874
6.26,-0.00010306226953211951
6.2625,-0.00010028772719250478
6.265,-9.7148004906858e-05
6.2675,-9.3656048547853169e-05
6.27,-8.9825930336859879e-05
6.2725,-8.5671320568802e-05
6.275,-8.1208375020956562e-05
6.2775,-7.6454180769678194e-05
6.28,-7.142542861441386e-05
6.2825,-6.6137899447533808e-05
6.285,-6.0610050321837393e-05
6.2875,-5.4863232643620303e-05
6.29,-4.8915580506817321e-05
6.2925,-4.2787356029107165e-05
6.295,-3.6501149828598606e-05
6.2975,-3.0077286444607841e-05
6.3,-2.35382723937878e-05
6.3025,-1.6905361861741101e-05
6.305,-1.0203750875985338e-05
6.3075,-3.4552492657360647e-06
6.31,3.3155755057246744e-06
6.3125,1.0085125828084364e-05
6.315,1.6824844995487678e-05
6.3175,2.3514130532487806e-05
6.32,3.0127080811705314e-05
6.3225,3.6637948022360452e-05
6.325,4.3022310533630469e-05
6.3275,4.9253730112596789e-05
6.33,5.5310237584067366e-05
6.3325,6.1161923213935712e-05
6.335,6.6789739238939662e-05
6.3375,7.2170441432537166e-05
6.34,7.7283814295018335e-05
6.3425,8.2103625626257814e-05
6.345,8.6614401423420052e-05
6.3475,9.0797140889832276e-05
6.35,9.4635584113839617e-05
6.3525,9.8112736990919571e-05
6.355,0.00010121803346379492
6.3575,0.00010393235704639128
6.36,0.00010624994834149007
6.3625,0.00010816266763496368
6.365,0.000109664653870236
6.3675,0.00011074771304140431
6.37,0.00011141266869224197
6.3725,0.00011165672272563979
6.375,0.00011148118629733674
6.3775,0.00011089034125881858
6.38,0.00010988354346773547
6.3825,0.00010846904363871125
6.385,0.00010665507615187901
6.3875,0.00010445129137672023
6.39,0.00010186519828194039
6.3925,9.890780535899364e-05
6.395,9.558945350742055e-05
6.3975,9.1927597162854202e-05
6.4,8.7932846962239489e-05
6.4025,8.3621424768733971e-05
6.405,7.9009943921349072e-05
6.4075,7.411202996920897e-05
6.41,6.8949667713249471e-05
6.4125,6.3538529538689618e-05
6.415,5.7896129605120814e-05
6.4175,5.204400403642227e-05
6.42,4.6000501878484647e-05
6.4225,3.9785743527356172e-05
6.425,3.3423953186436785e-05
6.4275,2.6934305043413309e-05
6.43,2.0340050865073084e-05
6.4325,1.366455890005743e-05
6.435,6.9299097375030448e-06
6.4375,1.5973121972790982e-07
6.44,-6.61929652330185e-06
6.4425,-1.3383785462994924e-05
6.445,-2.0110425117534622e-05
6.4475,-2.6772139927259023e-05
6.45,-3.3345498732859366e-05
6.4525,-3.9803689449537519e-05
6.455,-4.6120458163449297e-05
6.4575,-5.2273926532000746e-05
6.46,-5.8238871206160402e-05
6.4625,-6.3992424196120782e-05
6.465,-6.9508432756440735e-05
6.4675,-7.4765507449072989e-05
6.47,-7.9741437195091213e-05
6.4725,-8.4417300627245891e-05
6.475,-8.8774725476292797e-05
6.4775,-9.2796415151074376e-05
6.48,-9.6463574396169965e-05
6.4825,-9.9762746950689003e-05
6.485,-0.00010267867695399614
6.4875,-0.00010520588437947238
6.49,-0.00010733164659866544
6.4925,-0.00010904746287153991
6.495,-0.0001103498652443317
6.4975,-0.00011123417416711618
6.5,-0.00011169651649077357
6.5025,-0.00011173921880995725
6.505,-0.00011136191575229608
6.5075,-0.00011057192766899404
6.51,-0.00010936973149241401
6.5125,-0.0001077597639892152
6.515,-0.00010575728894207041
6.5175,-0.00010336686952781755
6.52,-0.00010059811561432793
6.5225,-9.7463688571200111e-05
6.525,-9.3975898339892445e-05
6.5275,-9.0149653328986025e-05
6.53,-8.5996434749111109e-05
6.5325,-8.1534980391508437e-05
6.535,-7.6781672649845135e-05
6.5375,-7.1751885464838223e-05
6.54,-6.6462752570013714e-05
6.5425,-6.0933592459463448e-05
6.545,-5.5183049829239276e-05
6.5475,-4.9231501776589256e-05
6.55,-4.3099237035529593e-05
6.5525,-3.6805774415426436e-05
6.555,-3.0375100546209931e-05
6.5575,-2.3828397293201152e-05
6.56,-1.7185388824714636e-05
6.5625,-1.0474057592449359e-05
6.565,-3.7151241496471599e-06
6.5675,3.0676059574333357e-06
6.57,9.8494197146254663e-06
6.5725,1.6602564352619603e-05
6.575,2.3305568787727856e-05
6.5775,2.9932146271203914e-05
6.58,3.645834910023089e-05
6.5825,4.2856589587026808e-05
6.585,4.9104781424303285e-05
6.5875,5.517720999571456e-05
6.59,6.1044893172393217e-05
6.5925,6.6688224972061619e-05
6.595,7.2087214599304895e-05
6.5975,7.7216121910809939e-05
6.6,8.2052491360246497e-05
6.6025,8.657941278642654e-05
6.605,9.0778793272156233e-05
6.6075,9.4633414628591132e-05
6.61,9.8127632524518295e-05
6.6125,0.00010124736619284681
6.615,0.00010397747764109994
6.6175,0.00010631083252223356
6.62,0.00010823900165951388
6.6225,0.00010975434182189782
6.625,0.0001108523841713283
6.6275,0.00011152979893480752
6.63,0.00011178784257896304
6.6325,0.0001116250048554332
6.635,0.00011104639304739169
6.6375,0.00011005160220233205
6.64,0.00010864822744910707
6.6425,0.0001068451400234383
6.645,0.00010464948035677854
6.6475,0.00010207226856596368
6.65,9.9122632277319996e-05
6.6525,9.5811374800424347e-05
6.655,9.2155126827989504e-05
6.6575,8.8166295804537449e-05
6.66,8.3858870923426228e-05
6.6625,7.9250769739874069e-05
6.665,7.4356397509765329e-05
6.6675,6.9196559098875439e-05
6.67,6.3786504143346239e-05
6.6725,5.8145399883014715e-05
6.675,5.229251363830659e-05
6.6775,4.6248252156496518e-05
6.68,4.0033303860711428e-05
6.6825,3.3669251306769759e-05
6.685,2.7176137480536353e-05
6.6875,2.0579444072864134e-05
6.69,1.3899730470759256e-05
6.6925,7.1602719302393591e-06
6.695,3.8532886769950706e-07
6.6975,-6.3999550498051527e-06
6.7,-1.3171005621601613e-05
6.7025,-1.9904579846310386e-05
6.705,-2.6574692929786179e-05
6.7075,-3.3155123598585539e-05
6.71,-3.9621540308265725e-05
6.7125,-4.5948635313654998e-05
6.715,-5.2111058780497738e-05
6.7175,-5.8085785794522981e-05
6.72,-6.3848567297459106e-05
6.7225,-6.9374944365874783e-05
6.725,-7.4642299842135287e-05
6.7275,-7.9629383227698388e-05
6.73,-8.4314882596822849e-05
6.7325,-8.8683438624889073e-05
6.735,-9.2714350985319849e-05
6.7375,-9.6391195484419646e-05
6.74,-9.9701304136697394e-05
6.7425,-0.00010262699285293424
6.745,-0.00010516314392268612
6.7475,-0.00010729878525791177
6.75,-0.00010902341227852011
6.7525,-0.00011033403364132916
6.755,-0.00011122504303516073
6.7575,-0.00011169663804042354
6.76,-0.00011174630023035215
6.7625,-0.00011137605006825531
6.765,-0.00011059416941715759
6.7675,-0.00010939869729927607
6.77,-0.00010779597819837946
6.7725,-0.00010579959545947796
6.775,-0.00010341616173749379
6.7775,-0.00010065280104852421
6.78,-9.7525000398127398e-05
6.7825,-9.4043498819866428e-05
6.785,-9.0222439871710851e-05
6.7875,-8.6075188595738478e-05
6.79,-8.1618266602466019e-05
6.7925,-7.686897371600279e-05
6.795,-7.1842991698366378e-05
6.7975,-6.6556767075526705e-05
6.8,-6.1029914422157224e-05
6.8025,-5.5282909540679572e-05
6.805,-4.9334057593467016e-05
6.8075,-4.3202700322272163e-05
6.81,-3.6911578754668565e-05
6.8125,-3.0482784689732981e-05
6.815,-2.393648551164957e-05
6.8175,-1.7295065628444322e-05
6.82,-1.0583782960661349e-05
6.8225,-3.8248301176152772e-06
6.825,2.9588491979324452e-06
6.8275,9.7405917976912536e-06
6.83,1.6495584435590814e-05
6.8325,2.3199845542517031e-05
6.835,2.9829935701076349e-05
6.8375,3.6356864243892091e-05
6.84,4.2758944022629544e-05
6.8425,4.9010832499075163e-05
6.845,5.5086299464535134e-05
6.8475,6.095877283487982e-05
6.85,6.6606984227590303e-05
6.8525,7.2009951800695355e-05
6.855,7.714314337890329e-05
6.8575,8.1984610520832477e-05
6.86,8.6517246918947134e-05
6.8625,9.0722083252965858e-05
6.865,9.4582385202514088e-05
6.8675,9.8082488783487101e-05
6.87,0.0001012073365185307
6.8725,0.00010394405244885611
6.875,0.00010628279512304797
6.8775,0.00010821601866321241
6.88,0.00010973782807891721
6.8825,0.00011084196706372758
6.885,0.00011152535832683487
6.8875,0.00011178957227601881
6.89,0.00011163286686040139
6.8925,0.0001110593207706069
6.895,0.00011006994128515778
6.8975,0.00010867270356925061
6.9,0.00010687192523056197
6.9025,0.00010468150802614047
6.905,0.00010210806266712018
6.9075,9.9161108048824345e-05
6.91,9.5853588663694211e-05
6.9125,9.2199479492912907e-05
6.915,8.821191651365475e-05
6.9175,8.3905861604305796e-05
6.92,7.9298918148922666e-05
6.9225,7.4404534827676871e-05
6.925,6.9244497243188915e-05
6.9275,6.3834256149313565e-05
6.93,5.8190944779038054e-05
6.9325,5.23369914329792e-05
6.935,4.6290699319070201e-05
6.9375,4.0073291942018433e-05
6.94,3.370694896280217e-05
6.9425,2.7211279407237531e-05
6.945,2.0611803939390336e-05
6.9475,1.3929024434963471e-05
6.95,7.1854236719222417e-06
6.9525,4.0699967762470636e-07
6.955,-6.3818796158947778e-06
6.9575,-1.3158148754865513e-05
6.96,-1.9895502008022979e-05
6.9625,-2.6570225750240375e-05
6.965,-3.3155074250498609e-05
6.9675,-3.9626625919714418e-05
6.97,-4.5959584836494179e-05
6.9725,-5.2126876964014775e-05
6.975,-5.8107069205798852e-05
6.9775,-6.3875267321822035e-05
6.98,-6.940845291522572e-05
6.9825,-7.4681292897671691e-05
6.985,-7.9674195958142409e-05
6.9875,-8.4366702674655751e-05
6.99,-8.8740586717041142e-05
6.9925,-9.277750364247806e-05
6.995,-9.6461679321320737e-05
6.9975,-9.977571005431088e-05
7.0,-0.00010270789499110913
