Physical Time (s),Physical Time (s)
0.0025,0.0025000000000000001
0.005,0.0050000000000000001
0.0075,0.0074999999999999997
0.01,0.01
0.0125,0.012500000000000001
0.015,0.015000000000000001
0.0175,0.017500000000000002
0.02,0.02
0.0225,0.022499999999999999
0.025,0.024999999999999998
0.0275,0.027499999999999997
0.03,0.029999999999999995
0.0325,0.032499999999999994
0.035,0.034999999999999996
0.0375,0.037499999999999999
0.04,0.040000000000000001
0.0425,0.042500000000000003
0.045,0.045000000000000005
0.0475,0.047500000000000007
0.05,0.05000000000000001
0.0525,0.052500000000000012
0.055,0.055000000000000014
0.0575,0.057500000000000016
0.06,0.060000000000000019
0.0625,0.062500000000000014
0.065,0.065000000000000016
0.0675,0.067500000000000018
0.07,0.070000000000000021
0.0725,0.072500000000000023
0.075,0.075000000000000025
0.0775,0.077500000000000027
0.08,0.080000000000000029
0.0825,0.082500000000000032
0.085,0.085000000000000034
0.0875,0.087500000000000036
0.09,0.090000000000000038
0.0925,0.092500000000000041
0.095,0.095000000000000043
0.0975,0.097500000000000045
0.1,0.10000000000000005
0.1025,0.10250000000000005
0.105,0.10500000000000005
0.1075,0.10750000000000005
0.11,0.11000000000000006
0.1125,0.11250000000000006
0.115,0.11500000000000006
0.1175,0.11750000000000006
0.12,0.12000000000000006
0.1225,0.12250000000000007
0.125,0.12500000000000006
0.1275,0.12750000000000006
0.13,0.13000000000000006
0.1325,0.13250000000000006
0.135,0.13500000000000006
0.1375,0.13750000000000007
0.14,0.14000000000000007
0.1425,0.14250000000000007
0.145,0.14500000000000007
0.1475,0.14750000000000008
0.15,0.15000000000000008
0.1525,0.15250000000000008
0.155,0.15500000000000008
0.1575,0.15750000000000008
0.16,0.16000000000000009
0.1625,0.16250000000000009
0.165,0.16500000000000009
0.1675,0.16750000000000009
0.17,0.1700000000000001
0.1725,0.1725000000000001
0.175,0.1750000000000001
0.1775,0.1775000000000001
0.18,0.1800000000000001
0.1825,0.18250000000000011
0.185,0.18500000000000011
0.1875,0.18750000000000011
0.19,0.19000000000000011
0.1925,0.19250000000000012
0.195,0.19500000000000012
0.1975,0.19750000000000012
0.2,0.20000000000000012
0.2025,0.20250000000000012
0.205,0.20500000000000013
0.2075,0.20750000000000013
0.21,0.21000000000000013
0.2125,0.21250000000000013
0.215,0.21500000000000014
0.2175,0.21750000000000014
0.22,0.22000000000000014
0.2225,0.22250000000000014
0.225,0.22500000000000014
0.2275,0.22750000000000015
0.23,0.23000000000000015
0.2325,0.23250000000000015
0.235,0.23500000000000015
0.2375,0.23750000000000016
0.24,0.24000000000000016
0.2425,0.24250000000000016
0.245,0.24500000000000016
0.2475,0.24750000000000016
0.25,0.25000000000000017
0.2525,0.25250000000000017
0.255,0.25500000000000017
0.2575,0.25750000000000017
0.26,0.26000000000000018
0.2625,0.26250000000000018
0.265,0.26500000000000018
0.2675,0.26750000000000018
0.27,0.27000000000000018
0.2725,0.27250000000000019
0.275,0.27500000000000019
0.2775,0.27750000000000019
0.28,0.28000000000000019
0.2825,0.2825000000000002
0.285,0.2850000000000002
0.2875,0.2875000000000002
0.29,0.2900000000000002
0.2925,0.2925000000000002
0.295,0.29500000000000021
0.2975,0.29750000000000021
0.3,0.30000000000000021
0.3025,0.30250000000000021
0.305,0.30500000000000022
0.3075,0.30750000000000022
0.31,0.31000000000000022
0.3125,0.31250000000000022
0.315,0.31500000000000022
0.3175,0.31750000000000023
0.32,0.32000000000000023
0.3225,0.32250000000000023
0.325,0.32500000000000023
0.3275,0.32750000000000024
0.33,0.33000000000000024
0.3325,0.33250000000000024
0.335,0.33500000000000024
0.3375,0.33750000000000024
0.34,0.34000000000000025
0.3425,0.34250000000000025
0.345,0.34500000000000025
0.3475,0.34750000000000025
0.35,0.35000000000000026
0.3525,0.35250000000000026
0.355,0.35500000000000026
0.3575,0.35750000000000026
0.36,0.36000000000000026
0.3625,0.36250000000000027
0.365,0.36500000000000027
0.3675,0.36750000000000027
0.37,0.37000000000000027
0.3725,0.37250000000000028
0.375,0.37500000000000028
0.3775,0.37750000000000028
0.38,0.38000000000000028
0.3825,0.38250000000000028
0.385,0.38500000000000029
0.3875,0.38750000000000029
0.39,0.39000000000000029
0.3925,0.39250000000000029
0.395,0.3950000000000003
0.3975,0.3975000000000003
0.4,0.4000000000000003
0.4025,0.4025000000000003
0.405,0.4050000000000003
0.4075,0.40750000000000031
0.41,0.41000000000000031
0.4125,0.41250000000000031
0.415,0.41500000000000031
0.4175,0.41750000000000032
0.42,0.42000000000000032
0.4225,0.42250000000000032
0.425,0.42500000000000032
0.4275,0.42750000000000032
0.43,0.43000000000000033
0.4325,0.43250000000000033
0.435,0.43500000000000033
0.4375,0.43750000000000033
0.44,0.44000000000000034
0.4425,0.44250000000000034
0.445,0.44500000000000034
0.4475,0.44750000000000034
0.45,0.45000000000000034
0.4525,0.45250000000000035
0.455,0.45500000000000035
0.4575,0.45750000000000035
0.46,0.46000000000000035
0.4625,0.46250000000000036
0.465,0.46500000000000036
0.4675,0.46750000000000036
0.47,0.47000000000000036
0.4725,0.47250000000000036
0.475,0.47500000000000037
0.4775,0.47750000000000037
0.48,0.48000000000000037
0.4825,0.48250000000000037
0.485,0.48500000000000038
0.4875,0.48750000000000038
0.49,0.49000000000000038
0.4925,0.49250000000000038
0.495,0.49500000000000038
0.4975,0.49750000000000039
0.5,0.50000000000000033
0.5025,0.50250000000000028
0.505,0.50500000000000023
0.5075,0.50750000000000017
0.51,0.51000000000000012
0.5125,0.51250000000000007
0.515,0.51500000000000001
0.5175,0.51749999999999996
0.52,0.51999999999999991
0.5225,0.52249999999999985
0.525,0.5249999999999998
0.5275,0.52749999999999975
0.53,0.52999999999999969
0.5325,0.53249999999999964
0.535,0.53499999999999959
0.5375,0.53749999999999953
0.54,0.53999999999999948
0.5425,0.54249999999999943
0.545,0.54499999999999937
0.5475,0.54749999999999932
0.55,0.54999999999999927
0.5525,0.55249999999999921
0.555,0.55499999999999916
0.5575,0.55749999999999911
0.56,0.55999999999999905
0.5625,0.562499999999999
0.565,0.56499999999999895
0.5675,0.56749999999999889
0.57,0.56999999999999884
0.5725,0.57249999999999879
0.575,0.57499999999999873
0.5775,0.57749999999999868
0.58,0.57999999999999863
0.5825,0.58249999999999857
0.585,0.58499999999999852
0.5875,0.58749999999999847
0.59,0.58999999999999841
0.5925,0.59249999999999836
0.595,0.59499999999999831
0.5975,0.59749999999999825
0.6,0.5999999999999982
0.6025,0.60249999999999815
0.605,0.60499999999999809
0.6075,0.60749999999999804
0.61,0.60999999999999799
0.6125,0.61249999999999793
0.615,0.61499999999999788
0.6175,0.61749999999999783
0.62,0.61999999999999778
0.6225,0.62249999999999772
0.625,0.62499999999999767
0.6275,0.62749999999999762
0.63,0.62999999999999756
0.6325,0.63249999999999751
0.635,0.63499999999999746
0.6375,0.6374999999999974
0.64,0.63999999999999735
0.6425,0.6424999999999973
0.645,0.64499999999999724
0.6475,0.64749999999999719
0.65,0.64999999999999714
0.6525,0.65249999999999708
0.655,0.65499999999999703
0.6575,0.65749999999999698
0.66,0.65999999999999692
0.6625,0.66249999999999687
0.665,0.66499999999999682
0.6675,0.66749999999999676
0.67,0.66999999999999671
0.6725,0.67249999999999666
0.675,0.6749999999999966
0.6775,0.67749999999999655
0.68,0.6799999999999965
0.6825,0.68249999999999644
0.685,0.68499999999999639
0.6875,0.68749999999999634
0.69,0.68999999999999628
0.6925,0.69249999999999623
0.695,0.69499999999999618
0.6975,0.69749999999999612
0.7,0.69999999999999607
0.7025,0.70249999999999602
0.705,0.70499999999999596
0.7075,0.70749999999999591
0.71,0.70999999999999586
0.7125,0.7124999999999958
0.715,0.71499999999999575
0.7175,0.7174999999999957
0.72,0.71999999999999564
0.7225,0.72249999999999559
0.725,0.72499999999999554
0.7275,0.72749999999999548
0.73,0.72999999999999543
0.7325,0.73249999999999538
0.735,0.73499999999999532
0.7375,0.73749999999999527
0.74,0.73999999999999522
0.7425,0.74249999999999516
0.745,0.74499999999999511
0.7475,0.74749999999999506
0.75,0.749999999999995
0.7525,0.75249999999999495
0.755,0.7549999999999949
0.7575,0.75749999999999484
0.76,0.75999999999999479
0.7625,0.76249999999999474
0.765,0.76499999999999468
0.7675,0.76749999999999463
0.77,0.76999999999999458
0.7725,0.77249999999999452
0.775,0.77499999999999447
0.7775,0.77749999999999442
0.78,0.77999999999999436
0.7825,0.78249999999999431
0.785,0.78499999999999426
0.7875,0.7874999999999942
0.79,0.78999999999999415
0.7925,0.7924999999999941
0.795,0.79499999999999404
0.7975,0.79749999999999399
0.8,0.79999999999999394
0.8025,0.80249999999999388
0.805,0.80499999999999383
0.8075,0.80749999999999378
0.81,0.80999999999999373
0.8125,0.81249999999999367
0.815,0.81499999999999362
0.8175,0.81749999999999357
0.82,0.81999999999999351
0.8225,0.82249999999999346
0.825,0.82499999999999341
0.8275,0.82749999999999335
0.83,0.8299999999999933
0.8325,0.83249999999999325
0.835,0.83499999999999319
0.8375,0.83749999999999314
0.84,0.83999999999999309
0.8425,0.84249999999999303
0.845,0.84499999999999298
0.8475,0.84749999999999293
0.85,0.84999999999999287
0.8525,0.85249999999999282
0.855,0.85499999999999277
0.8575,0.85749999999999271
0.86,0.85999999999999266
0.8625,0.86249999999999261
0.865,0.86499999999999255
0.8675,0.8674999999999925
0.87,0.86999999999999245
0.8725,0.87249999999999239
0.875,0.87499999999999234
0.8775,0.87749999999999229
0.88,0.87999999999999223
0.8825,0.88249999999999218
0.885,0.88499999999999213
0.8875,0.88749999999999207
0.89,0.88999999999999202
0.8925,0.89249999999999197
0.895,0.89499999999999191
0.8975,0.89749999999999186
0.9,0.89999999999999181
0.9025,0.90249999999999175
0.905,0.9049999999999917
0.9075,0.90749999999999165
0.91,0.90999999999999159
0.9125,0.91249999999999154
0.915,0.91499999999999149
0.9175,0.91749999999999143
0.92,0.91999999999999138
0.9225,0.92249999999999133
0.925,0.92499999999999127
0.9275,0.92749999999999122
0.93,0.92999999999999117
0.9325,0.93249999999999111
0.935,0.93499999999999106
0.9375,0.93749999999999101
0.94,0.93999999999999095
0.9425,0.9424999999999909
0.945,0.94499999999999085
0.9475,0.94749999999999079
0.95,0.94999999999999074
0.9525,0.95249999999999069
0.955,0.95499999999999063
0.9575,0.95749999999999058
0.96,0.95999999999999053
0.9625,0.96249999999999047
0.965,0.96499999999999042
0.9675,0.96749999999999037
0.97,0.96999999999999031
0.9725,0.97249999999999026
0.975,0.97499999999999021
0.9775,0.97749999999999015
0.98,0.9799999999999901
0.9825,0.98249999999999005
0.985,0.98499999999998999
0.9875,0.98749999999998994
0.99,0.98999999999998989
0.9925,0.99249999999998983
0.995,0.99499999999998978
0.9975,0.99749999999998973
1.0,0.99999999999998967
1.0025,1.0024999999999897
1.005,1.0049999999999897
1.0075,1.0074999999999896
1.01,1.0099999999999896
1.0125,1.0124999999999895
1.015,1.0149999999999895
1.0175,1.0174999999999894
1.02,1.0199999999999894
1.0225,1.0224999999999893
1.025,1.0249999999999893
1.0275,1.0274999999999892
1.03,1.0299999999999891
1.0325,1.0324999999999891
1.035,1.034999999999989
1.0375,1.037499999999989
1.04,1.0399999999999889
1.0425,1.0424999999999889
1.045,1.0449999999999888
1.0475,1.0474999999999888
1.05,1.0499999999999887
1.0525,1.0524999999999887
1.055,1.0549999999999886
1.0575,1.0574999999999886
1.06,1.0599999999999885
1.0625,1.0624999999999885
1.065,1.0649999999999884
1.0675,1.0674999999999883
1.07,1.0699999999999883
1.0725,1.0724999999999882
1.075,1.0749999999999882
1.0775,1.0774999999999881
1.08,1.0799999999999881
1.0825,1.082499999999988
1.085,1.084999999999988
1.0875,1.0874999999999879
1.09,1.0899999999999879
1.0925,1.0924999999999878
1.095,1.0949999999999878
1.0975,1.0974999999999877
1.1,1.0999999999999877
1.1025,1.1024999999999876
1.105,1.1049999999999875
1.1075,1.1074999999999875
1.11,1.1099999999999874
1.1125,1.1124999999999874
1.115,1.1149999999999873
1.1175,1.1174999999999873
1.12,1.1199999999999872
1.1225,1.1224999999999872
1.125,1.1249999999999871
1.1275,1.1274999999999871
1.13,1.129999999999987
1.1325,1.132499999999987
1.135,1.1349999999999869
1.1375,1.1374999999999869
1.14,1.1399999999999868
1.1425,1.1424999999999867
1.145,1.1449999999999867
1.1475,1.1474999999999866
1.15,1.1499999999999866
1.1525,1.1524999999999865
1.155,1.1549999999999865
1.1575,1.1574999999999864
1.16,1.1599999999999864
1.1625,1.1624999999999863
1.165,1.1649999999999863
1.1675,1.1674999999999862
1.17,1.1699999999999862
1.1725,1.1724999999999861
1.175,1.1749999999999861
1.1775,1.177499999999986
1.18,1.1799999999999859
1.1825,1.1824999999999859
1.185,1.1849999999999858
1.1875,1.1874999999999858
1.19,1.1899999999999857
1.1925,1.1924999999999857
1.195,1.1949999999999856
1.1975,1.1974999999999856
1.2,1.1999999999999855
1.2025,1.2024999999999855
1.205,1.2049999999999854
1.2075,1.2074999999999854
1.21,1.2099999999999853
1.2125,1.2124999999999853
1.215,1.2149999999999852
1.2175,1.2174999999999851
1.22,1.2199999999999851
1.2225,1.222499999999985
1.225,1.224999999999985
1.2275,1.2274999999999849
1.23,1.2299999999999849
1.2325,1.2324999999999848
1.235,1.2349999999999848
1.2375,1.2374999999999847
1.24,1.2399999999999847
1.2425,1.2424999999999846
1.245,1.2449999999999846
1.2475,1.2474999999999845
1.25,1.2499999999999845
1.2525,1.2524999999999844
1.255,1.2549999999999844
1.2575,1.2574999999999843
1.26,1.2599999999999842
1.2625,1.2624999999999842
1.265,1.2649999999999841
1.2675,1.2674999999999841
1.27,1.269999999999984
1.2725,1.272499999999984
1.275,1.2749999999999839
1.2775,1.2774999999999839
1.28,1.2799999999999838
1.2825,1.2824999999999838
1.285,1.2849999999999837
1.2875,1.2874999999999837
1.29,1.2899999999999836
1.2925,1.2924999999999836
1.295,1.2949999999999835
1.2975,1.2974999999999834
1.3,1.2999999999999834
1.3025,1.3024999999999833
1.305,1.3049999999999833
1.3075,1.3074999999999832
1.31,1.3099999999999832
1.3125,1.3124999999999831
1.315,1.3149999999999831
1.3175,1.317499999999983
1.32,1.319999999999983
1.3225,1.3224999999999829
1.325,1.3249999999999829
1.3275,1.3274999999999828
1.33,1.3299999999999828
1.3325,1.3324999999999827
1.335,1.3349999999999826
1.3375,1.3374999999999826
1.34,1.3399999999999825
1.3425,1.3424999999999825
1.345,1.3449999999999824
1.3475,1.3474999999999824
1.35,1.3499999999999823
1.3525,1.3524999999999823
1.355,1.3549999999999822
1.3575,1.3574999999999822
1.36,1.3599999999999821
1.3625,1.3624999999999821
1.365,1.364999999999982
1.3675,1.367499999999982
1.37,1.3699999999999819
1.3725,1.3724999999999818
1.375,1.3749999999999818
1.3775,1.3774999999999817
1.38,1.3799999999999817
1.3825,1.3824999999999816
1.385,1.3849999999999816
1.3875,1.3874999999999815
1.39,1.3899999999999815
1.3925,1.3924999999999814
1.395,1.3949999999999814
1.3975,1.3974999999999813
1.4,1.3999999999999813
1.4025,1.4024999999999812
1.405,1.4049999999999812
1.4075,1.4074999999999811
1.41,1.409999999999981
1.4125,1.412499999999981
1.415,1.4149999999999809
1.4175,1.4174999999999809
1.42,1.4199999999999808
1.4225,1.4224999999999808
1.425,1.4249999999999807
1.4275,1.4274999999999807
1.43,1.4299999999999806
1.4325,1.4324999999999806
1.435,1.4349999999999805
1.4375,1.4374999999999805
1.44,1.4399999999999804
1.4425,1.4424999999999804
1.445,1.4449999999999803
1.4475,1.4474999999999802
1.45,1.4499999999999802
1.4525,1.4524999999999801
1.455,1.4549999999999801
1.4575,1.45749999999998
1.46,1.45999999999998
1.4625,1.4624999999999799
1.465,1.4649999999999799
1.4675,1.4674999999999798
1.47,1.4699999999999798
1.4725,1.4724999999999797
1.475,1.4749999999999797
1.4775,1.4774999999999796
1.48,1.4799999999999796
1.4825,1.4824999999999795
1.485,1.4849999999999794
1.4875,1.4874999999999794
1.49,1.4899999999999793
1.4925,1.4924999999999793
1.495,1.4949999999999792
1.4975,1.4974999999999792
1.5,1.4999999999999791
1.5025,1.5024999999999791
1.505,1.504999999999979
1.5075,1.507499999999979
1.51,1.5099999999999789
1.5125,1.5124999999999789
1.515,1.5149999999999788
1.5175,1.5174999999999788
1.52,1.5199999999999787
1.5225,1.5224999999999786
1.525,1.5249999999999786
1.5275,1.5274999999999785
1.53,1.5299999999999785
1.5325,1.5324999999999784
1.535,1.5349999999999784
1.5375,1.5374999999999783
1.54,1.5399999999999783
1.5425,1.5424999999999782
1.545,1.5449999999999782
1.5475,1.5474999999999781
1.55,1.5499999999999781
1.5525,1.552499999999978
1.555,1.554999999999978
1.5575,1.5574999999999779
1.56,1.5599999999999778
1.5625,1.5624999999999778
1.565,1.5649999999999777
1.5675,1.5674999999999777
1.57,1.5699999999999776
1.5725,1.5724999999999776
1.575,1.5749999999999775
1.5775,1.5774999999999775
1.58,1.5799999999999774
1.5825,1.5824999999999774
1.585,1.5849999999999773
1.5875,1.5874999999999773
1.59,1.5899999999999772
1.5925,1.5924999999999772
1.595,1.5949999999999771
1.5975,1.597499999999977
1.6,1.599999999999977
1.6025,1.6024999999999769
1.605,1.6049999999999769
1.6075,1.6074999999999768
1.61,1.6099999999999768
1.6125,1.6124999999999767
1.615,1.6149999999999767
1.6175,1.6174999999999766
1.62,1.6199999999999766
1.6225,1.6224999999999765
1.625,1.6249999999999765
1.6275,1.6274999999999764
1.63,1.6299999999999764
1.6325,1.6324999999999763
1.635,1.6349999999999763
1.6375,1.6374999999999762
1.64,1.6399999999999761
1.6425,1.6424999999999761
1.645,1.644999999999976
1.6475,1.647499999999976
1.65,1.6499999999999759
1.6525,1.6524999999999759
1.655,1.6549999999999758
1.6575,1.6574999999999758
1.66,1.6599999999999757
1.6625,1.6624999999999757
1.665,1.6649999999999756
1.6675,1.6674999999999756
1.67,1.6699999999999755
1.6725,1.6724999999999755
1.675,1.6749999999999754
1.6775,1.6774999999999753
1.68,1.6799999999999753
1.6825,1.6824999999999752
1.685,1.6849999999999752
1.6875,1.6874999999999751
1.69,1.6899999999999751
1.6925,1.692499999999975
1.695,1.694999999999975
1.6975,1.6974999999999749
1.7,1.6999999999999749
1.7025,1.7024999999999748
1.705,1.7049999999999748
1.7075,1.7074999999999747
1.71,1.7099999999999747
1.7125,1.7124999999999746
1.715,1.7149999999999745
1.7175,1.7174999999999745
1.72,1.7199999999999744
1.7225,1.7224999999999744
1.725,1.7249999999999743
1.7275,1.7274999999999743
1.73,1.7299999999999742
1.7325,1.7324999999999742
1.735,1.7349999999999741
1.7375,1.7374999999999741
1.74,1.739999999999974
1.7425,1.742499999999974
1.745,1.7449999999999739
1.7475,1.7474999999999739
1.75,1.7499999999999738
1.7525,1.7524999999999737
1.755,1.7549999999999737
1.7575,1.7574999999999736
1.76,1.7599999999999736
1.7625,1.7624999999999735
1.765,1.7649999999999735
1.7675,1.7674999999999734
1.77,1.7699999999999734
1.7725,1.7724999999999733
1.775,1.7749999999999733
1.7775,1.7774999999999732
1.78,1.7799999999999732
1.7825,1.7824999999999731
1.785,1.7849999999999731
1.7875,1.787499999999973
1.79,1.7899999999999729
1.7925,1.7924999999999729
1.795,1.7949999999999728
1.7975,1.7974999999999728
1.8,1.7999999999999727
1.8025,1.8024999999999727
1.805,1.8049999999999726
1.8075,1.8074999999999726
1.81,1.8099999999999725
1.8125,1.8124999999999725
1.815,1.8149999999999724
1.8175,1.8174999999999724
1.82,1.8199999999999723
1.8225,1.8224999999999723
1.825,1.8249999999999722
1.8275,1.8274999999999721
1.83,1.8299999999999721
1.8325,1.832499999999972
1.835,1.834999999999972
1.8375,1.8374999999999719
1.84,1.8399999999999719
1.8425,1.8424999999999718
1.845,1.8449999999999718
1.8475,1.8474999999999717
1.85,1.8499999999999717
1.8525,1.8524999999999716
1.855,1.8549999999999716
1.8575,1.8574999999999715
1.86,1.8599999999999715
1.8625,1.8624999999999714
1.865,1.8649999999999713
1.8675,1.8674999999999713
1.87,1.8699999999999712
1.8725,1.8724999999999712
1.875,1.8749999999999711
1.8775,1.8774999999999711
1.88,1.879999999999971
1.8825,1.882499999999971
1.885,1.8849999999999709
1.8875,1.8874999999999709
1.89,1.8899999999999708
1.8925,1.8924999999999708
1.895,1.8949999999999707
1.8975,1.8974999999999707
1.9,1.8999999999999706
1.9025,1.9024999999999705
1.905,1.9049999999999705
1.9075,1.9074999999999704
1.91,1.9099999999999704
1.9125,1.9124999999999703
1.915,1.9149999999999703
1.9175,1.9174999999999702
1.92,1.9199999999999702
1.9225,1.9224999999999701
1.925,1.9249999999999701
1.9275,1.92749999999997
1.93,1.92999999999997
1.9325,1.9324999999999699
1.935,1.9349999999999699
1.9375,1.9374999999999698
1.94,1.9399999999999697
1.9425,1.9424999999999697
1.945,1.9449999999999696
1.9475,1.9474999999999696
1.95,1.9499999999999695
1.9525,1.9524999999999695
1.955,1.9549999999999694
1.9575,1.9574999999999694
1.96,1.9599999999999693
1.9625,1.9624999999999693
1.965,1.9649999999999692
1.9675,1.9674999999999692
1.97,1.9699999999999691
1.9725,1.9724999999999691
1.975,1.974999999999969
1.9775,1.9774999999999689
1.98,1.9799999999999689
1.9825,1.9824999999999688
1.985,1.9849999999999688
1.9875,1.9874999999999687
1.99,1.9899999999999687
1.9925,1.9924999999999686
1.995,1.9949999999999686
1.9975,1.9974999999999685
2.0,1.9999999999999685
2.0025,2.0024999999999684
2.005,2.0049999999999684
2.0075,2.0074999999999683
2.01,2.0099999999999683
2.0125,2.0124999999999682
2.015,2.0149999999999681
2.0175,2.0174999999999681
2.02,2.019999999999968
2.0225,2.022499999999968
2.025,2.0249999999999679
2.0275,2.0274999999999679
2.03,2.0299999999999678
2.0325,2.0324999999999678
2.035,2.0349999999999677
2.0375,2.0374999999999677
2.04,2.0399999999999676
2.0425,2.0424999999999676
2.045,2.0449999999999675
2.0475,2.0474999999999675
2.05,2.0499999999999674
2.0525,2.0524999999999674
2.055,2.0549999999999673
2.0575,2.0574999999999672
2.06,2.0599999999999672
2.0625,2.0624999999999671
2.065,2.0649999999999671
2.0675,2.067499999999967
2.07,2.069999999999967
2.0725,2.0724999999999669
2.075,2.0749999999999669
2.0775,2.0774999999999668
2.08,2.0799999999999668
2.0825,2.0824999999999667
2.085,2.0849999999999667
2.0875,2.0874999999999666
2.09,2.0899999999999666
2.0925,2.0924999999999665
2.095,2.0949999999999664
2.0975,2.0974999999999664
2.1,2.0999999999999663
2.1025,2.1024999999999663
2.105,2.1049999999999662
2.1075,2.1074999999999662
2.11,2.1099999999999661
2.1125,2.1124999999999661
2.115,2.114999999999966
2.1175,2.117499999999966
2.12,2.1199999999999659
2.1225,2.1224999999999659
2.125,2.1249999999999658
2.1275,2.1274999999999658
2.13,2.1299999999999657
2.1325,2.1324999999999656
2.135,2.1349999999999656
2.1375,2.1374999999999655
2.14,2.1399999999999655
2.1425,2.1424999999999654
2.145,2.1449999999999654
2.1475,2.1474999999999653
2.15,2.1499999999999653
2.1525,2.1524999999999652
2.155,2.1549999999999652
2.1575,2.1574999999999651
2.16,2.1599999999999651
2.1625,2.162499999999965
2.165,2.164999999999965
2.1675,2.1674999999999649
2.17,2.1699999999999648
2.1725,2.1724999999999648
2.175,2.1749999999999647
2.1775,2.1774999999999647
2.18,2.1799999999999646
2.1825,2.1824999999999646
2.185,2.1849999999999645
2.1875,2.1874999999999645
2.19,2.1899999999999644
2.1925,2.1924999999999644
2.195,2.1949999999999643
2.1975,2.1974999999999643
2.2,2.1999999999999642
2.2025,2.2024999999999642
2.205,2.2049999999999641
2.2075,2.207499999999964
2.21,2.209999999999964
2.2125,2.2124999999999639
2.215,2.2149999999999639
2.2175,2.2174999999999638
2.22,2.2199999999999638
2.2225,2.2224999999999637
2.225,2.2249999999999637
2.2275,2.2274999999999636
2.23,2.2299999999999636
2.2325,2.2324999999999635
2.235,2.2349999999999635
2.2375,2.2374999999999634
2.24,2.2399999999999634
2.2425,2.2424999999999633
2.245,2.2449999999999632
2.2475,2.2474999999999632
2.25,2.2499999999999631
2.2525,2.2524999999999631
2.255,2.254999999999963
2.2575,2.257499999999963
2.26,2.2599999999999629
2.2625,2.2624999999999629
2.265,2.2649999999999628
2.2675,2.2674999999999628
2.27,2.2699999999999627
2.2725,2.2724999999999627
2.275,2.2749999999999626
2.2775,2.2774999999999626
2.28,2.2799999999999625
2.2825,2.2824999999999624
2.285,2.2849999999999624
2.2875,2.2874999999999623
2.29,2.2899999999999623
2.2925,2.2924999999999622
2.295,2.2949999999999622
2.2975,2.2974999999999621
2.3,2.2999999999999621
2.3025,2.302499999999962
2.305,2.304999999999962
2.3075,2.3074999999999619
2.31,2.3099999999999619
2.3125,2.3124999999999618
2.315,2.3149999999999618
2.3175,2.3174999999999617
2.32,2.3199999999999616
2.3225,2.3224999999999616
2.325,2.3249999999999615
2.3275,2.3274999999999615
2.33,2.3299999999999614
2.3325,2.3324999999999614
2.335,2.3349999999999613
2.3375,2.3374999999999613
2.34,2.3399999999999612
2.3425,2.3424999999999612
2.345,2.3449999999999611
2.3475,2.3474999999999611
2.35,2.349999999999961
2.3525,2.352499999999961
2.355,2.3549999999999609
2.3575,2.3574999999999608
2.36,2.3599999999999608
2.3625,2.3624999999999607
2.365,2.3649999999999607
2.3675,2.3674999999999606
2.37,2.3699999999999606
2.3725,2.3724999999999605
2.375,2.3749999999999605
2.3775,2.3774999999999604
2.38,2.3799999999999604
2.3825,2.3824999999999603
2.385,2.3849999999999603
2.3875,2.3874999999999602
2.39,2.3899999999999602
2.3925,2.3924999999999601
2.395,2.39499999999996
2.3975,2.39749999999996
2.4,2.3999999999999599
2.4025,2.4024999999999599
2.405,2.4049999999999598
2.4075,2.4074999999999598
2.41,2.4099999999999597
2.4125,2.4124999999999597
2.415,2.4149999999999596
2.4175,2.4174999999999596
2.42,2.4199999999999595
2.4225,2.4224999999999595
2.425,2.4249999999999594
2.4275,2.4274999999999594
2.43,2.4299999999999593
2.4325,2.4324999999999593
2.435,2.4349999999999592
2.4375,2.4374999999999591
2.44,2.4399999999999591
2.4425,2.442499999999959
2.445,2.444999999999959
2.4475,2.4474999999999589
2.45,2.4499999999999589
2.4525,2.4524999999999588
2.455,2.4549999999999588
2.4575,2.4574999999999587
2.46,2.4599999999999587
2.4625,2.4624999999999586
2.465,2.4649999999999586
2.4675,2.4674999999999585
2.47,2.4699999999999585
2.4725,2.4724999999999584
2.475,2.4749999999999583
2.4775,2.4774999999999583
2.48,2.4799999999999582
2.4825,2.4824999999999582
2.485,2.4849999999999581
2.4875,2.4874999999999581
2.49,2.489999999999958
2.4925,2.492499999999958
2.495,2.4949999999999579
2.4975,2.4974999999999579
2.5,2.4999999999999578
2.5025,2.5024999999999578
2.505,2.5049999999999577
2.5075,2.5074999999999577
2.51,2.5099999999999576
2.5125,2.5124999999999575
2.515,2.5149999999999575
2.5175,2.5174999999999574
2.52,2.5199999999999574
2.5225,2.5224999999999573
2.525,2.5249999999999573
2.5275,2.5274999999999572
2.53,2.5299999999999572
2.5325,2.5324999999999571
2.535,2.5349999999999571
2.5375,2.537499999999957
2.54,2.539999999999957
2.5425,2.5424999999999569
2.545,2.5449999999999569
2.5475,2.5474999999999568
2.55,2.5499999999999567
2.5525,2.5524999999999567
2.555,2.5549999999999566
2.5575,2.5574999999999566
2.56,2.5599999999999565
2.5625,2.5624999999999565
2.565,2.5649999999999564
2.5675,2.5674999999999564
2.57,2.5699999999999563
2.5725,2.5724999999999563
2.575,2.5749999999999562
2.5775,2.5774999999999562
2.58,2.5799999999999561
2.5825,2.5824999999999561
2.585,2.584999999999956
2.5875,2.5874999999999559
2.59,2.5899999999999559
2.5925,2.5924999999999558
2.595,2.5949999999999558
2.5975,2.5974999999999557
2.6,2.5999999999999557
2.6025,2.6024999999999556
2.605,2.6049999999999556
2.6075,2.6074999999999555
2.61,2.6099999999999555
2.6125,2.6124999999999554
2.615,2.6149999999999554
2.6175,2.6174999999999553
2.62,2.6199999999999553
2.6225,2.6224999999999552
2.625,2.6249999999999551
2.6275,2.6274999999999551
2.63,2.629999999999955
2.6325,2.632499999999955
2.635,2.6349999999999549
2.6375,2.6374999999999549
2.64,2.6399999999999548
2.6425,2.6424999999999548
2.645,2.6449999999999547
2.6475,2.6474999999999547
2.65,2.6499999999999546
2.6525,2.6524999999999546
2.655,2.6549999999999545
2.6575,2.6574999999999545
2.66,2.6599999999999544
2.6625,2.6624999999999543
2.665,2.6649999999999543
2.6675,2.6674999999999542
2.67,2.6699999999999542
2.6725,2.6724999999999541
2.675,2.6749999999999541
2.6775,2.677499999999954
2.68,2.679999999999954
2.6825,2.6824999999999539
2.685,2.6849999999999539
2.6875,2.6874999999999538
2.69,2.6899999999999538
2.6925,2.6924999999999537
2.695,2.6949999999999537
2.6975,2.6974999999999536
2.7,2.6999999999999535
2.7025,2.7024999999999535
2.705,2.7049999999999534
2.7075,2.7074999999999534
2.71,2.7099999999999533
2.7125,2.7124999999999533
2.715,2.7149999999999532
2.7175,2.7174999999999532
2.72,2.7199999999999531
2.7225,2.7224999999999531
2.725,2.724999999999953
2.7275,2.727499999999953
2.73,2.7299999999999529
2.7325,2.7324999999999529
2.735,2.7349999999999528
2.7375,2.7374999999999527
2.74,2.7399999999999527
2.7425,2.7424999999999526
2.745,2.7449999999999526
2.7475,2.7474999999999525
2.75,2.7499999999999525
2.7525,2.7524999999999524
2.755,2.7549999999999524
2.7575,2.7574999999999523
2.76,2.7599999999999523
2.7625,2.7624999999999522
2.765,2.7649999999999522
2.7675,2.7674999999999521
2.77,2.7699999999999521
2.7725,2.772499999999952
2.775,2.7749999999999519
2.7775,2.7774999999999519
2.78,2.7799999999999518
2.7825,2.7824999999999518
2.785,2.7849999999999517
2.7875,2.7874999999999517
2.79,2.7899999999999516
2.7925,2.7924999999999516
2.795,2.7949999999999515
2.7975,2.7974999999999515
2.8,2.7999999999999514
2.8025,2.8024999999999514
2.805,2.8049999999999513
2.8075,2.8074999999999513
2.81,2.8099999999999512
2.8125,2.8124999999999512
2.815,2.8149999999999511
2.8175,2.817499999999951
2.82,2.819999999999951
2.8225,2.8224999999999509
2.825,2.8249999999999509
2.8275,2.8274999999999508
2.83,2.8299999999999508
2.8325,2.8324999999999507
2.835,2.8349999999999507
2.8375,2.8374999999999506
2.84,2.8399999999999506
2.8425,2.8424999999999505
2.845,2.8449999999999505
2.8475,2.8474999999999504
2.85,2.8499999999999504
2.8525,2.8524999999999503
2.855,2.8549999999999502
2.8575,2.8574999999999502
2.86,2.8599999999999501
2.8625,2.8624999999999501
2.865,2.86499999999995
2.8675,2.86749999999995
2.87,2.8699999999999499
2.8725,2.8724999999999499
2.875,2.8749999999999498
2.8775,2.8774999999999498
2.88,2.8799999999999497
2.8825,2.8824999999999497
2.885,2.8849999999999496
2.8875,2.8874999999999496
2.89,2.8899999999999495
2.8925,2.8924999999999494
2.895,2.8949999999999494
2.8975,2.8974999999999493
2.9,2.8999999999999493
2.9025,2.9024999999999492
2.905,2.9049999999999492
2.9075,2.9074999999999491
2.91,2.9099999999999491
2.9125,2.912499999999949
2.915,2.914999999999949
2.9175,2.9174999999999489
2.92,2.9199999999999489
2.9225,2.9224999999999488
2.925,2.9249999999999488
2.9275,2.9274999999999487
2.93,2.9299999999999486
2.9325,2.9324999999999486
2.935,2.9349999999999485
2.9375,2.9374999999999485
2.94,2.9399999999999484
2.9425,2.9424999999999484
2.945,2.9449999999999483
2.9475,2.9474999999999483
2.95,2.9499999999999482
2.9525,2.9524999999999482
2.955,2.9549999999999481
2.9575,2.9574999999999481
2.96,2.959999999999948
2.9625,2.962499999999948
2.965,2.9649999999999479
2.9675,2.9674999999999478
2.97,2.9699999999999478
2.9725,2.9724999999999477
2.975,2.9749999999999477
2.9775,2.9774999999999476
2.98,2.9799999999999476
2.9825,2.9824999999999475
2.985,2.9849999999999475
2.9875,2.9874999999999474
2.99,2.9899999999999474
2.9925,2.9924999999999473
2.995,2.9949999999999473
2.9975,2.9974999999999472
3.0,2.9999999999999472
3.0025,3.0024999999999471
3.005,3.004999999999947
3.0075,3.007499999999947
3.01,3.0099999999999469
3.0125,3.0124999999999469
3.015,3.0149999999999468
3.0175,3.0174999999999468
3.02,3.0199999999999467
3.0225,3.0224999999999467
3.025,3.0249999999999466
3.0275,3.0274999999999466
3.03,3.0299999999999465
3.0325,3.0324999999999465
3.035,3.0349999999999464
3.0375,3.0374999999999464
3.04,3.0399999999999463
3.0425,3.0424999999999462
3.045,3.0449999999999462
3.0475,3.0474999999999461
3.05,3.0499999999999461
3.0525,3.052499999999946
3.055,3.054999999999946
3.0575,3.0574999999999459
3.06,3.0599999999999459
3.0625,3.0624999999999458
3.065,3.0649999999999458
3.0675,3.0674999999999457
3.07,3.0699999999999457
3.0725,3.0724999999999456
3.075,3.0749999999999456
3.0775,3.0774999999999455
3.08,3.0799999999999454
3.0825,3.0824999999999454
3.085,3.0849999999999453
3.0875,3.0874999999999453
3.09,3.0899999999999452
3.0925,3.0924999999999452
3.095,3.0949999999999451
3.0975,3.0974999999999451
3.1,3.099999999999945
3.1025,3.102499999999945
3.105,3.1049999999999449
3.1075,3.1074999999999449
3.11,3.1099999999999448
3.1125,3.1124999999999448
3.115,3.1149999999999447
3.1175,3.1174999999999446
3.12,3.1199999999999446
3.1225,3.1224999999999445
3.125,3.1249999999999445
3.1275,3.1274999999999444
3.13,3.1299999999999444
3.1325,3.1324999999999443
3.135,3.1349999999999443
3.1375,3.1374999999999442
3.14,3.1399999999999442
3.1425,3.1424999999999441
3.145,3.1449999999999441
3.1475,3.147499999999944
3.15,3.149999999999944
3.1525,3.1524999999999439
3.155,3.1549999999999438
3.1575,3.1574999999999438
3.16,3.1599999999999437
3.1625,3.1624999999999437
3.165,3.1649999999999436
3.1675,3.1674999999999436
3.17,3.1699999999999435
3.1725,3.1724999999999435
3.175,3.1749999999999434
3.1775,3.1774999999999434
3.18,3.1799999999999433
3.1825,3.1824999999999433
3.185,3.1849999999999432
3.1875,3.1874999999999432
3.19,3.1899999999999431
3.1925,3.192499999999943
3.195,3.194999999999943
3.1975,3.1974999999999429
3.2,3.1999999999999429
3.2025,3.2024999999999428
3.205,3.2049999999999428
3.2075,3.2074999999999427
3.21,3.2099999999999427
3.2125,3.2124999999999426
3.215,3.2149999999999426
3.2175,3.2174999999999425
3.22,3.2199999999999425
3.2225,3.2224999999999424
3.225,3.2249999999999424
3.2275,3.2274999999999423
3.23,3.2299999999999423
3.2325,3.2324999999999422
3.235,3.2349999999999421
3.2375,3.2374999999999421
3.24,3.239999999999942
3.2425,3.242499999999942
3.245,3.2449999999999419
3.2475,3.2474999999999419
3.25,3.2499999999999418
3.2525,3.2524999999999418
3.255,3.2549999999999417
3.2575,3.2574999999999417
3.26,3.2599999999999416
3.2625,3.2624999999999416
3.265,3.2649999999999415
3.2675,3.2674999999999415
3.27,3.2699999999999414
3.2725,3.2724999999999413
3.275,3.2749999999999413
3.2775,3.2774999999999412
3.28,3.2799999999999412
3.2825,3.2824999999999411
3.285,3.2849999999999411
3.2875,3.287499999999941
3.29,3.289999999999941
3.2925,3.2924999999999409
3.295,3.2949999999999409
3.2975,3.2974999999999408
3.3,3.2999999999999408
3.3025,3.3024999999999407
3.305,3.3049999999999407
3.3075,3.3074999999999406
3.31,3.3099999999999405
3.3125,3.3124999999999405
3.315,3.3149999999999404
3.3175,3.3174999999999404
3.32,3.3199999999999403
3.3225,3.3224999999999403
3.325,3.3249999999999402
3.3275,3.3274999999999402
3.33,3.3299999999999401
3.3325,3.3324999999999401
3.335,3.33499999999994
3.3375,3.33749999999994
3.34,3.3399999999999399
3.3425,3.3424999999999399
3.345,3.3449999999999398
3.3475,3.3474999999999397
3.35,3.3499999999999397
3.3525,3.3524999999999396
3.355,3.3549999999999396
3.3575,3.3574999999999395
3.36,3.3599999999999395
3.3625,3.3624999999999394
3.365,3.3649999999999394
3.3675,3.3674999999999393
3.37,3.3699999999999393
3.3725,3.3724999999999392
3.375,3.3749999999999392
3.3775,3.3774999999999391
3.38,3.3799999999999391
3.3825,3.382499999999939
3.385,3.3849999999999389
3.3875,3.3874999999999389
3.39,3.3899999999999388
3.3925,3.3924999999999388
3.395,3.3949999999999387
3.3975,3.3974999999999387
3.4,3.3999999999999386
3.4025,3.4024999999999386
3.405,3.4049999999999385
3.4075,3.4074999999999385
3.41,3.4099999999999384
3.4125,3.4124999999999384
3.415,3.4149999999999383
3.4175,3.4174999999999383
3.42,3.4199999999999382
3.4225,3.4224999999999381
3.425,3.4249999999999381
3.4275,3.427499999999938
3.43,3.429999999999938
3.4325,3.4324999999999379
3.435,3.4349999999999379
3.4375,3.4374999999999378
3.44,3.4399999999999378
3.4425,3.4424999999999377
3.445,3.4449999999999377
3.4475,3.4474999999999376
3.45,3.4499999999999376
3.4525,3.4524999999999375
3.455,3.4549999999999375
3.4575,3.4574999999999374
3.46,3.4599999999999373
3.4625,3.4624999999999373
3.465,3.4649999999999372
3.4675,3.4674999999999372
3.47,3.4699999999999371
3.4725,3.4724999999999371
3.475,3.474999999999937
3.4775,3.477499999999937
3.48,3.4799999999999369
3.4825,3.4824999999999369
3.485,3.4849999999999368
3.4875,3.4874999999999368
3.49,3.4899999999999367
3.4925,3.4924999999999367
3.495,3.4949999999999366
3.4975,3.4974999999999365
3.5,3.4999999999999365
3.5025,3.5024999999999364
3.505,3.5049999999999364
3.5075,3.5074999999999363
3.51,3.5099999999999363
3.5125,3.5124999999999362
3.515,3.5149999999999362
3.5175,3.5174999999999361
3.52,3.5199999999999361
3.5225,3.522499999999936
3.525,3.524999999999936
3.5275,3.5274999999999359
3.53,3.5299999999999359
3.5325,3.5324999999999358
3.535,3.5349999999999357
3.5375,3.5374999999999357
3.54,3.5399999999999356
3.5425,3.5424999999999356
3.545,3.5449999999999355
3.5475,3.5474999999999355
3.55,3.5499999999999354
3.5525,3.5524999999999354
3.555,3.5549999999999353
3.5575,3.5574999999999353
3.56,3.5599999999999352
3.5625,3.5624999999999352
3.565,3.5649999999999351
3.5675,3.5674999999999351
3.57,3.569999999999935
3.5725,3.5724999999999349
3.575,3.5749999999999349
3.5775,3.5774999999999348
3.58,3.5799999999999348
3.5825,3.5824999999999347
3.585,3.5849999999999347
3.5875,3.5874999999999346
3.59,3.5899999999999346
3.5925,3.5924999999999345
3.595,3.5949999999999345
3.5975,3.5974999999999344
3.6,3.5999999999999344
3.6025,3.6024999999999343
3.605,3.6049999999999343
3.6075,3.6074999999999342
3.61,3.6099999999999342
3.6125,3.6124999999999341
3.615,3.614999999999934
3.6175,3.617499999999934
3.62,3.6199999999999339
3.6225,3.6224999999999339
3.625,3.6249999999999338
3.6275,3.6274999999999338
3.63,3.6299999999999337
3.6325,3.6324999999999337
3.635,3.6349999999999336
3.6375,3.6374999999999336
3.64,3.6399999999999335
3.6425,3.6424999999999335
3.645,3.6449999999999334
3.6475,3.6474999999999334
3.65,3.6499999999999333
3.6525,3.6524999999999332
3.655,3.6549999999999332
3.6575,3.6574999999999331
3.66,3.6599999999999331
3.6625,3.662499999999933
3.665,3.664999999999933
3.6675,3.6674999999999329
3.67,3.6699999999999329
3.6725,3.6724999999999328
3.675,3.6749999999999328
3.6775,3.6774999999999327
3.68,3.6799999999999327
3.6825,3.6824999999999326
3.685,3.6849999999999326
3.6875,3.6874999999999325
3.69,3.6899999999999324
3.6925,3.6924999999999324
3.695,3.6949999999999323
3.6975,3.6974999999999323
3.7,3.6999999999999322
3.7025,3.7024999999999322
3.705,3.7049999999999321
3.7075,3.7074999999999321
3.71,3.709999999999932
3.7125,3.712499999999932
3.715,3.7149999999999319
3.7175,3.7174999999999319
3.72,3.7199999999999318
3.7225,3.7224999999999318
3.725,3.7249999999999317
3.7275,3.7274999999999316
3.73,3.7299999999999316
3.7325,3.7324999999999315
3.735,3.7349999999999315
3.7375,3.7374999999999314
3.74,3.7399999999999314
3.7425,3.7424999999999313
3.745,3.7449999999999313
3.7475,3.7474999999999312
3.75,3.7499999999999312
3.7525,3.7524999999999311
3.755,3.7549999999999311
3.7575,3.757499999999931
3.76,3.759999999999931
3.7625,3.7624999999999309
3.765,3.7649999999999308
3.7675,3.7674999999999308
3.77,3.7699999999999307
3.7725,3.7724999999999307
3.775,3.7749999999999306
3.7775,3.7774999999999306
3.78,3.7799999999999305
3.7825,3.7824999999999305
3.785,3.7849999999999304
3.7875,3.7874999999999304
3.79,3.7899999999999303
3.7925,3.7924999999999303
3.795,3.7949999999999302
3.7975,3.7974999999999302
3.8,3.7999999999999301
3.8025,3.80249999999993
3.805,3.80499999999993
3.8075,3.8074999999999299
3.81,3.8099999999999299
3.8125,3.8124999999999298
3.815,3.8149999999999298
3.8175,3.8174999999999297
3.82,3.8199999999999297
3.8225,3.8224999999999296
3.825,3.8249999999999296
3.8275,3.8274999999999295
3.83,3.8299999999999295
3.8325,3.8324999999999294
3.835,3.8349999999999294
3.8375,3.8374999999999293
3.84,3.8399999999999292
3.8425,3.8424999999999292
3.845,3.8449999999999291
3.8475,3.8474999999999291
3.85,3.849999999999929
3.8525,3.852499999999929
3.855,3.8549999999999289
3.8575,3.8574999999999289
3.86,3.8599999999999288
3.8625,3.8624999999999288
3.865,3.8649999999999287
3.8675,3.8674999999999287
3.87,3.8699999999999286
3.8725,3.8724999999999286
3.875,3.8749999999999285
3.8775,3.8774999999999284
3.88,3.8799999999999284
3.8825,3.8824999999999283
3.885,3.8849999999999283
3.8875,3.8874999999999282
3.89,3.8899999999999282
3.8925,3.8924999999999281
3.895,3.8949999999999281
3.8975,3.897499999999928
3.9,3.899999999999928
3.9025,3.9024999999999279
3.905,3.9049999999999279
3.9075,3.9074999999999278
3.91,3.9099999999999278
3.9125,3.9124999999999277
3.915,3.9149999999999276
3.9175,3.9174999999999276
3.92,3.9199999999999275
3.9225,3.9224999999999275
3.925,3.9249999999999274
3.9275,3.9274999999999274
3.93,3.9299999999999273
3.9325,3.9324999999999273
3.935,3.9349999999999272
3.9375,3.9374999999999272
3.94,3.9399999999999271
3.9425,3.9424999999999271
3.945,3.944999999999927
3.9475,3.947499999999927
3.95,3.9499999999999269
3.9525,3.9524999999999268
3.955,3.9549999999999268
3.9575,3.9574999999999267
3.96,3.9599999999999267
3.9625,3.9624999999999266
3.965,3.9649999999999266
3.9675,3.9674999999999265
3.97,3.9699999999999265
3.9725,3.9724999999999264
3.975,3.9749999999999264
3.9775,3.9774999999999263
3.98,3.9799999999999263
3.9825,3.9824999999999262
3.985,3.9849999999999262
3.9875,3.9874999999999261
3.99,3.9899999999999261
3.9925,3.992499999999926
3.995,3.9949999999999259
3.9975,3.9974999999999259
4.0,3.9999999999999258
4.0025,4.0024999999999258
4.005,4.0049999999999262
4.0075,4.0074999999999266
4.01,4.009999999999927
4.0125,4.0124999999999273
4.015,4.0149999999999277
4.0175,4.0174999999999281
4.02,4.0199999999999285
4.0225,4.0224999999999289
4.025,4.0249999999999293
4.0275,4.0274999999999297
4.03,4.0299999999999301
4.0325,4.0324999999999305
4.035,4.0349999999999309
4.0375,4.0374999999999313
4.04,4.0399999999999316
4.0425,4.042499999999932
4.045,4.0449999999999324
4.0475,4.0474999999999328
4.05,4.0499999999999332
4.0525,4.0524999999999336
4.055,4.054999999999934
4.0575,4.0574999999999344
4.06,4.0599999999999348
4.0625,4.0624999999999352
4.065,4.0649999999999356
4.0675,4.0674999999999359
4.07,4.0699999999999363
4.0725,4.0724999999999367
4.075,4.0749999999999371
4.0775,4.0774999999999375
4.08,4.0799999999999379
4.0825,4.0824999999999383
4.085,4.0849999999999387
4.0875,4.0874999999999391
4.09,4.0899999999999395
4.0925,4.0924999999999399
4.095,4.0949999999999402
4.0975,4.0974999999999406
4.1,4.099999999999941
4.1025,4.1024999999999414
4.105,4.1049999999999418
4.1075,4.1074999999999422
4.11,4.1099999999999426
4.1125,4.112499999999943
4.115,4.1149999999999434
4.1175,4.1174999999999438
4.12,4.1199999999999442
4.1225,4.1224999999999445
4.125,4.1249999999999449
4.1275,4.1274999999999453
4.13,4.1299999999999457
4.1325,4.1324999999999461
4.135,4.1349999999999465
4.1375,4.1374999999999469
4.14,4.1399999999999473
4.1425,4.1424999999999477
4.145,4.1449999999999481
4.1475,4.1474999999999485
4.15,4.1499999999999488
4.1525,4.1524999999999492
4.155,4.1549999999999496
4.1575,4.15749999999995
4.16,4.1599999999999504
4.1625,4.1624999999999508
4.165,4.1649999999999512
4.1675,4.1674999999999516
4.17,4.169999999999952
4.1725,4.1724999999999524
4.175,4.1749999999999527
4.1775,4.1774999999999531
4.18,4.1799999999999535
4.1825,4.1824999999999539
4.185,4.1849999999999543
4.1875,4.1874999999999547
4.19,4.1899999999999551
4.1925,4.1924999999999555
4.195,4.1949999999999559
4.1975,4.1974999999999563
4.2,4.1999999999999567
4.2025,4.202499999999957
4.205,4.2049999999999574
4.2075,4.2074999999999578
4.21,4.2099999999999582
4.2125,4.2124999999999586
4.215,4.214999999999959
4.2175,4.2174999999999594
4.22,4.2199999999999598
4.2225,4.2224999999999602
4.225,4.2249999999999606
4.2275,4.227499999999961
4.23,4.2299999999999613
4.2325,4.2324999999999617
4.235,4.2349999999999621
4.2375,4.2374999999999625
4.24,4.2399999999999629
4.2425,4.2424999999999633
4.245,4.2449999999999637
4.2475,4.2474999999999641
4.25,4.2499999999999645
4.2525,4.2524999999999649
4.255,4.2549999999999653
4.2575,4.2574999999999656
4.26,4.259999999999966
4.2625,4.2624999999999664
4.265,4.2649999999999668
4.2675,4.2674999999999672
4.27,4.2699999999999676
4.2725,4.272499999999968
4.275,4.2749999999999684
4.2775,4.2774999999999688
4.28,4.2799999999999692
4.2825,4.2824999999999696
4.285,4.2849999999999699
4.2875,4.2874999999999703
4.29,4.2899999999999707
4.2925,4.2924999999999711
4.295,4.2949999999999715
4.2975,4.2974999999999719
4.3,4.2999999999999723
4.3025,4.3024999999999727
4.305,4.3049999999999731
4.3075,4.3074999999999735
4.31,4.3099999999999739
4.3125,4.3124999999999742
4.315,4.3149999999999746
4.3175,4.317499999999975
4.32,4.3199999999999754
4.3225,4.3224999999999758
4.325,4.3249999999999762
4.3275,4.3274999999999766
4.33,4.329999999999977
4.3325,4.3324999999999774
4.335,4.3349999999999778
4.3375,4.3374999999999782
4.34,4.3399999999999785
4.3425,4.3424999999999789
4.345,4.3449999999999793
4.3475,4.3474999999999797
4.35,4.3499999999999801
4.3525,4.3524999999999805
4.355,4.3549999999999809
4.3575,4.3574999999999813
4.36,4.3599999999999817
4.3625,4.3624999999999821
4.365,4.3649999999999824
4.3675,4.3674999999999828
4.37,4.3699999999999832
4.3725,4.3724999999999836
4.375,4.374999999999984
4.3775,4.3774999999999844
4.38,4.3799999999999848
4.3825,4.3824999999999852
4.385,4.3849999999999856
4.3875,4.387499999999986
4.39,4.3899999999999864
4.3925,4.3924999999999867
4.395,4.3949999999999871
4.3975,4.3974999999999875
4.4,4.3999999999999879
4.4025,4.4024999999999883
4.405,4.4049999999999887
4.4075,4.4074999999999891
4.41,4.4099999999999895
4.4125,4.4124999999999899
4.415,4.4149999999999903
4.4175,4.4174999999999907
4.42,4.419999999999991
4.4225,4.4224999999999914
4.425,4.4249999999999918
4.4275,4.4274999999999922
4.43,4.4299999999999926
4.4325,4.432499999999993
4.435,4.4349999999999934
4.4375,4.4374999999999938
4.44,4.4399999999999942
4.4425,4.4424999999999946
4.445,4.444999999999995
4.4475,4.4474999999999953
4.45,4.4499999999999957
4.4525,4.4524999999999961
4.455,4.4549999999999965
4.4575,4.4574999999999969
4.46,4.4599999999999973
4.4625,4.4624999999999977
4.465,4.4649999999999981
4.4675,4.4674999999999985
4.47,4.4699999999999989
4.4725,4.4724999999999993
4.475,4.4749999999999996
4.4775,4.4775
4.48,4.4800000000000004
4.4825,4.4825000000000008
4.485,4.4850000000000012
4.4875,4.4875000000000016
4.49,4.490000000000002
4.4925,4.4925000000000024
4.495,4.4950000000000028
4.4975,4.4975000000000032
4.5,4.5000000000000036
4.5025,4.5025000000000039
4.505,4.5050000000000043
4.5075,4.5075000000000047
4.51,4.5100000000000051
4.5125,4.5125000000000055
4.515,4.5150000000000059
4.5175,4.5175000000000063
4.52,4.5200000000000067
4.5225,4.5225000000000071
4.525,4.5250000000000075
4.5275,4.5275000000000079
4.53,4.5300000000000082
4.5325,4.5325000000000086
4.535,4.535000000000009
4.5375,4.5375000000000094
4.54,4.5400000000000098
4.5425,4.5425000000000102
4.545,4.5450000000000106
4.5475,4.547500000000011
4.55,4.5500000000000114
4.5525,4.5525000000000118
4.555,4.5550000000000122
4.5575,4.5575000000000125
4.56,4.5600000000000129
4.5625,4.5625000000000133
4.565,4.5650000000000137
4.5675,4.5675000000000141
4.57,4.5700000000000145
4.5725,4.5725000000000149
4.575,4.5750000000000153
4.5775,4.5775000000000157
4.58,4.5800000000000161
4.5825,4.5825000000000164
4.585,4.5850000000000168
4.5875,4.5875000000000172
4.59,4.5900000000000176
4.5925,4.592500000000018
4.595,4.5950000000000184
4.5975,4.5975000000000188
4.6,4.6000000000000192
4.6025,4.6025000000000196
4.605,4.60500000000002
4.6075,4.6075000000000204
4.61,4.6100000000000207
4.6125,4.6125000000000211
4.615,4.6150000000000215
4.6175,4.6175000000000219
4.62,4.6200000000000223
4.6225,4.6225000000000227
4.625,4.6250000000000231
4.6275,4.6275000000000235
4.63,4.6300000000000239
4.6325,4.6325000000000243
4.635,4.6350000000000247
4.6375,4.637500000000025
4.64,4.6400000000000254
4.6425,4.6425000000000258
4.645,4.6450000000000262
4.6475,4.6475000000000266
4.65,4.650000000000027
4.6525,4.6525000000000274
4.655,4.6550000000000278
4.6575,4.6575000000000282
4.66,4.6600000000000286
4.6625,4.662500000000029
4.665,4.6650000000000293
4.6675,4.6675000000000297
4.67,4.6700000000000301
4.6725,4.6725000000000305
4.675,4.6750000000000309
4.6775,4.6775000000000313
4.68,4.6800000000000317
4.6825,4.6825000000000321
4.685,4.6850000000000325
4.6875,4.6875000000000329
4.69,4.6900000000000333
4.6925,4.6925000000000336
4.695,4.695000000000034
4.6975,4.6975000000000344
4.7,4.7000000000000348
4.7025,4.7025000000000352
4.705,4.7050000000000356
4.7075,4.707500000000036
4.71,4.7100000000000364
4.7125,4.7125000000000368
4.715,4.7150000000000372
4.7175,4.7175000000000376
4.72,4.7200000000000379
4.7225,4.7225000000000383
4.725,4.7250000000000387
4.7275,4.7275000000000391
4.73,4.7300000000000395
4.7325,4.7325000000000399
4.735,4.7350000000000403
4.7375,4.7375000000000407
4.74,4.7400000000000411
4.7425,4.7425000000000415
4.745,4.7450000000000419
4.7475,4.7475000000000422
4.75,4.7500000000000426
4.7525,4.752500000000043
4.755,4.7550000000000434
4.7575,4.7575000000000438
4.76,4.7600000000000442
4.7625,4.7625000000000446
4.765,4.765000000000045
4.7675,4.7675000000000454
4.77,4.7700000000000458
4.7725,4.7725000000000461
4.775,4.7750000000000465
4.7775,4.7775000000000469
4.78,4.7800000000000473
4.7825,4.7825000000000477
4.785,4.7850000000000481
4.7875,4.7875000000000485
4.79,4.7900000000000489
4.7925,4.7925000000000493
4.795,4.7950000000000497
4.7975,4.7975000000000501
4.8,4.8000000000000504
4.8025,4.8025000000000508
4.805,4.8050000000000512
4.8075,4.8075000000000516
4.81,4.810000000000052
4.8125,4.8125000000000524
4.815,4.8150000000000528
4.8175,4.8175000000000532
4.82,4.8200000000000536
4.8225,4.822500000000054
4.825,4.8250000000000544
4.8275,4.8275000000000547
4.83,4.8300000000000551
4.8325,4.8325000000000555
4.835,4.8350000000000559
4.8375,4.8375000000000563
4.84,4.8400000000000567
4.8425,4.8425000000000571
4.845,4.8450000000000575
4.8475,4.8475000000000579
4.85,4.8500000000000583
4.8525,4.8525000000000587
4.855,4.855000000000059
4.8575,4.8575000000000594
4.86,4.8600000000000598
4.8625,4.8625000000000602
4.865,4.8650000000000606
4.8675,4.867500000000061
4.87,4.8700000000000614
4.8725,4.8725000000000618
4.875,4.8750000000000622
4.8775,4.8775000000000626
4.88,4.880000000000063
4.8825,4.8825000000000633
4.885,4.8850000000000637
4.8875,4.8875000000000641
4.89,4.8900000000000645
4.8925,4.8925000000000649
4.895,4.8950000000000653
4.8975,4.8975000000000657
4.9,4.9000000000000661
4.9025,4.9025000000000665
4.905,4.9050000000000669
4.9075,4.9075000000000673
4.91,4.9100000000000676
4.9125,4.912500000000068
4.915,4.9150000000000684
4.9175,4.9175000000000688
4.92,4.9200000000000692
4.9225,4.9225000000000696
4.925,4.92500000000007
4.9275,4.9275000000000704
4.93,4.9300000000000708
4.9325,4.9325000000000712
4.935,4.9350000000000716
4.9375,4.9375000000000719
4.94,4.9400000000000723
4.9425,4.9425000000000727
4.945,4.9450000000000731
4.9475,4.9475000000000735
4.95,4.9500000000000739
4.9525,4.9525000000000743
4.955,4.9550000000000747
4.9575,4.9575000000000751
4.96,4.9600000000000755
4.9625,4.9625000000000759
4.965,4.9650000000000762
4.9675,4.9675000000000766
4.97,4.970000000000077
4.9725,4.9725000000000774
4.975,4.9750000000000778
4.9775,4.9775000000000782
4.98,4.9800000000000786
4.9825,4.982500000000079
4.985,4.9850000000000794
4.9875,4.9875000000000798
4.99,4.9900000000000801
4.9925,4.9925000000000805
4.995,4.9950000000000809
4.9975,4.9975000000000813
5.0,5.0000000000000817
5.0025,5.0025000000000821
5.005,5.0050000000000825
5.0075,5.0075000000000829
5.01,5.0100000000000833
5.0125,5.0125000000000837
5.015,5.0150000000000841
5.0175,5.0175000000000844
5.02,5.0200000000000848
5.0225,5.0225000000000852
5.025,5.0250000000000856
5.0275,5.027500000000086
5.03,5.0300000000000864
5.0325,5.0325000000000868
5.035,5.0350000000000872
5.0375,5.0375000000000876
5.04,5.040000000000088
5.0425,5.0425000000000884
5.045,5.0450000000000887
5.0475,5.0475000000000891
5.05,5.0500000000000895
5.0525,5.0525000000000899
5.055,5.0550000000000903
5.0575,5.0575000000000907
5.06,5.0600000000000911
5.0625,5.0625000000000915
5.065,5.0650000000000919
5.0675,5.0675000000000923
5.07,5.0700000000000927
5.0725,5.072500000000093
5.075,5.0750000000000934
5.0775,5.0775000000000938
5.08,5.0800000000000942
5.0825,5.0825000000000946
5.085,5.085000000000095
5.0875,5.0875000000000954
5.09,5.0900000000000958
5.0925,5.0925000000000962
5.095,5.0950000000000966
5.0975,5.097500000000097
5.1,5.1000000000000973
5.1025,5.1025000000000977
5.105,5.1050000000000981
5.1075,5.1075000000000985
5.11,5.1100000000000989
5.1125,5.1125000000000993
5.115,5.1150000000000997
5.1175,5.1175000000001001
5.12,5.1200000000001005
5.1225,5.1225000000001009
5.125,5.1250000000001013
5.1275,5.1275000000001016
5.13,5.130000000000102
5.1325,5.1325000000001024
5.135,5.1350000000001028
5.1375,5.1375000000001032
5.14,5.1400000000001036
5.1425,5.142500000000104
5.145,5.1450000000001044
5.1475,5.1475000000001048
5.15,5.1500000000001052
5.1525,5.1525000000001056
5.155,5.1550000000001059
5.1575,5.1575000000001063
5.16,5.1600000000001067
5.1625,5.1625000000001071
5.165,5.1650000000001075
5.1675,5.1675000000001079
5.17,5.1700000000001083
5.1725,5.1725000000001087
5.175,5.1750000000001091
5.1775,5.1775000000001095
5.18,5.1800000000001098
5.1825,5.1825000000001102
5.185,5.1850000000001106
5.1875,5.187500000000111
5.19,5.1900000000001114
5.1925,5.1925000000001118
5.195,5.1950000000001122
5.1975,5.1975000000001126
5.2,5.200000000000113
5.2025,5.2025000000001134
5.205,5.2050000000001138
5.2075,5.2075000000001141
5.21,5.2100000000001145
5.2125,5.2125000000001149
5.215,5.2150000000001153
5.2175,5.2175000000001157
5.22,5.2200000000001161
5.2225,5.2225000000001165
5.225,5.2250000000001169
5.2275,5.2275000000001173
5.23,5.2300000000001177
5.2325,5.2325000000001181
5.235,5.2350000000001184
5.2375,5.2375000000001188
5.24,5.2400000000001192
5.2425,5.2425000000001196
5.245,5.24500000000012
5.2475,5.2475000000001204
5.25,5.2500000000001208
5.2525,5.2525000000001212
5.255,5.2550000000001216
5.2575,5.257500000000122
5.26,5.2600000000001224
5.2625,5.2625000000001227
5.265,5.2650000000001231
5.2675,5.2675000000001235
5.27,5.2700000000001239
5.2725,5.2725000000001243
5.275,5.2750000000001247
5.2775,5.2775000000001251
5.28,5.2800000000001255
5.2825,5.2825000000001259
5.285,5.2850000000001263
5.2875,5.2875000000001267
5.29,5.290000000000127
5.2925,5.2925000000001274
5.295,5.2950000000001278
5.2975,5.2975000000001282
5.3,5.3000000000001286
5.3025,5.302500000000129
5.305,5.3050000000001294
5.3075,5.3075000000001298
5.31,5.3100000000001302
5.3125,5.3125000000001306
5.315,5.315000000000131
5.3175,5.3175000000001313
5.32,5.3200000000001317
5.3225,5.3225000000001321
5.325,5.3250000000001325
5.3275,5.3275000000001329
5.33,5.3300000000001333
5.3325,5.3325000000001337
5.335,5.3350000000001341
5.3375,5.3375000000001345
5.34,5.3400000000001349
5.3425,5.3425000000001353
5.345,5.3450000000001356
5.3475,5.347500000000136
5.35,5.3500000000001364
5.3525,5.3525000000001368
5.355,5.3550000000001372
5.3575,5.3575000000001376
5.36,5.360000000000138
5.3625,5.3625000000001384
5.365,5.3650000000001388
5.3675,5.3675000000001392
5.37,5.3700000000001396
5.3725,5.3725000000001399
5.375,5.3750000000001403
5.3775,5.3775000000001407
5.38,5.3800000000001411
5.3825,5.3825000000001415
5.385,5.3850000000001419
5.3875,5.3875000000001423
5.39,5.3900000000001427
5.3925,5.3925000000001431
5.395,5.3950000000001435
5.3975,5.3975000000001438
5.4,5.4000000000001442
5.4025,5.4025000000001446
5.405,5.405000000000145
5.4075,5.4075000000001454
5.41,5.4100000000001458
5.4125,5.4125000000001462
5.415,5.4150000000001466
5.4175,5.417500000000147
5.42,5.4200000000001474
5.4225,5.4225000000001478
5.425,5.4250000000001481
5.4275,5.4275000000001485
5.43,5.4300000000001489
5.4325,5.4325000000001493
5.435,5.4350000000001497
5.4375,5.4375000000001501
5.44,5.4400000000001505
5.4425,5.4425000000001509
5.445,5.4450000000001513
5.4475,5.4475000000001517
5.45,5.4500000000001521
5.4525,5.4525000000001524
5.455,5.4550000000001528
5.4575,5.4575000000001532
5.46,5.4600000000001536
5.4625,5.462500000000154
5.465,5.4650000000001544
5.4675,5.4675000000001548
5.47,5.4700000000001552
5.4725,5.4725000000001556
5.475,5.475000000000156
5.4775,5.4775000000001564
5.48,5.4800000000001567
5.4825,5.4825000000001571
5.485,5.4850000000001575
5.4875,5.4875000000001579
5.49,5.4900000000001583
5.4925,5.4925000000001587
5.495,5.4950000000001591
5.4975,5.4975000000001595
5.5,5.5000000000001599
5.5025,5.5025000000001603
5.505,5.5050000000001607
5.5075,5.507500000000161
5.51,5.5100000000001614
5.5125,5.5125000000001618
5.515,5.5150000000001622
5.5175,5.5175000000001626
5.52,5.520000000000163
5.5225,5.5225000000001634
5.525,5.5250000000001638
5.5275,5.5275000000001642
5.53,5.5300000000001646
5.5325,5.532500000000165
5.535,5.5350000000001653
5.5375,5.5375000000001657
5.54,5.5400000000001661
5.5425,5.5425000000001665
5.545,5.5450000000001669
5.5475,5.5475000000001673
5.55,5.5500000000001677
5.5525,5.5525000000001681
5.555,5.5550000000001685
5.5575,5.5575000000001689
5.56,5.5600000000001693
5.5625,5.5625000000001696
5.565,5.56500000000017
5.5675,5.5675000000001704
5.57,5.5700000000001708
5.5725,5.5725000000001712
5.575,5.5750000000001716
5.5775,5.577500000000172
5.58,5.5800000000001724
5.5825,5.5825000000001728
5.585,5.5850000000001732
5.5875,5.5875000000001736
5.59,5.5900000000001739
5.5925,5.5925000000001743
5.595,5.5950000000001747
5.5975,5.5975000000001751
5.6,5.6000000000001755
5.6025,5.6025000000001759
5.605,5.6050000000001763
5.6075,5.6075000000001767
5.61,5.6100000000001771
5.6125,5.6125000000001775
5.615,5.6150000000001778
5.6175,5.6175000000001782
5.62,5.6200000000001786
5.6225,5.622500000000179
5.625,5.6250000000001794
5.6275,5.6275000000001798
5.63,5.6300000000001802
5.6325,5.6325000000001806
5.635,5.635000000000181
5.6375,5.6375000000001814
5.64,5.6400000000001818
5.6425,5.6425000000001821
5.645,5.6450000000001825
5.6475,5.6475000000001829
5.65,5.6500000000001833
5.6525,5.6525000000001837
5.655,5.6550000000001841
5.6575,5.6575000000001845
5.66,5.6600000000001849
5.6625,5.6625000000001853
5.665,5.6650000000001857
5.6675,5.6675000000001861
5.67,5.6700000000001864
5.6725,5.6725000000001868
5.675,5.6750000000001872
5.6775,5.6775000000001876
5.68,5.680000000000188
5.6825,5.6825000000001884
5.685,5.6850000000001888
5.6875,5.6875000000001892
5.69,5.6900000000001896
5.6925,5.69250000000019
5.695,5.6950000000001904
5.6975,5.6975000000001907
5.7,5.7000000000001911
5.7025,5.7025000000001915
5.705,5.7050000000001919
5.7075,5.7075000000001923
5.71,5.7100000000001927
5.7125,5.7125000000001931
5.715,5.7150000000001935
5.7175,5.7175000000001939
5.72,5.7200000000001943
5.7225,5.7225000000001947
5.725,5.725000000000195
5.7275,5.7275000000001954
5.73,5.7300000000001958
5.7325,5.7325000000001962
5.735,5.7350000000001966
5.7375,5.737500000000197
5.74,5.7400000000001974
5.7425,5.7425000000001978
5.745,5.7450000000001982
5.7475,5.7475000000001986
5.75,5.750000000000199
5.7525,5.7525000000001993
5.755,5.7550000000001997
5.7575,5.7575000000002001
5.76,5.7600000000002005
5.7625,5.7625000000002009
5.765,5.7650000000002013
5.7675,5.7675000000002017
5.77,5.7700000000002021
5.7725,5.7725000000002025
5.775,5.7750000000002029
5.7775,5.7775000000002033
5.78,5.7800000000002036
5.7825,5.782500000000204
5.785,5.7850000000002044
5.7875,5.7875000000002048
5.79,5.7900000000002052
5.7925,5.7925000000002056
5.795,5.795000000000206
5.7975,5.7975000000002064
5.8,5.8000000000002068
5.8025,5.8025000000002072
5.805,5.8050000000002075
5.8075,5.8075000000002079
5.81,5.8100000000002083
5.8125,5.8125000000002087
5.815,5.8150000000002091
5.8175,5.8175000000002095
5.82,5.8200000000002099
5.8225,5.8225000000002103
5.825,5.8250000000002107
5.8275,5.8275000000002111
5.83,5.8300000000002115
5.8325,5.8325000000002118
5.835,5.8350000000002122
5.8375,5.8375000000002126
5.84,5.840000000000213
5.8425,5.8425000000002134
5.845,5.8450000000002138
5.8475,5.8475000000002142
5.85,5.8500000000002146
5.8525,5.852500000000215
5.855,5.8550000000002154
5.8575,5.8575000000002158
5.86,5.8600000000002161
5.8625,5.8625000000002165
5.865,5.8650000000002169
5.8675,5.8675000000002173
5.87,5.8700000000002177
5.8725,5.8725000000002181
5.875,5.8750000000002185
5.8775,5.8775000000002189
5.88,5.8800000000002193
5.8825,5.8825000000002197
5.885,5.8850000000002201
5.8875,5.8875000000002204
5.89,5.8900000000002208
5.8925,5.8925000000002212
5.895,5.8950000000002216
5.8975,5.897500000000222
5.9,5.9000000000002224
5.9025,5.9025000000002228
5.905,5.9050000000002232
5.9075,5.9075000000002236
5.91,5.910000000000224
5.9125,5.9125000000002244
5.915,5.9150000000002247
5.9175,5.9175000000002251
5.92,5.9200000000002255
5.9225,5.9225000000002259
5.925,5.9250000000002263
5.9275,5.9275000000002267
5.93,5.9300000000002271
5.9325,5.9325000000002275
5.935,5.9350000000002279
5.9375,5.9375000000002283
5.94,5.9400000000002287
5.9425,5.942500000000229
5.945,5.9450000000002294
5.9475,5.9475000000002298
5.95,5.9500000000002302
5.9525,5.9525000000002306
5.955,5.955000000000231
5.9575,5.9575000000002314
5.96,5.9600000000002318
5.9625,5.9625000000002322
5.965,5.9650000000002326
5.9675,5.967500000000233
5.97,5.9700000000002333
5.9725,5.9725000000002337
5.975,5.9750000000002341
5.9775,5.9775000000002345
5.98,5.9800000000002349
5.9825,5.9825000000002353
5.985,5.9850000000002357
5.9875,5.9875000000002361
5.99,5.9900000000002365
5.9925,5.9925000000002369
5.995,5.9950000000002373
5.9975,5.9975000000002376
6.0,6.000000000000238
6.0025,6.0025000000002384
6.005,6.0050000000002388
6.0075,6.0075000000002392
6.01,6.0100000000002396
6.0125,6.01250000000024
6.015,6.0150000000002404
6.0175,6.0175000000002408
6.02,6.0200000000002412
6.0225,6.0225000000002415
6.025,6.0250000000002419
6.0275,6.0275000000002423
6.03,6.0300000000002427
6.0325,6.0325000000002431
6.035,6.0350000000002435
6.0375,6.0375000000002439
6.04,6.0400000000002443
6.0425,6.0425000000002447
6.045,6.0450000000002451
6.0475,6.0475000000002455
6.05,6.0500000000002458
6.0525,6.0525000000002462
6.055,6.0550000000002466
6.0575,6.057500000000247
6.06,6.0600000000002474
6.0625,6.0625000000002478
6.065,6.0650000000002482
6.0675,6.0675000000002486
6.07,6.070000000000249
6.0725,6.0725000000002494
6.075,6.0750000000002498
6.0775,6.0775000000002501
6.08,6.0800000000002505
6.0825,6.0825000000002509
6.085,6.0850000000002513
6.0875,6.0875000000002517
6.09,6.0900000000002521
6.0925,6.0925000000002525
6.095,6.0950000000002529
6.0975,6.0975000000002533
6.1,6.1000000000002537
6.1025,6.1025000000002541
6.105,6.1050000000002544
6.1075,6.1075000000002548
6.11,6.1100000000002552
6.1125,6.1125000000002556
6.115,6.115000000000256
6.1175,6.1175000000002564
6.12,6.1200000000002568
6.1225,6.1225000000002572
6.125,6.1250000000002576
6.1275,6.127500000000258
6.13,6.1300000000002584
6.1325,6.1325000000002587
6.135,6.1350000000002591
6.1375,6.1375000000002595
6.14,6.1400000000002599
6.1425,6.1425000000002603
6.145,6.1450000000002607
6.1475,6.1475000000002611
6.15,6.1500000000002615
6.1525,6.1525000000002619
6.155,6.1550000000002623
6.1575,6.1575000000002627
6.16,6.160000000000263
6.1625,6.1625000000002634
6.165,6.1650000000002638
6.1675,6.1675000000002642
6.17,6.1700000000002646
6.1725,6.172500000000265
6.175,6.1750000000002654
6.1775,6.1775000000002658
6.18,6.1800000000002662
6.1825,6.1825000000002666
6.185,6.185000000000267
6.1875,6.1875000000002673
6.19,6.1900000000002677
6.1925,6.1925000000002681
6.195,6.1950000000002685
6.1975,6.1975000000002689
6.2,6.2000000000002693
6.2025,6.2025000000002697
6.205,6.2050000000002701
6.2075,6.2075000000002705
6.21,6.2100000000002709
6.2125,6.2125000000002712
6.215,6.2150000000002716
6.2175,6.217500000000272
6.22,6.2200000000002724
6.2225,6.2225000000002728
6.225,6.2250000000002732
6.2275,6.2275000000002736
6.23,6.230000000000274
6.2325,6.2325000000002744
6.235,6.2350000000002748
6.2375,6.2375000000002752
6.24,6.2400000000002755
6.2425,6.2425000000002759
6.245,6.2450000000002763
6.2475,6.2475000000002767
6.25,6.2500000000002771
6.2525,6.2525000000002775
6.255,6.2550000000002779
6.2575,6.2575000000002783
6.26,6.2600000000002787
6.2625,6.2625000000002791
6.265,6.2650000000002795
6.2675,6.2675000000002798
6.27,6.2700000000002802
6.2725,6.2725000000002806
6.275,6.275000000000281
6.2775,6.2775000000002814
6.28,6.2800000000002818
6.2825,6.2825000000002822
6.285,6.2850000000002826
6.2875,6.287500000000283
6.29,6.2900000000002834
6.2925,6.2925000000002838
6.295,6.2950000000002841
6.2975,6.2975000000002845
6.3,6.3000000000002849
6.3025,6.3025000000002853
6.305,6.3050000000002857
6.3075,6.3075000000002861
6.31,6.3100000000002865
6.3125,6.3125000000002869
6.315,6.3150000000002873
6.3175,6.3175000000002877
6.32,6.3200000000002881
6.3225,6.3225000000002884
6.325,6.3250000000002888
6.3275,6.3275000000002892
6.33,6.3300000000002896
6.3325,6.33250000000029
6.335,6.3350000000002904
6.3375,6.3375000000002908
6.34,6.3400000000002912
6.3425,6.3425000000002916
6.345,6.345000000000292
6.3475,6.3475000000002924
6.35,6.3500000000002927
6.3525,6.3525000000002931
6.355,6.3550000000002935
6.3575,6.3575000000002939
6.36,6.3600000000002943
6.3625,6.3625000000002947
6.365,6.3650000000002951
6.3675,6.3675000000002955
6.37,6.3700000000002959
6.3725,6.3725000000002963
6.375,6.3750000000002967
6.3775,6.377500000000297
6.38,6.3800000000002974
6.3825,6.3825000000002978
6.385,6.3850000000002982
6.3875,6.3875000000002986
6.39,6.390000000000299
6.3925,6.3925000000002994
6.395,6.3950000000002998
6.3975,6.3975000000003002
6.4,6.4000000000003006
6.4025,6.402500000000301
6.405,6.4050000000003013
6.4075,6.4075000000003017
6.41,6.4100000000003021
6.4125,6.4125000000003025
6.415,6.4150000000003029
6.4175,6.4175000000003033
6.42,6.4200000000003037
6.4225,6.4225000000003041
6.425,6.4250000000003045
6.4275,6.4275000000003049
6.43,6.4300000000003052
6.4325,6.4325000000003056
6.435,6.435000000000306
6.4375,6.4375000000003064
6.44,6.4400000000003068
6.4425,6.4425000000003072
6.445,6.4450000000003076
6.4475,6.447500000000308
6.45,6.4500000000003084
6.4525,6.4525000000003088
6.455,6.4550000000003092
6.4575,6.4575000000003095
6.46,6.4600000000003099
6.4625,6.4625000000003103
6.465,6.4650000000003107
6.4675,6.4675000000003111
6.47,6.4700000000003115
6.4725,6.4725000000003119
6.475,6.4750000000003123
6.4775,6.4775000000003127
6.48,6.4800000000003131
6.4825,6.4825000000003135
6.485,6.4850000000003138
6.4875,6.4875000000003142
6.49,6.4900000000003146
6.4925,6.492500000000315
6.495,6.4950000000003154
6.4975,6.4975000000003158
6.5,6.5000000000003162
6.5025,6.5025000000003166
6.505,6.505000000000317
6.5075,6.5075000000003174
6.51,6.5100000000003178
6.5125,6.5125000000003181
6.515,6.5150000000003185
6.5175,6.5175000000003189
6.52,6.5200000000003193
6.5225,6.5225000000003197
6.525,6.5250000000003201
6.5275,6.5275000000003205
6.53,6.5300000000003209
6.5325,6.5325000000003213
6.535,6.5350000000003217
6.5375,6.5375000000003221
6.54,6.5400000000003224
6.5425,6.5425000000003228
6.545,6.5450000000003232
6.5475,6.5475000000003236
6.55,6.550000000000324
6.5525,6.5525000000003244
6.555,6.5550000000003248
6.5575,6.5575000000003252
6.56,6.5600000000003256
6.5625,6.562500000000326
6.565,6.5650000000003264
6.5675,6.5675000000003267
6.57,6.5700000000003271
6.5725,6.5725000000003275
6.575,6.5750000000003279
6.5775,6.5775000000003283
6.58,6.5800000000003287
6.5825,6.5825000000003291
6.585,6.5850000000003295
6.5875,6.5875000000003299
6.59,6.5900000000003303
6.5925,6.5925000000003307
6.595,6.595000000000331
6.5975,6.5975000000003314
6.6,6.6000000000003318
6.6025,6.6025000000003322
6.605,6.6050000000003326
6.6075,6.607500000000333
6.61,6.6100000000003334
6.6125,6.6125000000003338
6.615,6.6150000000003342
6.6175,6.6175000000003346
6.62,6.6200000000003349
6.6225,6.6225000000003353
6.625,6.6250000000003357
6.6275,6.6275000000003361
6.63,6.6300000000003365
6.6325,6.6325000000003369
6.635,6.6350000000003373
6.6375,6.6375000000003377
6.64,6.6400000000003381
6.6425,6.6425000000003385
6.645,6.6450000000003389
6.6475,6.6475000000003392
6.65,6.6500000000003396
6.6525,6.65250000000034
6.655,6.6550000000003404
6.6575,6.6575000000003408
6.66,6.6600000000003412
6.6625,6.6625000000003416
6.665,6.665000000000342
6.6675,6.6675000000003424
6.67,6.6700000000003428
6.6725,6.6725000000003432
6.675,6.6750000000003435
6.6775,6.6775000000003439
6.68,6.6800000000003443
6.6825,6.6825000000003447
6.685,6.6850000000003451
6.6875,6.6875000000003455
6.69,6.6900000000003459
6.6925,6.6925000000003463
6.695,6.6950000000003467
6.6975,6.6975000000003471
6.7,6.7000000000003475
6.7025,6.7025000000003478
6.705,6.7050000000003482
6.7075,6.7075000000003486
6.71,6.710000000000349
6.7125,6.7125000000003494
6.715,6.7150000000003498
6.7175,6.7175000000003502
6.72,6.7200000000003506
6.7225,6.722500000000351
6.725,6.7250000000003514
6.7275,6.7275000000003518
6.73,6.7300000000003521
6.7325,6.7325000000003525
6.735,6.7350000000003529
6.7375,6.7375000000003533
6.74,6.7400000000003537
6.7425,6.7425000000003541
6.745,6.7450000000003545
6.7475,6.7475000000003549
6.75,6.7500000000003553
6.7525,6.7525000000003557
6.755,6.7550000000003561
6.7575,6.7575000000003564
6.76,6.7600000000003568
6.7625,6.7625000000003572
6.765,6.7650000000003576
6.7675,6.767500000000358
6.77,6.7700000000003584
6.7725,6.7725000000003588
6.775,6.7750000000003592
6.7775,6.7775000000003596
6.78,6.78000000000036
6.7825,6.7825000000003604
6.785,6.7850000000003607
6.7875,6.7875000000003611
6.79,6.7900000000003615
6.7925,6.7925000000003619
6.795,6.7950000000003623
6.7975,6.7975000000003627
6.8,6.8000000000003631
6.8025,6.8025000000003635
6.805,6.8050000000003639
6.8075,6.8075000000003643
6.81,6.8100000000003647
6.8125,6.812500000000365
6.815,6.8150000000003654
6.8175,6.8175000000003658
6.82,6.8200000000003662
6.8225,6.8225000000003666
6.825,6.825000000000367
6.8275,6.8275000000003674
6.83,6.8300000000003678
6.8325,6.8325000000003682
6.835,6.8350000000003686
6.8375,6.8375000000003689
6.84,6.8400000000003693
6.8425,6.8425000000003697
6.845,6.8450000000003701
6.8475,6.8475000000003705
6.85,6.8500000000003709
6.8525,6.8525000000003713
6.855,6.8550000000003717
6.8575,6.8575000000003721
6.86,6.8600000000003725
6.8625,6.8625000000003729
6.865,6.8650000000003732
6.8675,6.8675000000003736
6.87,6.870000000000374
6.8725,6.8725000000003744
6.875,6.8750000000003748
6.8775,6.8775000000003752
6.88,6.8800000000003756
6.8825,6.882500000000376
6.885,6.8850000000003764
6.8875,6.8875000000003768
6.89,6.8900000000003772
6.8925,6.8925000000003775
6.895,6.8950000000003779
6.8975,6.8975000000003783
6.9,6.9000000000003787
6.9025,6.9025000000003791
6.905,6.9050000000003795
6.9075,6.9075000000003799
6.91,6.9100000000003803
6.9125,6.9125000000003807
6.915,6.9150000000003811
6.9175,6.9175000000003815
6.92,6.9200000000003818
6.9225,6.9225000000003822
6.925,6.9250000000003826
6.9275,6.927500000000383
6.93,6.9300000000003834
6.9325,6.9325000000003838
6.935,6.9350000000003842
6.9375,6.9375000000003846
6.94,6.940000000000385
6.9425,6.9425000000003854
6.945,6.9450000000003858
6.9475,6.9475000000003861
6.95,6.9500000000003865
6.9525,6.9525000000003869
6.955,6.9550000000003873
6.9575,6.9575000000003877
6.96,6.9600000000003881
6.9625,6.9625000000003885
6.965,6.9650000000003889
6.9675,6.9675000000003893
6.97,6.9700000000003897
6.9725,6.9725000000003901
6.975,6.9750000000003904
6.9775,6.9775000000003908
6.98,6.9800000000003912
6.9825,6.9825000000003916
6.985,6.985000000000392
6.9875,6.9875000000003924
6.99,6.9900000000003928
6.9925,6.9925000000003932
6.995,6.9950000000003936
6.9975,6.997500000000394
7.0,7.0000000000003944
