Physical Time (s),xth_left Monitor (kg-m/s^3)
0.0025,1.3295850134366881e-13
0.005,-1.2543851372698218e-13
0.0075,-3.4456237859155178e-14
0.01,-3.7707348497190751e-14
0.0125,4.1285123856512412e-14
0.015,-3.5142579824786059e-14
0.0175,4.9968645532729544e-14
0.02,-3.9973292741887633e-14
0.0225,7.3915055803384468e-14
0.025,3.9478168456891987e-14
0.0275,-1.1694357074109025e-13
0.03,-5.4870432775268449e-14
0.0325,-5.8250066138959052e-14
0.035,8.5283376497344339e-14
0.0375,-7.6284724064913003e-14
0.04,8.5164732819312748e-14
0.0425,4.225836724293039e-14
0.045,-5.3121784245111427e-16
0.0475,2.9167363815705228e-14
0.05,4.8606489640852501e-14
0.0525,4.8828570869395075e-14
0.055,-1.6303885425496374e-14
0.0575,8.9362577623268141e-16
0.06,-8.9179426024645852e-14
0.0625,-3.2122547680750246e-14
0.065,-2.2089982621185725e-14
0.0675,1.5199283001085786e-14
0.07,-7.8497933448696781e-14
0.0725,-3.6649533659646817e-14
0.075,-7.6145756570111294e-14
0.0775,8.623215349718269e-14
0.08,-5.5003687138433683e-14
0.0825,-2.8521675460464399e-14
0.085,-2.3856990627960744e-15
0.0875,3.0260381853707218e-14
0.09,-3.5856542042754585e-14
0.0925,2.9512778187960358e-14
0.095,-3.3317421830954757e-14
0.0975,2.6859913340073659e-14
0.1,4.1893256656483141e-15
0.1025,7.4489092837503898e-15
0.105,-3.0006585351166966e-14
0.1075,-4.6730074982558802e-14
0.11,-1.0999032146322313e-13
0.1125,6.8414867667766878e-14
0.115,2.747628314026217e-14
0.1175,2.8616546797662863e-14
0.12,-5.2357489508997171e-14
0.1225,-8.6124078126918911e-14
0.125,5.9943195673672241e-15
0.1275,7.5169524624046488e-14
0.13,5.4237137698024041e-14
0.1325,9.463864330205046e-14
0.135,1.9524242684128811e-14
0.1375,-9.4694922934516141e-14
0.14,5.1011445730027464e-14
0.1425,3.0407260950512989e-14
0.145,4.8635893249905439e-14
0.1475,-1.6963197408711015e-14
0.15,-2.6124563787664221e-14
0.1525,-8.9617138559609519e-14
0.155,1.4439543989775717e-13
0.1575,-7.0024134397540522e-14
0.16,2.1005156051589646e-14
0.1625,6.2861346513302205e-14
0.165,-6.8009059771858533e-16
0.1675,1.7031918136598826e-14
0.17,-1.6528842843922889e-14
0.1725,6.0229891329355032e-14
0.175,6.298174493055975e-14
0.1775,-1.344899733211876e-13
0.18,-2.0024320502112987e-14
0.1825,7.7087983933680287e-14
0.185,6.2312711975833952e-14
0.1875,-8.4257299754401996e-14
0.19,-7.7598761108271962e-14
0.1925,2.7367167724335895e-14
0.195,-5.5306279197442432e-14
0.1975,1.0275885621354375e-13
0.2,-4.9143242045415242e-14
0.2025,-7.0785655502366012e-14
0.205,-5.2826078983609976e-15
0.2075,4.6666656521165363e-14
0.21,2.5672663718993836e-14
0.2125,1.8178323402221297e-14
0.215,-7.5381877630768358e-14
0.2175,8.2869422015284194e-14
0.22,-2.8644184906922733e-14
0.2225,-4.363610436842295e-14
0.225,-3.4271211350811858e-15
0.2275,3.5579730939581783e-14
0.23,-1.6863713467706048e-14
0.2325,-4.1163444839077036e-14
0.235,-1.0203068305192614e-15
0.2375,-6.0556879519393426e-14
0.24,-7.8518543685332914e-15
0.2425,6.5508067172646227e-14
0.245,4.1877311834823563e-14
0.2475,1.7571746309284728e-14
0.25,2.8634542550929869e-14
0.2525,-2.4241112544706796e-14
0.255,-6.564780813895966e-14
0.2575,-1.2128899410412497e-14
0.26,3.2446903736862551e-14
0.2625,1.8398204095334689e-13
0.265,-3.2573199231790361e-14
0.2675,-5.7282305714021953e-14
0.27,-7.5393854893956181e-14
0.2725,7.0051785215964648e-14
0.275,4.2206287004384549e-14
0.2775,1.7118391489706942e-13
0.28,7.9254272423963604e-14
0.2825,-4.0031788841327654e-14
0.285,-1.2827597077319111e-13
0.2875,4.2780620164212464e-14
0.29,1.114872558912577e-13
0.2925,1.9306851851749617e-14
0.295,9.114110362443527e-14
0.2975,1.0380573730344797e-14
0.3,-9.8628072247143633e-14
0.3025,-2.7863807180545037e-14
0.305,7.2300082368467036e-14
0.3075,4.3864453563183945e-14
0.31,-5.3165335933035702e-14
0.3125,1.045278058641305e-13
0.315,8.6477984199283289e-14
0.3175,-5.9199960494438449e-14
0.32,-1.2086716492019397e-14
0.3225,-5.2487131166445418e-15
0.325,1.4839057616301154e-13
0.3275,-3.4603707473488768e-14
0.33,-9.737773192995453e-15
0.3325,-1.4362994041290758e-14
0.335,-9.9582759654441284e-15
0.3375,-6.5426060211173162e-14
0.34,-1.4536790155769127e-13
0.3425,-4.3111764398398401e-14
0.345,1.5347418068528862e-13
0.3475,-2.0070121831486847e-14
0.35,7.9686850186833108e-14
0.3525,2.1520782313839788e-13
0.355,4.2072961056087147e-14
0.3575,-7.2341381758259686e-14
0.36,-3.2009800216428911e-14
0.3625,5.5736238218377266e-14
0.365,-1.5654228062119371e-13
0.3675,7.8683614063273882e-14
0.37,1.2248443168491576e-13
0.3725,1.8172788022696707e-13
0.375,3.3583716699285643e-14
0.3775,6.1607985678073941e-14
0.38,-6.9421102072061547e-15
0.3825,5.0043416172194058e-15
0.385,-4.8324731718305321e-14
0.3875,-2.2589983573019431e-14
0.39,9.1537576914984064e-14
0.3925,2.1393036696200439e-14
0.395,-4.541734121285836e-16
0.3975,-6.4247461606540856e-15
0.4,3.1035922474339331e-14
0.4025,-2.4577177391252673e-14
0.405,1.6575230175175905e-14
0.4075,1.254789125255584e-14
0.41,-2.676600817155576e-14
0.4125,-1.4293474063032777e-14
0.415,-5.1083697743645574e-15
0.4175,-4.1680379005412678e-14
0.42,5.2166895940188993e-14
0.4225,-5.7399112697683096e-14
0.425,8.890379736133521e-14
0.4275,1.1855233186974795e-13
0.43,-4.0103903575264608e-14
0.4325,2.7171158020817284e-14
0.435,-1.3668848857880672e-13
0.4375,8.8957379444699022e-14
0.44,2.1562147676378551e-14
0.4425,6.2142007627805472e-14
0.445,-5.1625817307841273e-14
0.4475,-1.7799598240097881e-13
0.45,5.1060283680414498e-14
0.4525,-8.4301274680054231e-14
0.455,9.0719421194711761e-14
0.4575,-5.0093525569207213e-14
0.46,4.5781379967146278e-14
0.4625,1.4736093798935137e-13
0.465,9.2277962738414699e-15
0.4675,2.174601280643294e-14
0.47,1.4264633401799029e-13
0.4725,1.6762237829700309e-13
0.475,1.1498676465131646e-13
0.4775,-2.2973192427856065e-13
0.48,4.9521541050792299e-15
0.4825,5.6445652908388922e-15
0.485,-7.3386329905078079e-14
0.4875,9.9970490510908065e-15
0.49,-3.7486962231035161e-14
0.4925,-7.5533690421178352e-15
0.495,2.0332881972916018e-14
0.4975,-2.4295141952605008e-14
0.5,8.0215744646455729e-14
0.5025,2.686994131899592e-14
0.505,5.0074340473064962e-14
0.5075,-6.2560555409034952e-14
0.51,-4.118925999956831e-14
0.5125,-6.4418244258706851e-14
0.515,9.3217932449898405e-14
0.5175,5.0830460084541974e-15
0.52,-1.2128737774739844e-13
0.5225,1.2424556664306444e-14
0.525,-4.4274988958426426e-14
0.5275,-6.1413929987568978e-14
0.53,-1.8318544295517222e-13
0.5325,4.2018910539496206e-14
0.535,-1.0562282797375612e-13
0.5375,4.8146548522678472e-14
0.54,-7.4868915618534565e-16
0.5425,-9.8618648883903944e-14
0.545,-9.2793732547144696e-14
0.5475,-3.1435720814146914e-15
0.55,3.1647308547498165e-14
0.5525,-3.0831072964512974e-14
0.555,6.6851364699732366e-16
0.5575,2.5098367441900213e-14
0.56,1.4068460995032744e-14
0.5625,1.1375430325418139e-13
0.565,8.8030972209642051e-14
0.5675,8.7059844037905448e-15
0.57,2.3962189360135971e-14
0.5725,8.4424502665790468e-14
0.575,-1.0305731791239411e-13
0.5775,-2.7028817573963618e-14
0.58,-6.2760055528793027e-14
0.5825,4.6168867410729344e-14
0.585,3.0247701161013996e-14
0.5875,-9.141018797302982e-14
0.59,6.4843473014848562e-14
0.5925,-1.7616620106727776e-14
0.595,8.0852987900692834e-14
0.5975,2.2238374412063751e-14
0.6,-8.7182745716443277e-14
0.6025,-6.3135726928976267e-14
0.605,8.3242487865455659e-14
0.6075,4.0517630275492541e-16
0.61,1.1568567641094825e-13
0.6125,-6.7080996331437928e-14
0.615,6.2183767989642569e-14
0.6175,-1.4366339880090841e-13
0.62,-8.23417289608269e-16
0.6225,-2.8745993508762057e-14
0.625,3.2222565525101039e-14
0.6275,-7.4613806174724543e-14
0.63,-4.9231321761854313e-14
0.6325,2.6933826927728218e-14
0.635,9.955203445127408e-14
0.6375,1.0719573910032448e-13
0.64,-3.4711923783288372e-14
0.6425,-5.7556377602822259e-14
0.645,1.1628999657539709e-13
0.6475,3.8375844093735835e-14
0.65,-4.907647301744751e-15
0.6525,2.8640930458528697e-14
0.655,-1.5460943834174059e-14
0.6575,-1.7698036562111232e-13
0.66,-1.2029982334151646e-13
0.6625,7.0317192011956365e-14
0.665,3.3044668435839361e-14
0.6675,2.4426462919229203e-14
0.67,-6.668222000678003e-14
0.6725,-5.898422028564665e-15
0.675,1.3092338332722962e-13
0.6775,-1.5215319019661186e-13
0.68,-3.0570847205975149e-14
0.6825,-7.1424660187758078e-14
0.685,-4.1779929273368589e-14
0.6875,-8.2800684637284136e-14
0.69,-3.8983641064563313e-14
0.6925,-1.0538888163891752e-13
0.695,8.8981350447593146e-15
0.6975,5.0028528225987403e-14
0.7,-1.6454066961440954e-14
0.7025,-5.1350055002514787e-14
0.705,1.8081358931639915e-13
0.7075,7.0094525283738734e-14
0.71,9.9296284968532045e-14
0.7125,-4.3247506359545206e-14
0.715,1.109405957077189e-13
0.7175,-4.7105978512062342e-14
0.72,3.0494405256965363e-14
0.7225,-4.1690305054911919e-15
0.725,1.618906256480623e-14
0.7275,-2.6871719024749283e-15
0.73,-2.3394363996895781e-14
0.7325,-6.1155254284790472e-14
0.735,-2.8859603593652073e-14
0.7375,-4.2941307006835747e-14
0.74,-4.5530356127221689e-14
0.7425,-1.0150345332273096e-13
0.745,-9.4669592991066415e-15
0.7475,5.9819718668665316e-14
0.75,-1.157828229299917e-13
0.7525,-5.9288413074433539e-15
0.755,-1.6612486269635297e-13
0.7575,-5.8680481312699633e-14
0.76,-1.5300810569715514e-14
0.7625,-4.7988638933238788e-14
0.765,1.2118130666443749e-14
0.7675,4.7236018368808111e-14
0.77,-3.317773611041158e-14
0.7725,-4.2816181648175641e-14
0.775,5.541477692479669e-14
0.7775,8.1610259600479838e-14
0.78,1.1054544596009827e-13
0.7825,-9.2512472773431011e-14
0.785,-8.8288636947672024e-14
0.7875,2.2167172326090927e-14
0.79,-1.7143968447238779e-14
0.7925,-1.2998577544556119e-14
0.795,-2.2144874578981912e-15
0.7975,-1.4243902315235444e-13
0.8,4.0242810313315659e-14
0.8025,-2.2231668148403825e-13
0.805,4.8678512397101842e-14
0.8075,-1.0045461671650642e-13
0.81,-5.9747243316730539e-14
0.8125,1.2006903409833309e-13
0.815,8.62705006366114e-14
0.8175,-7.7482198771094404e-14
0.82,3.4703074717312472e-14
0.8225,6.8819441018877236e-14
0.825,4.3356420305828573e-14
0.8275,1.5764436900451071e-13
0.83,-5.6562121363460027e-15
0.8325,-1.3417142714705488e-13
0.835,-8.5237300058301104e-14
0.8375,-1.2885479716377881e-14
0.84,-7.5688605920370249e-14
0.8425,-5.7084427534742466e-14
0.845,1.6328811386517305e-14
0.8475,3.6826147789707756e-14
0.85,-4.1157590760467444e-14
0.8525,8.8488212829153513e-14
0.855,-7.865913460314363e-14
0.8575,-1.2157411587029241e-14
0.86,-2.8261800758230126e-14
0.8625,1.064890855369703e-14
0.865,-1.4596921966967652e-13
0.8675,6.1783215963157209e-15
0.87,-6.095338926238691e-14
0.8725,-3.8464383599991443e-14
0.875,1.1570573963653777e-14
0.8775,2.1634523943877821e-15
0.88,-3.0730636480533968e-14
0.8825,-9.5607604312111389e-14
0.885,-1.0678521643211797e-13
0.8875,-3.9098980586604908e-14
0.89,1.2689115272998088e-13
0.8925,-6.1565061408296717e-14
0.895,-2.3127385835504492e-14
0.8975,1.2244304198201051e-13
0.9,-1.8815244852259776e-14
0.9025,-5.3186753543783244e-14
0.905,3.1895279974462205e-15
0.9075,1.0119402391087486e-13
0.91,2.2998103035239575e-14
0.9125,3.0749962727973051e-14
0.915,-7.5114108786730754e-14
0.9175,-5.0566478767235296e-15
0.92,-1.0382453615958204e-14
0.9225,-2.2453754224804849e-14
0.925,-5.7219179492863918e-15
0.9275,-4.5362526336222478e-14
0.93,-6.3528128110581832e-14
0.9325,1.3157836760025966e-13
0.935,-1.0937233961411128e-13
0.9375,-9.5004851221320181e-15
0.94,1.1077113978366813e-14
0.9425,4.6136940073304365e-14
0.945,-9.9023917630265064e-14
0.9475,-6.4193567860169738e-14
0.95,1.9444844341710114e-14
0.9525,9.737942405181063e-14
0.955,-1.1167117813007836e-13
0.9575,5.4478150459230946e-15
0.96,-3.9198180527479196e-14
0.9625,-3.4831508063982635e-14
0.965,1.5262944480560339e-13
0.9675,1.6492083809060509e-13
0.97,6.5902707980698448e-14
0.9725,6.1642751049162462e-14
0.975,2.0988636588012239e-14
0.9775,1.4338293853233482e-14
0.98,-4.5313340790402317e-14
0.9825,-2.5656356512116636e-14
0.985,3.1495897386677406e-14
0.9875,1.1703165486747444e-14
0.99,-1.5660975646344045e-14
0.9925,-3.3316845668278458e-14
0.995,3.0243609105885353e-14
0.9975,-9.5544307334875926e-14
1.0,8.3954167654022538e-14
1.0025,-1.3051214511144734e-14
1.005,-4.8270687167570958e-14
1.0075,-4.0523065717958735e-14
1.01,1.4044673977195526e-14
1.0125,-4.8922061000198638e-14
1.015,-3.181721388923493e-14
1.0175,1.3227807945899135e-13
1.02,1.1308279952538592e-14
1.0225,-8.0895656285691544e-14
1.025,7.770317341332409e-14
1.0275,5.6190326474966174e-15
1.03,-1.6420514960434479e-14
1.0325,1.3140079965750947e-13
1.035,6.8423080364195403e-15
1.0375,1.2050044935773828e-13
1.04,-1.2437559158836019e-14
1.0425,1.4100611153169916e-13
1.045,-5.8379924379526182e-14
1.0475,3.1735876974663564e-14
1.05,-9.9885086015727052e-14
1.0525,1.8891619130864957e-14
1.055,-2.8293422852769343e-14
1.0575,3.5612415955868502e-15
1.06,-1.1689366425303668e-13
1.0625,-9.6666671790669018e-14
1.065,-8.0546689115258489e-14
1.0675,-3.4689566313072127e-14
1.07,2.1204257198991568e-14
1.0725,-7.7389575876080137e-14
1.075,-1.0843572793826004e-13
1.0775,6.7098055279581786e-14
1.08,-4.1471707735860762e-14
1.0825,1.3683036265380502e-14
1.085,4.0984455821027799e-14
1.0875,6.9198696640892314e-14
1.09,1.3584732797277579e-13
1.0925,9.8750356455716458e-14
1.095,4.8331262454601816e-15
1.0975,3.4578854185122418e-14
1.1,-4.3262158561581811e-14
1.1025,8.3278633157857289e-14
1.105,-5.7242541459185451e-14
1.1075,-8.2613202993236589e-15
1.11,-7.8052144115408443e-14
1.1125,9.5900895118482677e-15
1.115,-6.8420060842912356e-14
1.1175,2.9746452019265139e-14
1.12,1.0221384239854451e-13
1.1225,-5.5139391768489962e-14
1.125,5.0024298534096604e-14
1.1275,-4.1935675945825013e-15
1.13,-5.7099788700941087e-14
1.1325,-8.5026495203023715e-15
1.135,-1.5681993118512445e-14
1.1375,1.8670246785605286e-14
1.14,-4.8713524714898554e-15
1.1425,-1.0387264894504339e-13
1.145,3.6200495485262944e-15
1.1475,-8.0327705029923577e-14
1.15,5.7534042077694122e-15
1.1525,-4.2528351989440084e-14
1.155,1.2558460041859556e-13
1.1575,-7.7841097495955031e-14
1.16,3.938571264227248e-14
1.1625,-4.0932939928254378e-14
1.165,-8.622448669416315e-14
1.1675,4.7294962871319333e-14
1.17,-1.2269644321219736e-13
1.1725,-8.9729551891100508e-14
1.175,8.5104931243833801e-14
1.1775,4.3566992284587456e-14
1.18,3.1110501990329579e-14
1.1825,-3.9143773307106119e-14
1.185,-4.8785641601286602e-14
1.1875,-1.2454645906654936e-13
1.19,-1.0256911982117688e-13
1.1925,-1.8762697348708934e-14
1.195,5.1759845058060864e-14
1.1975,9.185782229211845e-14
1.2,-1.4322182423502837e-14
1.2025,-2.839247171710215e-14
1.205,6.072137814943643e-14
1.2075,4.5162048529346156e-14
1.21,-1.2048709782321499e-13
1.2125,5.4118758174763863e-14
1.215,-9.0402454389911364e-14
1.2175,3.2531800495179841e-14
1.22,7.5095590206472113e-14
1.2225,8.1665188273894781e-14
1.225,-5.4944368437071401e-14
1.2275,5.3593355648768458e-14
1.23,6.8478545874855446e-14
1.2325,-1.7571915717485745e-13
1.235,7.5395237039018946e-14
1.2375,1.0110278659798892e-13
1.24,1.5593797939041764e-13
1.2425,2.1175314709012463e-14
1.245,4.7087112776954704e-14
1.2475,-2.8690313321769001e-14
1.25,-1.2682174283483255e-13
1.2525,1.5871845041714594e-14
1.255,2.9691529235386786e-14
1.2575,-5.6562533001788454e-14
1.26,-2.3394281046187069e-14
1.2625,4.7767031672722833e-14
1.265,1.0617415973208817e-13
1.2675,-3.4635793893132973e-14
1.27,-4.7265530626380506e-14
1.2725,8.226168315239879e-14
1.275,5.0023490497913435e-14
1.2775,-1.0266811404256941e-13
1.28,6.3146648086550788e-15
1.2825,7.9457148005965119e-14
1.285,-4.9862468551086136e-14
1.2875,6.4093421680576775e-14
1.29,-6.353742133500699e-14
1.2925,-1.676166258626301e-13
1.295,-1.2644745107358492e-14
1.2975,5.9484823615176162e-14
1.3,2.3826042122280613e-14
1.3025,-1.5188029271110482e-14
1.305,-1.1275969173491486e-13
1.3075,-1.1877639305400836e-13
1.31,-4.7397029472929771e-14
1.3125,-3.1593813695517944e-14
1.315,1.5772866989576169e-13
1.3175,-5.5295216590414726e-14
1.32,-2.1943968876035192e-14
1.3225,-7.1300847621109434e-14
1.325,-2.4869140034355277e-14
1.3275,1.3905632485500454e-14
1.33,2.0142396082225049e-15
1.3325,1.66587368191888e-13
1.335,-4.8910176426075926e-14
1.3375,1.0759400896028559e-14
1.34,4.5010792008015418e-14
1.3425,2.2136800677991436e-14
1.345,-7.1825373764913034e-14
1.3475,7.8432592870079058e-14
1.35,3.3009298287712462e-14
1.3525,1.7851465196836235e-13
1.355,-9.694296774959501e-17
1.3575,1.2636202771929425e-14
1.36,2.8198081070719789e-13
1.3625,-4.370038368341347e-14
1.365,-5.9118485812977942e-14
1.3675,-6.0414181369620553e-14
1.37,5.4351452199885016e-14
1.3725,1.6016386902031488e-14
1.375,-2.0960102030054862e-14
1.3775,-1.3663080931904652e-13
1.38,2.2108543928167582e-14
1.3825,-1.6782999244131882e-14
1.385,6.9238263952480572e-14
1.3875,-1.3202984793493228e-14
1.39,-6.5301257816950883e-14
1.3925,-1.7874691888838313e-13
1.395,8.538461324249075e-14
1.3975,5.1911757774479759e-15
1.4,1.3723744698852392e-13
1.4025,1.7219504602526673e-14
1.405,3.3398594700348802e-14
1.4075,-6.9357307726055681e-14
1.41,7.5434678183936012e-14
1.4125,-9.7435080626463514e-14
1.415,-2.3426720500250405e-14
1.4175,9.1793913918431348e-14
1.42,-6.2094831189777566e-14
1.4225,1.3260088127506594e-14
1.425,-5.2070419340017724e-14
1.4275,-3.7491025188134962e-14
1.43,1.158705495367591e-14
1.4325,2.7777053255790168e-14
1.435,5.3645637841289176e-15
1.4375,-4.7726197433986417e-14
1.44,-1.1422377987860581e-13
1.4425,-1.3171771433147475e-13
1.445,-4.4968173014633462e-14
1.4475,-9.9506448795741002e-14
1.45,-8.2400205167514603e-14
1.4525,6.2441841556586062e-14
1.455,3.3546171807022624e-14
1.4575,-5.6738864159508025e-14
1.46,-4.7904151061350426e-14
1.4625,1.2028350535693009e-13
1.465,1.2427344237934585e-13
1.4675,-1.367048515498841e-14
1.47,1.0059628071427929e-13
1.4725,-2.0835133550513103e-14
1.475,6.4122386325899539e-15
1.4775,-8.8576257731137616e-14
1.48,-1.0767105474194886e-13
1.4825,-1.4539224621041257e-15
1.485,-3.2426624167904578e-14
1.4875,1.7761923281995499e-13
1.49,-5.1615861269849783e-14
1.4925,-6.8959676356296713e-14
1.495,1.0861556850747547e-13
1.4975,6.9139941778377462e-14
1.5,-1.8261492899290508e-13
1.5025,1.8215568947479354e-15
1.505,-2.2142000963907424e-14
1.5075,3.94130205559184e-14
1.51,2.0909570347718954e-14
1.5125,-5.780548617854299e-14
1.515,5.8878905268608614e-14
1.5175,-2.2299385659795657e-14
1.52,-1.6512258969801285e-13
1.5225,-8.9092346091371142e-14
1.525,1.2484657675157317e-14
1.5275,-4.0133336319074673e-14
1.53,8.0448304193337189e-14
1.5325,1.4431668092767326e-13
1.535,1.1526199048905636e-13
1.5375,-3.2710262983982138e-14
1.54,-1.3426545572720574e-14
1.5425,-1.1446341769125188e-13
1.545,5.0561013117583683e-14
1.5475,5.4912463850896492e-14
1.55,1.9081457111992111e-13
1.5525,8.865622341666823e-14
1.555,-1.6291791700166246e-14
1.5575,-1.5155688092353551e-13
1.56,-2.8147215215858337e-14
1.5625,2.7321009055537167e-14
1.565,2.1997770576089621e-14
1.5675,-7.3928216531446188e-14
1.57,6.4085801417955067e-14
1.5725,3.6397382791833434e-14
1.575,1.1160673323301913e-13
1.5775,-7.07640715677246e-14
1.58,-1.8734275373779399e-14
1.5825,1.9965169739113526e-14
1.585,-1.0180300028555004e-13
1.5875,-1.0453552956006345e-13
1.59,7.8119014302594535e-14
1.5925,1.8350362730151147e-14
1.595,1.8715354457194156e-14
1.5975,1.6988099154360481e-14
1.6,-1.0545853379084717e-13
1.6025,-2.2221873575952414e-14
1.605,-3.2993473674436668e-14
1.6075,-5.4321471368697491e-14
1.61,1.6127876158272338e-14
1.6125,4.3528072139030006e-14
1.615,-1.8910669880521117e-13
1.6175,-3.7836037352027702e-14
1.62,3.7150438995923155e-14
1.6225,-1.6913434304910802e-14
1.625,1.2822502447929791e-13
1.6275,-3.7342468777713265e-14
1.63,-4.746221048701257e-14
1.6325,-2.3965431130548168e-14
1.635,3.5605392988464975e-14
1.6375,-3.6314966012072741e-15
1.64,7.9296700377408817e-14
1.6425,-2.6009911661980105e-14
1.645,1.0149528539988366e-13
1.6475,5.9370407792671204e-16
1.65,-1.0329869470453729e-13
1.6525,-8.6663452041899334e-14
1.655,6.6864801226808509e-14
1.6575,5.8210365396187848e-14
1.66,-1.2255999081603392e-14
1.6625,-1.0416393453118189e-13
1.665,1.8955015536492223e-14
1.6675,-2.3214401808970742e-13
1.67,-2.7211415882006284e-14
1.6725,-6.489185941483773e-14
1.675,-1.7704984044671046e-13
1.6775,1.4269222488718566e-13
1.68,8.3023952263467896e-14
1.6825,-1.6508340144958642e-13
1.685,4.3099441185425284e-14
1.6875,-2.0517339055232295e-14
1.69,-1.1678911606195239e-14
1.6925,-4.9728004985523436e-14
1.695,3.9543782199986711e-14
1.6975,-2.599433693349238e-14
1.7,-1.1716304545334751e-13
1.7025,-1.1071746596523413e-15
1.705,-2.2671338112005076e-14
1.7075,-4.9976663238518248e-14
1.71,-9.0288771214226185e-14
1.7125,-5.5014022349220322e-14
1.715,5.3470641186385696e-14
1.7175,-5.3726098700749513e-14
1.72,-1.3988372825964539e-13
1.7225,-2.4163907071064757e-14
1.725,3.5083870731546687e-14
1.7275,-3.6910660667610711e-14
1.73,-1.9544466397042247e-14
1.7325,7.0795235732649743e-15
1.735,-3.4397123215349035e-14
1.7375,-2.2619908068821494e-14
1.74,2.9239123726921968e-14
1.7425,-1.0451328691547392e-13
1.745,-3.5031259991174076e-14
1.7475,1.3881761033732334e-14
1.75,-3.4002649305384764e-14
1.7525,-7.0912489686578738e-14
1.755,-4.8085116781449446e-14
1.7575,1.3183050461195625e-13
1.76,5.4687701134521126e-14
1.7625,-6.8443123508165587e-14
1.765,-1.4117253203646869e-13
1.7675,1.449254856744333e-13
1.77,-1.4139767727113106e-13
1.7725,6.8862519065111333e-14
1.775,9.0605438976359365e-15
1.7775,-4.2474931806746222e-14
1.78,1.5122993594140434e-13
1.7825,-1.1573029161785854e-13
1.785,-1.8032929880020183e-13
1.7875,-3.9639099650170657e-14
1.79,5.4686330426432687e-15
1.7925,5.4872527241766105e-14
1.795,5.7863902335177908e-15
1.7975,-8.8660438435821891e-16
1.8,3.1172056679631738e-14
1.8025,-7.1911769429828746e-14
1.805,9.0936911966517237e-14
1.8075,-7.7365268049550524e-15
1.81,-2.1571773392338992e-14
1.8125,6.7765422030347292e-14
1.815,6.3584198434738121e-14
1.8175,4.7352895988683046e-15
1.82,3.3159988856098123e-14
1.8225,-1.576944204866467e-14
1.825,6.5744066500976726e-14
1.8275,1.1071033762816591e-13
1.83,-3.863202441218793e-14
1.8325,1.3614084885522818e-13
1.835,6.2193229519904362e-14
1.8375,-4.5459082309215998e-14
1.84,-3.5178683798961365e-14
1.8425,6.0063086212692612e-14
1.845,4.0230840096713043e-14
1.8475,3.873267232983461e-14
1.85,5.8597202344773877e-14
1.8525,6.5594605182269391e-14
1.855,-4.3746577709052908e-15
1.8575,1.0040531961094557e-13
1.86,1.0974018038236251e-15
1.8625,2.2729730304663187e-14
1.865,-4.6154185840223602e-14
1.8675,-2.8170429345695636e-15
1.87,5.2030126765918624e-14
1.8725,3.918840096689648e-14
1.875,-5.8241685550601794e-14
1.8775,-1.2377475759643916e-13
1.88,6.3754807043831806e-14
1.8825,5.1667973342303667e-14
1.885,-1.3324172390766136e-13
1.8875,-1.6958425230998097e-14
1.89,-1.5576381005468777e-13
1.8925,-5.3831143164792373e-15
1.895,-3.1037779418940451e-14
1.8975,-5.7947716642918258e-14
1.9,4.0051867940508164e-14
1.9025,-1.0581723642462919e-13
1.905,-1.5535357160969e-13
1.9075,-8.6287065930179564e-14
1.91,-3.993698203048722e-14
1.9125,-1.2584600401987995e-13
1.915,6.4335204098182902e-15
1.9175,-6.1554989430482801e-15
1.92,-9.7861670446234318e-14
1.9225,8.7080665599842253e-15
1.925,5.6759148940489518e-14
1.9275,-1.3643001049188634e-14
1.93,-1.0074526466713428e-13
1.9325,4.880866168724085e-14
1.935,-1.4043111392583736e-13
1.9375,-6.1326726743957174e-14
1.94,-8.7207001726573513e-14
1.9425,1.0279109724004915e-14
1.945,5.5191687136278225e-15
1.9475,-9.4336847045300519e-14
1.95,-1.2015734498798415e-13
1.9525,-1.8198628611934639e-13
1.955,9.0475411815794392e-15
1.9575,4.9216064385458074e-14
1.96,-7.6079867579023483e-14
1.9625,3.0741670771761978e-14
1.965,-4.2626396916214391e-15
1.9675,-1.9742657444396872e-14
1.97,-1.4934266845871532e-13
1.9725,-5.4692238298561429e-14
1.975,-1.5912502894565145e-14
1.9775,1.2420588263867709e-13
1.98,7.560634631737541e-14
1.9825,-1.4379124952523919e-14
1.985,8.0881417239942579e-14
1.9875,8.3186997416762778e-14
1.99,-4.9017343192164441e-14
1.9925,4.762278800486392e-14
1.995,7.4718594528635834e-14
1.9975,-4.1356035930441294e-14
2.0,-8.5682055505324476e-14
2.0025,7.923374701744927e-14
2.005,-4.8404514315640321e-14
2.0075,4.0837259578742654e-14
2.01,9.0644050566418282e-14
2.0125,-1.106012157332719e-13
2.015,-5.4356384255367997e-14
2.0175,2.5913527621082234e-14
2.02,5.343660105729393e-14
2.0225,1.1176439412006886e-13
2.025,-3.4250553815101777e-14
2.0275,-1.0207941501732696e-13
2.03,-1.3694343712194894e-13
2.0325,-4.7363315960869169e-14
2.035,3.2272802649256908e-14
2.0375,9.6220591382944556e-14
2.04,-4.5463306181723463e-14
2.0425,-1.3529512752764315e-13
2.045,-4.8170145749289633e-14
2.0475,-1.3951832912668268e-14
2.05,3.0342550459028999e-14
2.0525,-2.0755780596753365e-15
2.055,-2.3757638460075248e-14
2.0575,7.488067087598303e-14
2.06,1.9342384510297562e-14
2.0625,-7.1733202832393713e-14
2.065,5.8758142716265672e-14
2.0675,-3.1022122189409807e-14
2.07,6.581717494385548e-15
2.0725,6.9116813865714334e-14
2.075,-6.3262313855152377e-14
2.0775,2.0071634851050883e-13
2.08,-8.2921933298930308e-14
2.0825,-1.1612717989733677e-13
2.085,-1.5615063103310808e-14
2.0875,3.1887824210896981e-14
2.09,-1.7016860478957145e-14
2.0925,3.8015039888246627e-14
2.095,1.0229908710120482e-13
2.0975,-1.1576149474535554e-13
2.1,1.0183000671504672e-15
2.1025,4.7441202101719905e-14
2.105,-9.9843956280521312e-14
2.1075,-8.8763711241035111e-14
2.11,8.6584936601055e-14
2.1125,2.3618783416544258e-14
2.115,1.3757591804506354e-13
2.1175,4.4057597410639349e-14
2.12,-1.6682450029939927e-14
2.1225,-1.7013003876132872e-14
2.125,-3.1482258919733263e-14
2.1275,-1.9037114558692765e-14
2.13,-5.9500762882641422e-14
2.1325,2.4185084188814997e-14
2.135,-8.2373578867628534e-14
2.1375,-4.9879524298832317e-15
2.14,-1.7844942967003731e-16
2.1425,1.0448833372848655e-13
2.145,-2.7077289461906966e-14
2.1475,1.74388560032824e-14
2.15,-5.4274239368702561e-15
2.1525,9.7418793805263014e-14
2.155,-1.1669190535659061e-13
2.1575,-1.7776663599873346e-13
2.16,-2.8490725361434846e-15
2.1625,-3.187130331050544e-14
2.165,4.27006503345296e-14
2.1675,5.0745496701411144e-14
2.17,4.4741662738233457e-14
2.1725,2.3421138071473739e-15
2.175,-4.7417656590978511e-14
2.1775,9.4282613585162359e-14
2.18,-6.9674844801431833e-14
2.1825,1.4666998691208038e-13
2.185,9.2838384966628431e-15
2.1875,3.9506787189092444e-15
2.19,6.6761563698182809e-14
2.1925,-3.5297250308906497e-14
2.195,1.3137440487926799e-13
2.1975,-2.5810265685205695e-14
2.2,-7.4583347697221489e-14
2.2025,1.148675246227056e-14
2.205,-1.0896889492130199e-13
2.2075,-5.2234224790039948e-15
2.21,-5.2054983889098427e-14
2.2125,6.1525109131260555e-15
2.215,8.4715321685665246e-14
2.2175,-5.5972650782803845e-14
2.22,3.764687442965887e-14
2.2225,-6.971106004607277e-14
2.225,1.1802280032185352e-14
2.2275,7.6552221246480799e-16
2.23,5.6264656907342234e-14
2.2325,-3.1011688764480052e-14
2.235,-2.8965848843060665e-14
2.2375,2.6592182838966701e-14
2.24,9.6569557222169367e-14
2.2425,-1.0011614694299886e-14
2.245,-6.3104120565704796e-14
2.2475,-5.611482315730148e-14
2.25,5.6968009024177067e-14
2.2525,5.7188402793828423e-14
2.255,3.5694884208662862e-14
2.2575,-6.001074993579661e-14
2.26,-7.4918369969257183e-14
2.2625,4.1302089102266231e-14
2.265,-3.1267460148636767e-14
2.2675,1.7091023761058874e-14
2.27,-3.2194346819095634e-14
2.2725,-6.8744719200076616e-14
2.275,-1.2020915682522422e-14
2.2775,8.2695343157209783e-14
2.28,-7.853233041594181e-14
2.2825,-1.0009411565250318e-13
2.285,3.3238304810674084e-14
2.2875,6.5890733946450801e-14
2.29,-1.0215682225700389e-13
2.2925,-6.5659791412742313e-14
2.295,-6.1149872833387516e-14
2.2975,5.0561931315607465e-14
2.3,7.6393654354448611e-14
2.3025,7.6367934647895198e-14
2.305,1.2501298477284709e-13
2.3075,2.6736198709709251e-14
2.31,4.2565474966308586e-14
2.3125,-2.5580755741869029e-17
2.315,5.5489622739614096e-14
2.3175,-1.6761478489374812e-14
2.32,8.0196887583119721e-14
2.3225,-1.9634849231272994e-15
2.325,-7.713956397646914e-14
2.3275,8.8945342379560748e-14
2.33,-8.6158113329536219e-16
2.3325,-6.0262734893786184e-14
2.335,9.7316652724932077e-14
2.3375,-9.4513036576314516e-14
2.34,-5.4540387873912638e-14
2.3425,-6.9211720073505007e-14
2.345,-4.0566275360230574e-14
2.3475,1.6348449028237132e-13
2.35,-5.8156055803202799e-14
2.3525,-9.3470553076492711e-15
2.355,3.2389380096642175e-14
2.3575,4.2992706456065102e-14
2.36,2.8648850044052027e-14
2.3625,7.4360107782532459e-14
2.365,-7.2659714849302801e-14
2.3675,5.1990099954541583e-14
2.37,-1.0355918851249228e-14
2.3725,-2.9943654468283284e-14
2.375,-6.489875426624225e-14
2.3775,1.5870537327014135e-13
2.38,4.9099282220437673e-14
2.3825,3.170683323604339e-14
2.385,6.9681036350468764e-15
2.3875,-1.2150009843226499e-13
2.39,-2.2370216505925888e-14
2.3925,1.648844340939789e-14
2.395,-5.937545188919827e-14
2.3975,-1.7616575303096436e-15
2.4,1.0262079332124776e-14
2.4025,1.0903705234092339e-14
2.405,7.1577478287307732e-14
2.4075,-1.3242100332202371e-13
2.41,2.5921909602879723e-14
2.4125,1.0298172268727113e-13
2.415,-7.1214389261205811e-15
2.4175,-6.8074145275628719e-14
2.42,1.2868394286971753e-13
2.4225,1.0257994150488602e-13
2.425,9.9491091055793229e-14
2.4275,1.1300134694002692e-14
2.43,-3.6805608620639799e-14
2.4325,4.9624818232474972e-14
2.435,2.6213330952696753e-14
2.4375,-4.8207426233240964e-15
2.44,-2.4494694223310643e-14
2.4425,2.4088127488086687e-14
2.445,1.4172980505129547e-13
2.4475,-1.1491264047397202e-14
2.45,-7.4774622305297634e-14
2.4525,-4.3685378074603422e-14
2.455,7.0200390177115441e-14
2.4575,1.8486861166020753e-14
2.46,-3.5290103770512285e-14
2.4625,-2.2667468684186366e-14
2.465,1.5858925110942235e-14
2.4675,1.0007205382750863e-13
2.47,4.4337375562963545e-14
2.4725,3.7791030652483402e-14
2.475,1.2608233700334781e-13
2.4775,-2.7591230297540636e-14
2.48,5.3352859377383595e-14
2.4825,7.1838040669345814e-14
2.485,1.0166581995025225e-13
2.4875,-8.1260923353050789e-14
2.49,1.0481686826264888e-13
2.4925,2.484287855664831e-14
2.495,-6.5065239609230739e-14
2.4975,-2.0149461306078319e-14
2.5,9.8196292133929333e-14
2.5025,2.9445096749000656e-14
2.505,-1.203347127592077e-13
2.5075,4.901593405706201e-14
2.51,5.3090144666701222e-14
2.5125,7.9589425770787068e-14
2.515,1.0738676546393531e-13
2.5175,-2.533840276801233e-14
2.52,-1.8419405297955795e-14
2.5225,-5.4627386831819083e-14
2.525,3.205803873654159e-14
2.5275,-6.5093314167365954e-15
2.53,3.215387310513789e-14
2.5325,-2.3861733186392155e-14
2.535,-2.7063657257106273e-14
2.5375,-1.3092845445961775e-14
2.54,3.5303181781311772e-14
2.5425,-5.2271695741906338e-14
2.545,9.5319885772695586e-14
2.5475,7.0309644886902094e-15
2.55,4.2219312411773054e-14
2.5525,4.5350376783207864e-14
2.555,-1.0893243004434939e-13
2.5575,-5.0644833409989939e-14
2.56,7.6126578102753207e-14
2.5625,2.2956277929112425e-14
2.565,4.2272364752257301e-14
2.5675,3.4867090353078516e-14
2.57,2.735566445739533e-14
2.5725,-2.2238644487684388e-14
2.575,-5.153884660586395e-15
2.5775,3.6978111177712322e-14
2.58,-9.3615699578507416e-14
2.5825,-1.0168881784229652e-13
2.585,-3.9502526912591727e-14
2.5875,-1.2231680295814302e-13
2.59,-8.6809223071968e-14
2.5925,-7.10870541323786e-14
2.595,1.0717036237345199e-13
2.5975,2.9225450791085282e-14
2.6,-1.6939439704073827e-14
2.6025,-4.8401417303487423e-15
2.605,5.6963141552868104e-14
2.6075,-5.8981106932308175e-15
2.61,5.333440594911259e-14
2.6125,6.1328381652311307e-15
2.615,5.422255491525075e-14
2.6175,-9.1284472949070963e-14
2.62,-8.2662748108477496e-14
2.6225,-1.2114440391359761e-13
2.625,3.311141429005724e-14
2.6275,-2.3246538592525095e-14
2.63,2.1204633704177344e-13
2.6325,-1.5160019380243059e-14
2.635,3.52739045353535e-14
2.6375,8.6922021344113085e-15
2.64,1.5350623044829855e-14
2.6425,-4.6578905670905838e-14
2.645,7.916248339493429e-14
2.6475,-6.9401505182297236e-14
2.65,6.5632387301477268e-14
2.6525,-6.5802099256392531e-14
2.655,1.2412413477317159e-13
2.6575,-6.6512488213315125e-14
2.66,1.4579722620469087e-14
2.6625,4.1482976233706579e-14
2.665,-5.4477637216519866e-14
2.6675,5.7312929847014349e-14
2.67,-1.8315145569750042e-13
2.6725,1.1122657050149099e-13
2.675,4.775889282431258e-14
2.6775,1.0504322323265836e-13
2.68,3.7999297124247425e-15
2.6825,-5.3139445250657883e-16
2.685,1.0762861339480881e-14
2.6875,8.0459585549457427e-15
2.69,-6.851908537815686e-15
2.6925,-1.8433542879699939e-14
2.695,5.1290988927336729e-14
2.6975,1.0708316147665538e-13
2.7,1.0468676905695239e-13
2.7025,-8.9264920192929958e-14
2.705,2.9612469396439072e-14
2.7075,-9.9326667526156004e-14
2.71,7.4555530303998326e-14
2.7125,3.2309181994161873e-14
2.715,-1.1339724751931407e-13
2.7175,-3.7877661294514274e-14
2.72,-1.9167745989143514e-13
2.7225,-5.6462319861103221e-14
2.725,-3.6278338351683185e-14
2.7275,-6.4497435473727058e-14
2.73,-7.6513925184868355e-14
2.7325,7.080273830222941e-14
2.735,-6.274903272835869e-14
2.7375,-3.0278844902625728e-14
2.74,-6.295017233062263e-14
2.7425,3.9106565017806411e-14
2.745,-6.9466889216646187e-14
2.7475,-1.4589566163779443e-13
2.75,4.6024475530846842e-14
2.7525,-1.7848213800640721e-13
2.755,1.6970475137203825e-14
2.7575,5.883068644356898e-14
2.76,1.599901422506824e-13
2.7625,-3.0603906390468163e-14
2.765,-1.4557980756641466e-14
2.7675,-4.6113817029340027e-14
2.77,-8.7790335338918772e-15
2.7725,-1.5483583627076008e-13
2.775,-2.3069792700962473e-13
2.7775,1.0482613741911158e-13
2.78,2.5366282385491018e-14
2.7825,-8.5733470838082517e-14
2.785,6.2245085399220171e-14
2.7875,-3.6101654713814381e-14
2.79,-2.9658103127895915e-14
2.7925,1.3671976848387099e-13
2.795,-8.1390735629267908e-15
2.7975,6.2992386069947354e-14
2.8,2.0822020411957398e-15
2.8025,-6.9904667468369372e-14
2.805,7.2490933869794858e-14
2.8075,3.3970748635396205e-14
2.81,-1.0958713083872877e-14
2.8125,5.3018581702359638e-14
2.815,-8.5571538926584492e-14
2.8175,4.1960526730370907e-14
2.82,1.2852205342692326e-13
2.8225,8.7247415264482669e-14
2.825,4.2379651870842711e-14
2.8275,5.9999027535759518e-14
2.83,8.9843095051320605e-14
2.8325,1.998105661285358e-13
2.835,8.1476962782807428e-14
2.8375,-7.7866097055446839e-14
2.84,-8.9971016638590413e-14
2.8425,-3.1710908047647974e-14
2.845,1.1447715257985012e-13
2.8475,3.6412465197633131e-14
2.85,-3.4398220168334157e-15
2.8525,-2.5914317138321704e-14
2.855,-7.4865466684322178e-14
2.8575,-2.8109359692148289e-14
2.86,-3.7415381333796229e-15
2.8625,-8.5162739883693099e-14
2.865,6.5050086808191161e-14
2.8675,1.6812368111113559e-13
2.87,1.4193294378335714e-13
2.8725,-6.6081311871728539e-14
2.875,-1.1567848462944046e-13
2.8775,-1.7303438710583052e-13
2.88,3.4693765599523117e-14
2.8825,-8.2464337116358086e-14
2.885,-1.2407362514104032e-13
2.8875,-2.9138827716048431e-14
2.89,1.3861759696157388e-14
2.8925,8.5049766025851873e-14
2.895,8.4848691246323397e-14
2.8975,3.8902361359183972e-15
2.9,3.2483014924381306e-14
2.9025,3.1607426531035249e-14
2.905,7.1484240823569683e-14
2.9075,5.7063820214194699e-15
2.91,9.373194462180797e-14
2.9125,5.7957519893094521e-14
2.915,-3.4050952778397463e-14
2.9175,-9.111825664027848e-14
2.92,-2.802107951930806e-14
2.9225,-1.960258471471429e-13
2.925,-2.1896598592268813e-13
2.9275,5.3827267401333392e-15
2.93,1.1596894174754309e-13
2.9325,-1.69853502180562e-13
2.935,-2.0548360158929096e-14
2.9375,-8.3301062589438327e-14
2.94,-8.734926960769631e-14
2.9425,7.4210288583620873e-14
2.945,1.8167221974482005e-14
2.9475,-6.683115214774943e-14
2.95,4.0672502890305347e-14
2.9525,1.755458695904977e-13
2.955,-7.6400085583539229e-14
2.9575,-1.7974397877273591e-14
2.96,-1.2476448026108887e-13
2.9625,-6.9911564367515072e-14
2.965,-7.6155404279937246e-14
2.9675,8.0826469417180134e-14
2.97,-5.2944529245917206e-14
2.9725,1.2641846441738835e-13
2.975,-7.6008915433869783e-14
2.9775,-6.7742349648328273e-14
2.98,-9.997425916998275e-15
2.9825,-4.2890225109942078e-14
2.985,-1.0779689599247229e-13
2.9875,-5.0642335048002163e-14
2.99,1.1042862363753466e-13
2.9925,2.6295415900359851e-14
2.995,3.2717982378447205e-14
2.9975,1.2469019353357396e-14
3.0,-1.1885649821501092e-13
3.0025,-1.2322379061499949e-13
3.005,-1.2461489698651197e-13
3.0075,-1.2068977491876819e-14
3.01,1.7566810444836545e-13
3.0125,2.7393103847151069e-14
3.015,2.1667325572977272e-14
3.0175,-2.3495566796383123e-13
3.02,1.2428688484835657e-13
3.0225,-1.4027398267031959e-13
3.025,1.9332118706300737e-13
3.0275,1.0788581681566837e-13
3.03,7.4563759201220593e-14
3.0325,1.0422171978687008e-13
3.035,-7.1263328085865501e-15
3.0375,-7.9073559260373924e-14
3.04,7.0409727764049026e-14
3.0425,-9.7698613462080128e-14
3.045,4.6802306468585537e-15
3.0475,-7.56412965947716e-14
3.05,-2.4855247868253556e-14
3.0525,2.8110833444796143e-14
3.055,-5.2152753402991443e-14
3.0575,9.1537049930799413e-14
3.06,2.6494030550948363e-14
3.0625,5.6455491862460546e-14
3.065,4.2117573416656586e-14
3.0675,-4.816570827421837e-14
3.07,5.1038727928924363e-14
3.0725,1.9057933893914316e-14
3.075,5.8432311941458225e-14
3.0775,-2.0404389170758149e-14
3.08,-1.212575155290045e-13
3.0825,-1.8700335909710485e-14
3.085,1.9676976221058793e-14
3.0875,-1.4479646584924065e-13
3.09,-8.2405613893553754e-14
3.0925,-6.0524379660960114e-14
3.095,-4.504482793575651e-14
3.0975,3.8401732305009626e-14
3.1,-1.7175895660493006e-15
3.1025,-5.9289702363148668e-14
3.105,-4.6465132828052666e-14
3.1075,-6.2745149484706616e-15
3.11,2.1563519814329859e-14
3.1125,1.5718100044288745e-13
3.115,1.1639680358667212e-14
3.1175,2.5473231921495194e-14
3.12,-9.2827904038393487e-14
3.1225,-1.2224552972325976e-13
3.125,6.4524189513265263e-14
3.1275,-3.6638878835670809e-14
3.13,4.8071119108957801e-14
3.1325,4.8498496484718128e-14
3.135,-1.2984328693092616e-14
3.1375,8.242597518854463e-14
3.14,-7.3469319409271215e-14
3.1425,1.0163613571335628e-13
3.145,1.829323737752561e-13
3.1475,1.2046768855424456e-13
3.15,6.3422809976538149e-14
3.1525,-6.7436966098691691e-14
3.155,-1.2608310040098078e-13
3.1575,7.4836635719901821e-14
3.16,-5.5317903506706504e-14
3.1625,9.4818212508060388e-15
3.165,-1.0766899646052788e-14
3.1675,-9.7171869348447197e-14
3.17,6.0757531325092767e-14
3.1725,1.0227780194356489e-15
3.175,-8.6383806925194163e-15
3.1775,8.2339023453826288e-14
3.18,-3.401355535146601e-14
3.1825,-1.4205914009743405e-15
3.185,-1.8965847655640338e-14
3.1875,9.9252472781544078e-14
3.19,4.065258620054529e-14
3.1925,-9.4711213218040533e-14
3.195,-1.3430890653232747e-13
3.1975,-8.7071374025648689e-14
3.2,-1.2791151873065135e-13
3.2025,-9.1071189921597573e-14
3.205,1.2562438326042055e-14
3.2075,1.1669115287315752e-13
3.21,7.1821755600636973e-14
3.2125,-1.5076893675035719e-13
3.215,2.7201114422739905e-14
3.2175,-7.256652485232062e-14
3.22,3.859524324488349e-14
3.2225,6.9789095235356213e-14
3.225,-2.8607707871182939e-14
3.2275,-4.8847849503536584e-14
3.23,-6.1499064776484455e-14
3.2325,6.5204627666676217e-14
3.235,5.6714503144395721e-14
3.2375,-8.1978504426673785e-14
3.24,-6.081272630701161e-14
3.2425,-3.3241379562237383e-14
3.245,-1.6909543504782858e-13
3.2475,-5.0169326593599779e-14
3.25,9.6617240679322824e-15
3.2525,-2.33539669177221e-14
3.255,1.406217571189278e-14
3.2575,-5.3373034746152241e-14
3.26,7.0702005961340927e-14
3.2625,8.5013692839782861e-14
3.265,5.5750487461865384e-14
3.2675,-2.9861717872850786e-14
3.27,1.4622161441349827e-14
3.2725,1.1618636052049076e-13
3.275,8.030561289569728e-14
3.2775,-7.0182851384973627e-15
3.28,-2.0445044256682537e-14
3.2825,5.5036585733885404e-14
3.285,1.1944569735557477e-13
3.2875,-2.3142713096091469e-14
3.29,-4.1518013645670503e-14
3.2925,-4.6120381042781679e-14
3.295,-2.6477267278480708e-14
3.2975,-5.9779159655982781e-14
3.3,1.1604553721763979e-13
3.3025,-2.7826820738006127e-14
3.305,-3.3352842150320403e-14
3.3075,-1.9200348769550698e-14
3.31,-2.3014522524989903e-14
3.3125,-4.9191859227363637e-14
3.315,7.3678284444926879e-14
3.3175,-4.6058486047364657e-14
3.32,-3.7739816048307021e-15
3.3225,-1.4244882635570883e-13
3.325,1.0770420447578454e-13
3.3275,1.5372531482236492e-13
3.33,-1.0216609210815609e-13
3.3325,6.5237785094767965e-14
3.335,1.3359220438285474e-13
3.3375,8.8971121969659613e-14
3.34,-9.9586411963309048e-15
3.3425,2.6153802502385996e-14
3.345,3.8703473385987522e-14
3.3475,2.6574572079812293e-14
3.35,-7.1678040195039778e-14
3.3525,1.5733745451244569e-13
3.355,1.8911658484894683e-14
3.3575,-1.0120060045384336e-14
3.36,4.9927652109906438e-15
3.3625,-1.0663258521124345e-13
3.365,-2.7496432549321766e-15
3.3675,-1.2322816855110999e-13
3.37,2.9122633812485351e-14
3.3725,-6.5649166006278173e-14
3.375,-5.0555864637103947e-14
3.3775,-1.8873216353257884e-14
3.38,5.070796117587847e-14
3.3825,-8.9753674866709433e-15
3.385,-4.3714311668710054e-14
3.3875,2.5183948315579939e-14
3.39,2.0423362633510761e-14
3.3925,3.8208103871510269e-14
3.395,-1.3932409981934989e-14
3.3975,-9.6612845151857608e-14
3.4,6.8646264284310443e-15
3.4025,-1.3137113361534436e-14
3.405,-7.3034140266577675e-14
3.4075,1.2082003837141272e-13
3.41,-1.2039247526809736e-13
3.4125,-1.9488320001968341e-14
3.415,-6.7566627671789887e-14
3.4175,-2.0352732979159169e-14
3.42,-3.9804177372285673e-14
3.4225,-8.9549929078959235e-14
3.425,3.225165998721358e-14
3.4275,-1.4363316190931489e-13
3.43,3.9775139076398844e-14
3.4325,-1.7344758608576067e-14
3.435,-1.2022865725418239e-13
3.4375,-6.3883875694074147e-14
3.44,1.3441896926149891e-13
3.4425,-1.1599679097471905e-13
3.445,1.181525915566642e-13
3.4475,1.9276360100609175e-13
3.45,1.9649785299466962e-13
3.4525,7.0769097170409735e-14
3.455,6.5823672116002765e-14
3.4575,2.4805226952220883e-14
3.46,1.0627556932474849e-13
3.4625,8.1844201148903531e-14
3.465,1.4936012200449623e-13
3.4675,4.1851730325209092e-14
3.47,9.3622758143603777e-14
3.4725,-1.6699400786431064e-13
3.475,-2.6345610172013267e-14
3.4775,-5.9673910691202275e-14
3.48,-4.3245293271297508e-14
3.4825,-3.2219608628868638e-14
3.485,2.5576577999316746e-14
3.4875,9.9667463143616813e-14
3.49,4.3060038959094654e-14
3.4925,2.3669758896701827e-14
3.495,7.3419587965075414e-14
3.4975,6.1912787191214047e-14
3.5,-5.9110225392753691e-14
3.5025,-4.9080862973316957e-15
3.505,5.9624543087261167e-14
3.5075,1.1295562277104875e-14
3.51,4.7590725807499288e-14
3.5125,1.1958177765130657e-13
3.515,6.6698534103085523e-14
3.5175,3.0772226012408348e-14
3.52,-4.596150887692018e-14
3.5225,-1.5031969973746986e-14
3.525,1.2223897206114485e-13
3.5275,-1.1313560733406629e-13
3.53,1.5791001741877061e-13
3.5325,8.6905216814334646e-14
3.535,6.0113015084681532e-14
3.5375,-3.0918579610513098e-14
3.54,2.3308566641054136e-14
3.5425,-1.1804414514952462e-14
3.545,8.6189619982224101e-14
3.5475,1.2578502788808064e-14
3.55,-2.1777396296833722e-14
3.5525,-9.7606124367585217e-14
3.555,1.4192049844578609e-13
3.5575,1.1314565056524319e-13
3.56,-1.6307039929913665e-13
3.5625,-1.6062534824761004e-14
3.565,1.5957827453018662e-14
3.5675,1.8984951547304829e-13
3.57,1.0706844821580924e-13
3.5725,6.4851524359497874e-15
3.575,5.1366744493262448e-15
3.5775,7.2383085125702912e-15
3.58,1.9855335935977586e-15
3.5825,8.2652047779554717e-14
3.585,-5.3532459378213245e-14
3.5875,-2.0295739825038287e-14
3.59,-3.0203232489121048e-14
3.5925,1.95411554016294e-14
3.595,3.8351626640857422e-14
3.5975,-3.831764654476788e-14
3.6,-2.6658776948012927e-14
3.6025,2.6744826279887651e-14
3.605,1.2236191762778699e-13
3.6075,2.1778013813790867e-14
3.61,-1.1132180382541067e-13
3.6125,-2.1378567244169993e-14
3.615,-1.8260675108222535e-14
3.6175,1.4877668122578836e-14
3.62,-2.1423952618923776e-13
3.6225,-7.775066138697834e-14
3.625,2.4597937744255349e-14
3.6275,-1.0663719991335977e-14
3.63,1.8919125320164551e-13
3.6325,-1.6349346427901298e-13
3.635,1.0268218903756056e-13
3.6375,-3.055752576732166e-14
3.64,2.6539666990606771e-16
3.6425,-8.3868800197750063e-14
3.645,-1.4705759185507023e-14
3.6475,1.145628872502638e-13
3.65,-3.4970630927865014e-14
3.6525,7.314563064592013e-14
3.655,-2.5669269159484184e-14
3.6575,-3.1864254704252528e-15
3.66,3.9367353971170892e-14
3.6625,8.7233313070995551e-15
3.665,1.0927623845610042e-13
3.6675,-2.1625876894870769e-14
3.67,-1.962152032933714e-13
3.6725,3.5630509223970547e-14
3.675,-4.9076822261195552e-14
3.6775,2.6870764284608517e-14
3.68,5.19505870695836e-14
3.6825,1.1298408716125966e-14
3.685,1.1093294855186727e-14
3.6875,1.5974642883699616e-14
3.69,-3.1839993180877868e-15
3.6925,3.318978335476492e-14
3.695,-5.7871538088676143e-14
3.6975,5.1715564414433576e-14
3.7,-7.3270032048843699e-14
3.7025,-2.0868853879151389e-14
3.705,2.7263769863804728e-14
3.7075,-2.5918467467911511e-14
3.71,7.3835278656939906e-14
3.7125,1.208012120051507e-13
3.715,4.3160882715952337e-14
3.7175,-1.0501850465429036e-13
3.72,6.5364285954672668e-14
3.7225,6.6782208508664643e-14
3.725,6.0513847935122212e-14
3.7275,6.1953583514880636e-14
3.73,6.3763614551558169e-14
3.7325,-2.9352891584186247e-15
3.735,-1.1116788794609671e-13
3.7375,-7.4281908102943203e-14
3.74,3.5580017085702311e-14
3.7425,-7.1824643731453346e-14
3.745,4.3289969931479823e-16
3.7475,2.9419726623962522e-14
3.75,-4.9520390668965457e-14
3.7525,-1.6234436964706467e-13
3.755,7.288922825700435e-14
3.7575,-6.0793221394745082e-15
3.76,-1.4316185704850783e-14
3.7625,-1.9993621263099507e-15
3.765,-1.7254663448264102e-15
3.7675,-2.0459725091653887e-14
3.77,1.0001102569977616e-13
3.7725,-2.4454477093349288e-14
3.775,-1.3206922397916087e-13
3.7775,7.9826327791709082e-14
3.78,-1.3365748153731836e-13
3.7825,-9.7155244472811051e-14
3.785,1.0047981384605844e-13
3.7875,-6.9737895624235942e-14
3.79,-1.7125060643280505e-15
3.7925,-3.1355222315901918e-15
3.795,-8.2412080932140162e-14
3.7975,-1.2314929980249428e-13
3.8,5.1199221872402153e-14
3.8025,-1.1262653629619484e-13
3.805,-3.2678552804212847e-14
3.8075,5.1389609295451441e-14
3.81,6.7480248845576255e-14
3.8125,1.1490076897422871e-13
3.815,-1.069601844972122e-13
3.8175,-8.6302215929789058e-14
3.82,7.407263069953532e-14
3.8225,7.608053830267888e-15
3.825,-4.6179256328520278e-14
3.8275,-9.5061643904937132e-14
3.83,2.2103696400364421e-14
3.8325,8.7379428947315462e-14
3.835,-7.925080236011206e-14
3.8375,1.4458194918184647e-13
3.84,-8.7125020425737998e-15
3.8425,-2.550294267020034e-14
3.845,-5.1737839927921034e-14
3.8475,3.090862948724869e-14
3.85,4.3861781564746548e-14
3.8525,-4.3536891602326762e-14
3.855,-7.3734728575866226e-15
3.8575,2.4920906772520801e-13
3.86,1.6726854719420395e-14
3.8625,-1.8927422428915057e-14
3.865,-8.6733861619994707e-14
3.8675,-4.0135795411128505e-14
3.87,5.723928710342441e-14
3.8725,-8.579601751803139e-14
3.875,4.138482667459454e-14
3.8775,-1.3175772674304914e-14
3.88,1.2854283786837504e-13
3.8825,1.4275274015613219e-14
3.885,-6.5884052208335863e-14
3.8875,7.661938101499079e-14
3.89,-2.802668410774767e-14
3.8925,3.6396662916726306e-14
3.895,-1.142919973286837e-13
3.8975,1.2112457990995485e-13
3.9,5.8736022491766656e-14
3.9025,3.6480513386355258e-14
3.905,-2.1767868867113693e-13
3.9075,3.7621085569127779e-14
3.91,8.1274238279935608e-14
3.9125,5.6426175947451791e-14
3.915,5.2470073699426194e-14
3.9175,-9.8231160167702032e-15
3.92,-1.2500253742481898e-13
3.9225,3.4529415997139095e-15
3.925,-4.5283939274647719e-14
3.9275,1.2277044157213714e-13
3.93,-8.9863373815325056e-14
3.9325,5.917579721579497e-14
3.935,-1.2713544378543434e-14
3.9375,-3.9880069894386327e-14
3.94,-5.4293833092261738e-14
3.9425,2.1056500439163353e-14
3.945,-2.0738123465838216e-14
3.9475,1.0140871773775259e-13
3.95,1.9107750551100413e-14
3.9525,2.4915495012858767e-14
3.955,-1.8132355450912445e-14
3.9575,-5.613423902594798e-14
3.96,1.0262822717619402e-13
3.9625,6.3163742216753507e-14
3.965,-3.6324090316623725e-15
3.9675,3.0267144636302965e-14
3.97,1.1593885618122118e-13
3.9725,-1.7723486756258854e-13
3.975,7.8921995559245994e-15
3.9775,1.151535948942796e-13
3.98,-1.0267104368767391e-13
3.9825,2.6791274286528215e-15
3.985,-1.2709259610965881e-13
3.9875,8.8572347302158511e-14
3.99,-2.2414823811251725e-13
3.9925,-9.0025794560862581e-14
3.995,8.2410647982808899e-14
3.9975,8.2352277379055879e-14
4.0,-1.6160204729693518e-15
4.0025,3.2013689243241328e-14
4.005,-1.3528950708107682e-14
4.0075,2.5378385155714269e-14
4.01,-7.5619593227794379e-14
4.0125,-7.9126300852292084e-15
4.015,7.8350487003439872e-15
4.0175,-5.7358614162794194e-15
4.02,-1.7219501348922881e-13
4.0225,2.1353933318611384e-14
4.025,-1.4376213673397217e-13
4.0275,-3.8918717691130427e-14
4.03,2.4804970545088415e-14
4.0325,3.898018861622163e-14
4.035,1.6299968061024621e-13
4.0375,-5.7228754485510373e-14
4.04,2.2550998333832189e-14
4.0425,-7.2435122168812169e-14
4.045,6.9323934617048742e-14
4.0475,-7.020037452418756e-14
4.05,-1.5135609384915006e-13
4.0525,1.6968140138904865e-14
4.055,-3.7610117431705343e-14
4.0575,-2.6080290987914297e-14
4.06,4.1211475323989315e-15
4.0625,-8.277813536138323e-14
4.065,-4.5695715178105095e-14
4.0675,3.5124042045136321e-14
4.07,1.538801629555638e-14
4.0725,1.5002292885362616e-13
4.075,1.4821182943215661e-14
4.0775,-2.6361240605258596e-14
4.08,8.5982817097996083e-15
4.0825,1.5018192801971482e-14
4.085,-4.6163022360557738e-14
4.0875,-7.5031210962343731e-14
4.09,2.0291707605715673e-14
4.0925,3.1525231471487092e-14
4.095,6.1989596108209483e-14
4.0975,6.5894341289950235e-14
4.1,-4.8392038810767309e-14
4.1025,2.58955549183474e-14
4.105,-3.8942326493866894e-14
4.1075,9.822210342448901e-14
4.11,6.0189213863280557e-14
4.1125,-5.6742201600371655e-14
4.115,7.0908383391157417e-14
4.1175,-1.5376213210061403e-14
4.12,-3.0991813999542654e-14
4.1225,-7.6402648823338833e-14
4.125,-2.8609752288553762e-14
4.1275,-1.9331969713266211e-14
4.13,8.1567892326807403e-14
4.1325,-9.9537288519060827e-14
4.135,1.7140721719139466e-14
4.1375,4.147658501868188e-14
4.14,-5.7616471160141903e-14
4.1425,4.8813277625646606e-14
4.145,8.7712101079141183e-14
4.1475,7.1603527767470678e-14
4.15,1.0101386873174932e-13
4.1525,7.6178784633170258e-14
4.155,1.1137062974560358e-13
4.1575,-1.8890789991963582e-14
4.16,-6.9717357270724436e-14
4.1625,3.9544175753877162e-15
4.165,3.8986443019355721e-14
4.1675,3.1153083960711539e-14
4.17,-3.0854674312513969e-14
4.1725,3.9456688537398731e-15
4.175,-3.1165664319735289e-14
4.1775,2.4869216262319142e-14
4.18,-1.0123212563958885e-13
4.1825,-8.4066875169969791e-14
4.185,-1.0429749399979384e-13
4.1875,2.143537164633766e-14
4.19,-1.4211665985377134e-13
4.1925,-1.6524207439309578e-14
4.195,3.9368945669606468e-14
4.1975,1.4103260892014313e-13
4.2,-1.8965913376973072e-14
4.2025,-5.1689204481482948e-14
4.205,-1.0152963798973215e-13
4.2075,-1.7295295615843314e-13
4.21,6.6376304219540507e-14
4.2125,7.2941281593204878e-14
4.215,-3.0751404799956241e-14
4.2175,-5.8496145483357376e-14
4.22,4.7047972714453826e-14
4.2225,-3.8656617242071788e-14
4.225,2.6798146758887917e-14
4.2275,-1.5318652954462739e-13
4.23,-9.2939192030807934e-14
4.2325,-1.396055467295549e-14
4.235,7.1118428501534397e-14
4.2375,-2.423775675425867e-14
4.24,-4.5155134539970972e-14
4.2425,7.907608642707565e-14
4.245,4.5237154429035205e-14
4.2475,2.0544307256970844e-14
4.25,-4.3996150587408531e-14
4.2525,-7.712490708590565e-14
4.255,2.5239762799952763e-14
4.2575,-2.6108238164927503e-14
4.26,2.3966431082519208e-14
4.2625,2.6235753912696408e-15
4.265,-6.2394461324786427e-15
4.2675,-7.0276253337306817e-14
4.27,1.1666030090096902e-13
4.2725,-1.3325915976787069e-14
4.275,1.1940833314992655e-13
4.2775,-3.9040377294959231e-14
4.28,-3.6646250817938577e-14
4.2825,9.0323903853930796e-14
4.285,-2.5000039348296359e-14
4.2875,-3.2673751846467354e-15
4.29,4.2406647357169671e-14
4.2925,-7.1130184462768729e-14
4.295,1.0419984803155016e-13
4.2975,4.859137221750058e-14
4.3,-7.6462705227706753e-14
4.3025,8.1532034495707755e-14
4.305,4.5352159076067976e-14
4.3075,1.9910712629601316e-14
4.31,1.1274517442228115e-13
4.3125,1.2798126895220231e-14
4.315,4.2628163773805318e-14
4.3175,4.5239248809731675e-15
4.32,1.5342680821622415e-13
4.3225,3.0766302180136969e-14
4.325,-1.1263841793467066e-13
4.3275,-1.1533547666896649e-13
4.33,-1.212552551685967e-14
4.3325,5.6904688138972607e-14
4.335,-8.7062384212550187e-14
4.3375,-3.2617886147882187e-14
4.34,1.0764449598871574e-13
4.3425,1.1312505878791589e-14
4.345,5.4883646241195233e-14
4.3475,-1.268068852010485e-13
4.35,8.7602917065603944e-14
4.3525,-1.2558686487024122e-13
4.355,1.5217583627123257e-13
4.3575,3.8746776211762947e-15
4.36,6.7284098382718972e-14
4.3625,4.9627680956180941e-14
4.365,5.7141951380423469e-14
4.3675,4.7337852498018408e-14
4.37,2.0228741437531767e-15
4.3725,2.3215502084028883e-14
4.375,5.1311294683612098e-14
4.3775,-2.2744686455202498e-13
4.38,6.8335719286938483e-15
4.3825,-5.5628075028047986e-14
4.385,-6.6326703480611083e-14
4.3875,-3.6599798630633471e-14
4.39,-4.4215242439186102e-14
4.3925,9.4319379453685443e-14
4.395,2.0458508486025918e-14
4.3975,6.3585404266088328e-14
4.4,-5.5726423165476064e-14
4.4025,-1.66283512076038e-14
4.405,4.7145841523401332e-15
4.4075,4.3943909458949363e-14
4.41,4.093050332154404e-14
4.4125,-8.9123922268138937e-14
4.415,-3.4098407078406618e-14
4.4175,4.4625438933517853e-14
4.42,2.11056955315766e-14
4.4225,1.5549309517860632e-13
4.425,-1.4222529845903725e-14
4.4275,-5.5709823845077705e-14
4.43,8.1162621021157104e-14
4.4325,-6.6733223005302373e-14
4.435,-7.2946349674056642e-14
4.4375,-8.8157936328741329e-14
4.44,6.9463582947918147e-15
4.4425,4.9616989313311791e-14
4.445,2.160711563667617e-14
4.4475,-8.2906038620887444e-14
4.45,-9.2191024828105866e-15
4.4525,-1.0839451021128064e-13
4.455,1.8664996091791157e-14
4.4575,5.3528623287606767e-14
4.46,1.0546478393488325e-14
4.4625,2.2692154455874547e-15
4.465,3.2108882180053262e-14
4.4675,1.1849012836205387e-13
4.47,-1.2929996810898357e-13
4.4725,-9.6342320808176557e-14
4.475,-6.4758228414001887e-14
4.4775,4.5931345871590746e-14
4.48,5.2116069344827324e-14
4.4825,5.5629260874718588e-14
4.485,-1.4119220066115208e-13
4.4875,-6.8437106037869602e-14
4.49,-1.1923413739753956e-14
4.4925,1.7227060506065178e-13
4.495,-8.9187299089648596e-15
4.4975,9.2116608540237578e-14
4.5,9.2982342620169103e-14
4.5025,4.8753459507402235e-14
4.505,1.0188955349397254e-13
4.5075,6.0063252791610174e-14
4.51,-9.2421050834805375e-14
4.5125,1.0735246111136431e-13
4.515,-6.346920647624555e-14
4.5175,-4.9979514269193083e-14
4.52,-4.5208892293675549e-14
4.5225,-4.3240496321540172e-14
4.525,6.9151088160222043e-15
4.5275,3.5428141727074852e-14
4.53,7.2269870323336455e-14
4.5325,5.8274467068201769e-14
4.535,-1.7810397579385875e-14
4.5375,-1.0524797774270995e-13
4.54,-2.3903080477146973e-14
4.5425,-9.8534184791291621e-14
4.545,-1.633377127265683e-13
4.5475,1.4903057744370714e-13
4.55,-3.0324082315603016e-14
4.5525,-2.9597230638322252e-14
4.555,1.5905347642204212e-13
4.5575,9.852584450617895e-14
4.56,2.1461463518485957e-14
4.5625,2.2521861804539706e-14
4.565,-5.9580911648176237e-14
4.5675,9.0621792399327956e-14
4.57,-5.545272278272018e-14
4.5725,-8.8028561316766559e-14
4.575,-1.2628697263303341e-13
4.5775,-1.7110312208024195e-14
4.58,-1.5001881827985342e-13
4.5825,9.501075557642421e-14
4.585,-2.6470095516975061e-16
4.5875,-6.9226189271845605e-14
4.59,-2.7055721232203136e-14
4.5925,1.0728516824493876e-15
4.595,6.3911468684309197e-14
4.5975,-3.5682204963403616e-16
4.6,7.5802042585907209e-15
4.6025,4.5937084549961498e-14
4.605,3.0748949187595441e-14
4.6075,-5.6572472995029566e-14
4.61,-7.9601176670860983e-14
4.6125,9.7152923244571523e-14
4.615,-1.137871797554522e-13
4.6175,-3.3880423269934844e-14
4.62,1.1109374921890623e-13
4.6225,6.7070206007737841e-14
4.625,4.2133073455582384e-14
4.6275,-4.5687850060577539e-14
4.63,2.5085078135699761e-14
4.6325,-2.8211314186601738e-14
4.635,5.9070462192509955e-14
4.6375,-1.6935132503408552e-14
4.64,-1.6406744419258454e-14
4.6425,-8.6723562206423503e-14
4.645,-1.4984748288454032e-13
4.6475,7.4947274609582859e-14
4.65,1.6411744166272049e-13
4.6525,3.9062133492230437e-14
4.655,-1.9268124591709598e-13
4.6575,-5.4235595180177215e-14
4.66,4.8003868957893705e-14
4.6625,-1.4114418291980906e-14
4.665,-2.5818256737161719e-13
4.6675,1.6734348207366656e-14
4.67,-5.51176965204469e-14
4.6725,-1.0207256970194855e-14
4.675,4.9812733956592826e-16
4.6775,-2.5848920068046666e-14
4.68,4.8616641197646415e-14
4.6825,3.6598642434896753e-14
4.685,2.9683433816728029e-14
4.6875,-1.0763903840276713e-13
4.69,2.3831587317740342e-14
4.6925,-8.8908397077182544e-14
4.695,1.6647474463880573e-13
4.6975,-8.0219855400455828e-15
4.7,1.208073977054986e-13
4.7025,7.1086772625064203e-14
4.705,-4.6788470945520268e-15
4.7075,-2.1708807906768086e-14
4.71,-1.0772262675302114e-13
4.7125,9.0577274411535547e-15
4.715,-8.0004842385370555e-14
4.7175,-1.6555722130297791e-13
4.72,9.8317509989658587e-14
4.7225,8.5992583207992875e-14
4.725,3.4401568622835667e-14
4.7275,5.3975526055966486e-14
4.73,-7.8036693719325616e-14
4.7325,-4.6734944245956695e-15
4.735,-1.1833581184827779e-14
4.7375,4.248472969635645e-14
4.74,5.9830990296264621e-14
4.7425,8.2460992969370109e-14
4.745,3.0286201979402903e-14
4.7475,-4.0815397229549908e-14
4.75,2.0693913153177294e-14
4.7525,-1.050712142194633e-14
4.755,-4.3488116867418992e-14
4.7575,-1.1008541617030089e-13
4.76,-3.4879490644940354e-14
4.7625,-7.9088712725837506e-14
4.765,-4.5194722082947995e-15
4.7675,-1.17150760471247e-13
4.77,4.9572379673799829e-14
4.7725,-4.0734433173308939e-14
4.775,8.364158959918572e-14
4.7775,7.8527493280326504e-14
4.78,-7.1889711773449989e-14
4.7825,-5.4910592634326143e-14
4.785,-1.460860176118863e-14
4.7875,2.9570640393234702e-14
4.79,5.9431895666301126e-14
4.7925,1.1171042341978933e-14
4.795,2.4605553857197156e-17
4.7975,-1.8848629662743154e-14
4.8,1.4172150381708061e-13
4.8025,-1.4099140946616581e-13
4.805,9.074627513331406e-14
4.8075,1.0551264993001114e-13
4.81,-8.5929704381842273e-14
4.8125,2.7955481550362068e-14
4.815,-7.9075777850131119e-15
4.8175,-1.291569677705379e-13
4.82,-1.0686835580353656e-13
4.8225,1.5391515061601851e-14
4.825,1.7041906457647689e-14
4.8275,-5.882438607136377e-15
4.83,3.0018863185675457e-14
4.8325,-7.2253977695776346e-14
4.835,-1.3340942425067984e-13
4.8375,1.2882707387094727e-14
4.84,4.6976455277550221e-14
4.8425,6.7006332843227167e-14
4.845,-9.8922935410617782e-17
4.8475,1.0236777320843544e-13
4.85,2.7728770983409709e-14
4.8525,-4.5790194693914304e-14
4.855,-4.8160135757168432e-14
4.8575,5.4283046956089494e-14
4.86,-1.0631430952827237e-14
4.8625,-7.1434445792607824e-14
4.865,-1.5341162193354131e-14
4.8675,-2.3223748693202188e-14
4.87,-7.4527488444459402e-14
4.8725,7.1184735134055001e-14
4.875,4.6188568377057062e-14
4.8775,4.5930952328107027e-14
4.88,1.5158756575595093e-13
4.8825,5.2020155379169105e-14
4.885,-6.5143680715386609e-14
4.8875,-7.2330806845924414e-14
4.89,-1.2954273109642101e-13
4.8925,-1.366410232756505e-13
4.895,6.2869076647692091e-15
4.8975,1.145144027792574e-14
4.9,7.2017552532451618e-14
4.9025,7.8089172159583074e-14
4.905,-1.5265755416141124e-14
4.9075,-9.0128241857381437e-14
4.91,4.2031247773455255e-14
4.9125,-5.2093431667417905e-15
4.915,-6.0961831989511556e-14
4.9175,3.8296578915591077e-14
4.92,4.0759985287414577e-14
4.9225,1.2844990313428694e-14
4.925,2.6832425299915409e-14
4.9275,-5.2147482405232302e-14
4.93,3.0627402660708658e-14
4.9325,6.423904272316286e-14
4.935,6.2732965150549122e-14
4.9375,-5.1599514959026607e-15
4.94,1.0152920609829192e-13
4.9425,8.0412787021985217e-14
4.945,-2.5427127760266037e-14
4.9475,-1.0199288721107427e-13
4.95,5.7567427672607033e-14
4.9525,5.6952198052256249e-14
4.955,1.6415530565255295e-13
4.9575,-5.6697319754692346e-14
4.96,-4.2733041547250505e-14
4.9625,-3.208328379477125e-14
4.965,-3.3809549432926021e-14
4.9675,-7.8403900298611738e-14
4.97,8.7099403921720218e-14
4.9725,9.2709963970183996e-14
4.975,1.9996019009166889e-13
4.9775,-6.907643984946583e-14
4.98,1.9302264314306025e-13
4.9825,-8.0333158634990313e-15
4.985,1.3214183372762696e-14
4.9875,1.0205670549473374e-13
4.99,8.634181801454796e-14
4.9925,1.456065955795744e-13
4.995,2.0622203059011143e-14
4.9975,-1.1957160157237935e-13
5.0,1.7044566238605462e-14
5.0025,-1.5931892318063594e-13
5.005,-2.5394883146202133e-14
5.0075,5.2698362689968738e-14
5.01,5.7548365207150345e-14
5.0125,-1.4849249166053151e-13
5.015,-1.7898552620723607e-13
5.0175,-1.1290562757719181e-13
5.02,-3.0274879346071069e-14
5.0225,5.0906886315830662e-14
5.025,7.155875743161361e-14
5.0275,8.4245457993468627e-14
5.03,-4.5597178057660576e-15
5.0325,8.2917503102538687e-15
5.035,-7.6125435236814726e-14
5.0375,9.6102773732643586e-14
5.04,-3.1628053078029429e-14
5.0425,5.1544447073159971e-15
5.045,-9.8286853910947753e-14
5.0475,7.0721211877938842e-15
5.05,-3.0657577961616085e-14
5.0525,-4.7094782277066909e-14
5.055,-2.8347903680815126e-14
5.0575,1.3492832284265879e-13
5.06,-8.2021789357544655e-14
5.0625,-2.6221288087259744e-14
5.065,4.1098605691378449e-14
5.0675,-6.6461372953154625e-14
5.07,-1.1861054975630315e-13
5.0725,9.4901479762538469e-14
5.075,8.3401649504222198e-14
5.0775,-5.1407057572272421e-14
5.08,6.7896689927803244e-15
5.0825,5.2155370445415078e-14
5.085,4.0024158172621697e-14
5.0875,-8.5151659985959891e-15
5.09,-1.3441137042075437e-13
5.0925,-4.9210383491159794e-14
5.095,-5.3789738668683273e-14
5.0975,4.5051449487308833e-14
5.1,4.3996550279652716e-14
5.1025,2.1308201847838054e-14
5.105,1.1671427603779762e-13
5.1075,-4.0559513096783816e-14
5.11,-2.6518201888028722e-14
5.1125,2.8885218339937374e-14
5.115,-2.9979639286808467e-14
5.1175,-6.0171591212323624e-14
5.12,5.7328858035526935e-14
5.1225,-1.3467669807430011e-14
5.125,8.6442732307154665e-14
5.1275,6.1257415030844664e-17
5.13,-2.0195323233825021e-13
5.1325,-2.7576441147005449e-15
5.135,-1.4105839623086277e-13
5.1375,-6.7175697312490898e-14
5.14,-6.5569752018283851e-14
5.1425,-3.3316815436073236e-14
5.145,6.3259857339668253e-14
5.1475,-6.0791827283241169e-14
5.15,5.0217105848958427e-15
5.1525,-9.5493959108581723e-14
5.155,-1.2743681518826917e-14
5.1575,5.2270424946820072e-15
5.16,5.1342527003302126e-14
5.1625,6.7208121104502767e-14
5.165,-2.0059576266481239e-14
5.1675,-1.1862980017350907e-14
5.17,-2.0316571458475347e-14
5.1725,1.4393002621281825e-13
5.175,5.9743889967841183e-14
5.1775,2.4891484705840675e-14
5.18,5.3696778583114609e-14
5.1825,6.5250517810200944e-15
5.185,-8.8111509360134834e-14
5.1875,4.7034921103523151e-14
5.19,3.1385131649659544e-14
5.1925,-4.8154358602628074e-14
5.195,5.9867120352914447e-14
5.1975,7.1691127698717303e-14
5.2,-6.0905517598610824e-14
5.2025,1.6377893176096823e-15
5.205,-4.9208660353912834e-14
5.2075,-3.5355359357846009e-14
5.21,-8.9016319268557657e-14
5.2125,1.8123389797622867e-13
5.215,3.2040037474528796e-14
5.2175,1.0587719859423444e-13
5.22,4.3285810658024614e-14
5.2225,-3.6137009785003476e-14
5.225,4.6304954331069094e-14
5.2275,-1.298704005260808e-13
5.23,-1.0656131674161733e-14
5.2325,-1.7600496749433301e-13
5.235,-3.9875361024331561e-14
5.2375,4.1535549465979599e-14
5.24,6.5772913542260771e-14
5.2425,-3.434989934817358e-14
5.245,-1.578022314838448e-13
5.2475,4.4987795967542058e-14
5.25,1.046626206972331e-13
5.2525,5.7489256729847582e-14
5.255,3.3988080424727988e-14
5.2575,7.1403384953229125e-14
5.26,1.2908335009890062e-13
5.2625,2.0856523838285222e-14
5.265,-5.3381507997981171e-15
5.2675,1.6833579824336979e-14
5.27,-2.0081367722704986e-14
5.2725,3.2412334965579771e-14
5.275,-9.9772115153533655e-15
5.2775,1.7663280306427374e-14
5.28,-9.7022812991246842e-14
5.2825,-9.9277778396341834e-14
5.285,2.2895643982023243e-14
5.2875,6.8345542044766659e-14
5.29,6.0034167263962059e-14
5.2925,4.8293408716851038e-14
5.295,-1.0094134469974826e-13
5.2975,1.0136734934450334e-13
5.3,-1.5769249530952155e-14
5.3025,1.0459588196500684e-13
5.305,3.7718243106293337e-14
5.3075,-3.2972369889467946e-14
5.31,1.6541411915324699e-14
5.3125,1.6657492833707021e-13
5.315,-1.294050938439377e-13
5.3175,3.4347762714535591e-14
5.32,1.6888715636152809e-13
5.3225,2.3178441737586684e-14
5.325,2.3348689294328726e-14
5.3275,9.4081988924091818e-14
5.33,-1.3916198004059575e-13
5.3325,-1.1248773866870475e-13
5.335,3.2888584392588597e-14
5.3375,-1.2799971803220798e-14
5.34,-6.1921457718419665e-14
5.3425,3.7138182817159497e-14
5.345,1.1241485982317538e-13
5.3475,-6.2640258342632687e-15
5.35,-1.2674881002906188e-13
5.3525,7.3950859506234112e-14
5.355,3.2928680524117913e-14
5.3575,1.0989356946777524e-13
5.36,-7.4036105416533736e-14
5.3625,2.0182747267827251e-14
5.365,8.2468710090542091e-14
5.3675,-2.549139371409315e-14
5.37,1.5198840631117226e-14
5.3725,-6.065428681528335e-15
5.375,-2.2439186274941753e-14
5.3775,-3.3342920170680222e-14
5.38,6.5372248727193391e-14
5.3825,9.6324093756404039e-14
5.385,6.546442003413408e-14
5.3875,-4.2891625451013715e-14
5.39,1.0733398058759178e-14
5.3925,-8.4174146010340503e-15
5.395,1.6686079699175071e-14
5.3975,3.9936571939435131e-14
5.4,6.1504488027709607e-14
5.4025,9.162399523997473e-14
5.405,6.2059603984438625e-14
5.4075,-8.6506811620997643e-14
5.41,9.3239900687089753e-14
5.4125,-5.806558600217947e-15
5.415,-1.5833479979054726e-14
5.4175,-3.4934006592276541e-15
5.42,-6.2008398085063203e-14
5.4225,1.3192864978794293e-13
5.425,9.1034701797311471e-15
5.4275,5.0578490004380404e-14
5.43,-5.6627564268179706e-15
5.4325,1.4965180382918693e-13
5.435,1.6771112431546272e-14
5.4375,5.3248516111387844e-14
5.44,5.1168548612101354e-14
5.4425,-6.7248900044693186e-14
5.445,-8.5598979698402399e-14
5.4475,2.4068947287000407e-14
5.45,-5.1969205571491238e-14
5.4525,-7.1434636127311172e-14
5.455,3.803900345616146e-14
5.4575,-3.3451876244641956e-14
5.46,6.9077902142085934e-14
5.4625,-9.1827168066759484e-14
5.465,-1.5085895607965298e-14
5.4675,-7.2398014816341756e-14
5.47,-1.2614970062929462e-13
5.4725,1.8295528599625783e-13
5.475,-5.2580708867550071e-14
5.4775,-5.1728504080273156e-14
5.48,3.8946771916801618e-14
5.4825,-1.3030921265916886e-13
5.485,1.1115774787238059e-13
5.4875,-6.9525123920692736e-14
5.49,5.7711319751411125e-14
5.4925,-4.2535300983004081e-15
5.495,1.0560840993344859e-13
5.4975,-2.1122935714912684e-14
5.5,1.1274183161713849e-13
5.5025,6.1861829591871552e-14
5.505,-1.4998128846091024e-14
5.5075,-1.5679959897121806e-14
5.51,8.2471500839849475e-14
5.5125,1.118499251443059e-13
5.515,-5.6347320566639316e-14
5.5175,2.3390466286329315e-14
5.52,-3.1734038266041819e-14
5.5225,-5.754496425559471e-14
5.525,8.1312914151053638e-14
5.5275,1.2576808077829685e-14
5.53,1.7825433272723078e-13
5.5325,-8.2316329073312486e-14
5.535,1.366150346364596e-14
5.5375,3.5399009325539805e-14
5.54,-7.75261281613848e-14
5.5425,9.4630653703163034e-15
5.545,-2.4632951223715283e-14
5.5475,-1.093126338139144e-13
5.55,-1.2283056704411716e-13
5.5525,1.4769007026906001e-13
5.555,6.8035029931861708e-14
5.5575,-4.9312070863750147e-14
5.56,-1.5502885739378401e-13
5.5625,6.6225275170381584e-14
5.565,-5.5730159163418591e-14
5.5675,8.1604208975093131e-14
5.57,2.8747762494422273e-14
5.5725,-1.2167986812324983e-13
5.575,-6.9194976050707342e-14
5.5775,-8.7623092055942489e-14
5.58,-9.1047125538726473e-14
5.5825,4.4353313837643481e-14
5.585,1.3153350427622973e-14
5.5875,-1.061000861485764e-13
5.59,1.4431750177756293e-13
5.5925,-1.172151082358191e-13
5.595,1.2904225826306581e-13
5.5975,-6.6118369948116053e-14
5.6,4.107083619287544e-15
5.6025,5.2788773983776717e-14
5.605,2.0963725288022909e-14
5.6075,3.0114452725999082e-14
5.61,-7.5625823249143608e-14
5.6125,-7.3309725340891357e-14
5.615,8.7648582001926765e-14
5.6175,-6.8423467804949705e-14
5.62,3.0711231021084398e-14
5.6225,3.6609998197340657e-14
5.625,-8.8652206590928787e-14
5.6275,-8.8977966468881924e-15
5.63,-5.4935310114690489e-14
5.6325,-3.7074502714849777e-14
5.635,1.0930190027539698e-13
5.6375,-5.9160652904922924e-14
5.64,-5.9266530876907617e-14
5.6425,-1.8862683281461773e-14
5.645,-8.2972002566808152e-14
5.6475,2.3593574461932615e-14
5.65,-9.197420513752176e-15
5.6525,1.4245433247569364e-13
5.655,-2.8472546319135926e-14
5.6575,1.4096883040894484e-15
5.66,-6.4497266294408976e-14
5.6625,8.1150181661436038e-14
5.665,-4.0830229323005085e-14
5.6675,-5.2164146267762439e-14
5.67,-7.7441165676727124e-14
5.6725,-4.7735996466811087e-14
5.675,9.3351965584466799e-14
5.6775,-1.6850811097777395e-14
5.68,3.85754665981965e-14
5.6825,-1.70412248349533e-14
5.685,-6.8383649295239398e-15
5.6875,-1.4539823602341077e-13
5.69,-5.2050438419505709e-14
5.6925,8.0762385950238869e-14
5.695,6.5050301899412529e-14
5.6975,4.1081976569916497e-14
5.7,-1.5474338061212247e-14
5.7025,9.5166786024039972e-14
5.705,2.0382320553130002e-14
5.7075,-1.4962733543823404e-16
5.71,7.4667376061650973e-14
5.7125,1.6381544645270507e-14
5.715,5.8276771247121381e-15
5.7175,-3.9170973367007433e-14
5.72,1.1088509978188567e-13
5.7225,1.7192438572653736e-14
5.725,-1.3326793759839139e-13
5.7275,1.7975144000390915e-16
5.73,5.5076368802164736e-14
5.7325,-4.0291960772441275e-14
5.735,3.5013691712078781e-14
5.7375,1.0756108864012398e-13
5.74,-2.9812362031614218e-14
5.7425,-3.0387653135682684e-14
5.745,-1.0991478230498516e-14
5.7475,9.3586423205588785e-15
5.75,1.0367447763010917e-13
5.7525,1.1233786673507093e-13
5.755,-5.395133990531404e-14
5.7575,1.2309864992889806e-13
5.76,7.1551735127496803e-14
5.7625,5.0735523623397474e-15
5.765,-1.3257861151178916e-13
5.7675,9.20699424481795e-14
5.77,7.8177552850031111e-14
5.7725,6.1211219468766851e-15
5.775,-1.0903960797120058e-13
5.7775,-7.7781024175543402e-14
5.78,-1.0278682657061007e-13
5.7825,-9.2927994326240618e-14
5.785,-5.6146295909305599e-14
5.7875,-5.3793553550451654e-15
5.79,7.8595975349123823e-14
5.7925,-4.3093224720156847e-14
5.795,1.0384796890353341e-13
5.7975,1.0753611920942552e-13
5.8,-1.4777144839464591e-13
5.8025,8.979828679670275e-14
5.805,-8.9943551255674771e-14
5.8075,4.0343678488660798e-14
5.81,4.738376649735297e-14
5.8125,-4.9655203857828464e-14
5.815,1.951271088234177e-13
5.8175,-1.984294006798233e-14
5.82,-1.2581984363436834e-14
5.8225,-1.5823483729096089e-13
5.825,-4.2575451516829516e-14
5.8275,1.1461335240772116e-13
5.83,9.624625315729362e-14
5.8325,-2.7395181198563578e-14
5.835,6.5082043620610888e-16
5.8375,-3.813999037978348e-14
5.84,-1.3798139220296226e-13
5.8425,-1.644475017041552e-14
5.845,1.425863892969388e-13
5.8475,-4.3676605651808704e-15
5.85,4.9366428794427993e-14
5.8525,1.0265079357532474e-14
5.855,-5.8377580910681457e-14
5.8575,-5.0568883051631273e-15
5.86,-2.117513195592294e-14
5.8625,-8.7264056837893445e-14
5.865,-6.1369065341895692e-14
5.8675,-2.3652836578922854e-14
5.87,9.8218996380194165e-14
5.8725,7.26899336001331e-14
5.875,3.2361810294551388e-15
5.8775,4.1915752634754972e-14
5.88,-9.4589733709961311e-15
5.8825,-1.0025740710635416e-13
5.885,9.5082848301777454e-14
5.8875,-3.7835870637376846e-15
5.89,1.4468141747814542e-14
5.8925,-2.8132924322248111e-14
5.895,-4.2848332255377612e-14
5.8975,-2.0221015741035804e-14
5.9,2.1304276308714292e-14
5.9025,5.6899471702014037e-14
5.905,5.4238787781386835e-14
5.9075,2.3744955567173074e-14
5.91,-2.57831903280602e-14
5.9125,1.0323151976384039e-13
5.915,-7.6222000728218197e-14
5.9175,5.5986089189940389e-14
5.92,1.5406459818388536e-13
5.9225,1.0326297718502356e-13
5.925,-9.1895988800861431e-14
5.9275,4.5671718792559996e-14
5.93,2.1447755273745961e-15
5.9325,3.8625009704566414e-15
5.935,3.969748193176019e-14
5.9375,1.3143573936649434e-13
5.94,1.1584166452369695e-13
5.9425,9.3770322799758589e-15
5.945,-7.5010374734869519e-14
5.9475,-7.5542344339222754e-14
5.95,-6.1807412141772217e-14
5.9525,9.7810662317313565e-15
5.955,1.3792645488086443e-14
5.9575,1.8604314817152706e-13
5.96,-6.4839056919941388e-14
5.9625,3.9984351598046139e-14
5.965,-7.3975147768682298e-14
5.9675,-2.6959797457149822e-14
5.97,-1.45334515741819e-13
5.9725,-2.5602057088385953e-14
5.975,1.6229921597274144e-14
5.9775,9.7023450795023263e-15
5.98,-7.1361388625340984e-14
5.9825,1.1981738673042907e-13
5.985,-5.3150392196670418e-14
5.9875,-2.034573551043498e-14
5.99,5.7475022009112503e-14
5.9925,-1.2139711550775726e-13
5.995,4.9714301948882462e-14
5.9975,-7.8218938032652274e-14
6.0,1.948557704753227e-13
6.0025,4.8457903663303691e-14
6.005,-7.1858023803337013e-14
6.0075,-6.9517981710884523e-14
6.01,3.0916519747503173e-14
6.0125,8.4905449706257645e-14
6.015,-8.9162094758259814e-14
6.0175,-9.9642619257123126e-15
6.02,2.8737339130050099e-14
6.0225,3.4216609049767818e-15
6.025,9.9339136920129481e-14
6.0275,-3.8287701404617996e-14
6.03,-1.1110280317961379e-13
6.0325,4.2200725869055282e-14
6.035,1.1274297894830001e-13
6.0375,-3.455220767716984e-14
6.04,-6.1536330701038851e-14
6.0425,6.8329707524287036e-14
6.045,-7.3241132129619361e-14
6.0475,7.4157883275697362e-14
6.05,-1.34781900760197e-13
6.0525,1.1709975650604447e-13
6.055,7.0016413561593483e-15
6.0575,4.7068568277266535e-14
6.06,-5.8260975162504504e-14
6.0625,-1.0048405863427621e-13
6.065,1.1143904173083334e-13
6.0675,-2.0920642968870506e-14
6.07,5.6322701712154355e-14
6.0725,-4.9433668843043526e-14
6.075,-8.6408442340682706e-14
6.0775,-1.6107793094992799e-13
6.08,8.4882560333507224e-14
6.0825,-1.0224907654825638e-13
6.085,-1.5126128699955168e-13
6.0875,1.5992288525685669e-14
6.09,-1.0803419944481994e-13
6.0925,-1.6129543109593218e-14
6.095,-3.2358750911340691e-14
6.0975,5.338790617158846e-14
6.1,7.3960856505700702e-15
6.1025,-9.4078606158304328e-15
6.105,-8.5767987630148692e-14
6.1075,-4.4727879391868831e-14
6.11,3.7186657280165632e-15
6.1125,2.4285364574811755e-15
6.115,5.8371611802646813e-14
6.1175,-1.8271833976014632e-14
6.12,-5.1450519544665168e-14
6.1225,3.0427555326355967e-15
6.125,4.5247694443436917e-14
6.1275,5.6761211936105535e-14
6.13,-6.8927427166992834e-14
6.1325,-1.5357131601148767e-14
6.135,3.892304926561011e-16
6.1375,-6.1515286208090503e-14
6.14,-7.1011456094588671e-14
6.1425,8.2612618220508228e-14
6.145,1.4243896744993447e-13
6.1475,-2.5428028810445771e-14
6.15,2.2938804288306038e-14
6.1525,-1.2404979318693514e-13
6.155,-1.1205939334562117e-13
6.1575,-8.10170375275889e-14
6.16,9.7587112695075876e-15
6.1625,5.592764830157211e-14
6.165,-6.5055431925035259e-14
6.1675,-6.3951444326346228e-14
6.17,6.4696005858916472e-14
6.1725,-1.0460376670732565e-14
6.175,-1.0404815067216926e-13
6.1775,1.0347881908447723e-13
6.18,5.6169714622232729e-14
6.1825,7.9769564100477655e-15
6.185,1.2902164807771816e-14
6.1875,-7.4210238859715055e-14
6.19,3.1698094746782373e-15
6.1925,-9.3394070741851024e-14
6.195,4.626627141605439e-15
6.1975,-1.6844531349690657e-13
6.2,-1.1168493920186257e-13
6.2025,3.1250737567936849e-14
6.205,8.9049119600403951e-14
6.2075,1.3990072620753436e-13
6.21,-2.2886330648502629e-14
6.2125,5.0088319297379209e-14
6.215,6.0604444133490383e-15
6.2175,1.9301446334215479e-13
6.22,6.2132579492402981e-14
6.2225,-7.0885604685490413e-14
6.225,2.8382368836746839e-14
6.2275,8.183904900752376e-14
6.23,3.6825190679863982e-14
6.2325,8.4473065293567331e-15
6.235,1.0937968445863561e-13
6.2375,8.9731015863895689e-14
6.24,-3.6856250657648194e-14
6.2425,1.6515793290823085e-14
6.245,6.9647808785559909e-14
6.2475,-3.2398282802586125e-14
6.25,3.0431370634029978e-14
6.2525,1.5700383654750354e-14
6.255,7.2198851878782891e-14
6.2575,-5.8845675542586519e-14
6.26,7.218152233734693e-14
6.2625,-2.526430012559445e-14
6.265,-5.9577525390662204e-15
6.2675,9.680311533407886e-14
6.27,-8.46663786598498e-14
6.2725,4.5732578759014713e-14
6.275,-7.0241857394396777e-14
6.2775,4.4301473670697005e-15
6.28,-1.5741913542652057e-13
6.2825,1.6200649063715283e-13
6.285,8.1963217437887153e-14
6.2875,1.8910217843024216e-13
6.29,-3.9242156450624374e-14
6.2925,1.0526534110147051e-14
6.295,-1.4130942377343776e-14
6.2975,-3.4784010049385004e-14
6.3,-1.6686650614924641e-13
6.3025,2.4363170440569583e-14
6.305,-2.8448125406015775e-15
6.3075,3.9341256395949389e-14
6.31,1.591500758818759e-14
6.3125,-6.8088866918235387e-14
6.315,8.2939239472998666e-14
6.3175,1.4077648369580898e-14
6.32,5.969909736804662e-14
6.3225,5.3856985882650084e-14
6.325,-5.264355057801104e-14
6.3275,3.1869839211885216e-14
6.33,8.3683594166966235e-14
6.3325,-7.7838750751987789e-14
6.335,8.750456818641118e-15
6.3375,1.7769165102929254e-14
6.34,1.4992146307254163e-13
6.3425,-5.2635073586325494e-14
6.345,-2.6146502941678718e-14
6.3475,-4.9600769072829221e-15
6.35,1.6810428734731667e-14
6.3525,-8.0146086587240859e-14
6.355,-1.3563498530590687e-14
6.3575,-1.5016049205498563e-14
6.36,-1.2085517677650748e-14
6.3625,4.1680177103541533e-14
6.365,4.8894481227635926e-14
6.3675,1.3465222939381909e-13
6.37,1.8144891231429659e-14
6.3725,-1.3179547970948867e-13
6.375,-1.1031962391146665e-13
6.3775,-8.0411539419916506e-14
6.38,-2.5955147476139507e-15
6.3825,1.3310392115136954e-14
6.385,7.9278798072395551e-14
6.3875,-8.3314188441803131e-14
6.39,-2.6726711060829956e-14
6.3925,-1.499168471726713e-13
6.395,-4.1916057974685816e-14
6.3975,2.734837993508675e-14
6.4,-1.4670348587005172e-14
6.4025,-3.5310620319008476e-14
6.405,-5.5038373636725881e-14
6.4075,5.3704444821684747e-14
6.41,-2.4786653163468761e-14
6.4125,5.4251957744619708e-14
6.415,-8.5839026290982971e-14
6.4175,4.4207762345963338e-14
6.42,-4.5047302283336182e-14
6.4225,5.0419249451100608e-14
6.425,-4.4194319099070678e-14
6.4275,6.5182020662746932e-14
6.43,-2.4567277670268796e-14
6.4325,-2.8016367788589118e-14
6.435,8.7844080257794372e-14
6.4375,-3.724932929499455e-15
6.44,-5.9859916155269825e-14
6.4425,-4.4840304921785303e-14
6.445,1.1198400715591356e-13
6.4475,1.3889867059018758e-13
6.45,4.1772528589361902e-14
6.4525,1.1585114930433521e-13
6.455,6.2104932843537174e-14
6.4575,1.0344915667003377e-13
6.46,-7.7665188648937296e-14
6.4625,2.0434402342274384e-14
6.465,1.9660076260864488e-14
6.4675,-7.9338949876441e-14
6.47,1.6619446184382758e-14
6.4725,-4.5456979784661197e-14
6.475,3.094430129725911e-14
6.4775,-1.0156017591497018e-13
6.48,7.9327658046869603e-14
6.4825,-5.6278557417319431e-14
6.485,8.2665794425759959e-14
6.4875,-3.2117409344990911e-14
6.49,1.4696378162577231e-13
6.4925,-1.1483246280237489e-13
6.495,-2.3555903503789491e-14
6.4975,8.7556150642804426e-14
6.5,7.2730710933909247e-14
6.5025,7.3543545477692191e-14
6.505,-9.7853100171357809e-14
6.5075,-1.0887098293859668e-15
6.51,1.9175642960184078e-14
6.5125,8.7503538206441756e-14
6.515,4.6768402099740338e-14
6.5175,1.2714471704340263e-13
6.52,7.6680193431041428e-14
6.5225,4.0929059019017538e-14
6.525,-1.1911373930930522e-14
6.5275,-5.4626126409511662e-14
6.53,-9.8479978022581924e-14
6.5325,6.1075259385041612e-14
6.535,4.6518048269411282e-15
6.5375,8.2575127911215731e-14
6.54,5.1154078563031321e-14
6.5425,-5.3896740960708393e-14
6.545,-1.2729696634971877e-14
6.5475,9.1218119102596958e-14
6.55,-3.775446181015644e-14
6.5525,1.000476039837044e-14
6.555,-5.3867625346654348e-14
6.5575,-1.380585302062102e-13
6.56,-6.4612162673796206e-14
6.5625,-1.1498148346979004e-13
6.565,9.6055440737075365e-14
6.5675,4.4026661307560343e-14
6.57,-6.6961912508670672e-15
6.5725,-7.0695685213282725e-14
6.575,7.0385513732839598e-16
6.5775,-9.5954175420281421e-15
6.58,-1.3232416316068645e-13
6.5825,2.4514746907573445e-14
6.585,-2.9590181756836562e-14
6.5875,-7.9941395592205927e-14
6.59,-1.1813397430282573e-13
6.5925,6.2766861264574592e-14
6.595,-1.1954696059108615e-13
6.5975,-1.3169545241769937e-13
6.6,7.0236962975118428e-14
6.6025,-1.8123817301777518e-15
6.605,-3.6787281233511232e-14
6.6075,-7.4067747569892747e-14
6.61,-3.8374773059901071e-14
6.6125,-4.6951723556521865e-15
6.615,-3.9452352159163553e-14
6.6175,-8.6896230847577953e-14
6.62,1.0338111344953672e-13
6.6225,-9.7260933907025992e-14
6.625,5.2161067972712458e-15
6.6275,-7.3759703826321628e-14
6.63,-9.4619339181073192e-14
6.6325,1.5840242572993446e-13
6.635,-1.0385004111988306e-14
6.6375,-2.3949025755428542e-13
6.64,-1.7516177201384484e-13
6.6425,-1.3347359537492903e-13
6.645,-1.0341528267904617e-13
6.6475,-1.7367197800596309e-14
6.65,-1.4496962242064867e-13
6.6525,-1.2177231089483468e-13
6.655,-1.099073502345581e-14
6.6575,-6.1485384676623287e-14
6.66,-2.7071241081151048e-14
6.6625,9.4882529095439309e-14
6.665,4.0516549537560937e-14
6.6675,-3.8635212157065832e-14
6.67,1.5106228196507842e-13
6.6725,2.4547950778798054e-14
6.675,-7.4399837083890436e-14
6.6775,8.842306265884202e-14
6.68,1.6276074048651584e-14
6.6825,-2.5878503943711395e-14
6.685,-7.8518876679890844e-14
6.6875,3.4157845242741594e-14
6.69,8.4051800483293333e-14
6.6925,-7.326564548107999e-14
6.695,4.927016905027347e-14
6.6975,-1.347921631689376e-13
6.7,-1.9728518102961668e-14
6.7025,1.3808575452573143e-13
6.705,-3.5299496157463453e-14
6.7075,-4.8121239546326893e-14
6.71,-1.7110626717579443e-15
6.7125,-9.20599793090017e-14
6.715,4.7660200718173068e-15
6.7175,-7.6575550323686713e-14
6.72,-4.6555217717682909e-15
6.7225,-6.6782940056790925e-14
6.725,1.9772933742049002e-13
6.7275,-1.5208384362391836e-13
6.73,-1.319070289884318e-13
6.7325,-8.7620180527581265e-14
6.735,6.318848195992275e-15
6.7375,4.7203859308145676e-14
6.74,1.476871928216329e-15
6.7425,6.4816267394424386e-14
6.745,5.9880890885779293e-14
6.7475,-2.7194592100188663e-14
6.75,-4.4186542506907386e-14
6.7525,3.7285626688016868e-14
6.755,8.7368009629913861e-14
6.7575,3.0226242789740071e-14
6.76,-1.9704468008720798e-14
6.7625,8.0034103666357105e-15
6.765,1.6543999726841725e-14
6.7675,-9.427392216152943e-14
6.77,1.6118389058128748e-14
6.7725,2.0758155574141943e-16
6.775,4.1472413629995773e-14
6.7775,9.7363186322105939e-14
6.78,1.1793916442125148e-14
6.7825,5.9024442424686442e-14
6.785,-9.4601538597688287e-14
6.7875,4.0712769732278207e-14
6.79,2.2931847651850046e-14
6.7925,3.0949792067074735e-15
6.795,5.1562289957034004e-15
6.7975,-7.2021008987850602e-14
6.8,-9.6811168765535498e-14
6.8025,-9.8876443498476227e-15
6.805,1.570037175793069e-13
6.8075,1.81274381420408e-14
6.81,-8.0253349060219643e-14
6.8125,-3.5715502545832185e-14
6.815,-1.489922654713306e-13
6.8175,-5.5754823007344382e-14
6.82,8.1047477221101391e-14
6.8225,-8.1817701064941342e-14
6.825,-6.2578673091816444e-14
6.8275,5.947988721006455e-14
6.83,1.1942216121949046e-13
6.8325,1.8709309081061612e-14
6.835,6.8123008205111527e-14
6.8375,1.7489863489010851e-15
6.84,5.8015810155952347e-16
6.8425,-9.7183377401921817e-14
6.845,6.4809078297461618e-14
6.8475,6.7329384523825552e-14
6.85,4.8462349643007456e-14
6.8525,2.7362597654324075e-14
6.855,-3.8527617492535095e-14
6.8575,1.0421172401325008e-13
6.86,2.0648057073053319e-13
6.8625,-1.4011826485185106e-14
6.865,-6.5911314588952795e-14
6.8675,-9.0990987940776524e-14
6.87,6.5753748032075631e-14
6.8725,1.8401327346759045e-14
6.875,-1.9940410304154757e-14
6.8775,-5.0390153856046237e-14
6.88,6.7783167910952359e-14
6.8825,7.1204744967584557e-14
6.885,4.715881117408538e-14
6.8875,-9.6180425646559504e-14
6.89,6.7026671524097444e-14
6.8925,-1.9419853324412612e-14
6.895,3.9091242103623693e-14
6.8975,-7.1776185307732756e-14
6.9,1.1603902858449244e-13
6.9025,2.5131927057922613e-14
6.905,-1.3731280937996068e-14
6.9075,3.8820008871150676e-14
6.91,-1.8533041942823402e-14
6.9125,1.491767963545777e-13
6.915,-3.9759567033502148e-14
6.9175,2.5497141762377875e-14
6.92,-3.3167742426604222e-14
6.9225,8.78531600450045e-14
6.925,-1.3342725955291843e-15
6.9275,-2.1252177561001295e-14
6.93,1.8203953279012083e-14
6.9325,-1.9310765819467272e-13
6.935,7.8357086041847103e-14
6.9375,9.8325433696700991e-14
6.94,5.8856146916358347e-14
6.9425,9.2909617392238181e-14
6.945,-2.1668285776108947e-14
6.9475,1.674413037397912e-13
6.95,-9.205823292785353e-14
6.9525,1.1966372011852695e-13
6.955,6.4034542832515239e-14
6.9575,-1.717524760946923e-14
6.96,3.7968192566754238e-14
6.9625,2.9193370550741246e-14
6.965,4.1574828919738945e-14
6.9675,6.2270735136239973e-14
6.97,-2.6252157701038723e-14
6.9725,-6.7604745494551247e-14
6.975,7.3085513519196328e-14
6.9775,-6.3140388533221948e-14
6.98,-8.9634378493232012e-14
6.9825,-5.0405658180904999e-14
6.985,-4.2694429254247872e-14
6.9875,-1.2095006497635661e-15
6.99,-4.3793613477369914e-14
6.9925,1.0643734312313247e-13
6.995,-1.7360412895802632e-15
6.9975,2.8167164029658274e-14
7.0,-6.1350445040728473e-14
